1704.17,0.21769592,1
1704.11,0.88025328,1
1704.05,0.909996,1
1704.04,0.88025328,1
1704.03,1.17357309,1
1704,0.88027948,1
1703.99,7.62478996,1
1703.97,7.40377916,1
1703.96,10.27234602,1
1703.92,0.88025328,1
1703.9,4.7438747,1
1703.88,5.71000178,1
1703.87,7.62478996,1
1703.83,1.52582057,1
1703.8,1.88025328,1
1703.76,4.26851928,1
1703.75,4.7438747,1
1703.73,0.88025328,1
1703.7,4.55271354,1
1703.69,7.62478996,1
1703.68,0.05861183,1
1703.66,1.76520097,1
1703.64,4.7438747,1
1703.59,0.14218595,1
1703.58,0.3,1
1703.57,7.62478996,1
1703.56,4.04809789,1
1703.55,0.17768,1
1703.54,0.88025328,1
1703.53,5.82686825,1
1703.51,0.1346077,1
1703.48,2.26427803,1
1703.46,0.1553216,1
1703.44,7.65844188,1
1703.43,0.88025328,1
1703.42,4.7438747,1
1703.38,0.06730385,1
1703.37,0.70088008,1
1703.3,1,1
1703.29,0.88025328,1
1703.28,8.71457729,1
1703.27,0.2692154,1
1703.22,4.7438747,1
1703.19,1.09636182,1
1703.15,0.88025328,1
1703.13,0.83366806,1
1703.05,1,1
1703.04,9.14059241,1
1703.02,1.1154847,1
1703.01,5.62412798,1
1703,0.29305919,1
1702.96,2.07662468,1
1702.93,0.88025328,1
1702.92,7.62478996,1
1702.88,39.18605174,1
1702.86,0.00088008,1
1702.82,0.88025328,1
1702.8,7.62478996,1
1702.74,0.03456538,1
1702.73,4.94387468,1
1702.69,0.88025328,1
1702.68,7.62478996,1
1702.66,0.09999999,1
1702.6,1.17072082,1
1702.58,1.40936576,1
1702.57,4.7438747,1
1702.56,12.36080996,1
1702.55,0.88025328,1
1702.45,46.14576597,1
1702.44,7.62478996,1
1702.43,21.89130765,1
1702.42,1.19886659,1
1702.35,0.00088008,1
1702.34,0.85,1
1702.33,3.82976951,1
1702.32,0.67303849,1
1702.26,2.51829762,1
1702.24,7.62478996,1
1702.22,1.17473905,1
1702.21,0.00554276,1
1702.17,0.04386834,1
1702.09,27.75993675,1
1701.89,32.82656635,1
1701.88,86.52178074,1
1701.86,86.52262167,1
1701.84,0.00088008,1
1701.83,0.25359862,1
1701.82,0.20012295,1
1701.75,47.57020194,1
1701.74,10,1
1701.73,0.0467748,1
1701.72,38.15281116,1
1701.69,16.43002325,1
1701.6,0.25,1
1701.59,0.04,1
1701.54,0.84129811,1
1701.49,0.5,1
1701.47,0.00727148,1
1701.41,10.9203737,1
1701.37,0.0468612,1
1701.33,0.00088008,1
1701.26,0.24264679,1
1701.24,0.04,1
1701.07,0.04,1
1701.05,1,1
1700.99,0.01469732,1
1700.9,0.04,1
1700.83,49.413729,1
1700.82,0.00088026,1
1700.75,1.45,1
1700.74,0.0005885,1
1700.72,63.58719455,1
1700.66,0.44011768,1
1700.65,0.19999975,1
1700.58,1.5,1
1700.55,0.04,1
1700.53,0.1404324,1
1700.49,0.04,1
1700.4,2,1
1700.35,1.00955773,1
1700.25,0.70236022,1
1700.21,0.04,1
1700.17,91.42068,1
1700.15,86.64989944,1
1700.04,0.04,1
1700,0.6516921,1
1699.98,0.04,1
1699.95,94.365318,1
1699.91,0.75,1
1699.89,2,1
1699.81,0.04,1
1699.78,1,1
1699.7,0.04,1
1699.68,5.86790318,1
1699.64,0.04,1
1699.53,0.00059767,1
1699.46,34.21762989,1
1699.13,0.04,1
1699.02,0.01431642,1
1698.95,10.82925803,1
1698.92,85.02229257,1
1698.31,0.02944103,1
1698.07,76.17881808,1
1697.73,0.19863122,1
1697.69,0.03,1
1697.46,107.786165,1
1697.21,1.31822712,1
1697.13,0.01467449,1
1696.87,0.00720247,1
1696.82,86.77950034,1
1696.78,0.0165067,1
1696.14,0.3,1
1695.58,0.19999352,1
1695.43,0.04,1
1695.34,1,1
1695.25,138.274404,1
1695.09,0.19999998,1
1695,11.07492625,1
1694.86,0.04,1
1694.78,0.00141765,1
1694.6,0.05901097,1
1694.58,0.57315086,1
1694.35,132.03686913,1
1694.25,0.00726096,1
1694,5.57583076,1
1693.85,93.85267171,1
1693.78,86.93556121,1
1693.4,86.95523485,1
1693.03,0.02845194,1
1692.58,0.00066911,1
1692.4,0.64917622,1
1692.37,0.75,1
1692.36,0.1,1
1692.23,3,1
1692.18,0.08930583,1
1692.04,87.02488773,1
1692.01,87.02663043,1
1691.96,0.0291969,1
1691.84,0.05910724,1
1691.62,0.01,1
1691.43,0.08761816,1
1691.08,0.00153121,1
1691.07,0.00071255,1
1691,0.44352454,1
1690.89,0.09998552,1
1690.66,1,1
1690.58,0.99993494,1
1690.56,0.01438806,1
1690.53,0.07680076,1
1690.51,0.06035456,1
1690,0.03865703,1
1689.19,0.04,1
1688.99,1,1
1688.96,1,1
1688.95,0.04,1
1688.88,0.0585003,1
1688.41,0.13860377,1
1688.4,0.59227672,1
1688.27,0.00883152,1
1688,5,1
1687.96,0.14495872,1
1687.25,1,1
1687.24,13.93139462,1
1687,2,1
1686.81,0.000088,1
1686.62,0.00292,1
1686.48,2.94106066,1
1686.44,0.19976757,1
1686.28,0.20013367,1
1686.25,0.19999785,1
1686.23,0.40026667,1
1686.2,0.00068845,1
1686.1,0.20013358,1
1686.08,0.20013368,1
1686.07,0.6001968,1
1685.75,0.00060649,1
1685.54,1,1
1685.44,0.08966296,1
1685.39,0.0200309,1
1685.34,0.00593352,1
1685.33,5.33395168,1
1684.55,3.096,1
1684.42,0.0099322,1
1684.16,0.01478156,1
1684.02,0.00831344,1
1683.83,0.75,1
1683.8,0.19999999,1
1683.43,0.03091186,1
1683.37,0.11626896,1
1683,0.72792652,1
1682.8,0.73274304,1
1682.77,0.00130971,1
1682.5,0.19999988,1
1682.4,0.00059939,1
1682.15,0.01446,1
1681.67,0.00364856,1
1681.38,0.19999966,1
1681.3,0.07722238,1
1681,0.0886972,1
1680.9,0.19999425,1
1680.84,13.93139462,1
1680.65,0.04,1
1680.56,0.75070541,1
1680.43,0.02866528,1
1680.41,1,1
1680,0.80182547,1
1679.91,0.19999917,1
1679.85,0.11500669,1
1679.82,0.25,1
1679.78,0.00060518,1
1679.77,0.19999995,1
1679.67,117.30146026,1
1679.54,0.01482222,1
1679.51,0.0444259,1
1679.42,13.93139462,1
1679.28,0.19999934,1
1679.2,0.06076107,1
1679.01,5.94993478,1
1678.73,0.09002135,1
1678.6,5.19771539,1
1678.59,0.19999975,1
1678.05,0.06242847,1
1678,29.05917758,1
1677.85,0.00295062,1
1677.75,0.00297273,1
1677.72,0.39999917,1
1677.65,0.01642909,1
1677,0.06,1
1676.63,0.59643451,1
1676.44,0.00881,1
1675.95,0.00298338,1
1675.6,0.01,1
1675.52,0.1,1
1675.04,0.02949183,1
1675,2.28304405,1
1674.76,0.17913042,1
1674.59,0.01024602,1
1674.01,0.02342371,1
1673.78,0.01453231,1
1673.71,0.02987375,1
1673.49,0.39999669,1
1673.13,5.99671274,1
1673.1,0.02957396,1
1673,30,1
1672.94,0.0065553,1
1672.92,0.14792801,1
1672.25,0.00295,1
1672.14,0.00230958,1
1672.12,0.07764634,1
1672.04,0.09038153,1
1672,0.00594497,1
1671.76,0.0148912,1
1671.61,0.00219079,1
1671.35,0.59831873,1
1670.01,0.00898198,1
1670,4.21054497,1
1669.8,0.00240311,1
1669.26,0.01651167,1
1669.2,0.00442691,1
1669.14,0.0117028,1
1669.05,0.000089,1
1669.01,0.11638636,1
1669,1.30628022,1
1668.84,0.02584,1
1668.79,0.01072645,1
1668.68,0.02584,1
1668.6,14.93659954,1
1668.58,0.05535244,1
1668.49,0.01077699,1
1668.44,0.00261506,1
1668.42,0.00726096,1
1668.24,0.00297918,1
1668.16,0.00005994,1
1668,0.51082891,1
1667.99,0.02698494,1
1667.98,0.07016266,1
1667.91,0.14030733,1
1667.78,11.93079599,1
1667.74,0.00005995,1
1667.72,0.00130904,1
1667.64,0.14957996,1
1667.56,0.04704077,1
1667.52,0.05996929,1
1667.36,0.00059615,1
1667.32,0.00005997,1
1667.16,0.2249338,1
1667,1.21967606,1
1666.99,0.05826069,1
1666.9,0.00005998,1
1666.88,0.06666666,1
1666.85,0.0299967,1
1666.83,0.00368104,1
1666.82,0.01493533,1
1666.62,0.30000684,1
1666.61,0.08268021,1
1666.5,0.00160167,1
1666.48,0.00006,1
1666.41,0.415,1
1666.33,0.04370356,1
1666.3,0.11746005,1
1666.06,0.00006001,1
1666.02,0.01103035,1
1666,1.79669733,1
1665.97,0.01455227,1
1665.9,0.04,1
1665.74,0.02584,1
1665.73,0.00014414,1
1665.71,0.44780904,1
1665.64,0.00006003,1
1665.62,0.60097742,1
1665.49,0.00150824,1
1665.46,0.0146049,1
1665.38,0.09074298,1
1665.32,0.02584,1
1665.28,0.60049961,1
1665.24,0.01494951,1
1665.22,0.00006004,1
1665.21,0.00300261,1
1665,227.31007389,1
1664.8,0.0114368,1
1664.79,0.00047693,1
1664.74,0.00236674,1
1664.68,0.00658783,1
1664.67,0.00624117,1
1664.64,0.00841022,1
1664.58,0.14927116,1
1664.46,0.00298595,1
1664.38,0.00006007,1
1664.32,7.09230196,1
1664.07,0.1825476,1
1664.05,0.00061897,1
1664,2.70240252,1
1663.96,0.00006009,1
1663.84,0.01502548,1
1663.73,0.00297566,1
1663.68,0.00103206,1
1663.54,0.0000601,1
1663.51,0.00603521,1
1663.2,0.26328961,1
1663.18,0.03091397,1
1663.16,0.02405061,1
1663.12,0.00006012,1
1663.08,0.00009,1
1663,15.2163199,1
1662.99,0.07807262,1
1662.93,1.79502444,1
1662.85,30.06885768,1
1662.7,0.00006013,1
1662.62,0.02695335,1
1662.52,0.08968313,1
1662.28,0.00006015,1
1662.14,0.01032276,1
1662,0.1200361,1
1661.97,0.18050867,1
1661.93,0.00128934,1
1661.88,0.0117,1
1661.86,0.00006016,1
1661.76,0.00207105,1
1661.44,0.00006018,1
1661.41,0.0024076,1
1661.38,0.00042198,1
1661.27,0.00987795,1
1661.08,0.07693656,1
1661.02,0.00006019,1
1661,3.4937989,1
1660.91,0.01659468,1
1660.6,0.00006021,1
1660.32,0.02684342,1
1660.25,0.42558346,1
1660.23,4.94733531,1
1660.18,0.00006022,1
1660.16,0.01499525,1
1660.03,0.05951699,1
1660,7.44009172,1
1659.9,0.00036147,1
1659.76,1.00006024,1
1659.75,0.02994426,1
1659.71,0.00261506,1
1659.62,0.00022127,1
1659.6,0.00299469,1
1659.59,0.01168628,1
1659.56,0.28019523,1
1659.39,0.00131561,1
1659.34,0.00006025,1
1659.33,0.01500275,1
1659.3,0.06666666,1
1659.27,0.04727579,1
1659,0.12924954,1
1658.99,0.07573422,1
1658.92,0.00006027,1
1658.79,0.00237523,1
1658.74,0.09110623,1
1658.57,11.9688,1
1658.5,0.00006029,1
1658.25,0.4965178,1
1658.08,0.0000603,1
1658.02,6,1
1658,2.48764242,1
1657.87,0.00298,1
1657.66,0.00006032,1
1657.59,0.00407186,1
1657.25,0.00116616,1
1657.24,0.00006033,1
1657.12,0.6034566,1
1657.11,0.01502888,1
1657.04,2.04229583,1
1657,52.82807173,1
1656.82,0.06164217,1
1656.6,0.00240311,1
1656.45,0.00662056,1
1656.4,0.00006036,1
1656.2,0.0150311,1
1656.15,0.60380789,1
1656.01,0.00181158,1
1656,102.12047101,1
1655.98,0.00006038,1
1655.95,0.00193256,1
1655.94,0.29831998,1
1655.89,0.23866319,1
1655.67,0.01503592,1
1655.66,0.03279447,1
1655.62,0.00173031,1
1655.58,0.00763478,1
1655.56,0.00006039,1
1655.48,0.01503764,1
1655.35,0.00125653,1
1655.19,0.01033962,1
1655.14,0.00006041,1
1655.13,0.02933908,1
1655,2.48216873,1
1654.78,0.00314968,1
1654.76,3.28385989,1
1654.72,0.00006042,1
1654.54,0.02985724,1
1654.3,0.60454573,1
1654,1.12666262,1
1653.91,0.07850124,1
1653.88,0.00006045,1
1653.83,0.00022204,1
1653.56,0.02584,1
1653.55,0.00233555,1
1653.46,0.00006047,1
1653.3,0.00119712,1
1653.04,0.00006048,1
1653.03,0.0236206,1
1653,0.12068965,1
1652.96,0.03024876,1
1652.84,0.00238378,1
1652.64,0.05876657,1
1652.62,0.0000605,1
1652.61,0.01667802,1
1652.48,10.98853843,1
1652.47,0.02794604,1
1652.4,0.60518034,1
1652.34,0.01258007,1
1652.32,0.04272171,1
1652.2,0.00006051,1
1652.17,0.00679106,1
1652.13,0.09147073,1
1652.12,0.00371382,1
1652,0.12076271,1
1651.78,0.00006053,1
1651.71,0.06666666,1
1651.43,0.58812665,1
1651.39,0.00002421,1
1651.36,0.00218095,1
1651.34,0.00077532,1
1651.31,0.00009,1
1651.25,0.09084027,1
1651.23,0.03053168,1
1651.15,0.06622051,1
1651.13,0.00908463,1
1651.11,0.05882103,1
1651.09,0.00132222,1
1651.03,0.00009,1
1651,2.47043971,1
1650.97,0.00611294,1
1650.94,0.00006056,1
1650.8,0.11199417,1
1650.78,0.02941639,1
1650.76,0.01211563,1
1650.75,0.0150989,1
1650.71,0.00478824,1
1650.65,0.00363492,1
1650.62,0.40940644,1
1650.52,0.0599205,1
1650.5,0.03583868,1
1650.49,0.01211761,1
1650.47,0.00009,1
1650.4,0.18177411,1
1650.35,0.00009,1
1650.34,0.0006023,1
1650.33,0.06283743,1
1650.31,0.00308823,1
1650.25,0.03910494,1
1650.24,0.60036115,1
1650.15,0.27880797,1
1650.1,0.00006059,1
1650.06,0.03030192,1
1650.04,0.02993866,1
1650.01,0.00001317,1
1650,192.35195587,1
1649.97,0.06024351,1
1649.93,0.12073239,1
1649.84,0.01072646,1
1649.82,0.00588549,1
1649.8,0.00061083,1
1649.78,0.0104001,1
1649.73,0.00300091,1
1649.68,0.00006061,1
1649.66,10,1
1649.62,0.01254711,1
1649.53,0.03961,1
1649.46,0.01509859,1
1649.4,1.11866357,1
1649.39,0.00009,1
1649.38,7.43343618,1
1649.32,0.00963731,1
1649.26,0.00006062,1
1649.02,0.00009,1
1649,1.35332926,1
1648.93,0.0588988,1
1648.84,0.00006064,1
1648.81,1.1781224,1
1648.75,0.05986353,1
1648.71,0.00239702,1
1648.56,0.05891202,1
1648.42,0.00015065,1
1648.35,0.0060036,1
1648.26,0.03698846,1
1648,5.16817352,1
1647.96,0.00062928,1
1647.77,0.0728257,1
1647.69,0.16755628,1
1647.65,0.14203259,1
1647.62,0.00003215,1
1647.58,0.00006068,1
1647.5,0.02947496,1
1647.31,0.01540752,1
1647.28,0.00015177,1
1647.25,0.01214144,1
1647.16,0.0000607,1
1647.11,0.008,1
1647.04,0.00613236,1
1647,0.24329837,1
1646.97,0.60565766,1
1646.89,0.00239239,1
1646.85,1.21443968,1
1646.74,0.00006072,1
1646.64,0.03036486,1
1646.58,0.02,1
1646.47,0.00063285,1
1646.44,0.0607371,1
1646.42,0.000091,1
1646.32,0.00006073,1
1646.11,0.03123455,1
1646.03,0.00911283,1
1646,0.17768882,1
1645.9,0.00006075,1
1645.81,0.5,1
1645.78,0.01381948,1
1645.75,0.06199605,1
1645.7,0.30260679,1
1645.67,0.000091,1
1645.55,5.56113247,1
1645.49,0.0085081,1
1645.48,0.00006076,1
1645.41,0.07611689,1
1645.38,0.00607762,1
1645.22,0.25,1
1645.19,1,1
1645.14,0.01625707,1
1645.12,0.06078583,1
1645.06,0.01006078,1
1645,1.3239446,1
1644.99,0.3047982,1
1644.87,0.07893268,1
1644.86,0.06079544,1
1644.84,0.00189057,1
1644.75,0.06079951,1
1644.73,0.00261524,1
1644.69,0.00240288,1
1644.65,0.11811023,1
1644.64,0.00006079,1
1644.47,0.01969222,1
1644.35,0.0167618,1
1644.31,0.03009177,1
1644.26,0.06081763,1
1644.22,0.00006081,1
1644.21,0.3,1
1644.13,0.06666666,1
1644,4.65176398,1
1643.99,0.053,1
1643.98,0.00590639,1
1643.96,0.0004226,1
1643.8,0.00006082,1
1643.7,0.30418993,1
1643.68,0.00295069,1
1643.66,0.00063394,1
1643.62,0.51098743,1
1643.6,0.0590898,1
1643.42,0.01175869,1
1643.4,0.21405022,1
1643.38,0.00006084,1
1643.19,0.01170278,1
1643,0.19438849,1
1642.96,0.03049373,1
1642.87,0.06086908,1
1642.84,0.00132886,1
1642.81,0.000091,1
1642.71,0.00913122,1
1642.59,0.00726096,1
1642.55,0.01522023,1
1642.54,0.00006087,1
1642.34,0.00780467,1
1642.3,0.06089021,1
1642.28,0.00029612,1
1642.23,0.00261506,1
1642.12,0.00006089,1
1642.06,0.02584,1
1642.02,0.00304502,1
1642.01,0.06090096,1
1642,0.3696893,1
1641.9,0.00603125,1
1641.7,0.0000609,1
1641.65,0.10614569,1
1641.49,0.08268015,1
1641.47,0.60921003,1
1641.28,0.00029245,1
1641.13,0.06045231,1
1641.11,0.05917945,1
1641,0.20211107,1
1640.95,0.00240105,1
1640.86,0.00006093,1
1640.79,0.048757,1
1640.58,0.01706713,1
1640.52,0.1,1
1640.5,0.000091,1
1640.44,0.00006095,1
1640.35,0.00063521,1
1640.33,0.00014413,1
1640.12,0.02192926,1
1640.06,0.00887772,1
1640.02,0.00006096,1
1640,25.95818936,1
1639.98,0.00137927,1
1639.84,0.03415972,1
1639.8,0.58277441,1
1639.6,0.00006098,1
1639.52,1.52483653,1
1639.51,0.02584,1
1639.44,0.30498218,1
1639.19,0.000061,1
1639.14,0.1220152,1
1639.02,0.03018889,1
1639.01,0.00018166,1
1639,1.0922035,1
1638.82,0.00610195,1
1638.78,0.00006101,1
1638.72,0.03676814,1
1638.68,0.00023189,1
1638.37,0.00006103,1
1638.26,0.32763859,1
1638.15,0.00771602,1
1638.03,0.00169919,1
1638,0.24765296,1
1637.96,0.00006104,1
1637.77,0.0220568,1
1637.73,0.30377412,1
1637.7,0.04579593,1
1637.59,0.61065309,1
1637.55,0.00006106,1
1637.54,0.00374689,1
1637.51,0.01047803,1
1637.22,0.01454232,1
1637.14,0.00006107,1
1637,0.06093463,1
1636.86,0.30546289,1
1636.8,0.00240311,1
1636.76,0.00060363,1
1636.73,0.00006109,1
1636.54,0.06666666,1
1636.41,0.17805439,1
1636.32,0.0000611,1
1636.27,0.0305573,1
1636.13,0.01684601,1
1636.1,0.0061,1
1636,0.57148226,1
1635.91,0.00006112,1
1635.89,0.07936597,1
1635.84,0.00302639,1
1635.6,0.00023233,1
1635.52,0.0557443,1
1635.5,0.00006113,1
1635.18,0.00236179,1
1635.17,0.01528893,1
1635.09,0.00006115,1
1635.01,0.00757793,1
1635,20.90644009,1
1634.74,0.06241359,1
1634.68,0.00006116,1
1634.66,0.00149881,1
1634.63,0.00133554,1
1634.48,0.0006375,1
1634.29,0.00917829,1
1634.27,0.00006118,1
1634.06,0.0000911,1
1634.02,0.00175194,1
1633.98,0.01530006,1
1633.86,0.00006119,1
1633.73,0.0005103,1
1633.71,0.0060574,1
1633.7,0.18402776,1
1633.5,1.87939171,1
1633.47,7.1380864,1
1633.45,0.00006121,1
1633.42,0.00023264,1
1633.38,0.59462586,1
1633.04,0.00006123,1
1633,0.04775259,1
1632.96,0.18602537,1
1632.88,0.09098034,1
1632.7,0.02698494,1
1632.67,0.11987951,1
1632.63,0.00006124,1
1632.59,0.00612523,1
1632.58,0.00306263,1
1632.53,0.0218679,1
1632.51,0.01234545,1
1632.47,3.87348345,1
1632.36,0.47096527,1
1632.22,0.00006126,1
1632.02,0.00671966,1
1631.95,4,1
1631.88,0.06169399,1
1631.81,0.00006127,1
1631.77,2.07392333,1
1631.73,0.02975982,1
1631.57,0.00015323,1
1631.51,0.00367757,1
1631.49,0.00197542,1
1631.4,0.00006129,1
1631.16,0.03065303,1
1631.15,0.0006388,1
1631.11,0.01072642,1
1631,0.40437291,1
1630.99,0.0000613,1
1630.93,0.02818536,1
1630.73,0.00619369,1
1630.7,0.1,1
1630.58,0.00006132,1
1630.2,0.07257855,1
1630.17,0.00006133,1
1630.09,0.00063186,1
1630.01,0.00000009,1
1630,55.14798794,1
1629.84,0.45,1
1629.81,0.04085418,1
1629.76,0.00006135,1
1629.67,0.07275092,1
1629.61,0.12223783,1
1629.57,0.03049884,1
1629.53,0.000092,1
1629.35,0.01233619,1
1629.34,12.2192,1
1629.09,0.00662875,1
1629.06,0.00184155,1
1629,0.17495395,1
1628.95,0.06666666,1
1628.94,0.00006138,1
1628.91,1,1
1628.83,0.12278752,1
1628.81,0.000092,1
1628.71,0.03156823,1
1628.7,0.00306993,1
1628.53,0.00006139,1
1628.16,0.00074932,1
1628.12,0.00006141,1
1628.02,0.02982764,1
1628,0.29620392,1
1627.99,0.00007315,1
1627.98,0.00172761,1
1627.95,0.19993066,1
1627.71,0.00006143,1
1627.64,0.14377872,1
1627.51,0.00004063,1
1627.3,0.00006144,1
1627.17,0.00303594,1
1627.11,0.00050335,1
1627.09,0.03054642,1
1627,3.73299815,1
1626.96,0.07980159,1
1626.94,0.01530143,1
1626.89,0.00006146,1
1626.79,0.00064051,1
1626.69,0.07024822,1
1626.57,0.07724372,1
1626.56,0.00860712,1
1626.5,0.00023363,1
1626.48,0.00006147,1
1626.45,0.00134226,1
1626.3,0.00041499,1
1626.18,0.01420558,1
1626.07,0.00006149,1
1626,0.32554734,1
1625.96,0.09294296,1
1625.86,0.00922584,1
1625.66,0.0000615,1
1625.58,0.07578877,1
1625.5,0.01493694,1
1625.34,0.01055649,1
1625.29,0.00603123,1
1625.25,0.00006152,1
1625.15,0.000092,1
1625.04,0.03039925,1
1625,7.2454563,1
1624.91,0.05976946,1
1624.9,0.0371689,1
1624.84,0.00006153,1
1624.81,0.00075087,1
1624.77,0.00261506,1
1624.43,0.00029548,1
1624.37,0.18776892,1
1624.12,0.0134,1
1624.02,0.00006157,1
1624,0.00800492,1
1623.95,0.00675306,1
1623.84,0.01010564,1
1623.81,0.0628337,1
1623.69,0.06158811,1
1623.66,0.01533234,1
1623.61,0.00006158,1
1623.6,0.03287871,1
1623.2,0.0000616,1
1623.09,0.00378024,1
1622.88,0.06124913,1
1622.86,0.18241234,1
1622.84,0.000092,1
1622.79,0.00006161,1
1622.71,3,1
1622.69,0.01400449,1
1622.38,0.00006163,1
1622.3,0.00131041,1
1622.07,0.00305209,1
1622,0.06256306,1
1621.97,0.00006164,1
1621.92,0.00173031,1
1621.56,0.00006166,1
1621.53,0.02378207,1
1621.5,5,1
1621.44,0.04754415,1
1621.37,0.06666666,1
1621.15,0.00006167,1
1621.05,0.00128311,1
1621,6.13550189,1
1620.87,0.01840246,1
1620.74,0.00006169,1
1620.63,0.03178356,1
1620.48,0.02696731,1
1620.37,0.00020212,1
1620.33,0.00006171,1
1620.15,0.01536556,1
1620,65.54070399,1
1619.96,0.00925948,1
1619.92,0.00006172,1
1619.81,0.01701574,1
1619.57,0.008,1
1619.56,0.00023463,1
1619.51,0.00006174,1
1619.49,7.28620731,1
1619.48,0.09331486,1
1619.1,0.00006175,1
1619.05,0.01225409,1
1619,0.007,1
1618.8,0.00185322,1
1618.69,0.00006177,1
1618.64,0.01278725,1
1618.32,0.001349,1
1618.28,0.00006178,1
1618.08,0.08023954,1
1618,0.54152895,1
1617.87,0.0000618,1
1617.65,0.06181781,1
1617.64,0.01170278,1
1617.46,0.00006181,1
1617.05,0.00006183,1
1617.01,0.00238833,1
1617,0.72291696,1
1616.76,0.00726096,1
1616.75,0.08267998,1
1616.64,0.00006185,1
1616.61,0.00864482,1
1616.41,0.01502094,1
1616.23,0.00006186,1
1616.19,1,1
1616.16,0.06150381,1
1616.11,0.1211079,1
1616.08,0.03093906,1
1616.03,0.00261506,1
1616,0.69986385,1
1615.99,0.00618196,1
1615.96,0.00023515,1
1615.93,0.00678657,1
1615.88,0.12377156,1
1615.82,0.00006188,1
1615.74,0.00064489,1
1615.67,0.00541798,1
1615.41,0.00006189,1
1615.33,0.02698494,1
1615.32,0.00014414,1
1615.31,0.03095381,1
1615.25,3,1
1615.07,0.01541389,1
1615.01,0.24200469,1
1615,30.39465226,1
1614.65,0.06143746,1
1614.64,6.76512411,1
1614.59,0.00006192,1
1614.58,0.00625565,1
1614.48,0.03084287,1
1614.37,0.000092,1
1614.31,0.00185838,1
1614.18,0.00006194,1
1614,0.01792131,1
1613.95,0.06195978,1
1613.78,0.06666666,1
1613.77,0.00006196,1
1613.7,0.00314968,1
1613.69,0.00061597,1
1613.68,0.00020296,1
1613.62,6.2213,1
1613.36,0.00006197,1
1613.33,0.00054876,1
1613.26,0.01063553,1
1613.15,0.01027322,1
1613.03,0.12468555,1
1613,1.62200098,1
1612.96,0.06325637,1
1612.95,0.00006199,1
1612.9,0.02584,1
1612.63,0.00275723,1
1612.59,0.01072641,1
1612.54,0.000062,1
1612.47,0.02421476,1
1612.27,0.16778969,1
1612.14,0.15371531,1
1612.13,0.00006202,1
1612.07,0.00986,1
1612,6.39948942,1
1611.94,0.47779694,1
1611.83,0.00543629,1
1611.77,0.6185746,1
1611.72,0.00006203,1
1611.71,0.01710125,1
1611.62,0.01296595,1
1611.31,0.00006205,1
1611.3,0.01551542,1
1611.28,0.00134897,1
1611.13,0.0065432,1
1611.08,0.01230763,1
1611,1.19841662,1
1610.9,0.00006207,1
1610.89,0.00744931,1
1610.83,0.00751556,1
1610.8,0.0154079,1
1610.59,0.12060797,1
1610.57,0.00125,1
1610.54,0.00754405,1
1610.49,0.00006208,1
1610.4,0.00240311,1
1610.24,0.00135577,1
1610.08,0.0000621,1
1610.02,0.00067809,1
1610,25.96593327,1
1609.99,1,1
1609.67,0.00006211,1
1609.26,0.00006213,1
1609.24,0.08068032,1
1609,1.09175138,1
1608.85,0.00609341,1
1608.81,0.00061691,1
1608.76,0.00381392,1
1608.75,0.0144775,1
1608.72,0.00075838,1
1608.64,0.02,1
1608.44,0.00006216,1
1608.42,0.00307799,1
1608.19,0.04411,1
1608.09,0.31287835,1
1608.03,0.00006218,1
1608,0.99863183,1
1607.99,0.01292705,1
1607.94,0.00682029,1
1607.87,0.14554659,1
1607.85,0.12289703,1
1607.84,0.00870733,1
1607.8,0.0062,1
1607.77,0.02194856,1
1607.62,0.00006219,1
1607.43,0.03647715,1
1607.29,0.00261506,1
1607.21,0.00006221,1
1607.01,2,1
1607,0.31546856,1
1606.8,1.55400483,1
1606.61,0.09406237,1
1606.39,0.06510346,1
1606.2,0.06666666,1
1606.19,0.06046607,1
1606.06,0.15449298,1
1606,1.69259152,1
1605.98,0.00006226,1
1605.57,0.00006227,1
1605.52,0.1,1
1605.24,0.0155,1
1605.16,0.00006229,1
1605,1.85245678,1
1604.94,0.14930152,1
1604.75,0.0000623,1
1604.41,0.00005147,1
1604.37,0.01552292,1
1604.34,0.00006232,1
1604.3,0.00647603,1
1604.21,0.01417759,1
1604,0.0999314,1
1603.93,0.00006234,1
1603.88,0.02772027,1
1603.82,0.00761412,1
1603.8,0.00240311,1
1603.66,0.0171871,1
1603.59,0.006236,1
1603.52,0.00006235,1
1603.43,0.30997292,1
1603.3,7.4774777,1
1603.11,0.00006237,1
1603,0.44603789,1
1602.7,0.00006238,1
1602.29,0.0000624,1
1602.22,0.00004365,1
1602.19,0.00136258,1
1602.17,0.06368238,1
1602.14,0.31208258,1
1602.09,0.03102309,1
1602,10.24818819,1
1601.98,0.000093,1
1601.88,0.00006242,1
1601.79,0.00002496,1
1601.68,0.06205983,1
1601.66,0.41175314,1
1601.54,0.61691239,1
1601.49,0.04816395,1
1601.47,0.00006243,1
1601.45,0.00621687,1
1601.42,0.04655243,1
1601.37,0.06601597,1
1601.26,0.01080824,1
1601.23,0.0044,1
1601.08,0.47,1
1601.06,0.00006245,1
1601.02,0.00936903,1
1601,130.03156855,1
1600.94,0.01862655,1
1600.91,2.96231518,1
1600.9,0.1,1
1600.89,0.29594163,1
1600.88,0.06,1
1600.84,0.00296824,1
1600.83,0.02884753,1
1600.69,0.00848079,1
1600.65,0.00006246,1
1600.6,0.000093,1
1600.59,0.06247696,1
1600.5,0.00160167,1
1600.45,0.08112343,1
1600.24,0.00006248,1
1600.21,0.09443857,1
1600.17,0.05,1
1600.14,0.03337832,1
1600.12,1.24990625,1
1600.05,1,1
1600.02,0.0615,1
1600.01,227.97440711,1
1600,463.79050924,1
1599.99,0.10342712,1
1599.95,0.92082876,1
1599.88,0.06250468,1
1599.83,0.0000625,1
1599.81,0.94859264,1
1599.8,1,1
1599.72,0.12234872,1
1599.63,0.16322324,1
1599.5,0.06214442,1
1599.43,0.00006251,1
1599.4,0.00015631,1
1599.24,0.1875891,1
1599.19,0.00015633,1
1599.09,0.02612275,1
1599.04,0.00241517,1
1599.03,0.00006253,1
1599,2.68909815,1
1598.95,0.03089527,1
1598.88,0.06179325,1
1598.8,0.01452964,1
1598.63,0.00006254,1
1598.61,0.06666666,1
1598.6,0.00631818,1
1598.56,0.00261506,1
1598.55,0.06255669,1
1598.38,0.06256334,1
1598.37,0.2607619,1
1598.28,0.06076532,1
1598.27,0.01251353,1
1598.24,0.01251376,1
1598.23,0.00006256,1
1598.21,0.0031285,1
1598.19,0.00941517,1
1598.15,0.02698494,1
1598.08,21.87938025,1
1598.07,4,1
1598.02,0.03158909,1
1598.01,0.00062202,1
1598,256.71111012,1
1597.96,0.16896543,1
1597.93,0.15547151,1
1597.83,0.00006257,1
1597.8,0.00320441,1
1597.69,0.00368341,1
1597.62,0.00619423,1
1597.48,0.000093,1
1597.43,0.00006259,1
1597.34,0.01252081,1
1597.28,0.03111539,1
1597.23,0.06080526,1
1597.21,0.01565229,1
1597.2,0.00240311,1
1597.03,0.00006261,1
1596.79,0.06082202,1
1596.77,1.55783237,1
1596.7,1,1
1596.63,0.00695213,1
1596.56,0.000093,1
1596.48,0.00015659,1
1596.47,0.00320708,1
1596.36,0.24646069,1
1596.26,0.06264643,1
1596.25,0.00990321,1
1596.23,0.00006264,1
1596.14,0.00303858,1
1596,1.16577102,1
1595.84,0.05713037,1
1595.83,0.00006265,1
1595.64,0.01727348,1
1595.62,0.00313357,1
1595.5,0.0152178,1
1595.43,0.00006267,1
1595.27,0.06087997,1
1595.26,0.00188057,1
1595.23,0.00309673,1
1595.09,0.01560697,1
1595.03,0.00006268,1
1595,0.91540681,1
1594.89,0.1,1
1594.88,0.00310412,1
1594.86,0.31350714,1
1594.77,0.14148893,1
1594.56,0.00384788,1
1594.5,0.06233929,1
1594.45,0.09511111,1
1594.39,0.00626489,1
1594.28,0.01072641,1
1594.18,0.00136943,1
1594.05,0.0183683,1
1594,0.02810538,1
1593.72,0.00015687,1
1593.62,0.12189229,1
1593.61,0.00076557,1
1593.53,0.01240014,1
1593.35,0.06276063,1
1593.33,0.31192533,1
1593.17,0.6276794,1
1593,1.08652179,1
1592.93,0.1829145,1
1592.92,1,1
1592.84,0.42893196,1
1592.81,0.63252992,1
1592.76,0.04654162,1
1592.72,0.03048872,1
1592.63,0.00076604,1
1592.58,0.00603123,1
1592.55,0.03139618,1
1592.52,0.00493557,1
1592.5,0.008,1
1592.49,0.01170281,1
1592.38,0.08268026,1
1592.31,0.01553724,1
1592.29,0.00304592,1
1592.23,0.30575356,1
1592,0.70143717,1
1591.99,0.05,1
1591.98,0.0037684,1
1591.88,0.06206497,1
1591.82,0.31284944,1
1591.71,0.08156887,1
1591.55,0.06283183,1
1591.54,0.00015708,1
1591.46,0.06411094,1
1591.29,0.02888747,1
1591.28,0.01246795,1
1591.26,0.03123935,1
1591.08,0.02584,1
1591.03,0.06666666,1
1591,0.03142677,1
1590.93,0.00726096,1
1590.91,0.2763534,1
1590.9,0.0610472,1
1590.72,0.09406117,1
1590.69,0.00014414,1
1590.6,0.00240311,1
1590.42,0.03106097,1
1590.34,3.106254,1
1590.3,0.04687794,1
1590.29,0.12576322,1
1590.01,0.06214797,1
1590,20.89568832,1
1589.96,0.04187813,1
1589.83,0.01559914,1
1589.82,0.00261506,1
1589.69,0.01565998,1
1589.49,0.06110135,1
1589.36,0.01079546,1
1589.34,0.00880868,1
1589.32,0.0002391,1
1589.29,4.1388,1
1589.09,0.01573227,1
1589.08,0.3,1
1589.05,0.00023914,1
1589,0.1981246,1
1588.97,0.00023915,1
1588.88,0.26554553,1
1588.87,0.87315348,1
1588.69,0.00180193,1
1588.68,0.04890852,1
1588.62,0.00629477,1
1588.54,0.2053269,1
1588.5,17.39951707,1
1588.4,0.03147821,1
1588.37,0.01259152,1
1588.35,0.14733528,1
1588.22,0.00173031,1
1588.11,0.62063081,1
1588.1,1.86,1
1588.06,0.00611437,1
1588,5.65218134,1
1587.97,0.03148674,1
1587.8,0.00311122,1
1587.71,0.00147286,1
1587.66,0.01736031,1
1587.6,0.18317991,1
1587.55,1.5,1
1587.49,0.01889775,1
1587.45,0.00131027,1
1587.43,0.06118065,1
1587.26,0.01033854,1
1587.17,0.12238764,1
1587.11,0.09451124,1
1587.07,2,1
1587,1.00564272,1
1586.66,0.06302547,1
1586.63,0.03605302,1
1586.5,0.03132682,1
1586.46,1.22442418,1
1586.36,0.0185,1
1586.23,0.00006303,1
1586.21,0.00137631,1
1586,8.02269858,1
1585.89,0.05950838,1
1585.83,0.00006305,1
1585.55,0.00200871,1
1585.51,0.01838272,1
1585.43,0.00006306,1
1585.37,0.50461406,1
1585.26,0.000094,1
1585.18,0.0075701,1
1585.06,0.02525816,1
1585.03,0.00006308,1
1585,2.82943107,1
1584.93,0.08409835,1
1584.88,0.69195373,1
1584.71,0.00015776,1
1584.63,0.0000631,1
1584.54,0.01102426,1
1584.5,0.22144769,1
1584.41,0.30649894,1
1584.31,0.06130113,1
1584.23,0.00006311,1
1584.19,0.15780935,1
1584.16,0.31373093,1
1584,12.45418809,1
1583.99,0.01561885,1
1583.98,4.0460233,1
1583.83,0.00006313,1
1583.5,0.12360195,1
1583.46,0.10985436,1
1583.44,0.06666666,1
1583.43,0.14966242,1
1583.38,0.00391655,1
1583.31,0.35,1
1583.16,0.0156017,1
1583.03,0.00006316,1
1583.02,0.08201665,1
1583.01,0.03125704,1
1583,0.47144028,1
1582.99,0.8844023,1
1582.93,0.01248317,1
1582.63,0.00006317,1
1582.61,0.00641894,1
1582.52,0.00015798,1
1582.5,0.00015798,1
1582.43,0.06137396,1
1582.36,0.06137667,1
1582.23,0.00006319,1
1582.2,0.06320027,1
1582.03,0.0007775,1
1582,0.40039804,1
1581.83,0.00006321,1
1581.69,0.22100569,1
1581.57,0.00252913,1
1581.47,0.05028233,1
1581.46,0.14749456,1
1581.43,0.00006322,1
1581.4,0.34779309,1
1581.35,0.5,1
1581.27,0.00244231,1
1581.15,0.02698494,1
1581.13,4.9964266,1
1581.09,0.00261506,1
1581.03,0.00006324,1
1581,0.38999903,1
1580.95,0.00765759,1
1580.94,0.62747479,1
1580.92,0.04876274,1
1580.82,0.06454245,1
1580.76,0.00189782,1
1580.63,0.00006325,1
1580.6,0.1660823,1
1580.56,0.00316343,1
1580.49,0.00388214,1
1580.48,0.01575756,1
1580.43,0.1,1
1580.34,0.06145512,1
1580.28,1.2624345,1
1580.23,0.00006327,1
1580.19,0.21959723,1
1580.08,0.05,1
1580.01,0.00000945,1
1580,46.62338095,1
1579.83,0.00006329,1
1579.73,0.01744745,1
1579.63,0.7417962,1
1579.59,0.00943915,1
1579.53,0.14574208,1
1579.48,0.06416,1
1579.43,0.0000633,1
1579.25,0.01576984,1
1579.2,0.18450481,1
1579.18,0.07961075,1
1579.11,0.005,1
1579.03,0.00006332,1
1578.63,0.00006334,1
1578.5,0.01230281,1
1578.37,0.63742922,1
1578.28,0.00138322,1
1578.23,0.00006335,1
1578.05,0.00015842,1
1578,0.12451633,1
1577.83,0.00084293,1
1577.77,0.86897328,1
1577.69,0.01230763,1
1577.66,0.1878857,1
1577.54,0.01087635,1
1577.52,0.00181469,1
1577.43,0.00006338,1
1577.4,0.00240311,1
1577.09,0.03151487,1
1577.03,0.0000634,1
1577,10.25919719,1
1576.97,0.06265179,1
1576.76,1.14632963,1
1576.63,0.00006342,1
1576.51,4.06066564,1
1576.47,0.00603123,1
1576.24,0.06344211,1
1576.23,1,1
1576.18,0.01082141,1
1576.08,0.01239932,1
1576.03,0.1903517,1
1576,0.42227156,1
1575.99,1.25,1
1575.91,0.00232247,1
1575.85,0.06666666,1
1575.71,0.01390727,1
1575.67,0.01008778,1
1575.52,0.12637097,1
1575.33,0.31541015,1
1575.15,1,1
1575.07,0.00487598,1
1575,102.83597887,1
1574.96,0.47263105,1
1574.94,0.19287845,1
1574.84,0.01190396,1
1574.53,0.00015878,1
1574.43,0.31802526,1
1574.41,0.46266855,1
1574.38,0.08246674,1
1574.1,0.00628679,1
1574,13.62731813,1
1573.98,0.03213,1
1573.8,0.01588511,1
1573.59,0.5,1
1573.48,0.63553398,1
1573.43,0.00699585,1
1573.41,0.000095,1
1573.03,0.00006356,1
1573,0.33395804,1
1572.92,0.15823013,1
1572.91,0.02482378,1
1572.72,1.37221501,1
1572.63,0.00006358,1
1572.62,0.00314968,1
1572.36,0.00261506,1
1572.23,0.00006359,1
1572.14,0.00855939,1
1572.11,0.00430041,1
1572.09,0.02546655,1
1572.01,2,1
1572,0.39774045,1
1571.96,0.06178274,1
1571.83,0.01759875,1
1571.62,0.06806718,1
1571.58,0.02,1
1571.43,0.00006363,1
1571.06,0.00891118,1
1571.05,0.00240184,1
1571.03,0.00006364,1
1570.8,0.00240311,1
1570.63,0.00006366,1
1570.52,0.1,1
1570.51,0.02027074,1
1570.42,0.25,1
1570.39,0.00139017,1
1570.25,0.06497691,1
1570.23,0.00006367,1
1570.02,23.4605,1
1570.01,0.00001,1
1570,21.28637092,1
1569.83,0.00006369,1
1569.65,0.00063326,1
1569.5,0.00015929,1
1569.44,0.0192949,1
1569.43,0.00006371,1
1569.42,1.58520522,1
1569.06,0.14914662,1
1569.03,0.00006372,1
1569,0.62280891,1
1568.86,0.03612045,1
1568.75,1,1
1568.63,0.00006374,1
1568.38,0.08267995,1
1568.27,0.06666666,1
1568.23,0.00006375,1
1568.17,0.00078437,1
1568,0.35088534,1
1567.89,1.20136121,1
1567.83,0.00006377,1
1567.8,0.00094901,1
1567.77,0.0208329,1
1567.73,0.0117028,1
1567.5,0.00160167,1
1567.48,0.0223,1
1567.44,0.12511081,1
1567.43,0.00006379,1
1567.34,0.00820582,1
1567.23,0.1595171,1
1567.13,0.00638109,1
1567.03,0.0000638,1
1567,2.73054881,1
1566.95,0.190306,1
1566.86,1.66016075,1
1566.78,0.00640782,1
1566.71,0.00015957,1
1566.63,0.00006382,1
1566.54,0.00391671,1
1566.43,0.00014414,1
1566.37,0.00078527,1
1566.24,0.06797004,1
1566.23,0.00006384,1
1566.06,0.15843901,1
1566,1.04420972,1
1565.93,1.14085559,1
1565.9,0.0062009,1
1565.88,0.008,1
1565.83,0.00006385,1
1565.81,0.01095783,1
1565.78,0.08291969,1
1565.73,0.31933986,1
1565.59,0.06387368,1
1565.48,0.09581725,1
1565.43,0.00006387,1
1565.38,0.02186957,1
1565.32,0.01966759,1
1565.21,0.06204918,1
1565.1,0.00726096,1
1565.03,0.00006389,1
1565,34.01616995,1
1564.83,0.01328359,1
1564.7,0.0158114,1
1564.66,0.01438013,1
1564.63,0.0000639,1
1564.33,0.02698494,1
1564.32,0.6208768,1
1564.23,0.00006392,1
1564.2,0.00240311,1
1564,0.5403302,1
1563.97,0.01762327,1
1563.85,0.21503412,1
1563.83,0.00006393,1
1563.7,0.00246975,1
1563.69,0.01454497,1
1563.66,1,1
1563.62,0.00261506,1
1563.6,0.08035451,1
1563.43,0.00006395,1
1563.27,0.00690785,1
1563.23,0.00052392,1
1563.03,0.00006397,1
1563,0.44812769,1
1562.82,0.00261524,1
1562.63,0.00006398,1
1562.54,0.00139716,1
1562.31,0.04937181,1
1562.28,0.09514594,1
1562.23,0.000064,1
1562.17,0.00065933,1
1562.05,0.00078744,1
1562.03,0.03200962,1
1562,0.00794404,1
1561.83,0.00006402,1
1561.8,0.05,1
1561.63,0.01600891,1
1561.43,0.00006403,1
1561.33,0.01865717,1
1561.03,0.00006405,1
1561,0.27294297,1
1560.99,0.0159479,1
1560.98,0.00373186,1
1560.79,0.0191057,1
1560.7,0.15898314,1
1560.68,0.06666666,1
1560.63,0.00006407,1
1560.53,0.0159526,1
1560.52,0.64363921,1
1560.23,0.00006408,1
1560.1,0.01046961,1
1560.01,0.00001,1
1560,94.46541953,1
1559.83,0.0000641,1
1559.8,0.00064363,1
1559.79,0.03172235,1
1559.75,0.06541432,1
1559.63,0.06227117,1
1559.48,0.00769489,1
1559.44,0.00006411,1
1559.25,0.34002752,1
1559.23,0.0256766,1
1559.05,0.00006413,1
1559,2.83462475,1
1558.74,0.01063384,1
1558.68,0.00316934,1
1558.66,0.00203957,1
1558.54,0.40347029,1
1558.41,0.64007546,1
1558.34,0.00190202,1
1558.27,0.00006416,1
1558,4.17439069,1
1557.99,0.01597861,1
1557.97,0.06380097,1
1557.89,0.5,1
1557.88,0.00006418,1
1557.77,0.00957137,1
1557.6,0.00240311,1
1557.49,0.00006419,1
1557.23,0.08337496,1
1557.2,0.00311456,1
1557.11,0.05855137,1
1557.1,0.00006421,1
1557,0.00766859,1
1556.84,0.09610814,1
1556.71,0.00006423,1
1556.61,0.06424216,1
1556.38,0.05782649,1
1556.32,0.00006424,1
1556.26,0.08300026,1
1556.15,0.01771183,1
1556.12,0.00642623,1
1556.02,0.06427,1
1556,0.49687293,1
1555.97,0.06334312,1
1555.88,1,1
1555.86,0.12854627,1
1555.79,0.00190061,1
1555.77,1.27011062,1
1555.75,0.32775188,1
1555.7,0.25,1
1555.55,5.67435096,1
1555.15,0.00006429,1
1555,18.55383324,1
1554.88,0.00261506,1
1554.76,0.00006431,1
1554.73,0.00140417,1
1554.7,0.5132823,1
1554.67,0.32161166,1
1554.55,0.001338,1
1554.51,0.00173031,1
1554.39,0.64333918,1
1554.37,0.00006432,1
1554.3,0.10784465,1
1554.17,0.0110399,1
1554,1.58782249,1
1553.98,0.18756353,1
1553.72,0.03218083,1
1553.59,0.00006436,1
1553.46,0.00165586,1
1553.19,0.0160959,1
1553.1,0.06666666,1
1553,15.90470057,1
1552.99,0.32195957,1
1552.98,0.00901492,1
1552.81,0.00006439,1
1552.71,0.00395159,1
1552.64,0.00079865,1
1552.61,0.02960714,1
1552.34,0.00322094,1
1552.27,0.00235784,1
1552.22,0.00292983,1
1552.1,0.19174022,1
1552.09,0.03202249,1
1552.08,1.00059275,1
1552.07,0.1610752,1
1552.06,3,1
1552,5.15320873,1
1551.97,0.00095869,1
1551.71,0.00494938,1
1551.64,0.00006444,1
1551.62,0.00641653,1
1551.6,0.00322,1
1551.54,0.12614801,1
1551.5,0.01057683,1
1551.25,0.00006445,1
1551.11,0.00647256,1
1551.08,0.04292786,1
1551,12.7867017,1
1550.98,0.355,1
1550.92,0.00162445,1
1550.88,0.31852883,1
1550.79,0.31314362,1
1550.71,2.34409178,1
1550.7,2.03882117,1
1550.69,0.06371357,1
1550.66,0.19,1
1550.5,0.03461774,1
1550.47,0.00006449,1
1550.35,0.02053433,1
1550.08,0.0000645,1
1550.07,0.000096,1
1550.05,0.12531853,1
1550.01,0.00001067,1
1550,469.21199717,1
1549.89,0.1,1
1549.84,0.03226139,1
1549.69,0.00006452,1
1549.66,0.0160645,1
1549.64,0.97951495,1
1549.44,0.03226972,1
1549.35,0.11947974,1
1549.32,0.06585469,1
1549,0.3524067,1
1548.75,0.00127586,1
1548.73,0.14840159,1
1548.66,0.01567807,1
1548.6,0.027,1
1548.5,0.00016145,1
1548.4,0.06419529,1
1548.37,0.01780083,1
1548.31,0.00016147,1
1548.3,0.00016147,1
1548.07,0.00064851,1
1548,0.98033906,1
1547.94,0.0096903,1
1547.74,0.01614903,1
1547.69,0.02698494,1
1547.67,0.01568809,1
1547.57,0.65560702,1
1547.55,0.06275726,1
1547.53,3,1
1547.47,0.0160937,1
1547.35,0.00006462,1
1547.32,0.27083109,1
1546.96,0.00147586,1
1546.94,0.01609275,1
1546.78,0.01609441,1
1546.69,0.15698685,1
1546.68,2,1
1546.62,0.01916437,1
1546.57,0.00006465,1
1546.5,0.000096,1
1546.48,2.00972531,1
1546.47,0.02588845,1
1546.4,0.12561433,1
1546.38,0.415,1
1546.32,0.00249751,1
1546.18,0.00006466,1
1546.14,0.00261506,1
1546,0.20135024,1
1545.79,0.00006468,1
1545.78,0.005738,1
1545.51,0.06666666,1
1545.4,0.0000647,1
1545.38,0.00648332,1
1545.3,0.06471235,1
1545.28,0.16048871,1
1545.01,0.00006471,1
1545,16.98331913,1
1544.95,0.00159875,1
1544.93,0.000097,1
1544.88,0.00319765,1
1544.74,0.08871134,1
1544.64,6.33440801,1
1544.62,0.00006473,1
1544.54,0.00194233,1
1544.49,0.03198466,1
1544.41,0.69507193,1
1544.4,0.42733179,1
1544.3,0.01230763,1
1544.23,0.00006475,1
1544.22,0.00647576,1
1544,0.34862564,1
1543.9,0.80963792,1
1543.84,0.00006476,1
1543.62,0.00323913,1
1543.45,0.00006478,1
1543.43,0.94391711,1
1543.41,0.03200704,1
1543.36,0.01170275,1
1543.16,0.39086679,1
1543.06,0.00006479,1
1542.96,0.000097,1
1542.84,1.29631069,1
1542.69,3.24109185,1
1542.67,0.00006481,1
1542.62,0.01112256,1
1542.54,0.00014414,1
1542.52,0.00004483,1
1542.51,0.00313971,1
1542.5,0.04833063,1
1542.28,0.00006483,1
1542.27,0.06297211,1
1542.25,0.06143621,1
1542.02,0.05036684,1
1542,22.63648181,1
1541.97,1,1
1541.94,0.12815025,1
1541.92,0.2834518,1
1541.89,0.00006484,1
1541.5,0.00006486,1
1541.43,0.03268912,1
1541.41,1.05001265,1
1541.26,0.32051697,1
1541.12,0.00642374,1
1541,1.05,1
1540.7,0.03151814,1
1540.66,0.38710682,1
1540.63,0.01789026,1
1540.27,0.08429301,1
1540.26,0.01613363,1
1540.1,0.03,1
1540.09,0.01032083,1
1540.01,0.000013,1
1540,17.83386196,1
1539.7,0.008,1
1539.65,0.0044,1
1539.58,0.000097,1
1539.45,0.05443923,1
1539.44,0.000097,1
1539.27,0.00726096,1
1539.23,0.00141831,1
1539,0.48986354,1
1538.96,0.06629801,1
1538.82,0.12918989,1
1538.48,0.12999844,1
1538.46,0.08967071,1
1538.38,0.32420468,1
1538.27,0.1,1
1538,2.60206111,1
1537.99,0.00006501,1
1537.92,0.06666666,1
1537.85,0.09753877,1
1537.8,0.00240311,1
1537.6,0.00006502,1
1537.5,0.0019278,1
1537.41,0.00261506,1
1537.23,0.06429073,1
1537.21,0.00006504,1
1537.11,0.00080672,1
1537.03,0.12934035,1
1537,1.70640324,1
1536.84,0.25,1
1536.82,0.00006506,1
1536.43,0.00006507,1
1536.25,0.03364556,1
1536.19,0.06431496,1
1536.13,0.00096857,1
1536.11,0.00128636,1
1536.04,0.00006509,1
1536,0.41287759,1
1535.92,0.0030937,1
1535.81,0.12744004,1
1535.76,23.49115501,1
1535.71,0.0000185,1
1535.65,0.00006511,1
1535.64,0.415,1
1535.59,0.00694022,1
1535.55,0.00000428,1
1535.53,0.19488385,1
1535.52,0.1,1
1535.37,0.02,1
1535.36,0.03256565,1
1535.26,0.00006512,1
1535.12,0.0091198,1
1535,2.75041061,1
1534.87,0.00006514,1
1534.74,0.02200098,1
1534.5,4.21616606,1
1534.48,0.00006516,1
1534.41,0.32585814,1
1534.31,0.02544829,1
1534.24,0.0222178,1
1534.09,0.00006517,1
1533.9,0.03240106,1
1533.81,0.02610213,1
1533.77,0.00782385,1
1533.7,0.00006519,1
1533.66,0.90653233,1
1533.51,0.00322659,1
1533.49,0.19809193,1
1533.46,0.00792325,1
1533.31,0.00006521,1
1533.15,0.27333423,1
1533.04,0.1,1
1533.03,0.08195686,1
1533.02,0.00652307,1
1533,3.06151922,1
1532.93,0.01798012,1
1532.92,0.00006522,1
1532.71,0.13048782,1
1532.61,0.00355281,1
1532.53,0.00006524,1
1532.14,0.00006526,1
1532.03,0.01584825,1
1532,0.03132832,1
1531.97,0.01507209,1
1531.86,0.08475578,1
1531.75,0.00006527,1
1531.69,0.06450391,1
1531.54,0.15853977,1
1531.53,0.00457513,1
1531.44,0.06529802,1
1531.36,0.00006529,1
1531.35,1,1
1531.23,0.02698494,1
1531.2,0.00240311,1
1531.15,0.01120588,1
1531.04,0.00517088,1
1530.97,0.00006531,1
1530.82,0.00006454,1
1530.75,0.32402417,1
1530.58,0.00006532,1
1530.47,0.00326697,1
1530.45,0.02121758,1
1530.34,0.06666666,1
1530.19,0.01313561,1
1530.02,0.06535862,1
1530.01,0.00001201,1
1530,33.08123288,1
1529.81,0.06536759,1
1529.8,0.00006536,1
1529.78,0.09805331,1
1529.72,0.0326,1
1529.6,0.03268828,1
1529.56,0.03174769,1
1529.49,0.00634852,1
1529.41,0.00006537,1
1529.29,0.03269491,1
1529.26,0.52312883,1
1529.23,0.00081088,1
1529.14,0.00252557,1
1529.12,0.00603126,1
1529.02,0.00006539,1
1529,2.21350555,1
1528.92,19.9308,1
1528.89,0.01308138,1
1528.84,0.08895633,1
1528.68,0.00261506,1
1528.67,0.06674429,1
1528.64,0.00239429,1
1528.63,0.00006541,1
1528.49,0.02299,1
1528.36,0.005025,1
1528.35,1.58871986,1
1528,12.2708115,1
1527.76,1,1
1527.47,0.03253746,1
1527.27,0.01636907,1
1527.25,0.00016369,1
1527.09,17.21787146,1
1527,12.17092337,1
1526.94,0.00635912,1
1526.87,0.13098692,1
1526.74,0.03929942,1
1526.61,0.13100922,1
1526.6,0.03180924,1
1526.58,0.03241245,1
1526.43,0.06551233,1
1526.32,0.15908197,1
1526.09,0.06552693,1
1526,5.13225998,1
1525.98,0.06513846,1
1525.87,0.06553638,1
1525.59,0.03243348,1
1525.51,0.00006554,1
1525.5,0.25,1
1525.43,0.01295372,1
1525.42,0.06366771,1
1525.35,0.00655587,1
1525.27,0.01807042,1
1525.12,0.00006556,1
1525,33.4478596,1
1524.81,0.19768056,1
1524.73,0.00006557,1
1524.69,0.0130715,1
1524.61,0.00327952,1
1524.6,0.00240311,1
1524.34,0.00006559,1
1524.2,0.01492181,1
1524.08,0.05061026,1
1523.95,0.02458561,1
1523.88,0.0014326,1
1523.56,0.00006562,1
1523.54,0.05250928,1
1523.5,0.08522087,1
1523.17,0.00006564,1
1523.11,1.35110107,1
1523,1.34500326,1
1522.99,6.53320113,1
1522.82,0.01365004,1
1522.78,0.00006566,1
1522.75,0.06666666,1
1522.63,0.38341978,1
1522.5,0.355,1
1522.44,0.32842016,1
1522.4,0.3776058,1
1522.39,0.00006567,1
1522.33,0.00136632,1
1522.24,4,1
1522,26.00006569,1
1521.77,1.33086,1
1521.74,0.03191083,1
1521.61,0.00006571,1
1521.56,0.0164305,1
1521.45,0.08268019,1
1521.39,0.63839646,1
1521.26,0.02716267,1
1521.22,0.00006572,1
1521,1.32143983,1
1520.95,0.0029521,1
1520.83,0.00006574,1
1520.81,0.00173031,1
1520.44,0.00006576,1
1520.43,0.01315417,1
1520.24,0.12874526,1
1520.23,0.00660403,1
1520.05,0.00006578,1
1520.01,0.000013,1
1520,42.72905419,1
1519.94,0.00261506,1
1519.81,0.06579769,1
1519.76,0.31128986,1
1519.66,0.00006579,1
1519.55,0.00186209,1
1519.37,0.01170281,1
1519.33,0.06000732,1
1519.28,0.00006581,1
1519.02,0.00014413,1
1519,0.00624061,1
1518.9,0.00006583,1
1518.89,0.31972032,1
1518.88,0.01560814,1
1518.76,0.0002502,1
1518.52,0.00006584,1
1518.45,0.06719351,1
1518.14,0.00006586,1
1518,8.50400478,1
1517.81,1,1
1517.77,0.02648701,1
1517.76,0.00006588,1
1517.64,0.01816127,1
1517.45,0.009226,1
1517.38,0.00006589,1
1517.2,0.0065,1
1517,0.12982727,1
1516.62,0.00006592,1
1516.55,0.01082058,1
1516.52,0.06404135,1
1516.45,0.75778627,1
1516.26,0.0014398,1
1516.24,0.00006594,1
1516.18,0.00989328,1
1516,0.07672493,1
1515.86,0.00006596,1
1515.69,0.4317915,1
1515.53,0.00674988,1
1515.48,0.00006597,1
1515.32,0.00025077,1
1515.24,0.06599614,1
1515.18,0.08568882,1
1515.17,0.06666666,1
1515.14,0.00000227,1
1515.13,0.13120986,1
1515.1,0.00006599,1
1515.05,0.09819202,1
1515,44.2464018,1
1514.94,0.02698494,1
1514.87,0.03034475,1
1514.72,0.00006601,1
1514.34,0.00006602,1
1514.09,0.00082559,1
1514,0.19905463,1
1513.97,0.008,1
1513.96,0.00006604,1
1513.95,0.01290232,1
1513.86,0.00330281,1
1513.85,0.01603857,1
1513.65,0.00603125,1
1513.17,0.08211238,1
1513.15,0.04400393,1
1513,0.07844017,1
1512.92,0.00330486,1
1512.91,0.0751003,1
1512.87,0.03304976,1
1512.82,0.22950516,1
1512.59,0.06571509,1
1512.53,0.00661143,1
1512.5,0.00195966,1
1512.39,1,1
1512.09,0.01454939,1
1512,1.5706929,1
1511.4,0.00240311,1
1511.21,0.00261506,1
1511.11,2,1
1511,2.44602248,1
1510.9,0.64282877,1
1510.87,0.02615711,1
1510.86,0.5,1
1510.84,0.039,1
1510.81,0.02154974,1
1510.64,0.0661971,1
1510.22,6.43118221,1
1510.06,0.01825243,1
1510,175.61783342,1
1509.99,0.25,1
1509.75,0.11145731,1
1509.38,0.13091468,1
1509.25,0.0032864,1
1509.06,0.16367805,1
1509,2.04556529,1
1508.92,0.11929061,1
1508.88,0.06547903,1
1508.81,0.02738692,1
1508.76,4.25,1
1508.68,0.00144704,1
1508.6,0.0032149,1
1508.54,0.16288596,1
1508.47,0.01137436,1
1508.3,0.06764569,1
1508.26,0.05,1
1508.08,1.48,1
1508.06,0.00795721,1
1508,2.37162659,1
1507.81,0.015,1
1507.58,0.06666666,1
1507.57,0.00065933,1
1507.16,0.000099,1
1507,6.60227271,1
1506.9,0.08615966,1
1506.52,0.11281629,1
1506.11,0.01659905,1
1506,2.16639572,1
1505.85,0.00723686,1
1505.55,0.58331735,1
1505.54,0.01648215,1
1505.5,0.25,1
1505.31,0.01055929,1
1505.25,3.31340308,1
1505.24,0.01660864,1
1505.15,0.06564129,1
1505.07,1.03251011,1
1505.01,3.30562587,1
1505,51.04061224,1
1504.93,0.06453456,1
1504.9,0.0030974,1
1504.88,0.00041864,1
1504.82,0.13006452,1
1504.8,0.23468657,1
1504.7,0.58867548,1
1504.59,0.03303225,1
1504.34,0.00085898,1
1504.27,1,1
1504.17,0.00666693,1
1504,15.71235105,1
1503.79,0.36589179,1
1503.46,0.13143016,1
1503.28,0.06572295,1
1503.06,0.08359102,1
1503.01,2,1
1503,3.12156693,1
1502.91,0.5,1
1502.89,0.0512945,1
1502.79,0.5,1
1502.72,0.17339221,1
1502.64,0.06463291,1
1502.51,0.01834415,1
1502.47,0.00261506,1
1502.29,0.06538684,1
1502.28,5.2635027,1
1502.09,0.03308842,1
1502.06,0.00041942,1
1502.04,0.00041943,1
1502,4.65046884,1
1501.99,1.11664458,1
1501.9,4,1
1501.89,1.2,1
1501.85,0.65785531,1
1501.51,0.13204707,1
1501.5,0.00160167,1
1501.26,3.75445292,1
1501.01,3.30444167,1
1501,52.66615043,1
1500.99,0.01974696,1
1500.94,0.16556291,1
1500.89,1.74200624,1
1500.85,0.01141481,1
1500.79,0.5,1
1500.69,0.1331854,1
1500.65,0.15767377,1
1500.61,0.01316797,1
1500.57,0.33320671,1
1500.52,0.1,1
1500.51,0.06472799,1
1500.4,0.32924553,1
1500.38,0.05040451,1
1500.34,0.00658517,1
1500.25,0.00662556,1
1500.1,0.19758681,1
1500.03,0.10000336,1
1500.01,0.84057639,1
1500,2288.9252021,1
1499.99,1.75325211,1
1499.98,0.11656688,1
1499.91,0.05006167,1
1499.85,1.04312042,1
1499.77,0.06475659,1
1499.69,0.01,1
1499.54,0.25,1
1499.39,0.17836788,1
1499.17,3,1
1499.14,0.00131808,1
1499.09,0.33103416,1
1499,63.80882402,1
1498.95,0.00094068,1
1498.83,0.02698494,1
1498.67,0.08663281,1
1498.6,0.04974643,1
1498.52,0.11480553,1
1498.48,0.66734179,1
1498.34,0.06484618,1
1498.3,0.19914302,1
1498.21,0.06810126,1
1498.2,0.00240311,1
1498.05,0.00066611,1
1498.02,0.50042056,1
1498.01,0.05,1
1498,2.40178891,1
1497.72,0.0494752,1
1497.69,0.5,1
1497.68,0.1001549,1
1497.66,0.00002492,1
1497.65,0.33343905,1
1497.57,0.06677484,1
1497.5,0.25,1
1497.49,1,1
1497.45,0.03318975,1
1497.26,0.00333943,1
1497.25,0.01145959,1
1497,24.35877992,1
1496.86,0.115,1
1496.66,0.02608847,1
1496.54,0.03341039,1
1496.47,0.02693151,1
1496.35,0.06772,1
1496.33,5.21638398,1
1496.15,0.0059,1
1496.09,0.2,1
1496,22.06473874,1
1495.86,0.00014414,1
1495.78,3.54530077,1
1495.75,0.01170277,1
1495.65,0.05,1
1495.53,0.03303176,1
1495.51,0.23403387,1
1495.4,0.15728234,1
1495.39,0.06336139,1
1495.37,0.0830898,1
1495,3.85992945,1
1494.99,0.04872273,1
1494.9,11.19658359,1
1494.62,0.09746959,1
1494.54,0.355,1
1494.3,3.33868361,1
1494.29,0.13473837,1
1494,0.59181391,1
1493.77,0.10202968,1
1493.73,0.00261506,1
1493.69,0.00042177,1
1493.64,0.13390107,1
1493.59,0.18840909,1
1493.47,0.16605623,1
1493.27,5.86,1
1493.2,0.02470375,1
1493.06,0.0000185,1
1493.05,0.03013964,1
1493,0.16968228,1
1492.94,1,1
1492.93,0.06698237,1
1492.92,1,1
1492.85,0.58901214,1
1492.64,0.0471614,1
1492.39,0.10050992,1
1492.34,0.00798166,1
1492.17,0.01400309,1
1492.05,0.20359371,1
1492,4.97070477,1
1491.96,0.0462,1
1491.88,0.66493283,1
1491.84,0.46836675,1
1491.74,0.0335179,1
1491.6,0.00240311,1
1491.44,0.33524647,1
1491.42,0.02147455,1
1491.36,0.1,1
1491.33,0.00398441,1
1491.3,0.67055589,1
1491.28,0.5,1
1491,9.86091212,1
1490.99,0.06513792,1
1490.78,0.00139524,1
1490.6,0.32578827,1
1490.58,0.1,1
1490.51,0.06639366,1
1490.49,0.08710826,1
1490.44,0.00314968,1
1490.38,5.3039221,1
1490.25,0.0070016,1
1490.21,0.00002504,1
1490.15,0.00130188,1
1490.11,0.03258819,1
1490,57.3264864,1
1489.96,0.10067383,1
1489.95,0.8,1
1489.61,0.0153911,1
1489.56,0.13139698,1
1489.4,0.14027845,1
1489.2,0.06715014,1
1489.1,1.67886642,1
1489.07,0.00042308,1
1489,7.62965603,1
1488.99,0.83277926,1
1488.94,0.26864749,1
1488.88,0.20068776,1
1488.73,0.06523681,1
1488.64,0.00663693,1
1488.5,65,1
1488.31,1.33574322,1
1488.2,0.06855933,1
1488.13,0.06526311,1
1488.09,0.011,1
1488.01,0.03,1
1488,42.39756612,1
1487.78,0.01666913,1
1487.5,0.0019926,1
1487.23,0.00332161,1
1487.17,1,1
1487.11,0.00173031,1
1487,4.01893166,1
1486.89,0.3,1
1486.79,0.05187961,1
1486.58,0.33634247,1
1486.48,0.36615513,1
1486.23,0.5,1
1486.12,2.01154542,1
1486.02,0.06729384,1
1486,15.08542984,1
1485.99,0.34477977,1
1485.83,0.00197542,1
1485.81,0.06536501,1
1485.72,0.0014,1
1485.7,0.01530849,1
1485.58,0.06650601,1
1485.25,0.00151729,1
1485,26.06552079,1
1484.99,0.01666011,1
1484.95,0.25,1
1484.79,0.01635248,1
1484.7,0.59660537,1
1484.52,0.6736184,1
1484.45,0.20415089,1
1484.43,5.39301517,1
1484.29,0.0332819,1
1484.28,3.34835834,1
1484.22,0.02714474,1
1484.17,0.06737772,1
1484.09,0.31896987,1
1484.01,0.00133368,1
1484,0.06721698,1
1483.98,0.1347727,1
1483.78,0.06739543,1
1483.75,0.00666961,1
1483.65,0.26960536,1
1483.53,0.01032267,1
1483.51,0.01,1
1483.5,0.25,1
1483.36,1.17897359,1
1483.33,0.13483176,1
1483.31,0.13483358,1
1483.18,20.12567591,1
1483.01,0.08327657,1
1483,0.74560629,1
1482.85,1.96496611,1
1482.79,0.00002516,1
1482.78,0.44914282,1
1482.73,0.01178906,1
1482.66,0.5,1
1482.61,0.01637652,1
1482.46,0.06149975,1
1482.38,0.01107,1
1482.36,0.0080952,1
1482.35,0.0875866,1
1482.33,0.06746136,1
1482.29,0.0807939,1
1482.2,0.01204695,1
1482.09,0.16382945,1
1482,6.47064102,1
1481.94,0.01402659,1
1481.51,1,1
1481.36,0.67336771,1
1481.33,0.33483423,1
1481.25,0.14439179,1
1481.04,0.067115,1
1481,10.2091492,1
1480.96,0.00284052,1
1480.91,0.67526048,1
1480.86,1,1
1480.67,0.4,1
1480.65,0.00337689,1
1480.43,0.0043,1
1480.24,0.0337783,1
1480.2,4.03243095,1
1480,55.78159348,1
1479.93,0.00193436,1
1479.9,0.29431408,1
1479.87,0.0067168,1
1479.86,0.03281391,1
1479.84,0.00333819,1
1479.82,0.00016894,1
1479.8,0.06676577,1
1479.72,0.01004211,1
1479.49,0.10016965,1
1479.45,0.02281254,1
1479.37,0.06564956,1
1479.18,0.1,1
1479.1,0.49979332,1
1479,64.28819471,1
1478.98,0.06720848,1
1478.89,0.33558952,1
1478.88,2,1
1478.76,0.23668478,1
1478.56,0.67633373,1
1478.48,5.48369287,1
1478.4,0.00240311,1
1478.25,0.0690208,1
1478.14,0.01353051,1
1478.05,0.03110067,1
1478.01,0.034,1
1478,2.86953108,1
1477.97,0.06766037,1
1477.96,0.26847817,1
1477.77,0.37197939,1
1477.7,0.00668606,1
1477.58,0.000677,1
1477.5,0.25,1
1477.47,3,1
1477.33,0.03355239,1
1477.32,0.01692253,1
1477.29,0.06769151,1
1477.23,4,1
1477.09,0.03364845,1
1477.01,0.33445948,1
1477,1.72760176,1
1476.78,0.51738172,1
1476.71,0.0033859,1
1476.69,0.00013105,1
1476.57,0.06788913,1
1476.52,0.00016932,1
1476.49,0.33864096,1
1476.32,0.06773599,1
1476.17,1.97385802,1
1476.15,0.0451069,1
1476.1,0.00784246,1
1476.02,0.00042682,1
1476,1.46606367,1
1475.83,0.3387924,1
1475.49,1,1
1475.42,0.00002529,1
1475.31,0.2206311,1
1475.22,0.76845283,1
1475.17,0.06738206,1
1475.12,0.06779109,1
1475.1,0.67087259,1
1475.07,0.01163191,1
1475.04,0.084235,1
1475.02,0.01646079,1
1475,82.3645226,1
1474.94,0.00086106,1
1474.88,0.16747125,1
1474.7,0.33701769,1
1474.45,0.13274352,1
1474.28,0.03391486,1
1474.26,0.08806723,1
1474.25,1.19763947,1
1474,0.03831853,1
1473.75,0.06429177,1
1473.73,4,1
1473.68,0.08525753,1
1473.25,0.1816141,1
1473.12,0.09400484,1
1473.1,0.00335347,1
1473.09,0.0670699,1
1473,0.03307527,1
1472.87,0.06433018,1
1472.79,0.00329306,1
1472.53,5.5759855,1
1472.46,0.05931996,1
1472.31,0.12078977,1
1472.29,0.02175358,1
1472.28,0.32984214,1
1472.08,0.02736722,1
1472,16.57529822,1
1471.88,0.16496589,1
1471.8,0.00240311,1
1471.77,0.1,1
1471.69,0.33974546,1
1471.6,4,1
1471.47,0.14005042,1
1471.41,0.16990505,1
1471.37,0.02014449,1
1471.32,0.01080323,1
1471,2.11359619,1
1470.93,0.1320593,1
1470.81,0.16821413,1
1470.56,0.00680013,1
1470.27,1,1
1470,91.10586716,1
1469.89,0.03865266,1
1469.85,1.16677484,1
1469.74,0.34019622,1
1469.69,0.30660683,1
1469.42,0.74859468,1
1469.28,0.03403027,1
1469.24,0.0330511,1
1469.13,0.26973106,1
1469,6.04032674,1
1468.65,0.58,1
1468.53,0.03384336,1
1468.44,0.00100923,1
1468.41,5.43961223,1
1468.36,0.06948568,1
1468.33,0.37538253,1
1468.22,0.06810968,1
1468.08,0.00002542,1
1468.01,0.03,1
1468,29.86551614,1
1467.95,0.00017031,1
1467.9,1.36249063,1
1467.62,0.03406876,1
1467.5,0.25,1
1467.4,0.33093907,1
1467.1,0.355,1
1467,8.95451776,1
1466.66,0.03397174,1
1466.58,5.66992401,1
1466.41,0.03311488,1
1466.21,0.08855075,1
1466.18,0.23786351,1
1466,4.27041267,1
1465.55,3.37074818,1
1465.52,0.1,1
1465.41,0.01868921,1
1465.33,0.0526093,1
1465.2,1.62805358,1
1465,8.36432536,1
1464.43,0.006057,1
1464.1,0.01171906,1
1464.04,0.0034152,1
1464,2.73358606,1
1463.6,0.02622547,1
1463.24,0.01699656,1
1463,0.71373986,1
1462.91,0.02836538,1
1462.73,2.03865375,1
1462.64,0.16887272,1
1462.63,0.47465266,1
1462.5,0.00202666,1
1462.11,0.005,1
1462.03,0.01689431,1
1462,5.02701091,1
1461.96,1.16216589,1
1461.5,1,1
1461,1.44446542,1
1460.99,0.25,1
1460.92,34.22500889,1
1460.88,0.00338152,1
1460.81,0.06387307,1
1460.63,5.76553998,1
1460.34,0.00087652,1
1460.25,0.10165425,1
1460.07,0.00832151,1
1460.03,0.02759187,1
1460.02,0.10274222,1
1460,27.04079777,1
1459.98,0.01829016,1
1459.94,0.02674464,1
1459.89,0.00142476,1
1459.5,0.13410325,1
1459.37,0.01354008,1
1458.87,0.06772364,1
1458.85,0.03464305,1
1458.6,0.00240311,1
1458.55,0.06995303,1
1458.32,3.42860277,1
1458.2,5.50301743,1
1458.01,0.034,1
1458,8.17655218,1
1457.65,0.10167049,1
1457.43,0.27850871,1
1457.16,0.01950951,1
1457.04,0.25586227,1
1457,26.06688135,1
1456.9,0.25,1
1456.78,0.10173121,1
1456.76,0.74517422,1
1456.69,0.2,1
1456.65,0.00823806,1
1456,45.78207179,1
1455.55,10.00946899,1
1455.45,0.0667285,1
1455.4,0.29880445,1
1455.25,0.06789211,1
1455.15,3.33728481,1
1455,19.58897092,1
1454.89,0.06801917,1
1454.78,0.09482924,1
1454.68,5.86286565,1
1454.58,0.20031211,1
1454.5,0.25,1
1454.31,0.0680463,1
1454,1.0342,1
1453.53,0.13759605,1
1453.41,0.00173031,1
1453.39,0.02203646,1
1453.28,0.00687683,1
1453.22,0.0118068,1
1453,1.43108922,1
1452.78,4,1
1452.5,0.25,1
1452.13,5.01633462,1
1452.09,0.03422776,1
1452,1.39097739,1
1451.99,1.02066818,1
1451.69,0.23,1
1451.59,0.03074951,1
1451.51,5,1
1451.13,0.05246633,1
1451,165.75570743,1
1450.96,0.06809284,1
1450.85,0.01225764,1
1450.76,0.04435378,1
1450.69,0.16737552,1
1450.6,0.20941127,1
1450.5,0.56849128,1
1450.42,0.05318051,1
1450.4,1.0000185,1
1450.25,1.9975,1
1450.24,0.08952587,1
1450.1,0.00204399,1
1450,555.58023943,1
1449.67,15,1
1449.54,0.1379748,1
1449.47,0.68473304,1
1449.36,0.00314968,1
1449.02,0.02702113,1
1449,0.1569004,1
1448.98,0.01132517,1
1448.9,1.30632638,1
1448.79,0.07042428,1
1448.73,5.96193396,1
1448.22,0.68445476,1
1448.18,0.01570511,1
1448.09,0.02782777,1
1448.07,0.06864309,1
1448.01,0.05,1
1448,1.75039528,1
1447.95,0.00334956,1
1447.9,0.27464189,1
1447.72,0.10236786,1
1447.44,0.00345437,1
1447.04,3.31666666,1
1447,34.34692467,1
1446.76,0.00136581,1
1446.66,0.13427481,1
1446.49,0.06302907,1
1446,0.42448211,1
1445.74,0.00088537,1
1445.6,0.0015669,1
1445.5,4.56228294,1
1445.47,2.24430382,1
1445.4,0.00240311,1
1445,11.16950539,1
1444.94,0.20762107,1
1444.88,0.08695692,1
1444.7,0.13547705,1
1444.53,0.25,1
1444.44,0.14400899,1
1444.41,0.20769726,1
1444,8.1754256,1
1443.73,0.01749115,1
1443,0.01728839,1
1442.78,6.06277853,1
1442.61,0.32087695,1
1442.41,0.01189529,1
1442.32,0.09001747,1
1442.12,0.03187554,1
1442,3.16411611,1
1441.96,0.10402507,1
1441.78,0.02742797,1
1441.5,0.25,1
1441.44,0.00342712,1
1441.4,0.2,1
1441.39,0.34688737,1
1441.2,0.01142109,1
1441.14,0.1,1
1441,1.21864891,1
1440.88,0.0171423,1
1440.74,0.06940877,1
1440.67,0.03434527,1
1440.45,0.00342948,1
1440.44,10,1
1440.41,0.2,1
1440.28,0.001,1
1440.15,0.355,1
1440.09,0.27776041,1
1440.06,0.04623734,1
1440,40.79960071,1
1439.81,0.67456817,1
1439.67,0.045,1
1439.35,0.0034321,1
1439.11,0.07089798,1
1439.07,0.00694893,1
1439,0.25,1
1438.8,0.00240311,1
1438.77,0.29421724,1
1438.31,0.01738151,1
1438.2,0.17382839,1
1438.1,19.01105278,1
1438.04,0.25575088,1
1438.01,0.03,1
1438,12.39267865,1
1437.91,0.06754247,1
1437.61,0.27833696,1
1437.5,0.00206191,1
1437,4.72192066,1
1436.84,6.1654337,1
1436.78,0.00301163,1
1436.49,0.0172226,1
1436.28,0.0696243,1
1436.24,0.02791025,1
1436,0.96994986,1
1435.95,0.00696403,1
1435.57,0.06445379,1
1435.5,2.89334939,1
1435.2,0.06925863,1
1435.14,0.00344217,1
1435,1.21467224,1
1434.96,0.34635111,1
1434.74,0.02232291,1
1434.6,1.38366095,1
1434.58,0.02784093,1
1434.44,0.09051197,1
1434.19,0.13945153,1
1434.08,0.00069626,1
1434,7.30264992,1
1433.87,0.001,1
1433.67,1.04103454,1
1433.51,0.06975884,1
1433.48,0.00346708,1
1433,0.36842177,1
1432.87,0.2,1
1432.8,0.20938023,1
1432.64,0.03448179,1
1432.2,0.00240311,1
1432,0.01737081,1
1431.69,0.01198435,1
1431.66,0.03492449,1
1431,13.42847535,1
1430.89,6.26993451,1
1430.83,0.00349447,1
1430.73,0.03394246,1
1430.52,0.1,1
1430.2,2.996,1
1430.05,0.13686493,1
1430,29.26492562,1
1429.8,0.17892287,1
1429.63,0.31605851,1
1429.49,0.0713751,1
1429.39,0.06995991,1
1429.28,0.12593753,1
1429.19,0.00815496,1
1429.12,0.33980351,1
1429.11,0.07937036,1
1429,0.0174,1
1428.96,0.00347805,1
1428.79,0.25934767,1
1428.73,0.02449728,1
1428.71,0.05395776,1
1428.57,0.5,1
1428.14,0.00700211,1
1428.02,0.15,1
1428.01,0.035,1
1428,30.22145055,1
1427.79,4,1
1427.77,1.8501399,1
1427.5,0.25,1
1427.42,0.02826011,1
1427.22,0.004,1
1427.09,0.03482736,1
1427,1.03854239,1
1426.88,0.03,1
1426.7,3.84541249,1
1426.61,0.09100875,1
1426.29,0.295857,1
1426.26,1.73180205,1
1426.17,0.35397794,1
1426.11,0.00701206,1
1426,82.62836249,1
1425.76,0.0348586,1
1425.6,0.21054061,1
1425.45,0.1,1
1425.34,1,1
1425,66.94922894,1
1424.94,6.3763168,1
1424.83,0.7,1
1424.49,0.02814047,1
1424.47,0.70637135,1
1424.12,0.02741733,1
1424,0.03490168,1
1423.49,0.0043,1
1423.16,0.34978498,1
1423.07,0.14359834,1
1423,4.69441232,1
1422.53,0.069453,1
1422.22,1.17072604,1
1422.21,0.00405783,1
1422,10.3260397,1
1421.92,2,1
1421.78,3,1
1421.42,0.2,1
1421.11,0.00874393,1
1421.05,0.01207409,1
1421,13.3075897,1
1420.5,0.33581657,1
1420.29,0.0286856,1
1420,87.40568138,1
1419.93,0.07185565,1
1419.7,0.00173031,1
1419,0.33628313,1
1418.99,6.48461711,1
1418.88,0.0174,1
1418.82,0.09150843,1
1418.75,0.1895493,1
1418.32,0.14407926,1
1418.01,0.03,1
1418,0.31501826,1
1417.77,0.02243706,1
1417.59,0.06851064,1
1417.35,0.1394151,1
1417.34,0.00840401,1
1417.08,3.5283823,1
1417,1.22172049,1
1416.63,0.08869099,1
1416.5,0.00097393,1
1416.46,0.14426845,1
1416.34,0.01158616,1
1416.33,0.02261307,1
1416.05,0.07061897,1
1416,0.18838983,1
1415.7,0.0686021,1
1415.55,0.13826688,1
1415.41,0.69803095,1
1415,22.57808694,1
1414.93,0.05451441,1
1414.88,0.27198773,1
1414.85,0.03505502,1
1414.67,0.8,1
1414.23,0.00353549,1
1414.15,0.00104797,1
1414.14,1.38985045,1
1414,17.29029856,1
1413.75,0.00562475,1
1413.71,0.355,1
1413.2,0.0291175,1
1413.07,0.34997799,1
1413.04,6.59487282,1
1413,14.85325769,1
1412.91,0.01398532,1
1412.83,0.02837271,1
1412.51,0.14074864,1
1412.5,0.0020984,1
1412.4,0.00240311,1
1412.39,1,1
1412.15,0.13992847,1
1412.04,0.008,1
1412,10.87964645,1
1411.6,0.01611209,1
1411.42,0.0499,1
1411.39,0.06459655,1
1411.36,0.35787225,1
1411.16,0.07086368,1
1411,31.03265057,1
1410.96,0.07002324,1
1410.75,0.10522106,1
1410.48,0.01216457,1
1410.45,0.14009713,1
1410.43,0.07233964,1
1410.08,0.00354589,1
1410.02,1,1
1410,162.08247207,1
1409.66,0.02933588,1
1409.53,0.17523571,1
1409.15,0.21557108,1
1409.04,0.00354851,1
1409,4.4366743,1
1408.88,15.19567315,1
1408.28,0.00314968,1
1408.01,0.04,1
1408,0.06300453,1
1407.86,2.65301157,1
1407.74,0.0000185,1
1407.09,6.70712206,1
1407.07,0.03266955,1
1407,9.08813077,1
1406.45,0.00105371,1
1406.2,0.1,1
1406.15,3,1
1406.06,0.17646828,1
1406,27.03209459,1
1405.8,1.00240311,1
1405.62,0.01130818,1
1405.52,2,1
1405.5,0.25,1
1405.44,0.03557604,1
1405.1,1.5,1
1405.01,0.10665404,1
1405,61.83318033,1
1404.85,0.0473962,1
1404.7,0.63058304,1
1404.09,0.01729233,1
1404,33.45735622,1
1403.68,0.17703465,1
1403.49,0.1425019,1
1403.33,0.4,1
1403,1.49442114,1
1402.78,1.06303112,1
1402.69,0.4,1
1402.5,0.25,1
1402.42,0.071,1
1402.28,0.28524973,1
1402.22,0.38408709,1
1402,6.35977856,1
1401.91,0.03566562,1
1401.85,0.00704782,1
1401.8,0.06928235,1
1401.77,5,1
1401.57,0.05788607,1
1401.33,0.14100889,1
1401.27,0.02860678,1
1401.24,0.15,1
1401.19,0.1396839,1
1401.14,6.8214038,1
1401.13,10,1
1401.1,1.76290057,1
1401.04,0.02141266,1
1401,48.39799514,1
1400.9,0.06933043,1
1400.85,0.01269514,1
1400.57,0.0142799,1
1400.3,0.56094381,1
1400.21,10,1
1400.14,0.25,1
1400.07,0.5,1
1400.05,2.00415699,1
1400.03,0.02263178,1
1400,1046.07283122,1
1399.9,1.52,1
1399.87,3.05278347,1
1399.69,0.10002213,1
1399.41,0.0058539,1
1399.2,0.00240311,1
1399.12,0.0300009,1
1399.1,2,1
1399.09,0.70938967,1
1399,40.65758573,1
1398.98,0.21358418,1
1398.88,0.3729412,1
1398.86,6.67734516,1
1398.71,0.01805413,1
1398.57,0.63988866,1
1398.56,1.96189236,1
1398.23,0.00585884,1
1398.15,0.02290711,1
1398.02,0.07152973,1
1398.01,0.05,1
1398,3.251,1
1397.95,0.07011729,1
1397.62,0.00357751,1
1397,0.23390121,1
1396.87,0.21218867,1
1396.09,0.1232816,1
1396,1.79600823,1
1395.78,0.25075584,1
1395.77,0.13215615,1
1395.62,4.69731732,1
1395.52,0.1,1
1395.51,0.12333284,1
1395.41,0.0021499,1
1395.25,0.21243504,1
1395.19,6.93775786,1
1395,9.97440214,1
1394.4,0.2,1
1394.24,0.00626197,1
1394.14,1.0001,1
1394,0.83250708,1
1393.48,0.06948359,1
1393.09,0.404578,1
1393,0.08082245,1
1392.88,1.07093216,1
1392.8,0.0358989,1
1392.77,0.0107699,1
1392.74,2.09209902,1
1392.72,0.07180194,1
1392.6,0.00240311,1
1392.55,0.35905353,1
1392,0.75163433,1
1391.91,50,1
1391.64,0.07331637,1
1391.22,0.07187935,1
1391.13,2.84376801,1
1391.04,6.9961899,1
1391,12.15614948,1
1390.35,0.34928255,1
1390.23,0.12,1
1390.2,0.00873974,1
1390,106.59669601,1
1389.99,0.00385251,1
1389.8,0.02884287,1
1389.77,0.12384223,1
1389.37,0.14395013,1
1389.24,7.0562249,1
1389.17,0.02810712,1
1389,3.2898668,1
1388.94,0.09045914,1
1388.93,0.07115,1
1388.88,7.43136916,1
1388.73,0.34969,1
1388.68,0.00288,1
1388.19,2,1
1388,2.92536022,1
1387.74,0.355,1
1387.69,1.07985212,1
1387.5,0.21535381,1
1387.45,0.27059713,1
1387.23,0.00356105,1
1387.12,0.28836726,1
1387,10.66478274,1
1386.99,0.01783726,1
1386.98,0.141115,1
1386.79,0.18027242,1
1386.69,0.36593406,1
1386.4,0.07212925,1
1386.19,0.18035045,1
1386.14,0.0063321,1
1386,66.75933924,1
1385.99,0.01785013,1
1385.79,0.07008637,1
1385.2,0.00045481,1
1385.05,0.36099779,1
1385.01,1.00142902,1
1385,87.09988814,1
1384.7,0.90406766,1
1384.6,0.10703452,1
1384.43,0.01185322,1
1384.39,0.10078826,1
1384.31,0.03611907,1
1384.23,0.03590443,1
1384.11,0.0713816,1
1384,2.63604408,1
1383.95,0.42926233,1
1383.81,0.00356985,1
1383.75,0.08520492,1
1383.48,0.07562168,1
1383.43,0.23801711,1
1383.29,7.17684647,1
1383.26,0.77111822,1
1383.07,0.006413,1
1383,1.69928415,1
1382.8,0.02610646,1
1382.33,0.07381016,1
1382.25,0.36172906,1
1382,7.81397792,1
1381.83,0.12455382,1
1381.8,5.40537619,1
1381.72,0.00094087,1
1381.24,0.05,1
1381.01,0.00362053,1
1381,3,1
1380.96,0.12463229,1
1380.81,0.12464583,1
1380.72,0.17997856,1
1380.31,0.05588171,1
1380.21,0.02320486,1
1380,65.59184058,1
1379.4,0.00240311,1
1379,1.2,1
1378.92,4,1
1378.43,0.02908078,1
1378.2,0.0072123,1
1378.07,0.07202101,1
1378.01,0.04,1
1378,9.0409131,1
1377.88,0.1478883,1
1377.77,0.18145263,1
1377.7,0.02914445,1
1377.34,7.29966501,1
1377.14,0.06620309,1
1377,12.76765525,1
1376.64,0.14440957,1
1376,0.07536326,1
1375.94,0.01652967,1
1375.32,0.70619928,1
1375.11,0.5,1
1375,65.50713199,1
1374.81,0.45485789,1
1374.8,9.43931262,1
1374.66,0.09152808,1
1374,1.00180378,1
1373.88,0.01156943,1
1373.73,0.02120504,1
1373.52,0.14720529,1
1373.09,0.07430685,1
1373,1,1
1372.91,0.15263614,1
1372.87,0.0334834,1
1372.8,0.00240311,1
1372.14,0.00215635,1
1372,0.72595326,1
1371.51,1,1
1371.39,7.42472389,1
1371.23,0.69,1
1371.15,0.00721003,1
1371,12.63856081,1
1370.88,0.0036254,1
1370.5,0.05,1
1370.49,0.04858448,1
1370,59.01605587,1
1369.79,0.03190831,1
1369.42,0.9712433,1
1369.11,7.29488499,1
1369,6.71940462,1
1368.8,0.16876095,1
1368.47,0.01305472,1
1368.04,0.00095758,1
1368,29.77827625,1
1367.71,0.22210263,1
1367.19,0.00314968,1
1367.15,0.02932072,1
1367,1,1
1366.6,0.14459241,1
1366.4,0.01610072,1
1366.37,0.00805053,1
1366.2,0.72675105,1
1366.11,0.00805207,1
1365.85,0.080536,1
1365.68,0.48138297,1
1365.54,0.00805543,1
1365.44,7.55206742,1
1365.31,0.01611356,1
1365.2,0.00805743,1
1365.08,0.0000185,1
1365,8.01999113,1
1364.74,0.1423348,1
1364.72,0.00806027,1
1364.41,0.00366458,1
1364.32,0.00806263,1
1364.26,0.01612596,1
1364.12,0.03225524,1
1364.11,0.00806387,1
1364,2.20164389,1
1363.91,0.07480698,1
1363,0.76111518,1
1362.5,0.02350648,1
1362.45,0.00108774,1
1362.26,0.355,1
1362.22,0.004,1
1362.1,0.0073,1
1362,4.97004405,1
1361.84,0.01468601,1
1361.79,0.09226262,1
1361.63,0.07132995,1
1361,0.93034533,1
1360.52,0.1,1
1360.29,0.00046314,1
1360,67.96832765,1
1359.96,0.07264919,1
1359.6,0.00240311,1
1359.58,0.07637842,1
1359.49,7.6817409,1
1359.15,0.5,1
1359,1.15124505,1
1358.99,0.14402143,1
1358.88,36.81447252,1
1358.85,3.85,1
1358.78,0.06205566,1
1358.73,0.29365657,1
1358.19,0.05675936,1
1358,4.3,1
1357.91,0.29457033,1
1357.9,1.8447161,1
1357.58,0.04470455,1
1357,2.69862453,1
1356.54,0.50885635,1
1356.25,0.24350703,1
1356,29.3636318,1
1355.97,0.02956247,1
1355.55,0.64981623,1
1355.33,1.8372417,1
1355.25,2,1
1355.09,0.028814,1
1355,7.88669621,1
1354.79,0.07531056,1
1354.69,0.03668736,1
1354.6,0.03585006,1
1354.36,0.00096726,1
1354,0.00003648,1
1353.54,7.81379058,1
1353.24,0.01212641,1
1353.14,0.1,1
1353,0.00240311,1
1352.53,0.07338099,1
1352,21.03303439,1
1351.01,0.01839364,1
1351,13.13082909,1
1350.64,0.0918546,1
1350.5,0.02360811,1
1350.44,1.1047912,1
1350.43,7.36802351,1
1350.1,0.0152287,1
1350,390.65046934,1
1349,2.8,1
1348.84,0.00368464,1
1348,5.77798002,1
1347.99,0.47092263,1
1347.8,0.00370974,1
1347.59,7.94936204,1
1347.4,0.53729732,1
1347,0.04034149,1
1346.82,0.07211431,1
1346.79,1,1
1346.54,0.05728317,1
1346.4,0.00240311,1
1346,1.00201991,1
1345.98,1.5,1
1345.73,0.07581758,1
1345.21,0.14549675,1
1345,22.01434898,1
1344.78,0.05344451,1
1344.56,0.02217825,1
1344.53,0.25,1
1344.51,1.45607903,1
1343.92,0.03698136,1
1343.73,0.06784914,1
1343.65,0.08245637,1
1342.86,0.01183668,1
1342.47,17.80866502,1
1342.46,0.54749936,1
1342.34,0.0088647,1
1342.18,0.14040604,1
1342,14.90312965,1
1341.9,0.2,1
1341.65,8.08520879,1
1341.63,0.0742762,1
1341.45,0.02222967,1
1341.19,0.01695795,1
1341,10.00147352,1
1340.72,0.03283301,1
1340.25,15,1
1340.16,0.00197542,1
1340,21.03913424,1
1339.8,0.00240311,1
1339.79,0.12697842,1
1339.52,0.00596535,1
1339.5,0.03431754,1
1339.39,0.00371064,1
1339.34,0.00162288,1
1339.12,1,1
1339,2.75793875,1
1338.75,0.74136321,1
1338.27,0.5667257,1
1338.26,1,1
1338,0.12100015,1
1337.82,1.49496942,1
1337.62,0.00371555,1
1337.49,0.01849741,1
1337.45,0.1495383,1
1337.24,0.355,1
1337,17.06957576,1
1336.98,0.0498022,1
1336.73,0.07632805,1
1336.63,0.05,1
1336.5,13.43906879,1
1335.7,8.22467503,1
1335.17,0.09410211,1
1335.14,0.00369998,1
1335,12.34440152,1
1334.25,0.00111675,1
1333.88,0.3,1
1333.68,0.03001898,1
1333.66,0.75,1
1333.44,0.02385604,1
1333.31,0.37500656,1
1333.2,0.00240311,1
1333,41.8528432,1
1332.51,0.01491921,1
1332,0.07481231,1
1331.57,0.14698716,1
1331.3,0.06742994,1
1331.2,0.003756,1
1331,12.71,1
1330.48,0.25,1
1330.11,1,1
1330,560.87696752,1
1329.75,8.366713,1
1329.54,0.00111467,1
1329.13,0.59716184,1
1329.12,0.04048248,1
1329,3,1
1328.93,0.01,1
1328,0.63808432,1
1327.8,0.07684139,1
1327.76,2.36186931,1
1327.14,1.51037653,1
1327,5.31360964,1
1326.7,4.51119318,1
1326.6,0.00240311,1
1326.26,0.22904407,1
1326.1,0.00314968,1
1326,0.74509803,1
1325.52,0.1,1
1325.3,0.01490983,1
1325.01,2.25060156,1
1325,47.3852381,1
1324.8,1,1
1324.68,0.00513237,1
1324.29,0.15011817,1
1324.24,0.05821452,1
1323.8,8.5113743,1
1323.67,0.00917902,1
1323,1.8610039,1
1322.75,0.01240593,1
1322.67,0.03026886,1
1322.42,0.0000185,1
1322.26,0.41112942,1
1322,3.91891688,1
1321.84,0.0295388,1
1321,10.85220286,1
1320.91,0.00112802,1
1320.44,0.08331617,1
1320,14.86318886,1
1319.03,0.00736336,1
1319,0.1,1
1318.92,0.07735874,1
1318.88,0.01884174,1
1318.87,0.02491593,1
1318.35,0.09372266,1
1318.07,0.14849264,1
1318,0.03684559,1
1317.85,8.65871169,1
1317.19,0.09451825,1
1317,2.43544287,1
1316.74,0.38363877,1
1316.67,1,1
1316.19,0.113,1
1316,102.02665055,1
1315.96,0.37717824,1
1315.57,0.12676131,1
1315.55,2.5,1
1315,46.50003756,1
1314.7,0.07629771,1
1314.59,0.00380346,1
1314,0.03782343,1
1313.9,0.00380546,1
1313.6,0.05871961,1
1313.4,0.00240311,1
1313.18,1.61931464,1
1313.14,10,1
1313.13,0.503762,1
1313.1,6,1
1313.08,2.48252917,1
1313,13.25121721,1
1312.71,0.04223179,1
1312.69,0.355,1
1312.64,1.31136682,1
1312.53,0.0121102,1
1312,0.26374047,1
1311.9,8.80877911,1
1311.75,0.03052084,1
1311.7,3.96544815,1
1311.25,5,1
1311.12,0.06953667,1
1311,10.72497025,1
1310.86,0.56527775,1
1310.78,0.04229397,1
1310.61,0.656699,1
1310.54,0.97399691,1
1310.1,0.07787955,1
1310,29.31229521,1
1309.89,0.68245359,1
1309.75,1.31426038,1
1309.15,0.02277813,1
1309.07,0.0959783,1
1308.64,0.04236313,1
1308.4,0.06040966,1
1308.31,0.00113889,1
1308,0.94546253,1
1307.35,0.00113359,1
1307.34,0.00166261,1
1307.31,0.01739743,1
1307,12.50468783,1
1306.94,0.0351725,1
1306.8,0.00240311,1
1306.06,0.18997978,1
1306,54.96217457,1
1305.96,20,1
1305.95,8.96163171,1
1305.89,19.14306451,1
1305.86,0.06760827,1
1305.4,6.12471273,1
1305,5.74215125,1
1304.77,0.03809862,1
1304.7,1.14774368,1
1304.29,0.05105042,1
1304,0.08899079,1
1303.55,0.61370871,1
1303.42,0.031,1
1303,3.63353798,1
1302.82,0.01518984,1
1302,6.47635944,1
1301.92,0.6610823,1
1301.6,0.0076,1
1301.34,0.07840379,1
1301.01,1.0452066,1
1301,12.44329438,1
1300.92,0.03077493,1
1300.91,0.30747707,1
1300.85,0.01219762,1
1300.3,0.37991232,1
1300.2,0.00240311,1
1300.03,0.02310394,1
1300.01,0.76614795,1
1300,692.84477886,1
1299.99,0.04264501,1
1299.41,0.00580772,1
1299,2.25941722,1
1298.14,0.00102455,1
1298,3.68,1
1297.98,0.00385213,1
1297.71,6.524,1
1297,2.64643011,1
1296.64,0.30848963,1
1296,1.54320987,1
1295.36,0.00115799,1
1295.1,0.0424235,1
1295,3.16073466,1
1294,0.76661514,1
1293.75,0.30754036,1
1293.74,0.5,1
1293.6,0.00240311,1
1293.3,0.12,1
1292.95,0.01269187,1
1292.64,0.07893148,1
1292.32,0.38690107,1
1292.2,0.2,1
1292,1.42372469,1
1291.95,0.3096095,1
1291.47,0.15155109,1
1291.45,0.00114754,1
1291.2,0.54894,1
1291.13,1.8,1
1291,11.92486277,1
1290.52,0.1,1
1290.18,0.03103109,1
1290,12.51230961,1
1289.95,0.00385286,1
1289.4,0.03028197,1
1289,4.48403192,1
1288.88,0.2,1
1288.69,0.00396727,1
1288.68,0.02458245,1
1288.58,0.355,1
1288.4,2,1
1288,15.88054523,1
1287.99,0.0192083,1
1287.88,0.07541075,1
1287.74,0.07684813,1
1287.35,0.0011512,1
1287.23,0.00307015,1
1287,2.69403412,1
1286.85,10,1
1286.43,0.03865266,1
1286.01,0.00153903,1
1286,0.06436265,1
1285.29,0.0010348,1
1285.02,0.00314968,1
1285,3.408367,1
1284.05,0.0431744,1
1284,0.17734422,1
1283.48,0.09789192,1
1283.08,0.03784838,1
1283,6.366,1
1282.9,0.0123899,1
1282.41,0.00116969,1
1282.22,0.04323602,1
1282.21,0.04323636,1
1282.2,0.0432367,1
1282,4.8891363,1
1281.8,7.21134355,1
1281.46,0.06019234,1
1281,10.38298501,1
1280.82,0.04328328,1
1280.4,0.00240311,1
1280.12,0.04330695,1
1280,59.16455609,1
1279.76,0.0000185,1
1279.69,2.07081402,1
1279.53,0.03128939,1
1279.31,0.0712657,1
1279,1.03,1
1278.78,1.08603512,1
1278.77,0.00223865,1
1278.37,0.1531041,1
1278.33,1,1
1278.2,0.043372,1
1278,0.12369326,1
1277.97,5,1
1277.77,0.09632405,1
1277.7,0.02319792,1
1277.56,0.00797323,1
1277,21.18822503,1
1275.62,0.01979625,1
1275.41,0.0799978,1
1275.17,0.0360488,1
1275.01,1.55606622,1
1275,108.37584977,1
1274.25,0.19383951,1
1274.24,0.19384103,1
1274.01,2.692116,1
1274,1.01986697,1
1273.87,9.2317081,1
1273.8,0.00240311,1
1273.37,0.04563421,1
1273.26,0.04354028,1
1273.01,3,1
1273,21.178,1
1272.81,0.09059792,1
1272.72,1,1
1272.69,0.00032802,1
1272.44,0.0010531,1
1272.4,0.05232989,1
1272,0.13985071,1
1271,12.2820771,1
1270.95,0.03653644,1
1270.47,0.0312955,1
1270,4.69678176,1
1269.69,5.99786561,1
1269.53,0.0436682,1
1269.01,0.0066,1
1269,1.72076438,1
1268.97,0.03154976,1
1268.75,0.03917241,1
1268.19,0.01950819,1
1268,3.5610548,1
1267.33,0.00197542,1
1267.2,0.25230314,1
1267,24,1
1266.88,0.08053643,1
1266,30,1
1265.41,0.15467215,1
1265.01,0.28,1
1265,0.85164006,1
1264.92,0.355,1
1264.7,0.66791537,1
1264.23,0.1005124,1
1264,0.3916,1
1263.82,0.0129844,1
1263.61,0.39332542,1
1263,0.46589865,1
1262.52,0.00000394,1
1262.5,0.34380299,1
1262.43,0.05622325,1
1262,36.04681837,1
1261,10.01576526,1
1260.6,0.00240311,1
1260.54,0.04118601,1
1260.32,0.0096404,1
1260.3,10,1
1260.15,0.0879865,1
1260.07,0.04399604,1
1260,62.65658823,1
1259.79,0.00001,1
1259.61,2,1
1259,1.39552238,1
1258.58,0.4,1
1258.5,0.03181223,1
1258.41,0.0810785,1
1258.39,0.0998437,1
1258.33,0.02383768,1
1258,1.23467465,1
1257.77,0.03104349,1
1257,1,1
1256.89,1,1
1256.08,10,1
1256,31.38115258,1
1255.63,14.63878101,1
1255.52,0.1,1
1255.5,0.15,1
1255.42,0.109,1
1255.36,1,1
1255,129.50353219,1
1254.73,4,1
1254.66,0.5,1
1254.15,0.04012577,1
1254,0.15997886,1
1253.93,0.01267615,1
1253,30,1
1252.58,0.15625644,1
1252.24,0.01984443,1
1252.1,0.20045124,1
1252,4.3184265,1
1251.66,0.07893517,1
1251,11.79844155,1
1250.95,0.03711558,1
1250.75,1,1
1250.6,2,1
1250.11,0.06170183,1
1250,491.84855637,1
1249.73,0.0473803,1
1249,1.601,1
1248.81,0.00107303,1
1248.27,0.07303782,1
1248.11,0.03207707,1
1248.1,0.008,1
1248,0.12480549,1
1247.4,0.00240311,1
1247.16,0.5,1
1245.94,0.00108353,1
1245.9,0.5,1
1245.86,0.00012009,1
1245,1.43235195,1
1244.85,0.33097684,1
1244.18,0.0369467,1
1244,0.02,1
1243.94,0.00314968,1
1243.63,0.11916727,1
1243,1.20184391,1
1242.5,0.3,1
1242.07,2.50815358,1
1242,0.20058373,1
1241.69,0.355,1
1241.41,1,1
1241.28,0.05364184,1
1241,11.62620398,1
1240.8,0.00240311,1
1240.47,0.09573185,1
1240.07,0.04,1
1240,10.82889214,1
1239.88,0.15785696,1
1239.44,0.02004937,1
1239,0.04005454,1
1238,4.04014539,1
1237.88,0.37240444,1
1237.81,0.03234399,1
1237.5,1.39944021,1
1237.1,0.0000185,1
1236.88,1,1
1236.45,0.00109184,1
1236,0.41259303,1
1235.14,0.00399954,1
1235,2.69978792,1
1234.56,11.11410142,1
1234.45,0.3,1
1234.2,0.00240311,1
1234,1.01537277,1
1233.8,0.10183362,1
1233.6,0.00109437,1
1233.59,0.29813795,1
1233.41,1,1
1233,1.40178755,1
1232.7,1.9726165,1
1232,1.04780518,1
1231.25,0.38318365,1
1231,10,1
1230,3.3083864,1
1229.95,0.12122444,1
1229.87,0.04041077,1
1229.52,0.001098,1
1229,1.6273393,1
1228.16,1.24241,1
1228,6.3796938,1
1227.84,4,1
1227.78,0.60597175,1
1227.6,0.00240311,1
1227.47,0.00809795,1
1227.31,0.15947372,1
1227,25.22708309,1
1226.9,0.03182457,1
1226.31,4.05280883,1
1226,15.43021533,1
1225.61,0.01296906,1
1225,33.39816434,1
1224.79,0.00081605,1
1224.43,0.04935782,1
1224.14,0.00110282,1
1224.09,0.00110287,1
1224,0.83236315,1
1223,0.9,1
1222.22,10,1
1222,10.5987009,1
1221.26,0.00111361,1
1221,10.24662915,1
1220.52,0.1,1
1220.29,40,1
1220.13,0.04048748,1
1220,89.82198032,1
1219.9,0.00125422,1
1219.52,0.06324954,1
1218.88,0.37538756,1
1218,2.4614532,1
1217.98,0.07485421,1
1217.84,0.0012169,1
1217.78,2.44379116,1
1217.35,0.00110897,1
1217.32,0.0818612,1
1217.24,0.05983222,1
1217,0.2,1
1216,0.65625,1
1215,30.55424062,1
1214.86,0.16933942,1
1214.4,0.00240311,1
1214,0.08000411,1
1213.93,0.03786738,1
1213.14,0.12216232,1
1213,0.5,1
1212.53,0.96647,1
1212.12,0.0040755,1
1212.02,0.0011221,1
1212,10.3865759,1
1211.14,0.45987908,1
1211,23.97459619,1
1210.93,0.05498629,1
1210.28,0.05051801,1
1210,217.89850918,1
1209,4.92307692,1
1208.88,0.08,1
1208,0.51653973,1
1207.82,0.00127504,1
1207.8,0.00240311,1
1207.77,0.02787476,1
1207.67,0.04276231,1
1206.89,21.93279119,1
1206,26.58043117,1
1205.18,0.00113677,1
1205,4.67391236,1
1204,17.85382059,1
1202.85,0.579051,1
1202.7,1.65710484,1
1202.55,0.06377846,1
1202.54,0.16275857,1
1202.42,0.165,1
1202.37,0.6773683,1
1202,1.00030211,1
1201.2,0.00240311,1
1201.01,4.16316267,1
1201,23.80693612,1
1200.13,0.19073703,1
1200.01,0.82999308,1
1200,991.84586319,1
1199.99,0.1,1
1199.9,0.00114177,1
1199.8,0.06627771,1
1199.63,0.19081653,1
1199.5,0.21861609,1
1199.13,0.1,1
1199.08,0.01235782,1
1199,4.90052751,1
1198.99,0.41201344,1
1198.01,0.33400388,1
1197.94,0.01326862,1
1197.77,0.02730469,1
1197,0.14857142,1
1196.8,0.03262498,1
1196.5,0.355,1
1196,1.35885495,1
1195.74,0.00128792,1
1195,2.43828451,1
1194.7,0.19160395,1
1194.6,0.00240311,1
1194.5,0.00197542,1
1194.44,0.0000185,1
1194,0.5,1
1193.77,0.08313996,1
1192.93,20,1
1192.8,0.3,1
1192,5,1
1191,1.39942149,1
1190.97,0.41546141,1
1190.74,0.01268858,1
1190.34,0.16442671,1
1190,0.06279791,1
1189.68,0.06483599,1
1189.13,0.49006416,1
1189.11,0.54869608,1
1188.91,0.04702,1
1188.42,0.07671608,1
1188,25.93220625,1
1187.88,0.19270401,1
1187.19,0.017,1
1187.12,0.19282738,1
1187.01,1.00210123,1
1186.99,0.1928485,1
1186,1.72316698,1
1185.03,0.01670175,1
1185,51.39038606,1
1184.43,0.03881052,1
1184,4.40491943,1
1183.52,12.5980127,1
1183.2,0.0084,1
1182.87,0.15965962,1
1181.4,0.00240311,1
1181.32,0.05636453,1
1181,12.93772104,1
1180,129.02852066,1
1179.77,0.01110997,1
1179.53,0.0008427,1
1179,1.09472364,1
1178.78,0.29454181,1
1178.27,0.16611107,1
1177.77,1,1
1177.7,0.04118656,1
1177.11,0.01113507,1
1177,2.538,1
1175,123.43016443,1
1174.8,0.00240311,1
1174.53,0.355,1
1173.3,0.17524371,1
1171,16,1
1170.88,0.01357527,1
1170.4,1.5,1
1170,37.28160826,1
1169.97,1.77408342,1
1169,29.22596096,1
1168.92,0.29582862,1
1168.9,0.10721858,1
1168.2,0.00240311,1
1167.99,0.02847872,1
1167.85,0.76901741,1
1167.52,0.73718332,1
1167.5,0.79773862,1
1167.43,0.03344575,1
1167,1.61748586,1
1166.32,0.16781303,1
1166.03,0.21182988,1
1165.94,0.08022183,1
1165.13,0.25439221,1
1165,1.26661029,1
1164.6,0.29692598,1
1162,5.36028692,1
1161.76,0.00314968,1
1161.6,0.00240311,1
1161,0.02124371,1
1160.58,0.06646167,1
1160,15.59315472,1
1159.59,0.07862341,1
1159.53,0.139,1
1159.27,0.0428718,1
1159,2.98878343,1
1158.85,2.16,1
1157.8,0.39463305,1
1157.67,0.74345562,1
1157.66,0.0200377,1
1157.4,3,1
1157.3,0.04370061,1
1157,0.04295592,1
1156,20,1
1155.64,0.0397774,1
1155.56,0.0001,1
1155.55,0.2184963,1
1155.02,2.59,1
1155,6.33400484,1
1154.58,0.00061986,1
1154.49,0.1695326,1
1154,1.96915077,1
1152.96,0.355,1
1152.44,0.05777702,1
1152,0.1396493,1
1151.79,0.0000185,1
1151.36,0.39622385,1
1151.09,0.5,1
1151.02,0.26630791,1
1151,9.68945481,1
1150.4,0.10827899,1
1150,310.70045012,1
1149.45,3.58127973,1
1148.4,0.00240311,1
1148.12,0.43026861,1
1148,6.29682055,1
1147.43,0.00129158,1
1147.18,0.26719933,1
1147,0.02153443,1
1146.79,10.00292119,1
1145.67,0.2675515,1
1144.44,0.0138889,1
1144,0.15739668,1
1143.79,0.5,1
1143.13,0.3,1
1143,0.62965879,1
1142.51,0.61205269,1
1141.85,0.04352585,1
1141.8,0.00240311,1
1140.55,1,1
1140,0.65009643,1
1139.99,0.00875439,1
1139.66,0.04433341,1
1139.38,0.00137631,1
1138.79,0.03428689,1
1138.09,1.04174538,1
1137.5,0.48925348,1
1136.9,0.29534976,1
1136.67,3,1
1135.2,0.00240311,1
1135,3.07577091,1
1133.97,0.5,1
1133,23.3,1
1132.47,0.03,1
1132.18,0.06812881,1
1132,0.02182851,1
1131.99,0.00087809,1
1131.78,0.355,1
1131.74,0.26348808,1
1131.45,0.08057884,1
1130,4.88810259,1
1129.99,0.83861361,1
1128.6,0.00240311,1
1128,0.44757801,1
1127.55,0.04076835,1
1126.88,1.70320241,1
1126,3,1
1125.75,0.08829669,1
1125.51,0.04415775,1
1125,11.45329466,1
1124.26,0.05922522,1
1124,101.24393823,1
1123,3.511,1
1122,6.33825882,1
1121.12,0.35678607,1
1121.04,0.02443031,1
1121,1.36799732,1
1120.68,0.00314968,1
1120.5,1,1
1120.01,0.13312381,1
1120,17.19477686,1
1119,35,1
1118.88,0.0222097,1
1118.6,0.01420973,1
1118.26,0.04444404,1
1118,0.25,1
1117,5.2,1
1116,1.25,1
1115.4,0.00240311,1
1115,15.0486547,1
1114.77,0.0012469,1
1114,0.92,1
1113.5,0.22272114,1
1113,3.5507637,1
1112,10,1
1111.77,0.03336078,1
1111.71,1,1
1111.44,0.86,1
1111.22,22,1
1111.11,1.6899568,1
1111,61.69977659,1
1110.9,0.00141328,1
1110.85,0.03514927,1
1110.01,1,1
1110,25.65821379,1
1109.99,0.53503797,1
1109.13,0.0000185,1
1109,10,1
1108.87,0.83991796,1
1108.8,0.00240311,1
1107,6.022,1
1106.65,0.27108842,1
1106,21,1
1105.8,0.12185444,1
1105.29,0.179,1
1105,16.07741449,1
1104.48,0.06983746,1
1103.99,0.08258311,1
1103.73,0.00126844,1
1103,0.22393472,1
1102.28,2.70254288,1
1102.2,0.00240311,1
1102,7.33526802,1
1101.99,5,1
1101.51,1.7634883,1
1101,7.35644868,1
1100.99,0.01720269,1
1100.62,1.02808236,1
1100.14,0.04178409,1
1100.02,0.08450653,1
1100.01,0.90544631,1
1100,553.85302584,1
1099.9,0.00142741,1
1099.68,0.0014277,1
1099.35,0.4548142,1
1099,16.68247356,1
1097.87,0.00460843,1
1097.18,0.00480158,1
1097,1,1
1096.76,0.06071023,1
1096.21,0.45064358,1
1096,0.9191555,1
1095.6,0.00240311,1
1095,4.83494614,1
1094,5.2390882,1
1093.81,0.90326473,1
1093.43,0.3,1
1093.34,0.01453803,1
1092.73,0.04548241,1
1092.69,0.00128125,1
1092,0.01749599,1
1091,2.67772685,1
1090,2.72682524,1
1089,2.77455152,1
1088.9,0.00144185,1
1088.88,2.2,1
1088.79,0.00144198,1
1088.68,1.00433552,1
1088.55,0.09149676,1
1088.01,0.0018191,1
1088,23.43395286,1
1087.16,0.5,1
1087,0.1,1
1086,4.37365323,1
1085,164.36559405,1
1083.59,0.03603353,1
1083,0.8968144,1
1082.4,0.00240311,1
1082.07,5,1
1082,0.17638813,1
1081.7,0.45668854,1
1080,37.63162295,1
1079.69,1.1103187,1
1079.6,0.00314968,1
1078,0.26852801,1
1077.9,0.00147511,1
1077.46,0.07158881,1
1077.2,0.08463695,1
1077,0.92178087,1
1076,0.04618959,1
1075.8,0.00240311,1
1075.03,0.23138935,1
1075,30.15563255,1
1074.69,0.4,1
1074.47,0.09269686,1
1073.57,0.4629414,1
1073.4,0.042825,1
1073,0.92078285,1
1072.44,0.00092685,1
1072.27,0.3,1
1072,0.09651628,1
1071.62,0.00025,1
1071.32,0.37103816,1
1071,0.00928104,1
1070.1,0.78,1
1070.08,0.02381597,1
1070,6.50003693,1
1069.95,0.06223146,1
1069.67,0.11349294,1
1069.2,0.00240311,1
1069,10.5,1
1068.65,0.01487391,1
1066.47,0.0000185,1
1066,3,1
1065.94,0.00466255,1
1065,0.23392018,1
1064.53,0.06536217,1
1064.25,0.50026501,1
1063.88,0.5,1
1062.61,0.00467716,1
1062.6,0.00240311,1
1062,8.47028625,1
1061.58,0.13221123,1
1061,1.02617907,1
1060.9,0.04684701,1
1060.8,0.1644679,1
1060.4,3,1
1060,44.14600038,1
1059,0.03,1
1058.23,3.85,1
1058,7,1
1057,0.03693999,1
1056,15.00240311,1
1055.98,0.72083751,1
1055,2.75600073,1
1053.27,0.3,1
1053,0.2345679,1
1052.8,0.00151027,1
1051.1,0.35537444,1
1051.07,0.08674106,1
1051,189.17502382,1
1050.02,0.07993501,1
1050,293.15749267,1
1049.4,0.00240311,1
1049,14.13122554,1
1048,1,1
1047.31,0.04389183,1
1047,0.92765042,1
1045,6,1
1044.52,0.01521752,1
1044,0.08764367,1
1043.78,0.06379175,1
1043.03,0.00952993,1
1042.8,0.00240311,1
1042.38,0.00153496,1
1042,20,1
1041,0.09548511,1
1040,2.03492385,1
1039.5,3.8080006,1
1039,11.52069297,1
1038.51,0.00314968,1
1038,0.00478805,1
1037,4.40080857,1
1036.2,0.00240311,1
1035,0.06648714,1
1033.33,10,1
1033.22,0.09562339,1
1033,7.51948305,1
1031.96,0.00155046,1
1031.3,78,1
1031.07,0.03786898,1
1030.22,1,1
1030,1.03009649,1
1029.8,0.33121826,1
1029.6,0.00240311,1
1029,2.27940179,1
1028.9,11.42967829,1
1028,1.61897081,1
1027.85,0.04835335,1
1027,0.96981499,1
1026.31,0.04842591,1
1026.14,0.04591537,1
1025.56,0.08889868,1
1025.38,0.07522487,1
1025,23.93553911,1
1024.91,4.6857484,1
1024.18,30,1
1024,2,1
1023.81,0.0000185,1
1023,0.00240311,1
1022.22,9.10186132,1
1022.07,3.55442973,1
1022,2.44172893,1
1021.85,0.04498542,1
1020.94,0.01556899,1
1020,75.70858141,1
1019,0.19396407,1
1018.63,0.02927461,1
1018.26,0.06539052,1
1018,0.02938212,1
1017.72,3.00006751,1
1017,6.61465092,1
1016.92,6,1
1016.4,0.00240311,1
1015.3,0.0099915,1
1015,1,1
1014,0.68984615,1
1013.47,0.04791459,1
1013.19,85,1
1012.9,0.011,1
1012.3,0.25,1
1012,0.24617094,1
1011,1.25013007,1
1010,47.193795,1
1009.99,0.57045337,1
1009.8,0.00240311,1
1009.78,0.07367941,1
1009.74,1,1
1009,8.00480673,1
1008.18,10,1
1008,3.65836666,1
1007,0.40496524,1
1006,0.00497017,1
1005.77,0.03882157,1
1005,71.17820169,1
1004.57,0.1,1
1004,0.00498007,1
1003.69,1.19439269,1
1003.2,0.00240311,1
1003,0.07393818,1
1002.61,0.01307308,1
1002,0.06451096,1
1001.77,0.01308405,1
1001.13,10,1
1001,107.23182372,1
1000.69,1.09814228,1
1000.68,0.09110897,1
1000.29,0.07711172,1
1000,908.86333096,1
999.99,6.00705207,1
999.97,1.55576679,1
999.9,0.00000047,1
999.75,1,1
999.25,0.0124087,1
999,17.94137803,1
998.17,1,1
998,8.21501484,1
997.88,0.01592878,1
997.42,0.00314968,1
997.02,0.04610575,1
997,0.29909729,1
996.6,0.00240311,1
996,0.02579116,1
995.99,0.001,1
995.25,0.00499372,1
994.35,1,1
993.95,0.05123582,1
993.36,0.06702963,1
993,30.02599657,1
992.06,1,1
992,0.5,1
991.56,0.02,1
990.11,0.39914756,1
990,11.50241301,1
989.85,25,1
989.01,0.0020012,1
989,13.01516683,1
988,5.00455465,1
987.82,0.01006256,1
987,2.1157244,1
985.85,0.20287061,1
985.23,3.85,1
985,14.65028691,1
984,0.02511166,1
981.76,1.0124674,1
981.15,0.0000185,1
981.09,0.03979815,1
980.61,0.27309142,1
980,50.01772334,1
979.08,0.25227764,1
979.03,1.01692491,1
979,0.12345678,1
978.78,1.62161057,1
978,1.96993865,1
977.77,0.20331979,1
977,0.12965076,1
976.4,0.09337457,1
975.82,0.0790454,1
975.5,2,1
975.35,0.01629672,1
975,3.69635065,1
972.78,0.04725462,1
972.4,20,1
971,3,1
970,0.00005092,1
969.69,0.07688024,1
969.07,0.06870974,1
969,0.5,1
966.99,0.10613179,1
965,0.70137708,1
964.08,0.04200273,1
963,2.125,1
962,0.026,1
960,6.26034311,1
958.41,0.41750399,1
957.01,0.04079954,1
957,0.02993939,1
956.34,0.00314968,1
956,2.78067364,1
955,0.85,1
954,0.22395157,1
953.82,0.09422897,1
953.32,0.01667332,1
953,5.26776232,1
952.7,0.09569741,1
951.94,0.0810283,1
951,2.42,1
950.22,10.50809286,1
950,109.96329358,1
949.14,0.04843158,1
949,1,1
947.43,0.02089028,1
947,0.75,1
945.45,5.23350869,1
945.38,0.07043152,1
943,8.0030724,1
942.88,30,1
941.19,1,1
940,0.82005255,1
938.84,0.0713186,1
938.49,0.0322328,1
938,0.97249133,1
937.41,0.95362662,1
937.34,0.9182114,1
936.08,0.0355342,1
935.51,1.0044527,1
935,0.1306696,1
934.12,2.13122511,1
934,4.67244379,1
933.85,2,1
933.53,0.04182573,1
933.33,15,1
933,0.31767344,1
932.29,0.01072632,1
932,25,1
931.8,0.01705839,1
931,6,1
930,103.79845816,1
929.59,0.09807649,1
929.3,1.0111649,1
929.29,0.0109146,1
928.65,0.08306044,1
927.65,0.01077995,1
927.53,2.15410822,1
927,0.16438955,1
926.07,0.0496381,1
925,13.9471625,1
923.03,0.01083385,1
923,0.04039247,1
922.84,0.94264444,1
922.26,0.07219716,1
920,1.03242224,1
919.29,0.35996534,1
919.19,0.0343955,1
919.13,0.26823792,1
918.44,0.01088802,1
917.07,0.5,1
917,2,1
916,0.988,1
915.26,0.00314968,1
913.87,0.01094246,1
913,0.64,1
912.9,0.017,1
911,44.59812355,1
910.76,0.01745247,1
910.63,0.04287754,1
910,62.45314911,1
909.32,0.01099717,1
908,1.0055066,1
907,0.00551267,1
906.78,0.54699044,1
906,0.00551876,1
905.93,0.08514353,1
905,83.08901128,1
904.8,0.01105215,1
904,0.00553097,1
903.03,0.02768458,1
903,0.54660109,1
902,0.00554323,1
901.57,4.43670485,1
901,0.96980331,1
900.5,0.54858411,1
900.36,6.09581602,1
900.3,0.01110741,1
900,529.84686477,1
899.71,0.07400668,1
899.66,0.03689927,1
899,3.80339265,1
898.55,1.08278715,1
897,1.1,1
896.78,0.26548317,1
896,7.5555,1
895.83,0.0000185,1
895,10.14305251,1
894.78,0.88692192,1
892.04,0.05571499,1
890.69,1.00944211,1
890.19,0.01785575,1
890,110.38006721,1
888.88,2.12275673,1
888.83,1,1
888.8,0.3,1
888.28,0.04395638,1
888,32.45767151,1
886,2.5,1
885.85,3.23,1
885.01,2,1
885,4.30574354,1
884.69,2.03257638,1
883.77,0.08727846,1
883,0.03932049,1
881.63,2.04167281,1
880,3.70455322,1
879.8,4.68447374,1
879,3.21442629,1
878,24.4,1
877.71,0.07586167,1
877,2.44337115,1
876.9,0.03,1
875,10.41704928,1
874.17,0.00314968,1
874,0.222254,1
873.9,5.70888536,1
873,0.03961053,1
871,4,1
870.09,0.01826824,1
870,26.19343272,1
868,2.00634548,1
867,0.1,1
866.49,0.04506177,1
865,1.04664377,1
862.15,0.08946712,1
860,6.97797929,1
859,0.01157159,1
858,8,1
857,0.15090938,1
856.25,0.07776298,1
855.57,4,1
855.5,1,1
853.17,0.0000185,1
851.25,10.4199217,1
850.9,0.23456951,1
850.89,0.51365041,1
850.44,0.01869034,1
850,34.6411657,1
848,2.0295,1
847.88,0.03767283,1
845.23,0.0461952,1
845,0.05177292,1
841,5.18913495,1
840,15.95229999,1
836,0.02955727,1
834,0.30575539,1
833.33,20,1
833.08,0.00314968,1
831.24,0.01912205,1
830,10.00014284,1
827,2.002097,1
826,0.05703374,1
824.93,0.11976773,1
821.24,24.29253324,1
820.2,0.1986206,1
820,30.70187496,1
813,0.18339483,1
812.47,0.01956381,1
812,0.1231527,1
811.75,1.21712349,1
810,113.17545881,1
809,0.03516685,1
808,0.01237622,1
807,1.69198384,1
806,0.10325865,1
805,2.01242236,1
804,0.0124378,1
803,0.0124533,1
802,1.56480048,1
801.04,4.99350843,1
801,0.01872657,1
800,251.07337149,1
799.99,1.92667315,1
799,20,1
796,5.5555,1
794.12,0.02001588,1
792.8,1,1
792,0.00314968,1
790,0.00562784,1
789.7,1.23924275,1
789,2,1
788,8,1
785.65,0.01634824,1
782,0.12634271,1
781,2.56081946,1
780,15.43760923,1
778,0.3,1
777.88,0.00381035,1
777.77,7.09169805,1
777,5.03128001,1
776.19,0.02047825,1
775.81,7.95864621,1
773.73,0.06276091,1
773.51,1,1
770,6.60410295,1
769,8,1
766,1.2956919,1
760,3.30599905,1
758.66,0.02095143,1
756,0.48354497,1
755,30.82752172,1
753,1,1
751.76,0.5,1
750,30.31114025,1
742,4.01886792,1
741.53,0.02143542,1
740.55,1,1
740,0.26710712,1
733.33,30,1
732.05,30,1
730,0.00959577,1
725,1.04901034,1
724.78,0.02193081,1
723.99,0.1,1
723.42,2.85,1
720,0.00008233,1
716.18,0.2,1
716,2.75977653,1
715,2.93984615,1
711.77,0.13837681,1
710,0.00008468,1
708.42,0.02243727,1
707.22,1.03363498,1
702.85,5.69111474,1
701.78,0.61767714,1
701,4.38744079,1
700,60.89986487,1
699,8.27137499,1
696,5.5555,1
693.53,0.00432569,1
692.42,0.02295573,1
690.27,0.25503227,1
690,0.00008591,1
689,0.07171245,1
688,1,1
686,4.3811895,1
683,0.07320644,1
680,4.61904011,1
678,12.73225663,1
677.77,2,1
676.78,0.02348623,1
671.93,0.1837989,1
671.46,0.00148035,1
670,30.01008847,1
666,2.94,1
661.5,0.02402874,1
660,3.00008981,1
656.56,1.65623857,1
656.26,0.17505963,1
656,0.99315548,1
652.73,30,1
651.26,10.53403457,1
650,38.71410709,1
646.56,0.02458397,1
645.99,1,1
642,0.02190287,1
641,1,1
640,0.00009262,1
633.33,50,1
631.96,0.02515192,1
630,5.00009409,1
627.9,0.25493429,1
625,1.5808,1
622,13.41952533,1
620,11.67052064,1
619.66,0.79223561,1
617.69,0.02573299,1
617,1.59745542,1
616,0.02431102,1
612,0.7248562,1
610,0.00009718,1
606,0.1,1
603.75,0.02632714,1
600,47.79988782,1
599.99,0.42815137,1
596,5.5555,1
585,1,1
580,50.0002044,1
578,0.40355868,1
576,1,1
575,5,1
570.56,0.0278586,1
570,0.000104,1
567.9,0.04366966,1
561,0.03543672,1
560,0.00010585,1
559,0.53667262,1
555,0.09009009,1
551.55,1.01119112,1
551,0.93529582,1
550.99,0.5,1
550,110.08885867,1
548,0.1,1
540,0.00010977,1
530,0.00011184,1
525,6.28228571,1
524.88,1,1
524,0.00190362,1
523.85,5.23,1
523,0.00190726,1
522,0.00191091,1
521,38.15819765,1
520,1.00203226,1
519,0.00192196,1
518,0.00192567,1
517,0.0019294,1
516,0.00193313,1
515,0.00193689,1
514,0.00194066,1
513,0.00194444,1
512,0.00194824,1
511,0.00195205,1
510,0.00207211,1
509,0.00195972,1
508,0.00196358,1
507,0.00196745,1
506,0.00197134,1
505,10.00197524,1
504,0.00197916,1
503,0.0019831,1
502,0.00198705,1
501.86,1.99258757,1
501,0.00199101,1
500,44.13312116,1
496,0.98401612,1
495,3.064277,1
490,0.0404475,1
488,0.03666393,1
487.19,5,1
485,0.04074226,1
480,12.45639524,1
477,4.17610062,1
475,0.0416,1
473.3,0.01747665,1
470,0.44216867,1
465,0.04249462,1
460,0.04308538,1
450,8.63101439,1
446,1.19401793,1
445,0.04440449,1
440,4.49104381,1
435.6,0.02521428,1
430,14.25091198,1
428.18,20,1
425.7,0.02521428,1
425,6.00235294,1
421,0.2,1
415.8,0.02521428,1
410,0.24390243,1
405.9,0.02521428,1
401,1.45640069,1
400,3252.77242768,1
396,0.02521428,1
390,5,1
389,61.40576817,1
386.72,2.58585022,1
360,4.11,1
352,567.0402484,1
326.7,0.0475873,1
297,0.0475873,1
162,0.039,1
100,0.03189204,1
80,0.0125,1
50,2.03700119,1
42,0.988,1
19,0.988,1
8,0.125,1
5,1.588,1
3,1.65933626,1
1.98,0.99455167,1
1.12,15,1
1,260.92272234,1
0.88,400,1
0.78,20,1
0.65,76,1
0.56,20,1
0.34,30,1
0.32,34.375,1
0.27,40,1
0.23,50,1
0.17,60,1
0.12,80,1
0.1,147.4410235,1
0.08,100,1
0.05,200,1
0.03,333,1
0.02,500,1
0.01,21299.22430899,1
1704.18,0.38315026,-1
1704.27,0.05860147,-1
1704.28,1.17357309,-1
1704.31,0.88012157,-1
1704.32,0.048,-1
1704.35,0.80991622,-1
1704.38,0.15939315,-1
1704.41,1.03385328,-1
1704.42,3.08887084,-1
1704.43,0.096,-1
1704.49,0.88025328,-1
1704.5,1.52582057,-1
1704.55,4.7438747,-1
1704.56,8.50504324,-1
1704.6,0.60711918,-1
1704.69,0.8760537,-1
1704.71,0.88025328,-1
1704.74,7.62478996,-1
1704.75,4.9358747,-1
1704.76,0.7,-1
1704.82,5.7284203,-1
1704.84,0.3,-1
1704.86,8.50504324,-1
1704.87,2.31208938,-1
1704.88,0.60711918,-1
1704.89,5.8297689,-1
1704.96,0.00088008,-1
1704.99,8.50504324,-1
1705.01,0.60246859,-1
1705.02,4.7438747,-1
1705.11,0.65051925,-1
1705.12,2.8274807,-1
1705.13,0.88025328,-1
1705.14,7.62478996,-1
1705.18,0.384,-1
1705.19,1.71516525,-1
1705.2,39.18605174,-1
1705.24,2.28952476,-1
1705.31,6.96043403,-1
1705.32,8.50504324,-1
1705.33,4.7438747,-1
1705.35,5.312201,-1
1705.42,0.64431801,-1
1705.44,0.88025328,-1
1705.45,4.7438747,-1
1705.47,0.00087987,-1
1705.5,11.981087,-1
1705.52,4.48239673,-1
1705.56,7.62478996,-1
1705.59,4.7438747,-1
1705.66,0.88025328,-1
1705.67,27.70179002,-1
1705.73,0.48,-1
1705.75,1.17180719,-1
1705.77,13.21478496,-1
1705.8,0.88025328,-1
1705.82,4.7438747,-1
1705.93,30.73602218,-1
1705.94,11.0972672,-1
1705.95,7.62478996,-1
1705.96,1.87229102,-1
1705.97,4.7438747,-1
1705.98,0.00088008,-1
1706.01,27.69631564,-1
1706.04,7.02360222,-1
1706.06,1.10056211,-1
1706.08,4.7438747,-1
1706.15,1.18934956,-1
1706.18,7.62478996,-1
1706.19,4.7438747,-1
1706.34,7.62478996,-1
1706.35,4.7438747,-1
1706.36,27.69066109,-1
1706.38,0.70236022,-1
1706.49,0.00088008,-1
1706.56,8.78433578,-1
1706.61,86.28245018,-1
1706.76,9.778535,-1
1706.8,24.05481321,-1
1706.85,23.54221277,-1
1706.86,0.96,-1
1706.96,7.02360222,-1
1707,0.00088008,-1
1707.21,0.00541556,-1
1707.44,0.25,-1
1707.46,10,-1
1707.48,0.00727927,-1
1707.51,0.00088008,-1
1707.61,0.3,-1
1707.86,1,-1
1707.87,63.54719455,-1
1707.93,0.2,-1
1707.98,86.21336057,-1
1708.02,0.00087983,-1
1708.11,0.2,-1
1708.17,1.2,-1
1708.19,55.98193418,-1
1708.22,1,-1
1708.24,7.02360222,-1
1708.28,0.2,-1
1708.3,0.31640625,-1
1708.34,86.1948018,-1
1708.47,0.3,-1
1708.53,0.0008796,-1
1708.62,0.2,-1
1708.64,1.35,-1
1708.72,1,-1
1708.78,90.936326,-1
1708.79,0.2,-1
1708.85,0.2,-1
1708.97,1,-1
1708.98,83.11835826,-1
1709,35.21762989,-1
1709.11,0.02712935,-1
1709.12,0.01299835,-1
1709.13,0.2,-1
1709.14,0.0136092,-1
1709.16,0.75,-1
1709.21,0.00137687,-1
1709.22,1,-1
1709.5,0.3,-1
1709.51,7.02360222,-1
1709.55,83.211736,-1
1709.72,1,-1
1709.86,1.44,-1
1709.97,1,-1
1709.98,0.2,-1
1710.17,0.19999981,-1
1710.2,1.5,-1
1710.22,1,-1
1710.37,19.95748615,-1
1710.67,0.03,-1
1710.72,1,-1
1710.97,1,-1
1711.29,0.14999914,-1
1711.43,86.03927843,-1
1711.69,0.2,-1
1711.81,93.730556,-1
1711.95,0.19999097,-1
1712.13,1.75,-1
1712.54,0.07638147,-1
1712.84,0.00067308,-1
1713.13,0.3969519,-1
1713.34,0.05995099,-1
1713.4,0.2,-1
1713.5,27.20950978,-1
1713.51,85.93508086,-1
1713.57,0.0001474,-1
1713.83,1.5,-1
1713.85,124.506645,-1
1714,0.00001,-1
1714.18,19.95748615,-1
1714.31,93.85234217,-1
1714.45,0.39999746,-1
1715.18,85.85151147,-1
1715.37,0.0029,-1
1715.44,0.25017712,-1
1715.54,1,-1
1715.58,3.74982805,-1
1715.68,0.002625,-1
1716.17,132.03686913,-1
1716.33,0.1999415,-1
1716.38,11.05073153,-1
1716.49,0.0065229,-1
1716.6,0.19993278,-1
1716.81,0.00000162,-1
1716.9,386.037882,-1
1716.91,85.76500188,-1
1717,0.00240311,-1
1717.06,0.00116661,-1
1717.12,1.62055192,-1
1717.14,0.43291555,-1
1717.25,1,-1
1717.53,1.75436507,-1
1717.69,0.08911448,-1
1717.77,10.24848527,-1
1717.98,19.95748615,-1
1718.28,0.00390165,-1
1718.38,0.00228392,-1
1718.42,0.46646367,-1
1718.52,0.70913409,-1
1718.66,85.67745957,-1
1718.7,0.4712558,-1
1719,0.005573,-1
1719.04,0.01156687,-1
1719.28,0.01226342,-1
1719.86,0.00292579,-1
1719.93,0.05837632,-1
1719.97,0.00261506,-1
1720,1.83972098,-1
1720.02,0.01016986,-1
1720.12,0.00295,-1
1720.45,0.00587237,-1
1720.49,0.00116271,-1
1720.66,0.00821779,-1
1721.05,0.01884441,-1
1721.09,0.70913409,-1
1721.17,0.01424524,-1
1721.51,0.01634705,-1
1721.55,1,-1
1721.71,0.92948645,-1
1721.79,19.95748615,-1
1721.94,0.0798936,-1
1722.2,0.3457964,-1
1722.28,0.19990418,-1
1722.29,0.19999797,-1
1722.31,0.17271089,-1
1722.35,0.6971484,-1
1722.39,0.75,-1
1722.41,1.19888541,-1
1722.43,0.84090362,-1
1722.68,0.46646367,-1
1723.26,1,-1
1723.36,0.00580261,-1
1723.64,0.39493782,-1
1723.74,0.00240311,-1
1723.8,0.00060274,-1
1723.85,0.45017594,-1
1723.93,0.00116238,-1
1723.97,0.0427575,-1
1724.28,0.92948645,-1
1724.32,2.01842817,-1
1724.55,0.09220523,-1
1724.7,0.0013025,-1
1724.73,0.00720108,-1
1724.81,3.72976623,-1
1724.87,0.05955035,-1
1724.91,0.01489415,-1
1724.99,0.2,-1
1725,14.50638655,-1
1725.01,0.84090363,-1
1725.02,0.00649066,-1
1725.15,0.02,-1
1725.17,1,-1
1725.18,0.00361637,-1
1725.22,0.00000162,-1
1725.37,0.70913409,-1
1725.44,0.24981384,-1
1725.49,0.87823467,-1
1725.95,1.75436507,-1
1726,0.0585168,-1
1726.16,1.00123048,-1
1726.7,0.2,-1
1726.95,0.46646367,-1
1727.17,0.4712558,-1
1727.19,1,-1
1727.31,10,-1
1727.37,0.00115839,-1
1727.77,0.05837632,-1
1727.8,0.3,-1
1728.13,2.01115224,-1
1728.15,1,-1
1728.26,0.183,-1
1728.41,0.2,-1
1728.57,0.92948646,-1
1728.8,0.01688392,-1
1728.88,0.00261506,-1
1729.06,0.09924475,-1
1729.13,0.02677078,-1
1729.24,0.00023635,-1
1729.3,0.84090363,-1
1729.58,0.48996276,-1
1729.65,0.70913409,-1
1729.75,0.00288,-1
1729.77,0.01417434,-1
1729.78,0.87823467,-1
1729.79,0.05781048,-1
1730,49.7820934,-1
1730.12,0.2,-1
1730.17,0.01626524,-1
1730.18,0.13692025,-1
1730.4,0.00060991,-1
1730.45,0.19999907,-1
1730.46,0.00240311,-1
1730.61,1,-1
1730.82,117.30261823,-1
1731.21,0.46646367,-1
1731.4,0.07554945,-1
1731.45,0.087891,-1
1731.46,0.11508961,-1
1731.83,0.2,-1
1732,0.42467873,-1
1732.32,1,-1
1732.56,0.003976,-1
1732.6,0.00590379,-1
1732.81,0.98261927,-1
1732.86,0.92948646,-1
1732.91,0.01009423,-1
1732.95,0.19987146,-1
1732.96,0.99830813,-1
1732.99,1.00027762,-1
1733.04,0.0078368,-1
1733.15,1.09916752,-1
1733.37,0.00129598,-1
1733.39,0.19999557,-1
1733.53,0.2,-1
1733.58,0.00645859,-1
1733.59,0.84090363,-1
1733.65,0.39977759,-1
1733.66,1.00027699,-1
1733.75,0.00401283,-1
1733.84,0.00160167,-1
1733.93,0.70913409,-1
1734.03,0.75,-1
1734.07,0.87823467,-1
1734.14,1,-1
1734.27,0.00115431,-1
1734.37,0.07425362,-1
1734.46,0.00290117,-1
1734.79,1,-1
1734.94,2.02921602,-1
1734.99,1.19818259,-1
1735.55,0.2,-1
1735.64,0.4712558,-1
1736.19,0.00146169,-1
1736.4,1,-1
1736.48,0.05915228,-1
1736.5,1,-1
1736.55,0.01494092,-1
1736.63,0.18620601,-1
1737.13,0.00293,-1
1737.15,0.92948646,-1
1737.2,0.00240311,-1
1737.26,0.00573954,-1
1737.38,0.01204504,-1
1737.69,0.00225854,-1
1737.73,0.00115358,-1
1737.8,0.00261506,-1
1737.88,0.84090363,-1
1737.9,1.37460299,-1
1737.93,0.2,-1
1738,0.00581243,-1
1738.21,0.70913409,-1
1738.37,0.87823467,-1
1738.38,0.08754072,-1
1738.42,0.01410383,-1
1738.59,0.0162073,-1
1738.86,0.01618396,-1
1738.93,0.00403614,-1
1738.97,0.19999904,-1
1739,3800.01050284,-1
1739.42,0.00689886,-1
1739.64,0.2,-1
1739.65,0.66856583,-1
1739.74,0.46646367,-1
1739.82,1,-1
1740,2.7937261,-1
1740.45,0.79962353,-1
1740.54,0.00358445,-1
1740.55,0.1999973,-1
1740.69,0.00812324,-1
1740.7,0.0006063,-1
1740.89,0.2,-1
1740.9,0.07513715,-1
1741.07,0.19993032,-1
1741.19,0.00114985,-1
1741.27,0.3909184,-1
1741.44,0.92948646,-1
1741.95,1,-1
1742.07,0.00128951,-1
1742.17,0.84090363,-1
1742.19,0.58117325,-1
1742.25,0.00115942,-1
1742.41,0.00822981,-1
1742.5,0.014685,-1
1742.6,0.21409574,-1
1742.66,0.87823467,-1
1742.89,0.14421074,-1
1743.04,0.0036404,-1
1743.34,0.01476043,-1
1743.59,1,-1
1743.65,1,-1
1743.94,0.00240311,-1
1744,12.25554924,-1
1744.01,1.3697845,-1
1744.12,0.00285,-1
1744.2,0.00059569,-1
1744.31,0.2,-1
1744.39,0.38408842,-1
1744.57,0.08084115,-1
1744.66,0.00114937,-1
1744.94,0.01199286,-1
1745,0.05730659,-1
1745.33,0.08719221,-1
1745.52,0.1,-1
1745.8,0.2,-1
1745.81,0.00369335,-1
1745.84,0.00291,-1
1745.89,0.0100192,-1
1745.91,0.00726096,-1
1746.7,0.00261506,-1
1746.78,0.7091341,-1
1746.85,0.00366179,-1
1747.12,0.0140336,-1
1747.51,0.2,-1
1747.6,0.01610303,-1
1747.67,0.00000051,-1
1747.71,0.02677078,-1
1747.84,0.01048472,-1
1748.13,0.00114555,-1
1748.17,0.05875679,-1
1748.27,0.46646367,-1
1748.36,0.004,-1
1748.46,1,-1
1749,0.0059291,-1
1749.18,0.00287674,-1
1749.19,0.11392266,-1
1749.22,0.2,-1
1749.34,0.04519737,-1
1749.68,109.32936152,-1
1749.76,0.38899624,-1
1750,3.86752897,-1
1750.02,0.92948646,-1
1750.15,1.36498398,-1
1750.17,1,-1
1750.18,0.11431515,-1
1750.3,0.00590379,-1
1750.46,0.07472675,-1
1750.66,0.00400478,-1
1750.75,0.84090363,-1
1750.83,0.00128306,-1
1750.85,0.00639491,-1
1750.93,0.2,-1
1751.24,0.87823468,-1
1751.36,0.25550659,-1
1751.4,6.98616019,-1
1751.45,0.1352576,-1
1751.73,2.835542,-1
1751.82,0.04583593,-1
1752.3,0.00370892,-1
1752.32,0.08684447,-1
1752.42,0.00057779,-1
1752.5,0.01194113,-1
1752.53,0.039855,-1
1752.91,0.00000799,-1
1753.01,0.00317153,-1
1753.06,0.1999357,-1
1753.46,0.02750027,-1
1753.6,0.009979,-1
1753.76,0.09999849,-1
1753.85,0.00373485,-1
1754.35,2.835542,-1
1754.71,0.12842696,-1
1754.74,0.13029378,-1
1754.8,0.59991747,-1
1754.81,0.18910925,-1
1754.89,1.98048051,-1
1755.34,0.7091341,-1
1755.56,0.00575374,-1
1755.57,0.0162073,-1
1755.62,0.00261506,-1
1755.85,0.01396383,-1
1756,0.70343229,-1
1756.04,0.00355281,-1
1756.28,0.17657241,-1
1756.3,1.36020142,-1
1756.36,0.200044,-1
1756.37,0.1999884,-1
1756.38,0.01602252,-1
1756.42,0.04042106,-1
1756.78,0.00103598,-1
1756.9,0.00261824,-1
1757.21,0.00223345,-1
1757.24,0.00375683,-1
1757.34,0.08764792,-1
1757.4,0.00240311,-1
1757.52,0.00106399,-1
1757.55,0.25647324,-1
1757.83,0.00173031,-1
1757.89,0.00014038,-1
1758.22,0.00289,-1
1758.32,0.05439176,-1
1758.35,1.8359841,-1
1758.41,0.0082072,-1
1758.45,0.38702867,-1
1758.5,0.00283,-1
1758.51,0.32462122,-1
1758.6,0.92948646,-1
1758.72,2.835542,-1
1758.9,0.0059,-1
1758.97,0.01373278,-1
1759,0.00211483,-1
1759.01,0.02696352,-1
1759.05,0.199999,-1
1759.32,0.08649851,-1
1759.34,0.84090363,-1
1759.44,0.88849787,-1
1759.54,0.00636333,-1
1759.58,0.00111958,-1
1759.63,0.00127664,-1
1759.8,0.11789976,-1
1759.83,0.87823468,-1
1759.94,0.05836388,-1
1760,3.91879546,-1
1760.07,0.07431868,-1
1760.25,0.19999792,-1
1760.47,0.01224237,-1
1760.84,0.0011415,-1
1760.95,0.01989873,-1
1761.12,0.00381257,-1
1761.3,0.00059921,-1
1761.85,0.01967441,-1
1762.4,0.00949276,-1
1762.48,1.35543679,-1
1762.51,0.0078368,-1
1762.53,0.01139446,-1
1762.69,0.00120498,-1
1762.74,0.05692102,-1
1763.08,2.83554199,-1
1763.48,0.05670605,-1
1763.72,0.001202,-1
1763.82,0.08571591,-1
1763.83,0.00534065,-1
1763.97,0.00965541,-1
1764,0.17824965,-1
1764.03,0.00285252,-1
1764.14,0.00240311,-1
1764.18,0.00057394,-1
1764.53,0.00261506,-1
1764.58,0.00059032,-1
1764.6,0.00059435,-1
1764.63,0.01389436,-1
1765,4.87817532,-1
1765.12,0.00679839,-1
1765.2,0.01594245,-1
1765.25,0.00125194,-1
1765.27,0.40855409,-1
1765.8,0.84793417,-1
1765.83,0.02,-1
1766.19,0.05679204,-1
1766.28,1.20911642,-1
1766.35,0.0861543,-1
1766.36,1.99723213,-1
1766.5,0.02677078,-1
1766.55,0.00382986,-1
1766.58,0.00314717,-1
1766.65,0.6224022,-1
1766.88,0.19999923,-1
1766.89,2.20624092,-1
1767.11,0.11276744,-1
1767.32,0.19984536,-1
1767.45,2.835542,-1
1767.5,0.00306336,-1
1767.53,0.57929688,-1
1767.59,0.01171104,-1
1767.66,0.00021497,-1
1767.72,0.00414716,-1
1767.92,0.01048472,-1
1768,0.05712669,-1
1768.19,0.00590379,-1
1768.23,0.00389001,-1
1768.26,0.014685,-1
1768.28,0.01018699,-1
1768.38,0.00565489,-1
1768.47,0.00127026,-1
1768.68,1.35068238,-1
1768.95,0.07280194,-1
1769,0.00257772,-1
1769.12,0.94833396,-1
1769.47,0.00066121,-1
1769.7,0.01169704,-1
1769.73,0.07391294,-1
1769.82,0.01780529,-1
1770,3.69322033,-1
1770.12,0.00700296,-1
1770.86,0.00240311,-1
1771.1,0.00135509,-1
1771.27,0.08084115,-1
1771.65,0.04989534,-1
1771.68,0.00352145,-1
1771.74,0.00726096,-1
1771.79,0.05797356,-1
1771.81,2.835542,-1
1771.82,0.01168306,-1
1772,11.69157834,-1
1772.04,0.00314968,-1
1772.14,0.00987078,-1
1772.55,0.0011396,-1
1772.68,0.0134704,-1
1772.87,0.0028,-1
1772.95,0.00019106,-1
1772.99,0.133615,-1
1773,0.25561383,-1
1773.35,1.44077593,-1
1773.42,0.08581088,-1
1773.44,0.00261506,-1
1773.46,0.01382518,-1
1773.7,0.05637932,-1
1773.94,0.01166913,-1
1774,0.11273957,-1
1774.08,0.01586272,-1
1774.29,0.47761647,-1
1774.5,0.00061341,-1
1774.8,0.00061308,-1
1774.83,0.1394,-1
1774.9,1.34594596,-1
1775,11.48097182,-1
1775.72,0.00393709,-1
1775.85,0.00390217,-1
1775.91,0.17657241,-1
1776.05,0.01165522,-1
1776.42,0.00142984,-1
1776.51,0.00718301,-1
1776.54,0.04433272,-1
1776.62,0.3831266,-1
1776.96,0.00220863,-1
1777,0.05406302,-1
1777.06,0.00630059,-1
1777.16,0.00197542,-1
1777.17,0.15,-1
1777.35,0.00126392,-1
1777.6,0.00240311,-1
1777.64,0.02304103,-1
1777.79,0.01595292,-1
1778.17,0.01164135,-1
1778.6,0.00132688,-1
1779,0.00491396,-1
1779.04,0.00811669,-1
1779.08,0.00286,-1
1779.39,0.27616648,-1
1779.45,0.07350911,-1
1779.52,0.00151164,-1
1779.59,0.23534707,-1
1779.96,0.00395651,-1
1780,3.51176253,-1
1780.25,0.003123,-1
1780.28,0.01162752,-1
1780.51,0.08546922,-1
1780.52,0.1,-1
1780.54,2.835542,-1
1780.68,0.00402042,-1
1780.71,0.183,-1
1781,0.11229646,-1
1781.15,1.3412275,-1
1781.44,0.0079374,-1
1781.9,0.00060494,-1
1781.93,0.00398665,-1
1782,0.36600675,-1
1782.08,1.95026934,-1
1782.33,0.01375637,-1
1782.36,0.00261506,-1
1782.4,0.01161371,-1
1782.84,0.01162558,-1
1782.99,0.01578342,-1
1783.52,0.06238067,-1
1783.71,0.05758583,-1
1784,0.30234825,-1
1784.34,0.00400478,-1
1784.52,0.01159994,-1
1784.85,0.19999339,-1
1784.9,0.0058,-1
1785,151.84577689,-1
1785.11,0.00014038,-1
1785.22,0.11162396,-1
1785.28,0.38120707,-1
1785.41,0.15979557,-1
1785.5,0.02677078,-1
1785.77,0.01411702,-1
1785.89,0.00626944,-1
1786.12,0.00933978,-1
1786.14,11.82917673,-1
1786.25,0.00590379,-1
1786.28,0.0012576,-1
1786.31,0.00078373,-1
1786.96,0.00195212,-1
1787,0.59490996,-1
1787.25,0.00278,-1
1787.41,1.33652698,-1
1787.46,0.00349036,-1
1787.52,0.01482751,-1
1787.53,5.2772707,-1
1787.54,0.01155953,-1
1787.64,0.08512835,-1
1787.75,0.52685778,-1
1788,0.41583958,-1
1788.08,0.00133452,-1
1788.16,0.00935598,-1
1788.21,0.01048472,-1
1788.38,0.032612,-1
1788.67,0.28484912,-1
1788.89,1.06329936,-1
1789,0.01202295,-1
1789.02,0.00013906,-1
1789.22,0.07310802,-1
1789.26,0.28195,-1
1789.27,2.83270565,-1
1789.52,0.00284,-1
1790,152.67627372,-1
1790.36,0.01139446,-1
1790.83,0.00670081,-1
1790.84,0.05600923,-1
1790.93,0.00301846,-1
1791.06,0.00240311,-1
1791.14,0.05599699,-1
1791.24,0.01368794,-1
1791.27,0.00261506,-1
1791.35,0.05600389,-1
1791.72,0.05599762,-1
1791.94,0.01570455,-1
1792,0.1,-1
1792.11,0.00619939,-1
1792.2,0.00062812,-1
1792.21,0.00173031,-1
1792.26,0.1998999,-1
1792.3,0.00082017,-1
1792.47,0.0078368,-1
1792.54,0.19999504,-1
1792.75,0.00112676,-1
1793.14,1.87770912,-1
1793.7,1.33184435,-1
1794,0.62217588,-1
1794.03,0.00309901,-1
1794.11,0.0028047,-1
1794.17,0.04406804,-1
1794.34,0.04999648,-1
1794.75,0.00623848,-1
1794.77,0.42,-1
1794.78,0.13199172,-1
1794.79,0.08478923,-1
1795.01,0.0092935,-1
1795.06,0.014685,-1
1795.1,0.01142222,-1
1795.2,0.00059915,-1
1795.25,0.00125131,-1
1795.29,0.00800999,-1
1795.37,0.78325888,-1
1795.45,0.19987699,-1
1795.5,0.00060624,-1
1795.56,0.17657241,-1
1795.59,0.00780782,-1
1795.6,0.0499992,-1
1795.62,0.19987701,-1
1795.72,0.057201,-1
1795.75,0.04471463,-1
1795.79,0.04999968,-1
1795.93,0.099999,-1
1795.95,0.00404115,-1
1796.06,3.5523,-1
1796.17,0.00407733,-1
1796.45,0.03888058,-1
1796.93,0.00218409,-1
1797,1,-1
1797.14,0.02683186,-1
1797.16,0.01140913,-1
1797.17,0.15,-1
1797.39,0.2330171,-1
1797.57,0.00726096,-1
1797.71,0.00166878,-1
1797.8,0.00240311,-1
1797.81,0.0136629,-1
1798,1.11398341,-1
1798.12,0.00152937,-1
1798.23,0.00283,-1
1798.38,0.08084115,-1
1798.43,0.00303042,-1
1798.79,0.00972454,-1
1799,0.23309451,-1
1799.04,0.07270884,-1
1799.34,0.00000672,-1
1799.43,0.00410169,-1
1799.96,0.19999892,-1
1799.98,0.02976627,-1
1799.99,6.55,-1
1800,179.50075564,-1
1800.13,0.01420035,-1
1800.17,0.00261506,-1
1800.19,0.01361988,-1
1800.95,0.01562602,-1
1801,0.07463357,-1
1801.16,0.00160167,-1
1801.49,0.02974135,-1
1801.62,0.00276,-1
1801.97,0.08445139,-1
1802.05,0.05307176,-1
1802.18,0.00784608,-1
1802.53,0.01772517,-1
1802.75,0.19988086,-1
1802.76,0.01417962,-1
1803.07,0.00004436,-1
1803.25,0.00672608,-1
1803.27,0.38158947,-1
1803.34,0.00280075,-1
1803.37,0.00345956,-1
1803.5,0.11049221,-1
1803.66,0.00620765,-1
1803.71,0.00327657,-1
1803.96,0.00924742,-1
1804,0.32806646,-1
1804.21,0.07137916,-1
1804.26,0.00124506,-1
1804.29,1.15426246,-1
1804.5,0.00590379,-1
1804.54,0.00240311,-1
1804.62,0.00943789,-1
1804.7,0.02677078,-1
1804.89,15,-1
1804.96,0.62168382,-1
1805,6.1132462,-1
1805.25,0.00415094,-1
1805.4,0.01415894,-1
1805.42,0.00418462,-1
1806,0.13241971,-1
1806.2,2.01749529,-1
1806.34,1.32252531,-1
1806.98,0.5,-1
1807,2.31531521,-1
1807.47,0.02,-1
1807.71,0.00920702,-1
1807.77,0.62801752,-1
1807.81,0.05681843,-1
1807.82,0.2,-1
1807.92,0.00307521,-1
1808.03,0.01413833,-1
1808.08,0.05706036,-1
1808.16,0.00281,-1
1808.31,0.19998239,-1
1808.76,0.01048472,-1
1808.92,0.07231158,-1
1809,3.31961856,-1
1809.02,0.01191378,-1
1809.09,0.00261506,-1
1809.17,0.0841153,-1
1809.19,0.01776201,-1
1809.33,0.0027811,-1
1809.4,0.00842265,-1
1809.63,0.21973,-1
1809.65,0.63947424,-1
1809.67,1.92052998,-1
1809.99,1.77554792,-1
1810,30.03349004,-1
1810.03,0.00052647,-1
1810.07,0.16573944,-1
1810.11,0.020779,-1
1810.23,0.00424143,-1
1810.66,0.01411777,-1
1811,1.05521811,-1
1811.23,0.20345319,-1
1811.25,0.37565603,-1
1811.26,0.00240311,-1
1811.58,2.32494719,-1
1812,2.44341761,-1
1812.13,0.18970078,-1
1812.26,0.63766979,-1
1812.63,0.00617695,-1
1812.69,1.31788894,-1
1812.74,1,-1
1812.75,0.00014038,-1
1812.8,0.00060994,-1
1812.94,0.00920158,-1
1813.29,0.01409728,-1
1813.33,0.00123883,-1
1813.88,0.00669833,-1
1813.93,0.00922309,-1
1813.96,0.00314968,-1
1814.1,0.00010473,-1
1814.23,0.0021,-1
1814.4,0.0006278,-1
1814.5,0.00426536,-1
1815,2.1577792,-1
1815.14,0.00557226,-1
1815.19,0.17657241,-1
1815.28,13.78407601,-1
1815.36,0.23071033,-1
1815.52,0.1,-1
1815.6,0.0006002,-1
1815.93,0.01407684,-1
1816,0.00274,-1
1816.41,0.08378001,-1
1816.5,0.00059923,-1
1816.51,0.0028,-1
1816.53,0.00660599,-1
1816.74,0.62801752,-1
1816.8,0.3,-1
1816.81,0.02580135,-1
1816.85,0.13038923,-1
1817.12,0.00215982,-1
1817.24,0.00057135,-1
1817.4,0.0042924,-1
1817.53,1.37549311,-1
1818,1.00724484,-1
1818.25,0.01348465,-1
1818.56,0.01405647,-1
1818.61,0.01313018,-1
1818.63,0.01139446,-1
1818.67,0.00432885,-1
1818.86,0.07191664,-1
1818.96,0.10995294,-1
1818.98,0.00078065,-1
1819,0.3071128,-1
1819.07,1.31327044,-1
1819.09,0.01547016,-1
1819.42,0.0068809,-1
1819.43,0.00342904,-1
1819.71,0.00021431,-1
1819.97,0.05643845,-1
1819.99,0.55401662,-1
1820,5.02746015,-1
1820.09,0.09317464,-1
1820.15,0.46558178,-1
1820.23,0.20023886,-1
1820.29,1.45,-1
1820.4,0.00020875,-1
1820.7,0.01648716,-1
1821.05,0.00961,-1
1821.1,8.43324324,-1
1821.2,0.01403615,-1
1821.23,0.62801752,-1
1821.62,0.00614645,-1
1821.79,0.00416926,-1
1821.84,0.014685,-1
1821.86,0.37287286,-1
1821.91,0.00305158,-1
1821.97,0.00915599,-1
1821.98,0.10937156,-1
1822,34.4793,-1
1822.2,0.01070135,-1
1822.36,0.02247563,-1
1822.45,0.00123264,-1
1822.67,0.0043531,-1
1822.94,0.01374059,-1
1823.05,0.00110803,-1
1823.16,0.0077558,-1
1823.4,0.00726096,-1
1823.41,0.1,-1
1823.68,0.083446,-1
1823.79,0.00327688,-1
1824.1,0.02698494,-1
1824.44,0.00657736,-1
1824.54,19.19652875,-1
1824.69,0.00275769,-1
1824.74,0.00240311,-1
1824.76,0.20023886,-1
1824.83,0.62801752,-1
1824.86,0.01400797,-1
1825,1.13007389,-1
1825.2,0.00062408,-1
1825.28,0.10581428,-1
1825.46,1.30866978,-1
1825.51,8.821,-1
1825.84,0.00958048,-1
1825.91,0.08084115,-1
1826.31,0.00152219,-1
1826.6,0.00173031,-1
1826.91,0.00261506,-1
1827,2.00461602,-1
1827.23,0.00233521,-1
1827.31,0.00139548,-1
1827.34,0.01341756,-1
1827.48,0.00328709,-1
1827.49,0.00163612,-1
1827.61,0.00055402,-1
1827.65,4.25519109,-1
1827.76,0.06033246,-1
1828,3.22126119,-1
1828.23,0.01539284,-1
1828.28,0.0012,-1
1828.41,0.3717519,-1
1828.7,0.98478289,-1
1828.84,0.07152403,-1
1828.93,0.00166217,-1
1829,0.34187134,-1
1829.13,0.01366769,-1
1829.29,0.20023886,-1
1829.53,0.01048472,-1
1829.99,0.82729,-1
1830,1.40295827,-1
1830.26,0.00607017,-1
1830.37,0.00272,-1
1830.4,0.00141499,-1
1830.55,1,-1
1830.67,0.00611608,-1
1830.97,0.08311373,-1
1831,0.01492299,-1
1831.05,0.0091106,-1
1831.24,0.35620088,-1
1831.31,1,-1
1831.32,0.00552393,-1
1831.46,0.00240311,-1
1831.59,0.00122648,-1
1831.75,0.00545926,-1
1831.89,1.30407977,-1
1832,0.00003774,-1
1832.11,0.00275842,-1
1832.22,0.05606136,-1
1832.62,0.25,-1
1833.32,0.04468956,-1
1833.33,1.09075213,-1
1833.4,0.00060553,-1
1833.47,0.00824577,-1
1833.52,0.23977829,-1
1833.77,0.62801752,-1
1833.81,0.20023886,-1
1834,0.037075,-1
1834.75,0.183,-1
1834.76,0.00110624,-1
1834.84,0.17393254,-1
1835,0.00008174,-1
1835.63,0.00339878,-1
1835.83,0.00261506,-1
1836,0.28143917,-1
1836.01,0.00302815,-1
1836.47,0.01335083,-1
1837,0.01143168,-1
1837.05,0.00110486,-1
1837.41,0.01531594,-1
1837.55,0.00213581,-1
1837.7,1.89123996,-1
1837.72,0.00553,-1
1837.74,0.005512,-1
1838,1.72714363,-1
1838.11,0.00059032,-1
1838.2,0.00240311,-1
1838.29,0.08278274,-1
1838.33,1.29950763,-1
1838.34,0.20023886,-1
1838.42,0.36962094,-1
1838.57,0.01405151,-1
1838.89,0.07113334,-1
1839,45.66787656,-1
1839.17,0.00233521,-1
1839.19,0.12880534,-1
1839.29,0.00055176,-1
1839.42,0.11075922,-1
1839.51,0.00950928,-1
1839.76,0.00608584,-1
1839.98,0.01736448,-1
1839.99,20.6760255,-1
1840,16.20544809,-1
1840.15,0.04296694,-1
1840.17,0.00906545,-1
1840.18,0.00273448,-1
1840.19,0.06998363,-1
1840.5,20.7058082,-1
1840.64,0.10826263,-1
1840.8,0.04484081,-1
1840.82,0.00014038,-1
1841.28,0.00549991,-1
1841.48,0.03792975,-1
1841.56,0.00590379,-1
1841.91,0.02617966,-1
1842,0.01540065,-1
1842.34,0.00744077,-1
1842.42,0.00301234,-1
1842.48,0.04257484,-1
1842.5,0.6,-1
1842.9,0.13565575,-1
1842.91,0.35679184,-1
1843,3.01688195,-1
1843.25,0.00798692,-1
1843.5,0.01451362,-1
1843.69,0.81,-1
1843.71,0.02677078,-1
1844,0.13557483,-1
1844.38,0.00766656,-1
1844.56,0.05568654,-1
1844.7,0.25528365,-1
1844.73,0.00261506,-1
1844.75,0.00269,-1
1844.8,1.29495332,-1
1844.94,0.00240311,-1
1845,1.65772615,-1
1845.01,0.6835,-1
1845.27,0.04635635,-1
1845.48,0.02178628,-1
1845.65,0.08245257,-1
1845.66,0.01328433,-1
1846,1,-1
1846.22,0.00922524,-1
1846.54,0.0223,-1
1846.65,0.0152393,-1
1846.8,0.00061678,-1
1846.85,3.57995101,-1
1846.86,0.05178401,-1
1846.99,14.418,-1
1847,0.00485,-1
1847.25,0.36829869,-1
1847.29,4.8,-1
1847.36,0.01139446,-1
1847.4,0.20023886,-1
1847.49,2.29979592,-1
1848,9.90162975,-1
1848.22,0.08843,-1
1848.48,0.0012,-1
1848.5,0.00013524,-1
1848.64,0.014685,-1
1848.66,0.0275,-1
1848.72,0.00078067,-1
1848.74,3.58449079,-1
1848.9,0.00605576,-1
1848.95,10,-1
1848.99,7.66215482,-1
1849,0.53694776,-1
1849.01,0.00948349,-1
1849.11,0.5408007,-1
1849.19,0.00252362,-1
1849.23,0.00726096,-1
1849.28,20.57216635,-1
1849.34,0.0090205,-1
1849.43,0.00664452,-1
1849.47,0.00899909,-1
1849.55,0.00196804,-1
1849.64,0.00013516,-1
1849.88,0.00300554,-1
1849.94,0.00224331,-1
1849.99,5.59098542,-1
1850,1176.7082387,-1
1850.04,0.00121425,-1
1850.1,0.02,-1
1850.22,0.00300488,-1
1850.23,0.00272546,-1
1850.48,0.00068717,-1
1850.51,0.67582948,-1
1850.52,0.1,-1
1850.54,0.01048472,-1
1850.73,2.34721273,-1
1850.9,0.00027013,-1
1850.96,0.00215563,-1
1851,2.05856509,-1
1851.32,0.00550648,-1
1851.33,0.00545553,-1
1851.36,1.0032,-1
1851.5,9.51,-1
1851.66,0.00400478,-1
1851.69,0.04236308,-1
1851.84,0.000135,-1
1851.86,0.23099908,-1
1851.95,0.00221388,-1
1851.97,0.00336879,-1
1852,0.14406587,-1
1852.08,0.00013498,-1
1852.17,0.44808643,-1
1852.52,0.01371296,-1
1852.62,0.00000897,-1
1852.68,0.00599606,-1
1852.86,0.02163456,-1
1852.9,0.0056,-1
1853,0.02998327,-1
1853.04,0.00238526,-1
1853.21,0.020296,-1
1853.29,0.01607065,-1
1853.59,0.00099092,-1
1853.61,0.02667571,-1
1853.64,0.00261506,-1
1853.72,0.00383302,-1
1853.85,0.08084115,-1
1853.93,0.0078368,-1
1853.98,2.39560717,-1
1854,0.00057314,-1
1854.21,0.24785448,-1
1854.47,0.17657241,-1
1854.62,0.0043275,-1
1854.67,0.012976,-1
1854.77,0.02994861,-1
1854.89,0.01321828,-1
1854.98,0.0113578,-1
1855,11.26866305,-1
1855.14,0.00785284,-1
1855.23,0.00259267,-1
1855.26,0.28623996,-1
1855.47,1.2,-1
1855.52,0.00515517,-1
1855.81,0.00271146,-1
1855.88,0.00314968,-1
1855.92,0.01516318,-1
1855.97,0.00554965,-1
1856,0.01477586,-1
1856.02,0.00059267,-1
1856.13,0.00013469,-1
1856.25,0.7903,-1
1856.4,0.00057029,-1
1856.45,0.20023886,-1
1856.7,0.0001885,-1
1856.9,3.4944,-1
1856.97,0.055314,-1
1857,11.37177528,-1
1857.17,0.1,-1
1857.22,2.4449994,-1
1857.65,0.01724091,-1
1857.85,0.1850323,-1
1857.89,0.36618918,-1
1858,5.76897199,-1
1858.08,0.00602585,-1
1858.13,0.0273,-1
1858.2,0.00231657,-1
1858.4,0.00302811,-1
1858.44,0.00261524,-1
1858.56,0.00897575,-1
1858.65,0.00538024,-1
1858.92,0.01159395,-1
1858.99,1.05572788,-1
1859,0.004,-1
1859.15,0.07035814,-1
1859.25,6,-1
1859.34,0.00120818,-1
1859.5,0.10716482,-1
1859.63,0.13443534,-1
1859.73,1,-1
1859.84,1.07536132,-1
1859.93,7.07821277,-1
1859.99,19.00001,-1
1860,3.28076684,-1
1860.38,0.03493012,-1
1860.47,2.49540999,-1
1860.67,0.00123446,-1
1860.72,0.03601609,-1
1860.76,35.65511403,-1
1860.82,0.00020421,-1
1860.95,0.0391137,-1
1860.97,0.00020419,-1
1860.98,0.00173031,-1
1860.99,2.659,-1
1861,1,-1
1861.34,0.5,-1
1861.46,0.28809999,-1
1861.67,0.28806819,-1
1861.8,0.12569556,-1
1861.88,0.00596644,-1
1862,4.40132288,-1
1862.08,0.00655284,-1
1862.56,0.00261506,-1
1862.72,0.11005443,-1
1862.87,0.28788353,-1
1862.91,0.00543142,-1
1862.93,0.28506469,-1
1863,3.87381159,-1
1863.54,0.02677078,-1
1863.65,0.00255952,-1
1863.7,0.28494636,-1
1863.71,2.54685994,-1
1864.16,0.01315252,-1
1864.54,0.0029818,-1
1865,0.172126,-1
1865.14,0.00240311,-1
1865.24,0.0150874,-1
1865.32,3.8,-1
1865.48,0.01423658,-1
1865.53,0.00432912,-1
1865.71,0.36461793,-1
1865.73,0.01279857,-1
1865.81,0.00683925,-1
1865.94,0.221551,-1
1866,14.10797812,-1
1866.1,0.2986684,-1
1866.16,1.86239936,-1
1866.33,0.05678288,-1
1866.53,0.2985981,-1
1866.6,0.00056452,-1
1866.96,2.59937067,-1
1866.97,0.2985278,-1
1866.99,3.51720697,-1
1867,1.8,-1
1867.17,0.00936841,-1
1867.21,0.45384803,-1
1867.41,0.2984576,-1
1867.49,0.9597,-1
1867.5,0.00967128,-1
1867.55,0.13057114,-1
1867.81,0.00893129,-1
1867.85,0.00002141,-1
1868,0.78913275,-1
1868.15,0.02145749,-1
1868.18,0.039375,-1
1868.2,0.02192413,-1
1868.38,0.22126105,-1
1868.4,0.00058605,-1
1868.46,0.00333905,-1
1868.49,10.2,-1
1868.5,1.66256697,-1
1868.68,0.00120214,-1
1869,0.00059715,-1
1869.17,0.00067467,-1
1869.33,0.00014038,-1
1869.36,0.06997364,-1
1869.47,0.05494434,-1
1869.48,0.00496929,-1
1869.99,0.00001,-1
1870,5.01943191,-1
1870.2,2.65296407,-1
1870.26,0.04194246,-1
1870.38,0.23330874,-1
1870.7,0.00515136,-1
1871,21,-1
1871.04,0.01439186,-1
1871.12,0.00593695,-1
1871.43,0.00000504,-1
1871.47,0.00261506,-1
1871.56,0.00268864,-1
1871.79,0.01048472,-1
1871.86,0.00240311,-1
1872.85,15.562,-1
1873,1.53445373,-1
1873.22,0.01708988,-1
1873.45,2.70766244,-1
1873.48,0.01308707,-1
1873.53,0.01169516,-1
1873.55,0.00107816,-1
1873.69,0.0079306,-1
1873.99,5.931,-1
1874,0.44332977,-1
1874.04,0.00018676,-1
1874.12,0.17657241,-1
1874.59,0.0005868,-1
1874.6,0.00058113,-1
1874.62,0.01501196,-1
1874.64,0.22052284,-1
1875,1.863374,-1
1875.06,0.00726096,-1
1875.18,0.00656217,-1
1875.5,0.5,-1
1875.57,0.00070643,-1
1875.66,0.00707996,-1
1876,0.00557249,-1
1876.35,0.00466506,-1
1876.46,0.014685,-1
1876.49,3.329,-1
1876.53,0.01139446,-1
1876.69,2.76348857,-1
1876.87,0.06861576,-1
1876.9,0.01469109,-1
1876.99,0.0000185,-1
1877,0.79914757,-1
1877.12,0.00888698,-1
1877.16,0.95073162,-1
1877.27,0.1,-1
1877.29,6.07756558,-1
1877.55,0.10496993,-1
1877.76,0.00020237,-1
1877.83,23.2865,-1
1877.85,0.00020236,-1
1878.07,0.00119613,-1
1878.2,0.01163479,-1
1878.21,0.01701105,-1
1878.23,0.0266208,-1
1878.55,0.10607812,-1
1878.6,0.00240311,-1
1878.98,0.0029589,-1
1878.99,1.6,-1
1879,0.00548696,-1
1879.08,0.0020886,-1
1879.2,0.00060615,-1
1879.27,0.00123446,-1
1879.38,0.00590379,-1
1879.61,0.04173382,-1
1879.74,0.00531988,-1
1879.94,2.82046572,-1
1879.96,0.2659631,-1
1879.99,0.00001,-1
1880,93.27962925,-1
1880.38,0.00261506,-1
1880.41,0.00590763,-1
1880.63,0.02552336,-1
1880.69,1.859,-1
1880.7,0.00655284,-1
1881,15.4,-1
1881.16,0.00929875,-1
1881.77,0.054,-1
1881.79,0.01701974,-1
1882.05,0.03415262,-1
1882.06,0.05457696,-1
1882.07,5.5258306,-1
1882.1,0.0883,-1
1882.19,0.00226017,-1
1882.22,0.08084115,-1
1882.4,5.4768963,-1
1882.56,0.0235849,-1
1882.85,0.01302198,-1
1883.18,2.87861762,-1
1883.19,0.04175039,-1
1883.39,3.37,-1
1883.47,0.118,-1
1883.57,0.05219436,-1
1883.94,0.01535575,-1
1884,1.06391586,-1
1884.04,0.01493687,-1
1884.34,0.00874,-1
1884.69,0.12416896,-1
1884.75,0.00875299,-1
1884.77,0.01653356,-1
1884.9,2.8005841,-1
1885,28.29818765,-1
1885.07,0.03448147,-1
1885.09,0.00330959,-1
1885.15,0.00091978,-1
1885.34,0.00400478,-1
1885.45,0.0078368,-1
1885.52,0.1,-1
1885.6,0.0388998,-1
1885.87,0.00194754,-1
1885.92,0.01035038,-1
1885.94,0.00020149,-1
1886,0.01460445,-1
1886.18,0.00986277,-1
1886.43,2.93796847,-1
1886.46,0.00884297,-1
1886.65,0.40746142,-1
1886.78,0.09285694,-1
1886.95,0.04255344,-1
1887,0.00056632,-1
1887.45,0.00266601,-1
1887.5,0.00119015,-1
1887.64,0.03700231,-1
1887.8,0.02554336,-1
1887.87,0.0006513,-1
1888,3.57166399,-1
1888.21,0.00480887,-1
1888.49,0.009267,-1
1888.7,0.90909089,-1
1888.78,0.0090174,-1
1888.88,4.23531404,-1
1888.89,0.0012,-1
1889,22.55001,-1
1889.01,0.04152614,-1
1889.07,0.01210859,-1
1889.09,0.23564162,-1
1889.15,0.00013233,-1
1889.19,0.00018526,-1
1889.3,0.00261506,-1
1889.67,2.99854302,-1
1889.75,0.28953389,-1
1889.99,12.20963187,-1
1890,50.33688933,-1
1890.43,0.183,-1
1891,0.0135,-1
1891.06,0.01188846,-1
1891.2,0.107,-1
1891.31,0.35985955,-1
1891.36,0.00246736,-1
1891.49,0.04363141,-1
1891.65,0.01526877,-1
1891.95,0.01402415,-1
1892.03,0.04268115,-1
1892.06,0.00240311,-1
1892.21,0.00879586,-1
1892.26,0.01295719,-1
1892.27,0.01204252,-1
1892.43,0.00800911,-1
1892.79,0.05052756,-1
1892.92,3.0617487,-1
1893,0.3494949,-1
1893.22,0.05282006,-1
1893.28,0.01048472,-1
1893.33,0.00058099,-1
1893.5,0.01486221,-1
1893.73,0.02,-1
1893.75,0.17763907,-1
1893.82,0.00515517,-1
1893.89,2.32852076,-1
1893.99,6.62288384,-1
1894.46,0.01329828,-1
1894.72,0.05421187,-1
1895,1.05,-1
1895.06,1.83399768,-1
1895.25,0.00922963,-1
1895.37,0.00173031,-1
1895.87,0.02198565,-1
1896.16,3.12346461,-1
1896.26,0.05326273,-1
1896.31,0.019835,-1
1896.66,0.21490468,-1
1896.99,0.0011842,-1
1897,0.00122298,-1
1897.5,0.6,-1
1897.79,0.10815222,-1
1897.99,4.4944,-1
1898,7.0653755,-1
1898.07,0.00123446,-1
1898.2,0.00261506,-1
1898.27,0.00014038,-1
1898.4,0.0006035,-1
1898.45,0.04131966,-1
1898.5,0.00013168,-1
1898.58,0.00590379,-1
1898.8,0.00963522,-1
1899,40.97024307,-1
1899.11,0.02563042,-1
1899.13,0.0058494,-1
1899.41,3.18786368,-1
1899.51,0.00655283,-1
1899.69,2.9164,-1
1899.81,0.13508192,-1
1899.9,75.75931401,-1
1899.91,0.00531604,-1
1899.99,84.64102,-1
1900,211.65964856,-1
1900.19,0.0020654,-1
1900.23,0.00619924,-1
1900.59,7.15001989,-1
1900.67,0.00289887,-1
1900.8,0.00059926,-1
1900.84,0.35800065,-1
1900.89,0.00726096,-1
1900.98,0.32851736,-1
1900.99,7.9,-1
1901.21,0.01329299,-1
1901.73,0.0128927,-1
1901.88,0.00328037,-1
1902.09,60,-1
1902.16,0.00160167,-1
1902.18,0.107,-1
1902.65,3.25359053,-1
1902.91,1,-1
1903,0.173,-1
1903.02,0.01478789,-1
1903.12,0.34251514,-1
1903.42,0.00420296,-1
1903.46,0.00264357,-1
1903.81,0.02677078,-1
1904,1.18,-1
1904.73,0.18047895,-1
1905.04,0.01005808,-1
1905.31,0.00875548,-1
1905.32,0.014685,-1
1905.5,0.00057779,-1
1905.54,0.00240311,-1
1905.65,0.0039619,-1
1905.9,3.32067252,-1
1906.16,0.01139446,-1
1906.26,0.01680126,-1
1906.52,0.00117828,-1
1906.84,0.00018354,-1
1907,0.25104876,-1
1907.08,0.00013109,-1
1907.12,0.00261506,-1
1907.4,0.00055765,-1
1907.48,0.05384964,-1
1907.76,0.00721839,-1
1907.86,0.12266099,-1
1907.94,0.04111413,-1
1907.99,0.28574798,-1
1908.56,0.00582049,-1
1908.88,0.01309668,-1
1908.9,0.04481637,-1
1908.99,43,-1
1909.14,3.38913759,-1
1909.24,0.0043275,-1
1909.45,0.00916098,-1
1909.7,0.00059992,-1
1909.89,0.35619274,-1
1909.9,0.96331531,-1
1909.99,0.00001,-1
1910,3.03163795,-1
1910.2,0.01128276,-1
1910.23,0.00388958,-1
1910.87,0.01457956,-1
1911,1.0005824,-1
1911.03,0.08084115,-1
1911.11,0.16470418,-1
1911.19,0.01240023,-1
1911.24,0.01282851,-1
1911.35,0.00808842,-1
1912,0.17876569,-1
1912.26,0.00297835,-1
1912.39,3.45901426,-1
1912.58,0.014714,-1
1913,3.56622441,-1
1913.38,0.17657241,-1
1913.53,0.01283662,-1
1913.69,0.42598438,-1
1913.9,3.908,-1
1913.93,0.0145491,-1
1914,2.21,-1
1914.08,0.01247529,-1
1914.16,2,-1
1914.3,0.06727439,-1
1914.7,0.00059032,-1
1914.78,0.02584083,-1
1914.81,0.00871206,-1
1915,0.00289,-1
1915.03,0.01048472,-1
1915.2,0.02138616,-1
1915.49,0.44241024,-1
1915.63,3.53033165,-1
1915.79,0.00542726,-1
1916.03,0.00261506,-1
1916.1,36.00117239,-1
1916.5,5.4075,-1
1917.05,0.00123446,-1
1917.07,0.00411565,-1
1917.23,0.0166648,-1
1917.24,0.10393751,-1
1917.34,0.00664569,-1
1917.35,0.159,-1
1917.48,0.04090958,-1
1917.5,0.0078368,-1
1917.66,2.228,-1
1917.69,0.01031017,-1
1917.74,0.35466315,-1
1917.85,0.02607086,-1
1917.98,0.00590379,-1
1917.99,1.405,-1
1918,3,-1
1918.05,0.00579172,-1
1918.14,0.43115045,-1
1918.18,0.04302428,-1
1918.5,0.00655285,-1
1918.79,0.53418909,-1
1918.81,0.00325143,-1
1918.88,3.60311944,-1
1918.99,12.3,-1
1919,14.34270559,-1
1919.59,0.69567566,-1
1919.63,0.00262132,-1
1919.64,0.0000185,-1
1919.99,10.09941,-1
1920,3.72642178,-1
1920.06,0.01465249,-1
1920.26,0.84572247,-1
1920.32,0.05348942,-1
1920.52,0.1,-1
1920.66,0.02628216,-1
1920.8,0.01276469,-1
1921.01,0.21134755,-1
1921.07,0.21342344,-1
1921.11,1,-1
1921.14,0.0507,-1
1921.5,0.00057922,-1
1921.55,0.00204244,-1
1921.89,2.1,-1
1922.04,0.00019771,-1
1922.12,3.67740795,-1
1922.19,0.01464045,-1
1922.25,0.00480685,-1
1922.4,0.00059253,-1
1922.82,0.00197542,-1
1923.48,0.00256642,-1
1923.6,0.00231458,-1
1923.75,0.00909287,-1
1924,0.56511281,-1
1924.05,0.00104986,-1
1924.09,0.01025725,-1
1924.28,0.02677078,-1
1924.35,0.00866888,-1
1924.4,0.00056,-1
1924.41,1.80602506,-1
1924.59,1.4,-1
1924.75,0.05741145,-1
1924.94,0.00261506,-1
1924.99,19.907,-1
1925,11.87350526,-1
1925.24,7.3693,-1
1925.37,3.75322814,-1
1925.46,0.26628717,-1
1925.72,5.01316751,-1
1925.74,0.00240311,-1
1926,18.13411214,-1
1926.1,0.00057161,-1
1926.17,0.29916306,-1
1926.35,0.01494644,-1
1926.42,0.00334713,-1
1926.47,0.35295684,-1
1926.72,0.00726096,-1
1926.96,0.00998645,-1
1927.07,0.04070599,-1
1927.08,0.15984139,-1
1927.27,0.1,-1
1927.57,0.00576311,-1
1927.67,0.00014038,-1
1927.8,0.00055694,-1
1928,6.40836254,-1
1928.18,0.00231458,-1
1928.59,0.05185135,-1
1928.61,3.83061157,-1
1928.76,0.01020842,-1
1928.99,9.4437,-1
1929,2.4,-1
1929.29,0.0012,-1
1929.32,0.05183173,-1
1929.7,0.0054,-1
1929.75,0.00173031,-1
1929.9,8.92,-1
1929.98,0.01515695,-1
1929.99,0.00001,-1
1930,2.73552662,-1
1930.3,0.01276857,-1
1930.41,0.22682594,-1
1930.46,0.00816852,-1
1930.5,0.5,-1
1930.58,0.02605405,-1
1931,5.1,-1
1931.04,0.01658566,-1
1931.31,0.12117163,-1
1931.39,0.00056954,-1
1931.84,0.01456725,-1
1931.86,3.90959049,-1
1931.9,0.00517625,-1
1932.3,0.00059291,-1
1932.31,0.00881426,-1
1932.46,0.00240311,-1
1932.48,0.25873488,-1
1932.5,27.262,-1
1932.76,0.17277121,-1
1932.78,0.00231458,-1
1932.91,0.00515517,-1
1932.98,0.00289887,-1
1933,2.25,-1
1933.03,0.20848309,-1
1933.14,0.014685,-1
1933.24,0.05313176,-1
1933.36,2,-1
1933.5,0.79065772,-1
1933.86,0.00261506,-1
1933.94,0.0086259,-1
1934,0.21227928,-1
1934.15,0.00146389,-1
1934.29,0.04151212,-1
1934.59,24.717,-1
1934.83,0.02492239,-1
1934.95,0.0360976,-1
1934.99,8.01083655,-1
1935,13.78552621,-1
1935.1,3.99019777,-1
1935.26,0.08512551,-1
1935.4,0.0011607,-1
1935.67,0.01345802,-1
1935.84,0.00287326,-1
1935.89,0.00322274,-1
1935.91,0.00859728,-1
1935.92,0.00259925,-1
1935.95,0.00104341,-1
1935.99,2.594,-1
1936,2.4178,-1
1936.16,0.157,-1
1936.22,0.00123446,-1
1936.27,0.01139446,-1
1936.36,0.35142016,-1
1936.71,0.04050338,-1
1936.88,0.10288359,-1
1937,1.02994321,-1
1937.02,0.01048472,-1
1937.06,0.03917364,-1
1937.14,0.00573463,-1
1937.36,0.00231458,-1
1937.37,1.03752509,-1
1937.39,0.00466607,-1
1937.58,0.00590379,-1
1937.69,0.00655283,-1
1938,0.03197368,-1
1938.16,0.00902528,-1
1938.35,4.07246701,-1
1938.38,0.02,-1
1938.4,2.643,-1
1938.6,2.26297327,-1
1939,12.03825705,-1
1939.2,0.00384035,-1
1939.37,0.00360941,-1
1939.4,0.019394,-1
1939.7,0.00314968,-1
1939.87,0.0493013,-1
1939.9,7.7633,-1
1939.99,7.70002,-1
1940,33.21213802,-1
1940.05,0.01263801,-1
1940.2,0.00018039,-1
1940.28,0.08084115,-1
1940.33,0.00104106,-1
1940.68,0.00794023,-1
1940.69,0.07729203,-1
1940.83,9.685,-1
1940.94,0.34057919,-1
1941.26,0.26976517,-1
1941.41,0.02163378,-1
1941.5,0.6,-1
1941.55,0.0144944,-1
1941.59,4.15643246,-1
1941.8,26.30883201,-1
1941.96,0.00231458,-1
1942,1.25,-1
1942.5,0.00058584,-1
1942.77,0.00261506,-1
1942.79,0.00233684,-1
1942.93,0.01303594,-1
1943,1.26086463,-1
1943.14,0.00201974,-1
1943.41,0.0031994,-1
1943.56,0.00858317,-1
1943.99,5.31,-1
1944,0.73683203,-1
1944.25,0.00103896,-1
1944.4,0.000245,-1
1944.43,0.00103886,-1
1944.56,0.34990948,-1
1944.84,4.24212909,-1
1944.97,0.02677078,-1
1945,0.2405017,-1
1945.16,0.157,-1
1945.25,0.04242563,-1
1945.57,0.00258277,-1
1945.85,0.94266591,-1
1945.9,3.205,-1
1945.94,0.00240311,-1
1946,1.04380988,-1
1946.15,0.08,-1
1946.26,0.05277668,-1
1946.36,0.24252869,-1
1946.38,0.03934,-1
1946.39,0.04030194,-1
1946.51,0.02627586,-1
1946.53,1.49,-1
1946.54,0.00231458,-1
1946.7,0.00055961,-1
1946.76,0.00570628,-1
1946.82,0.00012841,-1
1947.38,0.53739383,-1
1947.8,0.183,-1
1947.84,0.00257592,-1
1948.08,4.3295926,-1
1948.14,0.0036,-1
1948.2,0.0005537,-1
1948.37,0.02020201,-1
1948.45,0.03504923,-1
1948.6,0.51318895,-1
1948.7,0.5,-1
1949,4.562,-1
1949.02,0.51307836,-1
1949.23,0.35911616,-1
1949.3,0.00146389,-1
1949.43,0.00012824,-1
1949.58,0.00012823,-1
1949.76,0.0125751,-1
1949.88,1,-1
1949.99,5.25151255,-1
1950,541.2883995,-1
1950.1,0.0078368,-1
1950.41,0.00516555,-1
1950.68,0.02563212,-1
1950.7,0.00056391,-1
1950.75,0.00257592,-1
1950.87,0.00256295,-1
1951,3.3,-1
1951.14,0.00231458,-1
1951.22,0.66517585,-1
1951.3,0.01442197,-1
1951.33,4.41885942,-1
1951.67,0.00261506,-1
1951.96,0.04901,-1
1952,0.283,-1
1952.35,0.00257737,-1
1952.46,0.06595951,-1
1952.47,0.34834713,-1
1952.49,9.0397,-1
1952.5,0.6,-1
1952.55,0.00726096,-1
1952.66,0.21375946,-1
1952.67,0.00895818,-1
1952.78,0.17603768,-1
1952.99,21.6,-1
1953.13,0.0031943,-1
1953.25,0.00854059,-1
1954,5.27002557,-1
1954.21,1.77848157,-1
1954.57,4.50996673,-1
1954.66,0.00623694,-1
1954.9,0.00058605,-1
1955,12.99797212,-1
1955.06,0.11969965,-1
1955.25,0.00774833,-1
1955.52,0.1,-1
1955.58,0.00123446,-1
1955.6,0.00515185,-1
1955.72,0.00231458,-1
1955.84,0.00261524,-1
1955.88,0.00017894,-1
1955.94,0.008947,-1
1956.12,0.04010148,-1
1956.14,0.01637284,-1
1956.29,0.01844352,-1
1956.44,0.00567807,-1
1956.72,0.10184023,-1
1956.88,0.00149453,-1
1957.07,0.01632563,-1
1957.38,0.00590379,-1
1957.52,0.00014038,-1
1957.6,0.05108295,-1
1957.7,0.0053,-1
1957.82,4.60295247,-1
1958,0.4,-1
1958.54,0.156,-1
1958.9,10,-1
1959,0.02644047,-1
1959.11,5.1043349,-1
1959.27,0.01048472,-1
1959.36,0.05242362,-1
1959.4,0.50241155,-1
1959.51,0.01251254,-1
1959.56,0.2246,-1
1959.59,0.00651191,-1
1959.99,0.00002,-1
1960,0.02879875,-1
1960.09,0.00619866,-1
1960.32,0.00231458,-1
1960.46,0.00772777,-1
1960.59,0.00261506,-1
1961.06,4.69785538,-1
1961.11,0.01434989,-1
1961.31,0.02628216,-1
1961.58,0.0043688,-1
1961.81,0.0001937,-1
1961.84,0.003211,-1
1961.85,0.21069407,-1
1961.95,0.00270987,-1
1961.98,0.014685,-1
1962.18,0.0025571,-1
1962.3,0.0000185,-1
1962.39,10.4,-1
1962.57,0.02648931,-1
1962.89,0.01097988,-1
1962.92,0.34629976,-1
1962.99,0.00849825,-1
1963,4,-1
1963.06,0.00299464,-1
1963.37,0.02086146,-1
1963.5,0.00059261,-1
1963.68,0.0121602,-1
1963.79,0.05645038,-1
1963.85,0.0043275,-1
1963.91,0.20542739,-1
1963.94,0.04466846,-1
1963.99,7.74,-1
1964,2.3052,-1
1964.13,0.00173031,-1
1964.22,0.01669921,-1
1964.29,0.01240651,-1
1964.31,4.79471498,-1
1964.45,0.00146389,-1
1964.9,0.00231458,-1
1964.97,0.0019973,-1
1965,9.35385375,-1
1965.01,0.43126103,-1
1965.11,0.0025571,-1
1965.31,0.00618221,-1
1965.6,0.00060284,-1
1965.84,0.00289887,-1
1965.88,0.02677078,-1
1965.9,0.03990198,-1
1966,1.18010407,-1
1966.14,0.00240311,-1
1966.15,0.00565001,-1
1966.2,0.00058268,-1
1966.36,0.01139446,-1
1966.67,0.01219523,-1
1966.76,0.75663745,-1
1966.93,0.33607855,-1
1966.95,0.0001271,-1
1967.27,0.00012708,-1
1967.3,0.00946924,-1
1967.55,4.89357162,-1
1967.58,0.155,-1
1968.3,1.21334913,-1
1968.46,0.00050801,-1
1968.6,0.00056891,-1
1968.92,0.00255569,-1
1969,4.4,-1
1969.1,0.05818519,-1
1969.3,0.01245029,-1
1969.5,0.0078029,-1
1969.97,0.08084115,-1
1970,5.7525507,-1
1970.21,0.01141388,-1
1970.52,0.00316611,-1
1970.63,0.00027909,-1
1970.72,0.1,-1
1970.8,4.99446647,-1
1970.9,24.1,-1
1970.96,0.01427815,-1
1971.44,0.01132915,-1
1971.53,0.34505433,-1
1971.74,0.02130096,-1
1971.9,3.46700973,-1
1972,36.07557809,-1
1972.13,0.01496897,-1
1972.2,0.02559527,-1
1972.31,0.20848309,-1
1972.55,0.05207312,-1
1972.7,0.04183523,-1
1972.76,0.00845616,-1
1972.8,0.00515517,-1
1972.86,0.00240311,-1
1972.87,0.02953924,-1
1973.01,0.00961432,-1
1973.92,0.00873425,-1
1974,0.86852654,-1
1974.04,5.09744155,-1
1974.1,0.00231458,-1
1974.15,0.01261972,-1
1974.55,0.00102301,-1
1974.56,0.08159835,-1
1974.61,0.00129138,-1
1974.7,9.52,-1
1974.72,0.05504122,-1
1974.89,0.0076713,-1
1975,17.52019038,-1
1975.14,0.00123446,-1
1975.73,0.03970345,-1
1975.74,0.00012653,-1
1975.85,0.000535,-1
1975.89,0.2,-1
1975.9,12.48020476,-1
1975.92,0.00562209,-1
1976,0.32438341,-1
1976.35,0.01452215,-1
1976.4,0.00059955,-1
1976.77,0.10080744,-1
1976.84,0.00861568,-1
1977,0.5060698,-1
1977.08,0.00256061,-1
1977.17,0.00590379,-1
1977.29,5.20253975,-1
1977.4,0.00061649,-1
1977.79,1.37,-1
1977.89,0.857,-1
1977.95,6.8302,-1
1978,3.75,-1
1978.22,1.34593868,-1
1978.29,0.01280027,-1
1978.38,0.00726096,-1
1978.41,0.00261506,-1
1978.68,0.00231458,-1
1978.77,0.02671074,-1
1979,0.00907023,-1
1979.09,0.11824626,-1
1979.15,0.01238834,-1
1979.6,0.00524488,-1
1979.78,0.00613704,-1
1979.87,0.00128796,-1
1979.99,0.21104691,-1
1980,22.91225341,-1
1980.53,5.30980485,-1
1980.56,0.14769553,-1
1980.64,0.00840312,-1
1980.86,0.01420677,-1
1981,0.14150338,-1
1981.49,6.6,-1
1981.57,0.01616272,-1
1981.62,0.00314968,-1
1981.63,0.00061518,-1
1981.77,0.01048472,-1
1981.87,0.14962131,-1
1981.96,0.01406304,-1
1982,0.003233,-1
1982.04,0.00882548,-1
1982.1,0.34330828,-1
1982.15,6,-1
1982.5,0.018972,-1
1982.59,0.00841422,-1
1982.8,0.04049649,-1
1982.99,1.131,-1
1983,0.797,-1
1983.04,1.0243166,-1
1983.25,0.0078368,-1
1983.28,0.00231458,-1
1983.45,0.03521483,-1
1983.77,0.06553179,-1
1983.78,5.41928152,-1
1984,40.83913938,-1
1984.09,0.02,-1
1984.48,1.75135764,-1
1984.5,0.00057344,-1
1984.53,0.03028929,-1
1984.95,28,-1
1984.98,0.02081138,-1
1985,1.2,-1
1985.02,32.38,-1
1985.45,0.00141025,-1
1985.5,0.5,-1
1985.61,0.03950589,-1
1985.63,0.00253418,-1
1985.72,0.00559433,-1
1985.74,1.9256,-1
1985.82,0.05172492,-1
1985.83,0.02754012,-1
1986,0.0128,-1
1986.34,0.00527637,-1
1986.71,0.153,-1
1987,0.0202315,-1
1987.02,5.55778615,-1
1987.05,0.00197511,-1
1987.06,0.0503256,-1
1987.18,0.00129474,-1
1987.33,0.00261506,-1
1987.65,0.34214826,-1
1987.83,0.00014038,-1
1987.86,0.00231458,-1
1987.9,0.00112803,-1
1988,1.98183098,-1
1988.02,4,-1
1988.07,0.00313816,-1
1988.1,0.04810521,-1
1988.8,0.00057606,-1
1988.82,0.00014754,-1
1989,13.83921468,-1
1989.05,0.01232669,-1
1989.56,1,-1
1989.76,0.56727683,-1
1989.91,0.00055279,-1
1990,36.27802625,-1
1990.1,0.00017587,-1
1990.52,0.1,-1
1990.82,0.01413573,-1
1991,8.0477,-1
1991.39,0.06467008,-1
1991.88,0.014685,-1
1991.94,0.20848309,-1
1992,1,-1
1992.31,0.08,-1
1992.34,0.00637878,-1
1992.46,0.0106871,-1
1992.55,0.6699686,-1
1992.69,6,-1
1992.99,53,-1
1993,0.01839438,-1
1993.06,0.00240311,-1
1993.13,0.32744724,-1
1993.26,0.33163836,-1
1993.51,5.76144169,-1
1994,0.32917089,-1
1994.19,8.26298742,-1
1994.44,0.00127855,-1
1994.48,0.00059032,-1
1994.75,2.00503715,-1
1994.89,0.00123446,-1
1995,28.01848849,-1
1995.54,0.03930931,-1
1995.59,0.00556667,-1
1995.65,0.00197542,-1
1996.07,0.153,-1
1996.15,0.34077616,-1
1996.23,0.00261506,-1
1996.76,5.88023013,-1
1996.88,0.00875987,-1
1996.92,0.01139446,-1
1997,2.892,-1
1997.02,0.0997852,-1
1997.04,0.00231458,-1
1997.16,0.00590379,-1
1997.18,0.001205,-1
1997.2,0.01490829,-1
1997.73,0.01599329,-1
1998,9.50761695,-1
1998.51,0.00173031,-1
1998.62,0.12065601,-1
1998.99,0.01821536,-1
1999,27.5056218,-1
1999.19,0.05137927,-1
1999.26,0.00289887,-1
1999.4,0.00023,-1
1999.8,0.00240311,-1
1999.81,0.05843151,-1
1999.9,56.1574,-1
1999.99,19.44246175,-1
2000,1193.3672752,-1
2000.11,0.08084115,-1
2000.22,1,-1
2000.81,1.04033366,-1
2000.82,0.01406503,-1
2001.45,0.00060383,-1
2001.64,0.00231458,-1
2002.05,0.17170563,-1
2002.08,0.02097821,-1
2002.39,0.00833103,-1
2002.48,0.00251285,-1
2003,2.9,-1
2003.15,0.05541272,-1
2003.16,0.00287326,-1
2003.18,0.05564652,-1
2003.42,0.11681025,-1
2004,0.76236619,-1
2004.21,0.00726096,-1
2004.53,0.01048472,-1
2004.85,0.00129474,-1
2004.89,11.28,-1
2004.96,0.0000185,-1
2005,10.53190211,-1
2005.14,0.00261506,-1
2005.23,0.00117552,-1
2005.26,0.00773217,-1
2005.35,0.152,-1
2005.49,0.00553917,-1
2005.5,0.00059324,-1
2005.52,0.03891905,-1
2005.56,0.33909173,-1
2005.77,0.00311047,-1
2005.9,4.5,-1
2006,0.25364074,-1
2006.22,0.00231458,-1
2006.54,0.00240311,-1
2006.69,20.688,-1
2006.91,0.183,-1
2006.99,5.06,-1
2007,2.825,-1
2007.33,0.01595531,-1
2007.44,0.01609112,-1
2008,0.85554756,-1
2008.39,0.02677078,-1
2008.4,0.00018921,-1
2008.5,0.00111646,-1
2008.7,0.00017424,-1
2008.88,2.64,-1
2008.99,9.29420435,-1
2009,15.95525136,-1
2009.2,0.00275647,-1
2009.38,0.00195316,-1
2009.4,0.00056261,-1
2009.57,0.0001244,-1
2009.81,0.00054732,-1
2009.9,0.00146389,-1
2009.99,8.27155275,-1
2010,17.22995116,-1
2010.01,0.00000001,-1
2010.13,0.00604436,-1
2010.41,0.04845359,-1
2010.82,0.00231458,-1
2010.87,0.01399476,-1
2011,6.11,-1
2011.31,0.0050216,-1
2011.4,0.00056959,-1
2011.59,0.20848309,-1
2011.67,0.01480414,-1
2011.84,0.00869475,-1
2012.37,0.00828969,-1
2012.65,0.05103566,-1
2012.75,0.02034959,-1
2012.87,0.13413672,-1
2013.03,1.59367535,-1
2013.06,0.0044708,-1
2013.26,0.00240311,-1
2013.34,0.08457649,-1
2013.52,0.00515517,-1
2013.56,0.00012416,-1
2013.89,0.01538291,-1
2014.06,0.00261506,-1
2014.4,0.02359848,-1
2014.56,0.01185303,-1
2014.6,11.1066,-1
2014.61,0.00646775,-1
2014.83,0.04723114,-1
2014.84,0.00123446,-1
2015,0.04466823,-1
2015.22,1.72464422,-1
2015.4,0.00231458,-1
2015.45,0.00551181,-1
2015.46,0.33752826,-1
2015.48,0.13055736,-1
2015.55,0.04300172,-1
2015.94,0.00602694,-1
2016,0.92434474,-1
2016.36,0.151,-1
2016.78,2,-1
2016.96,0.05741636,-1
2017.03,0.01068514,-1
2017.32,0.00531893,-1
2017.35,0.00590379,-1
2017.47,0.09877352,-1
2017.5,0.00374225,-1
2017.81,0.00602137,-1
2017.93,0.07706208,-1
2018,0.003312,-1
2018.47,0.0043275,-1
2018.62,0.00014038,-1
2018.99,0.50676811,-1
2019.04,0.0121436,-1
2019.48,0.00249171,-1
2019.6,0.00061035,-1
2019.95,0.32725681,-1
2019.99,31.60002,-1
2020,3.65255197,-1
2020.48,1.46290804,-1
2020.77,0.04948608,-1
2020.81,1,-1
2020.98,0.01392476,-1
2021,0.00791687,-1
2021.76,0.014685,-1
2022,2.051,-1
2022.03,0.24673224,-1
2022.09,6.67499587,-1
2022.22,0.16470418,-1
2022.39,0.00824863,-1
2022.41,0.00842158,-1
2022.52,0.00129474,-1
2022.64,0.00600699,-1
2022.65,0.00749014,-1
2022.8,0.00498069,-1
2022.97,0.00261506,-1
2023.07,0.76306364,-1
2023.39,0.008649,-1
2023.54,0.00314968,-1
2023.6,0.0051,-1
2023.63,0.00308302,-1
2023.66,0.22731091,-1
2023.87,0.02470514,-1
2024,0.20098814,-1
2024.02,0.00748506,-1
2024.23,0.01586742,-1
2024.3,6.33593851,-1
2024.93,0.00017284,-1
2024.96,10.42936975,-1
2025,5.3438928,-1
2025.02,0.00125924,-1
2025.05,0.00246139,-1
2025.15,0.00576747,-1
2025.31,0.00062847,-1
2025.46,0.00548457,-1
2025.52,0.1,-1
2025.6,0.018569,-1
2025.63,0.04321659,-1
2026,0.003635,-1
2026.07,0.0037,-1
2026.19,0.05069435,-1
2026.22,13.0639,-1
2026.35,0.01412128,-1
2026.4,0.00821337,-1
2026.5,0.00062759,-1
2026.83,0.15,-1
2026.9,0.00863011,-1
2027,5.98570749,-1
2027.27,0.02466371,-1
2027.34,2.647,-1
2027.55,0.01048472,-1
2027.66,0.00599211,-1
2027.82,0.00747104,-1
2027.97,0.01139446,-1
2028.05,0.11539163,-1
2028.11,1,-1
2029,0.18604651,-1
2029.03,0.00598805,-1
2029.1,0.00108669,-1
2029.13,0.01208322,-1
2029.8,0.00054405,-1
2029.91,0.0005419,-1
2029.96,0.0096061,-1
2029.98,0.02677078,-1
2029.99,5.3,-1
2030,3.55061983,-1
2030.04,0.00726096,-1
2030.72,0.08084115,-1
2030.88,0.02125561,-1
2030.9,24.57,-1
2031,0.004,-1
2031.08,0.06340608,-1
2031.12,14.0375,-1
2031.13,0.6003366,-1
2031.22,0.20848309,-1
2031.36,0.01154399,-1
2031.58,0.00542726,-1
2031.82,0.00035974,-1
2031.88,0.00261506,-1
2031.96,0.00193146,-1
2032.43,0.0237256,-1
2032.45,0.33472222,-1
2032.47,0.00820773,-1
2032.49,6.403,-1
2032.53,0.03950569,-1
2032.75,0.00125445,-1
2032.8,0.0006035,-1
2032.84,0.00597683,-1
2032.9,0.00173031,-1
2033,5.93190622,-1
2033.09,0.01354592,-1
2033.17,0.03435381,-1
2033.21,0.04919314,-1
2033.25,0.00289887,-1
2033.43,0.01575052,-1
2033.69,0.0006884,-1
2033.95,5,-1
2033.99,12.37,-1
2034,1.00056326,-1
2034.15,0.00179648,-1
2034.47,0.24558251,-1
2034.98,0.00123446,-1
2035,1.01228501,-1
2035.52,0.00545747,-1
2035.76,0.04343266,-1
2036,0.68112325,-1
2036.63,0.00247073,-1
2036.69,0.01206036,-1
2036.81,0.299,-1
2036.84,0.00287326,-1
2037,0.166764,-1
2037.54,0.04693798,-1
2037.62,0.00125145,-1
2037.75,0.00590379,-1
2037.99,33.29159548,-1
2038,2.650553,-1
2038.04,0.0059616,-1
2038.14,0.09777189,-1
2038.16,0.08891819,-1
2038.46,0.08,-1
2038.72,0.0216,-1
2038.77,0.12965104,-1
2039.23,0.01566778,-1
2039.28,0.01202307,-1
2039.45,0.02452131,-1
2039.83,1.21418316,-1
2039.89,5,-1
2039.99,8.93002,-1
2040,19.53711115,-1
2040.01,0.00000001,-1
2040.02,0.86963853,-1
2040.19,0.01253955,-1
2040.2,0.00413651,-1
2040.5,0.5,-1
2040.8,0.00261506,-1
2040.85,0.07615372,-1
2041.2,0.00060389,-1
2041.34,0.01378589,-1
2041.6,0.33315603,-1
2041.64,0.00305581,-1
2042,1.13705582,-1
2042.09,0.00856592,-1
2042.33,0.2,-1
2042.49,0.01521694,-1
2042.6,0.00816703,-1
2042.68,0.00124835,-1
2042.72,0.09790867,-1
2042.75,4.39,-1
2042.81,0.02774355,-1
2043,0.0160179,-1
2043.03,0.12903606,-1
2043.16,0.04687702,-1
2043.37,0.24921379,-1
2043.54,0.48885757,-1
2043.84,0.00017124,-1
2044,0.08806262,-1
2044.03,0.1528647,-1
2044.06,0.00124751,-1
2044.32,0.52139097,-1
2044.71,0.00110529,-1
2044.9,0.00059992,-1
2045,7.19779951,-1
2045.08,2.39415332,-1
2045.25,0.00098765,-1
2045.63,0.0054305,-1
2045.89,0.0367,-1
2045.94,0.04364994,-1
2046,0.003747,-1
2046.26,3.648,-1
2046.35,0.00178577,-1
2046.43,1.69834132,-1
2046.64,0.00065961,-1
2046.99,20.94734106,-1
2047,0.82293226,-1
2047.04,0.298,-1
2047.3,0.04884482,-1
2047.5,0.00062116,-1
2047.55,0.00501699,-1
2047.62,0.0000185,-1
2047.9,0.00124517,-1
2048,76,-1
2048.01,5,-1
2048.19,23.629,-1
2048.62,3.4,-1
2049,9.68336293,-1
2049.1,0.00035177,-1
2049.32,0.00496581,-1
2049.48,0.01196323,-1
2049.53,0.02560097,-1
2049.7,0.00369083,-1
2049.86,0.33173127,-1
2049.88,0.00014038,-1
2050,58.67802136,-1
2050.01,0.00000001,-1
2050.02,0.01319235,-1
2050.2,0.00054626,-1
2050.48,0.19706666,-1
2050.7,10.4,-1
2050.84,0.01048472,-1
2050.87,0.20848309,-1
2050.95,0.00230624,-1
2050.99,5.9,-1
2051,2.95,-1
2051.25,0.0078368,-1
2051.59,0.013717,-1
2051.64,0.014685,-1
2051.8,0.02677078,-1
2052,0.11158869,-1
2052.56,0.16748007,-1
2052.78,0.00812653,-1
2052.97,0.02564756,-1
2052.99,0.11398983,-1
2053,5.4502,-1
2053.13,0.001242,-1
2053.49,4.7569,-1
2053.56,0.05001887,-1
2053.66,0.00287326,-1
2053.91,0.00244993,-1
2053.94,0.0367,-1
2053.99,3.74,-1
2054,14.003957,-1
2054.01,0.05243041,-1
2054.29,3.619,-1
2054.48,0.00072037,-1
2054.57,2.0002229,-1
2054.8,0.00190999,-1
2054.97,0.34793108,-1
2054.99,3.34,-1
2055,0.09790754,-1
2055.08,0.00515517,-1
2055.12,0.00012165,-1
2055.35,0.00146389,-1
2055.72,0.00122098,-1
2055.79,0.00540366,-1
2055.87,0.00726096,-1
2056,0.10795881,-1
2056.17,0.04386817,-1
2056.49,7.68072939,-1
2056.6,0.00055707,-1
2057.39,0.00850225,-1
2057.46,0.0045,-1
2057.54,1,-1
2057.88,0.00129474,-1
2058,5.8639712,-1
2058.09,0.00620027,-1
2058.35,0.00261524,-1
2058.36,0.00590379,-1
2058.37,0.296,-1
2058.41,0.0045,-1
2058.49,0.01319931,-1
2058.62,0.00261506,-1
2058.63,0.00177512,-1
2058.84,14.37389575,-1
2059,48.93011741,-1
2059.02,0.09678032,-1
2059.17,0.33018643,-1
2059.23,1.65765561,-1
2059.48,0.01139446,-1
2059.51,0.04855523,-1
2059.55,0.0007186,-1
2059.59,3.954,-1
2059.72,0.01190375,-1
2059.82,0.00302884,-1
2059.86,0.01554842,-1
2059.93,0.0045,-1
2059.99,0.00001,-1
2060,1.93442211,-1
2060.01,0.00000001,-1
2060.36,0.00016987,-1
2060.52,0.1,-1
2060.9,5.97,-1
2061.8,0.08084115,-1
2061.9,0.0136484,-1
2062,0.04688428,-1
2062.08,1.05002785,-1
2062.41,0.02473203,-1
2062.49,0.01112684,-1
2062.65,0.00072237,-1
2062.68,26.86805104,-1
2062.7,19.85375705,-1
2062.79,10.1,-1
2062.8,0.00062163,-1
2062.98,0.0045,-1
2063,0.26993686,-1
2063.39,0.01985021,-1
2063.91,0.0045,-1
2064,0.01065891,-1
2064.51,0.00259141,-1
2064.67,10,-1
2065,0.53942229,-1
2065.45,0.00314968,-1
2065.49,0.03873172,-1
2065.97,0.49248686,-1
2066,0.01650957,-1
2066.46,0.04408735,-1
2066.51,0.0003488,-1
2066.77,0.01155365,-1
2066.99,0.008918,-1
2067,2.001,-1
2067.03,0.00732933,-1
2067.2,0.0055,-1
2067.28,0.00173031,-1
2067.34,0.00613247,-1
2067.39,0.04968445,-1
2067.53,0.00261506,-1
2067.64,0.00498151,-1
2067.81,0.185949,-1
2067.9,0.00055403,-1
2068,0.02182784,-1
2068.17,0.00220217,-1
2068.24,0.32891321,-1
2068.49,0.00197542,-1
2068.5,0.00060133,-1
2068.61,0.03873426,-1
2068.7,0.018182,-1
2069,0.06914809,-1
2069.02,0.01720985,-1
2069.1,0.00059291,-1
2069.21,0.00496581,-1
2069.45,2.6911,-1
2069.82,0.02657235,-1
2070,0.798558,-1
2070.01,0.24600275,-1
2070.02,0.01184451,-1
2070.05,0.0367,-1
2070.3,0.0010885,-1
2070.39,1.78136854,-1
2070.5,0.71282024,-1
2070.6,0.00055371,-1
2070.61,15.93734096,-1
2070.92,0.06251462,-1
2070.98,0.00176453,-1
2070.99,22.956,-1
2071,0.31361,-1
2071.02,0.19542127,-1
2071.05,0.008961,-1
2071.35,0.00242931,-1
2071.44,0.11372698,-1
2071.67,0.04231103,-1
2072,0.003794,-1
2072.15,0.00586346,-1
2072.26,0.01358021,-1
2072.34,31.8,-1
2072.67,0.01039832,-1
2072.7,0.00024123,-1
2072.79,0.00843906,-1
2073,14.90561505,-1
2073.08,0.009023,-1
2073.09,0.0043275,-1
2073.22,0.0080279,-1
2073.28,0.00804617,-1
2073.86,0.02677078,-1
2073.99,8.251,-1
2074,0.01701542,-1
2074.38,0.00177314,-1
2074.39,0.01048472,-1
2074.4,0.31866632,-1
2074.44,0.00495194,-1
2074.97,0.00166071,-1
2075,78.04067524,-1
2075.11,0.009086,-1
2075.13,0.294,-1
2075.4,0.15,-1
2075.55,0.00226797,-1
2075.59,16.55,-1
2075.83,0.01407652,-1
2076.26,0.00535038,-1
2076.35,0.01374195,-1
2076.44,0.00261506,-1
2076.69,0.48153552,-1
2076.71,0.00948612,-1
2076.8,0.04430799,-1
2077,0.008497,-1
2077.14,0.009069,-1
2077.17,0.15,-1
2077.28,0.00240699,-1
2077.59,0.00059032,-1
2077.65,0.00241859,-1
2077.8,0.32741346,-1
2077.86,0.00484871,-1
2077.9,0.00188876,-1
2078,8.0743,-1
2078.05,0.00729047,-1
2078.08,0.00400243,-1
2078.11,0.08482064,-1
2078.12,1.67244013,-1
2078.17,0.00300211,-1
2078.23,0.11260543,-1
2078.77,0.02,-1
2079,0.48581048,-1
2079.17,0.01487779,-1
2079.44,0.00484503,-1
2079.5,0.0376,-1
2079.54,0.00018273,-1
2079.6,0.0001683,-1
2079.63,0.01511671,-1
2079.88,0.00026924,-1
2079.89,0.09580913,-1
2079.9,15.373,-1
2079.99,0.00001,-1
2080,40.71639968,-1
2080.01,0.00000001,-1
2080.38,0.01178557,-1
2080.43,0.00018265,-1
2080.49,0.02521997,-1
2080.6,0.00400243,-1
2081,0.003378,-1
2081.2,0.009035,-1
2081.23,0.19794757,-1
2081.3,0.04935208,-1
2081.32,0.00898,-1
2081.6,0.01534893,-1
2081.61,0.00014038,-1
2081.7,0.00726096,-1
2081.79,0.00401794,-1
2082.37,0.03331175,-1
2082.56,0.014685,-1
2082.67,0.0135123,-1
2082.82,0.00483718,-1
2082.99,7.04,-1
2083.02,0.00727307,-1
2083.07,0.02314888,-1
2083.19,0.00583237,-1
2083.23,0.008941,-1
2083.36,0.008962,-1
2083.41,0.00175401,-1
2083.49,0.03853929,-1
2083.61,0.30800627,-1
2083.68,0.00018237,-1
2084,0.058,-1
2084.08,0.00034586,-1
2084.09,3.26,-1
2084.13,0.0335138,-1
2084.38,0.00050393,-1
2084.4,0.00066573,-1
2084.6,0.00726754,-1
2084.81,0.073745,-1
2085,29.15382276,-1
2085.08,0.23873307,-1
2085.26,0.008923,-1
2085.36,0.00261506,-1
2085.4,0.008946,-1
2085.65,0.00146389,-1
2085.77,0.292,-1
2086,6.74404515,-1
2086.12,0.0078368,-1
2086.35,0.00053682,-1
2086.49,0.14994167,-1
2086.57,0.00532394,-1
2086.64,0.01534887,-1
2087,0.16937709,-1
2087.19,0.04452932,-1
2087.29,0.008907,-1
2087.34,0.00287326,-1
2087.39,0.06477946,-1
2087.45,0.00907,-1
2087.5,0.00122155,-1
2087.99,0.00725577,-1
2088.18,0.00581846,-1
2088.22,0.04579888,-1
2088.32,0.00837631,-1
2088.73,10.03,-1
2088.77,0.00401794,-1
2088.9,38.1,-1
2088.93,0.00240886,-1
2089,5.04252888,-1
2089.11,0.00496581,-1
2089.32,0.00889,-1
2089.49,0.009055,-1
2089.5,0.0005822,-1
2089.72,0.00018184,-1
2089.76,0.00581403,-1
2089.81,4.6917,-1
2089.9,3.272,-1
2089.99,6.21841068,-1
2090,36.86367296,-1
2090.01,0.00000001,-1
2090.28,0.0000185,-1
2090.49,0.03,-1
2090.5,0.00054804,-1
2090.69,0.23899222,-1
2090.78,0.01172693,-1
2090.83,0.00837,-1
2090.9,0.00107175,-1
2090.99,9.7,-1
2091,14.33111373,-1
2091.35,0.008873,-1
2091.49,0.01139446,-1
2091.54,0.009037,-1
2091.75,0.00507817,-1
2092.1,0.00121887,-1
2092.3,0.00741051,-1
2092.55,0.00896035,-1
2092.69,0.15256894,-1
2092.86,0.2065086,-1
2093.14,0.01344474,-1
2093.16,0.00580461,-1
2093.22,0.00129474,-1
2093.3,0.00058605,-1
2093.34,0.00109394,-1
2093.35,0.08084115,-1
2093.38,0.008934,-1
2093.58,0.00902,-1
2093.82,0.32981161,-1
2093.98,0.00796661,-1
2094,2.65,-1
2094.27,0.00261506,-1
2094.4,0.000124,-1
2094.95,0.00480917,-1
2095,22.004608,-1
2095.19,3.199,-1
2095.31,0.04902224,-1
2095.41,0.008764,-1
2095.52,0.1,-1
2095.58,0.00072533,-1
2095.63,0.009004,-1
2095.74,0.03882491,-1
2095.75,0.00096385,-1
2095.88,0.00507817,-1
2095.91,0.00174354,-1
2096,0.964336,-1
2096.16,0.02677078,-1
2096.25,0.19337403,-1
2096.42,0.00016695,-1
2096.64,0.29,-1
2096.67,0.00297561,-1
2096.72,0.00150234,-1
2096.9,8.81,-1
2096.94,0.00529763,-1
2097,0.0048,-1
2097.19,3.8,-1
2097.41,0.00722316,-1
2097.44,0.008823,-1
2097.5,0.00515517,-1
2097.52,0.00071989,-1
2097.63,0.04475212,-1
2097.67,0.008988,-1
2097.71,0.005792,-1
2097.87,0.00121551,-1
2097.94,0.00507817,-1
2098,26.80258194,-1
2098.09,3.16,-1
2098.21,0.49798472,-1
2098.41,0.00018109,-1
2098.43,0.00073388,-1
2098.45,0.00071481,-1
2098.62,0.00121507,-1
2099,40.23635578,-1
2099.4,7.41214767,-1
2099.47,0.008949,-1
2099.71,0.008969,-1
2099.9,15.11833399,-1
2099.99,202.37891,-1
2100,174.11207119,-1
2100.01,0.00507817,-1
2100.15,0.00721375,-1
2100.19,0.00590379,-1
2100.65,8.6358,-1
2100.8,0.00284177,-1
2100.98,0.09484759,-1
2101.1,0.32360864,-1
2101.22,0.01169003,-1
2101.23,0.01166859,-1
2101.24,0.00186778,-1
2101.5,0.508931,-1
2101.66,0.00173031,-1
2101.76,0.008953,-1
2101.77,0.37813234,-1
2101.79,0.00034295,-1
2101.8,0.31451318,-1
2101.99,16.4,-1
2102.07,0.00507817,-1
2102.38,0.00489504,-1
2102.6,0.00577853,-1
2102.71,0.00401794,-1
2102.76,0.00095588,-1
2102.97,0.0045182,-1
2102.99,17.6,-1
2103,0.00634053,-1
2103.17,0.00261506,-1
2103.53,0.008991,-1
2103.6,0.00238518,-1
2103.64,0.00121217,-1
2103.65,0.01337753,-1
2103.78,0.11123786,-1
2103.8,0.008937,-1
2103.97,0.00831401,-1
2104,0.49397899,-1
2104.04,0.00011882,-1
2104.05,0.03808184,-1
2104.13,0.00507817,-1
2104.16,0.00287326,-1
2104.35,0.16335841,-1
2104.36,0.03235347,-1
2104.42,0.00792711,-1
2104.88,2.0326,-1
2105,0.57523661,-1
2105.24,0.00121125,-1
2105.35,0.005771,-1
2105.4,0.00058268,-1
2105.56,0.01018507,-1
2105.78,2.28420688,-1
2105.85,0.008919,-1
2106,0.0006589,-1
2106.2,0.00603249,-1
2106.67,0.00238858,-1
2106.75,0.00238518,-1
2107,0.5,-1
2107.11,0.0037,-1
2107.35,0.00527145,-1
2107.36,0.00314968,-1
2107.43,0.289,-1
2107.53,0.00726096,-1
2107.59,0.008879,-1
2107.89,0.008902,-1
2108.03,0.00120965,-1
2108.12,0.04497586,-1
2108.26,0.00507817,-1
2108.27,5,-1
2108.48,0.00173315,-1
2108.66,0.00120929,-1
2108.67,0.00018021,-1
2109,15.4,-1
2109.01,0.00496581,-1
2109.37,0.04740751,-1
2109.41,0.04869446,-1
2109.43,0.00079168,-1
2109.58,0.18377158,-1
2109.62,0.008862,-1
2109.69,0.00401794,-1
2109.84,0.00319929,-1
2109.9,4.75,-1
2109.93,0.008886,-1
2109.99,31.29883319,-1
2110,3.71861895,-1
2110.25,0.00094775,-1
2110.26,0.00245686,-1
2110.32,0.00507817,-1
2110.41,0.48209227,-1
2110.5,0.00060261,-1
2110.9,0.00129474,-1
2111.15,0.00238021,-1
2111.4,0.00052795,-1
2111.5,0.0010774,-1
2111.65,0.008845,-1
2111.74,0.0116105,-1
2111.79,0.017811,-1
2111.92,0.02484464,-1
2111.98,0.009008,-1
2111.99,0.00477037,-1
2112,4.02888257,-1
2112.09,0.00261506,-1
2112.39,0.00507817,-1
2112.59,12.6,-1
2112.99,0.02991985,-1
2113,4.8,-1
2113.1,0.00054218,-1
2113.25,0.00120666,-1
2113.6,0.00210116,-1
2113.63,0.0106923,-1
2113.68,0.008905,-1
2113.77,0.01515187,-1
2113.85,0.00014038,-1
2113.97,5,-1
2114,5.46173724,-1
2114.02,0.009121,-1
2114.21,0.05663498,-1
2114.22,0.01331067,-1
2114.46,0.00507817,-1
2114.5,0.014685,-1
2114.57,0.19200122,-1
2114.9,0.0078878,-1
2114.91,0.00017968,-1
2115,4.2115,-1
2115.28,0.01936323,-1
2115.34,0.00294935,-1
2115.39,4.8561,-1
2115.46,0.00160561,-1
2115.71,0.008886,-1
2115.75,0.00017961,-1
2115.95,0.00146389,-1
2115.99,0.0001654,-1
2116,0.05245746,-1
2116.07,0.009101,-1
2116.08,0.07158161,-1
2116.26,0.05292365,-1
2116.4,0.00476043,-1
2116.53,0.00507817,-1
2116.66,0.00401794,-1
2116.71,0.00804638,-1
2116.76,0.00160463,-1
2116.81,0.00160459,-1
2117,7.00965,-1
2117.1,0.00472344,-1
2117.2,0.04723219,-1
2117.23,0.00715556,-1
2117.62,0.00237294,-1
2117.74,0.008869,-1
2117.81,0.00524541,-1
2117.85,0.10199023,-1
2118.04,0.0100986,-1
2118.11,0.009227,-1
2118.18,0.00120386,-1
2118.49,0.00566441,-1
2118.59,0.00507817,-1
2118.67,0.04520081,-1
2118.69,0.02677078,-1
2118.99,0.00471922,-1
2119,0.163,-1
2119.27,0.00116549,-1
2119.5,0.00471809,-1
2119.66,0.00034006,-1
2119.72,0.00825223,-1
2119.77,0.008851,-1
2119.78,0.00172187,-1
2119.82,0.287,-1
2119.9,14.6,-1
2119.98,0.15060486,-1
2119.99,47.30001,-1
2120,6.1676851,-1
2120.09,0.0031994,-1
2120.16,0.00921,-1
2120.32,0.01126183,-1
2120.55,0.00475111,-1
2120.65,0.00507817,-1
2120.94,0.00120229,-1
2121,0.49414099,-1
2121.09,0.0754,-1
2121.11,0.00784663,-1
2121.13,0.00172281,-1
2121.2,0.00017914,-1
2121.43,0.00590379,-1
2121.59,0.0078368,-1
2121.6,0.00215734,-1
2121.61,0.02750603,-1
2121.65,0.00714064,-1
2121.8,0.008987,-1
2122,0.47932753,-1
2122.04,0.32032904,-1
2122.2,0.009192,-1
2122.28,0.09389569,-1
2122.3,0.01155276,-1
2122.31,0.01048472,-1
2122.47,0.00572445,-1
2122.69,0.02162661,-1
2122.72,0.00507817,-1
2122.89,0.00474588,-1
2123,0.02082847,-1
2123.11,0.00118693,-1
2123.22,0.71242264,-1
2123.61,0.04836897,-1
2123.69,0.01621568,-1
2123.83,0.009049,-1
2124,0.01139446,-1
2124.24,0.009173,-1
2124.55,0.00236848,-1
2124.78,0.00507817,-1
2124.84,0.01324415,-1
2124.85,0.01503651,-1
2124.86,0.00184702,-1
2125,4.37222351,-1
2125.08,0.00305624,-1
2125.38,0.08084115,-1
2125.44,0.0078487,-1
2125.57,0.00017878,-1
2125.81,0.00712666,-1
2125.85,8.22,-1
2125.86,0.00903,-1
2126,0.61516555,-1
2126.05,0.00095011,-1
2126.29,0.009156,-1
2126.35,0.01338247,-1
2126.41,0.02532308,-1
2126.84,0.00507817,-1
2126.9,0.00571251,-1
2127,7.00965,-1
2127.09,29.02,-1
2127.31,0.00017863,-1
2127.59,0.000094,-1
2127.6,0.00062697,-1
2127.71,0.0043275,-1
2127.8,0.02,-1
2127.89,0.009023,-1
2127.9,32,-1
2128,0.0047,-1
2128.09,4.2887,-1
2128.16,0.00711882,-1
2128.3,0.01012655,-1
2128.33,0.01451249,-1
2128.58,0.00129474,-1
2128.86,0.05261031,-1
2128.9,0.00496585,-1
2128.91,0.00507817,-1
2129,2,-1
2129.14,22.8473,-1
2129.27,0.04542671,-1
2129.49,0.00025827,-1
2129.56,0.31041246,-1
2129.6,0.00057606,-1
2129.64,0.10988711,-1
2129.91,0.00261506,-1
2129.92,0.009004,-1
2129.95,0.00973549,-1
2129.99,90.74,-1
2130,1.26779787,-1
2130.07,0.00516415,-1
2130.24,0.02511174,-1
2130.31,0.06712641,-1
2130.38,0.009274,-1
2130.43,0.31916972,-1
2130.52,0.1,-1
2130.56,0.183,-1
2130.62,0.00318686,-1
2130.66,0.0258136,-1
2130.94,0.00516205,-1
2130.97,0.00507817,-1
2131,0.03217014,-1
2131.07,0.00570133,-1
2131.1,1.00146389,-1
2131.5,0.00061009,-1
2131.8,0.0005353,-1
2131.95,0.008909,-1
2132,1.44310385,-1
2132.1,0.00108382,-1
2132.11,0.286,-1
2132.22,8.54357613,-1
2132.42,0.009256,-1
2132.69,0.03757037,-1
2132.85,0.00573882,-1
2132.91,0.01149527,-1
2132.94,0.0000185,-1
2133,0.0061,-1
2133.03,0.00507817,-1
2133.1,0.00016408,-1
2133.33,0.17689941,-1
2133.36,0.00726096,-1
2133.38,0.01242826,-1
2133.42,0.00569505,-1
2133.66,0.00515547,-1
2133.86,0.00171253,-1
2133.98,0.008968,-1
2133.99,4.3353,-1
2134.14,0.03092586,-1
2134.17,0.00292332,-1
2134.46,0.009238,-1
2134.96,0.0225862,-1
2135,2,-1
2135.1,0.00507817,-1
2135.15,0.00025759,-1
2135.52,0.01317791,-1
2135.6,0.00819085,-1
2135.7,0.00053602,-1
2135.71,0.2065086,-1
2135.75,0.0375963,-1
2135.83,5.9,-1
2135.92,0.00353477,-1
2136.01,0.008872,-1
2136.03,0.0078098,-1
2136.04,0.00173031,-1
2136.37,0.03269429,-1
2136.51,0.00922,-1
2136.99,6.2194,-1
2137,2.97968796,-1
2137.16,0.00507817,-1
2137.3,0.0053,-1
2137.59,44.60850933,-1
2137.68,0.00033719,-1
2137.84,0.00287326,-1
2137.91,0.04804554,-1
2138,1.0058,-1
2138.04,0.008932,-1
2138.19,0.00119259,-1
2138.4,0.0001209,-1
2138.55,0.009345,-1
2138.72,0.002949,-1
2138.83,0.00261506,-1
2138.86,0.02273689,-1
2138.89,0.00519371,-1
2139,1.01,-1
2139.08,4.2,-1
2139.22,0.00507817,-1
2139.38,5.157,-1
2139.74,0.31788425,-1
2139.8,0.00144607,-1
2139.92,0.04565382,-1
2139.99,12.02831,-1
2140,6.31529804,-1
2140.07,0.0087602,-1
2140.09,8.96,-1
2140.1,0.00000004,-1
2140.14,0.04468768,-1
2140.29,0.00000001,-1
2140.32,0.00977423,-1
2140.45,0.00000002,-1
2140.6,0.00904,-1
2140.62,0.00000045,-1
2140.79,8.93959704,-1
2140.96,9.50600632,-1
2141,41.43000764,-1
2141.01,0.00000036,-1
2141.11,0.04670474,-1
2141.12,0.00000078,-1
2141.2,0.00684474,-1
2141.25,0.01495742,-1
2141.29,0.00507817,-1
2141.32,0.00197542,-1
2141.43,0.00000005,-1
2141.46,0.00000011,-1
2141.47,0.02677078,-1
2141.84,1.76051999,-1
2141.92,0.00567246,-1
2141.99,3.652,-1
2142,5.0420168,-1
2142.02,0.02334245,-1
2142.1,0.008818,-1
2142.28,0.00000001,-1
2142.34,0.00627033,-1
2142.35,0.0000001,-1
2142.37,0.00000006,-1
2142.38,0.00000014,-1
2142.39,11.887,-1
2142.58,0.00234855,-1
2142.64,0.009023,-1
2142.66,0.0023802,-1
2142.71,0.00410694,-1
2142.77,0.40712736,-1
2142.88,0.00000014,-1
2142.89,0.00590379,-1
2142.91,0.00000012,-1
2142.99,0.00000008,-1
2143,0.00719574,-1
2143.02,0.00000012,-1
2143.35,0.00507817,-1
2143.48,0.00000036,-1
2143.51,0.05338752,-1
2143.58,0.01143808,-1
2143.69,0.00000007,-1
2143.79,0.09295344,-1
2143.82,0.02447499,-1
2143.85,0.00000001,-1
2144,0.00000932,-1
2144.04,0.00566684,-1
2144.13,0.008799,-1
2144.14,0.00000017,-1
2144.34,0.00000018,-1
2144.36,0.00000023,-1
2144.48,0.00000022,-1
2144.5,0.00000001,-1
2144.53,0.00118906,-1
2144.69,0.009006,-1
2144.72,0.0000002,-1
2144.73,0.00000001,-1
2144.86,0.18928997,-1
2144.9,6.52,-1
2144.98,0.00000036,-1
2144.99,12.00200724,-1
2145,0.03757912,-1
2145.02,0.0000002,-1
2145.05,0.284,-1
2145.29,0.00000013,-1
2145.3,4.7,-1
2145.41,0.00507817,-1
2145.42,0.014685,-1
2145.52,0.00000011,-1
2145.65,0.00000031,-1
2145.66,0.00000016,-1
2145.9,0.00466004,-1
2145.98,0.00000027,-1
2146,0.00698974,-1
2146.16,0.04002307,-1
2146.18,0.00000005,-1
2146.22,12.56345572,-1
2146.25,0.01830635,-1
2146.59,0.00014038,-1
2146.65,0.00000022,-1
2146.67,0.00947341,-1
2146.69,0.01048472,-1
2146.73,0.008846,-1
2146.8,0.00000002,-1
2146.86,0.00237554,-1
2146.96,0.00000031,-1
2146.99,0.00000009,-1
2147,0.505,-1
2147.06,0.00000002,-1
2147.08,4.08092716,-1
2147.12,0.00000036,-1
2147.21,0.00000001,-1
2147.23,0.00000002,-1
2147.25,0.00000003,-1
2147.31,0.00000034,-1
2147.37,0.00542726,-1
2147.47,0.00000009,-1
2147.48,0.02545917,-1
2147.52,6.07356511,-1
2147.55,0.00000027,-1
2147.63,0.14866616,-1
2147.67,0.00000001,-1
2147.7,8.45050022,-1
2147.73,0.00261506,-1
2147.75,0.31659132,-1
2147.83,0.06737573,-1
2147.99,17.77000027,-1
2148,5.004497,-1
2148.01,0.00000001,-1
2148.07,0.00000031,-1
2148.1,0.0007076,-1
2148.19,0.008393,-1
2148.31,0.00000004,-1
2148.33,0.00000031,-1
2148.34,0.00000026,-1
2148.42,10,-1
2148.45,0.00000029,-1
2148.64,0.01051809,-1
2148.74,0.00182649,-1
2148.77,0.15128939,-1
2148.78,0.00000026,-1
2148.82,0.00000007,-1
2148.89,0.00000941,-1
2148.99,2.8390926,-1
2149,5.105436,-1
2149.12,0.00000034,-1
2149.2,0.00059664,-1
2149.21,0.00000035,-1
2149.23,0.00237294,-1
2149.28,0.00314968,-1
2149.41,0.00071189,-1
2149.52,0.00516803,-1
2149.54,0.00507817,-1
2149.57,0.00000024,-1
2149.58,0.00000013,-1
2149.79,0.00000006,-1
2149.91,0.00000001,-1
2149.99,59.535,-1
2150,49.85608904,-1
2150.22,0.008375,-1
2150.43,0.00000001,-1
2150.5,0.5,-1
2150.56,0.0000001,-1
2150.59,0.00000002,-1
2150.62,0.04588213,-1
2150.82,0.008676,-1
2150.87,0.00025571,-1
2150.99,54.31,-1
2151.1,0.00118543,-1
2151.12,0.01129663,-1
2151.5,2.03904252,-1
2151.51,0.00000018,-1
2151.52,0.00316214,-1
2151.6,0.01320813,-1
2151.62,0.00000039,-1
2151.63,5.62847854,-1
2151.87,0.01826594,-1
2151.88,5.7111147,-1
2151.91,3.57798449,-1
2151.93,0.01123233,-1
2151.96,0.00000006,-1
2152,3.43,-1
2152.12,6.99,-1
2152.19,0.14200712,-1
2152.2,0.00054152,-1
2152.25,0.008285,-1
2152.3,0.04772417,-1
2152.43,9.10823556,-1
2152.5,0.00055273,-1
2152.7,0.0010618,-1
2152.83,0.00316021,-1
2152.85,0.00000005,-1
2152.86,0.008523,-1
2152.87,0.00000003,-1
2152.88,0.0263849,-1
2152.97,0.38086851,-1
2153,1.405475,-1
2153.01,0.00016256,-1
2153.18,0.00289752,-1
2153.38,0.00000007,-1
2153.41,0.00000006,-1
2153.45,0.00118414,-1
2153.47,0.03482751,-1
2153.49,0.00000004,-1
2153.5,0.00000011,-1
2153.52,0.00000006,-1
2153.59,0.02321704,-1
2153.67,0.00507817,-1
2153.68,2.94791634,-1
2153.8,0.00056959,-1
2153.99,5.80000018,-1
2154.2,0.00000004,-1
2154.28,0.008267,-1
2154.29,0.01138119,-1
2154.64,0.55693758,-1
2154.65,0.00000008,-1
2154.66,0.00287326,-1
2154.67,0.02417275,-1
2154.69,0.14132011,-1
2154.81,0.02807226,-1
2154.82,0.00000014,-1
2154.85,0.00000009,-1
2154.91,0.008506,-1
2154.97,0.00017634,-1
2154.99,0.00000011,-1
2155,51.42540944,-1
2155.04,0.00141992,-1
2155.06,0.01825007,-1
2155.19,6.36779545,-1
2155.24,0.0000001,-1
2155.44,0.00000022,-1
2155.48,0.00000012,-1
2155.64,0.00141025,-1
2155.73,0.00507817,-1
2155.76,0.00000008,-1
2155.82,0.10855266,-1
2155.85,0.00033435,-1
2155.95,0.04638326,-1
2155.99,35.54000007,-1
2156,5.69129855,-1
2156.1,12.5,-1
2156.12,0.00000019,-1
2156.13,0.0000001,-1
2156.19,0.14122166,-1
2156.3,0.01253876,-1
2156.31,0.008179,-1
2156.36,0.00140514,-1
2156.45,0.31532077,-1
2156.64,0.00261509,-1
2156.87,0.04636348,-1
2156.95,0.008229,-1
2156.97,0.00000949,-1
2156.99,39,-1
2157,0.00092721,-1
2157.01,0.01139446,-1
2157.03,0.01304648,-1
2157.12,0.00000013,-1
2157.27,0.00000001,-1
2157.31,0.188,-1
2157.37,0.00773255,-1
2157.44,0.15933838,-1
2157.49,0.24531024,-1
2157.51,0.00000005,-1
2157.53,0.00000001,-1
2157.59,0.00000022,-1
2157.66,0.0078368,-1
2157.69,0.30845593,-1
2157.71,0.00000001,-1
2157.73,0.00000002,-1
2157.78,0.00118176,-1
2157.79,0.00507837,-1
2157.91,0.08084115,-1
2157.94,0.00000005,-1
2158.03,0.00000016,-1
2158.09,15,-1
2158.1,10.07233177,-1
2158.18,0.00000013,-1
2158.26,0.14053036,-1
2158.28,0.008108,-1
2158.3,0.00053602,-1
2158.34,0.008091,-1
2158.47,2.90832462,-1
2158.51,3.02967605,-1
2158.55,0.00000019,-1
2158.59,3.08822536,-1
2158.79,44.72567907,-1
2158.81,0.00000019,-1
2158.82,0.00000016,-1
2158.93,0.00000018,-1
2158.99,21.098212,-1
2159,0.03951366,-1
2159.03,4.56016302,-1
2159.19,0.00726096,-1
2159.26,0.00000016,-1
2159.3,0.00000004,-1
2159.37,6.61704585,-1
2159.54,0.00169217,-1
2159.6,0.00000021,-1
2159.69,0.00000021,-1
2159.75,0.00231508,-1
2159.86,0.00507817,-1
2159.9,53.93500004,-1
2159.93,0.00118059,-1
2159.94,0.00436586,-1
2159.99,60.36237152,-1
2160,4.31124999,-1
2160.01,4.87502033,-1
2160.05,0.00000014,-1
2160.06,0.00000008,-1
2160.19,0.00514249,-1
2160.23,0.01175612,-1
2160.28,0.00000003,-1
2160.37,0.008074,-1
2160.55,0.01637332,-1
2160.61,0.0086781,-1
2160.65,0.00462823,-1
2160.66,1.21055275,-1
2160.7,4.46435067,-1
2160.71,2.54237236,-1
2160.76,0.00232878,-1
2161,0.5884384,-1
2161.04,0.008195,-1
2161.05,0.00000006,-1
2161.08,0.00000001,-1
2161.15,0.02082219,-1
2161.2,11.55,-1
2161.35,0.0033643,-1
2161.37,0.01991072,-1
2161.38,0.04611165,-1
2161.4,0.01112375,-1
2161.45,0.0996758,-1
2161.54,0.00590353,-1
2161.61,0.00000014,-1
2161.8,0.10592099,-1
2161.93,0.00507817,-1
2161.96,0.35570511,-1
2162,1.20553667,-1
2162.11,0.00000024,-1
2162.38,0.13873602,-1
2162.41,0.008056,-1
2162.42,0.00000001,-1
2162.45,0.00000003,-1
2162.48,3.04596981,-1
2162.53,0.00467045,-1
2162.69,36.6,-1
2162.75,0.04623742,-1
2162.97,0.00279911,-1
2162.99,0.04275955,-1
2163.08,0.008178,-1
2163.24,0.03609001,-1
2163.35,0.00000003,-1
2163.37,0.00000002,-1
2163.38,0.00000004,-1
2163.42,0.00017565,-1
2163.47,1.99556364,-1
2163.8,0.01909415,-1
2163.89,0.00000004,-1
2163.92,0.00129477,-1
2163.97,0.14123362,-1
2164,0.00881519,-1
2164.01,0.02310531,-1
2164.03,0.00000004,-1
2164.05,6,-1
2164.15,0.00059032,-1
2164.44,0.008039,-1
2164.49,2.90000011,-1
2164.5,0.02677078,-1
2164.55,0.00590379,-1
2164.6,3.64122479,-1
2164.71,0.00000002,-1
2164.97,0.02021912,-1
2165,3.011226,-1
2165.07,0.01132455,-1
2165.09,0.00000946,-1
2165.13,0.008161,-1
2165.14,1.82766356,-1
2165.16,0.00000005,-1
2165.19,0.31409215,-1
2165.28,0.00000009,-1
2165.36,0.00000005,-1
2165.5,0.00786514,-1
2165.52,0.19202082,-1
2165.56,0.00261506,-1
2165.69,10,-1
2165.75,0.00000006,-1
2165.9,0.00000014,-1
2165.94,0.00000008,-1
2165.99,18.70464878,-1
2166.06,0.00507817,-1
2166.22,0.00000005,-1
2166.23,0.00261524,-1
2166.45,0.00000004,-1
2166.47,0.008021,-1
2166.59,0.00000013,-1
2166.6,0.00000007,-1
2166.69,11.33717411,-1
2166.78,0.0474051,-1
2166.81,1.8910995,-1
2166.92,0.00000011,-1
2167.06,0.00235341,-1
2167.11,0.00000002,-1
2167.17,0.008143,-1
2167.32,3.1012,-1
2167.59,0.00000009,-1
2167.69,10.63065944,-1
2167.72,0.00806951,-1
2167.79,0.01133102,-1
2167.82,0.00017529,-1
2167.86,0.01298129,-1
2167.9,10.7,-1
2167.91,0.00000012,-1
2167.99,17.98592769,-1
2168,1.45304733,-1
2168.04,0.00000003,-1
2168.07,0.00000014,-1
2168.11,0.00769424,-1
2168.12,0.00507817,-1
2168.2,0.00000001,-1
2168.26,0.00000014,-1
2168.42,0.00000004,-1
2168.5,0.02689116,-1
2168.66,0.00000009,-1
2168.71,1.20955344,-1
2168.77,0.0002,-1
2168.82,0.11527005,-1
2168.95,0.00000011,-1
2168.99,0.03860845,-1
2169,6.07057634,-1
2169.03,0.46410473,-1
2169.09,0.01476544,-1
2169.1,1.84408279,-1
2169.22,0.008126,-1
2169.27,0.27889052,-1
2169.29,0.00000012,-1
2169.3,0.0000001,-1
2169.4,3.1172,-1
2169.41,0.00000012,-1
2169.68,1.81394415,-1
2169.74,0.00000011,-1
2169.78,0.00000003,-1
2169.99,124.09754172,-1
2170,55.01167122,-1
2170.02,0.37786387,-1
2170.08,0.00000014,-1
2170.12,0.00766945,-1
2170.13,0.01802765,-1
2170.18,0.00000014,-1
2170.19,0.00507817,-1
2170.27,1.38516082,-1
2170.38,0.00000003,-1
2170.43,0.00173031,-1
2170.49,0.00016125,-1
2170.53,0.007987,-1
2170.54,0.00000009,-1
2170.55,0.00000005,-1
2170.77,0.00000002,-1
2170.8,0.00056784,-1
2170.92,0.00511708,-1
2171,0.933356,-1
2171.12,9.0961,-1
2171.26,0.008109,-1
2171.34,0.01048472,-1
2171.5,0.00428031,-1
2171.54,0.00000004,-1
2171.59,1.81260712,-1
2171.64,0.14073472,-1
2172,24.21203113,-1
2172.1,0.00000009,-1
2172.19,0.04634212,-1
2172.25,0.00507817,-1
2172.31,1.51634161,-1
2172.35,0.00287196,-1
2172.5,0.00168215,-1
2172.56,0.007969,-1
2172.58,1.09148662,-1
2172.6,5.20050829,-1
2172.61,0.00000015,-1
2172.79,8.7,-1
2172.88,0.00180619,-1
2172.95,0.00000002,-1
2173.23,0.00000942,-1
2173.3,0.00915931,-1
2173.33,0.04601234,-1
2173.5,0.0005597,-1
2173.52,0.46468401,-1
2173.61,5.8488,-1
2173.85,0.00000002,-1
2173.87,0.00000001,-1
2173.88,0.00000003,-1
2174,1.00437994,-1
2174.08,0.186,-1
2174.17,0.00033153,-1
2174.23,0.00160056,-1
2174.31,0.00507817,-1
2174.39,0.00000003,-1
2174.42,0.00000002,-1
2174.47,0.00261506,-1
2174.49,1.14645278,-1
2174.5,0.00000002,-1
2174.51,0.00000004,-1
2174.53,0.00000002,-1
2174.58,0.84471518,-1
2174.59,0.007951,-1
2174.65,9.7387,-1
2174.74,1.4051963,-1
2175,5.29744144,-1
2175.07,0.002949,-1
2175.22,0.00000001,-1
2175.26,0.01097739,-1
2175.35,0.008074,-1
2175.39,0.0045,-1
2175.6,0.0000185,-1
2175.64,0.14675214,-1
2175.67,0.00000003,-1
2175.71,0.97126237,-1
2175.87,0.00000004,-1
2175.88,0.14110713,-1
2175.89,0.0112682,-1
2175.96,0.00000062,-1
2175.98,0.00017463,-1
2175.99,5.49,-1
2176,0.005,-1
2176.02,0.00000004,-1
2176.06,1.0316406,-1
2176.14,1.03153476,-1
2176.19,8.96530608,-1
2176.2,0.02411076,-1
2176.26,0.00000004,-1
2176.35,0.0130413,-1
2176.38,0.00507817,-1
2176.54,0.91888965,-1
2176.55,0.00239196,-1
2176.61,0.13951087,-1
2176.62,0.007933,-1
2176.64,7.44,-1
2176.79,5.9,-1
2176.82,0.00000022,-1
2176.88,0.00000027,-1
2176.91,0.00916869,-1
2177.11,0.00000062,-1
2177.3,0.00000068,-1
2177.39,0.008056,-1
2177.69,9.772,-1
2177.8,0.00000027,-1
2177.82,0.00000071,-1
2177.84,0.00000033,-1
2177.91,0.00000018,-1
2177.97,0.02,-1
2178,0.00056326,-1
2178.06,0.00000007,-1
2178.12,0.00000001,-1
2178.19,0.00000005,-1
2178.2,0.00000014,-1
2178.33,0.00011477,-1
2178.38,0.014685,-1
2178.42,0.00000001,-1
2178.44,0.00507817,-1
2178.49,0.00000001,-1
2178.56,0.00000002,-1
2178.57,0.20650864,-1
2178.65,0.007915,-1
2178.7,0.00000006,-1
2178.76,0.01291638,-1
2178.81,12.24,-1
2178.86,0.00000009,-1
2178.87,0.01615977,-1
2178.88,0.98097946,-1
2178.91,0.0076561,-1
2178.92,0.00000039,-1
2179,0.01025,-1
2179.11,0.0225283,-1
2179.18,0.00000072,-1
2179.34,0.72886896,-1
2179.43,0.00989816,-1
2179.44,0.008039,-1
2179.55,0.0001147,-1
2179.58,0.00000011,-1
2179.62,0.00927225,-1
2179.64,0.00000054,-1
2179.68,0.01376348,-1
2179.83,0.00014038,-1
2179.88,0.24075377,-1
2179.9,45.987,-1
2179.99,38.35201,-1
2180,6.60435975,-1
2180.02,0.00000003,-1
2180.04,0.06948266,-1
2180.05,0.60185532,-1
2180.17,0.00000003,-1
2180.39,0.00000002,-1
2180.5,0.00507817,-1
2180.62,0.09827252,-1
2180.64,0.00000002,-1
2180.66,0.00000001,-1
2180.68,0.007897,-1
2180.77,4.65,-1
2180.81,0.00000047,-1
2180.9,0.00053602,-1
2180.99,4.12,-1
2181,0.47242378,-1
2181.09,25.66744115,-1
2181.17,0.22366587,-1
2181.23,0.00000002,-1
2181.37,0.0470883,-1
2181.41,0.00000939,-1
2181.48,0.008021,-1
2181.57,0.00053471,-1
2181.6,0.64717497,-1
2181.7,0.0050918,-1
2181.72,0.00489504,-1
2181.85,0.54557389,-1
2182,0.3,-1
2182.27,0.00279911,-1
2182.33,0.11156151,-1
2182.56,0.00777099,-1
2182.57,0.00507817,-1
2182.71,0.007879,-1
2182.84,0.00011453,-1
2182.99,3.8,-1
2183,0.5,-1
2183.06,0.04657379,-1
2183.11,0.0068068,-1
2183.14,12.53,-1
2183.38,0.00261506,-1
2183.52,0.008003,-1
2183.8,0.31117624,-1
2183.85,0.00025184,-1
2183.95,0.00800954,-1
2184,18.00831501,-1
2184.34,27.31043167,-1
2184.35,0.00159728,-1
2184.37,11.14837088,-1
2184.59,6.17,-1
2184.63,0.00507817,-1
2184.74,0.007929,-1
2184.97,0.00515517,-1
2185,12.55294264,-1
2185.25,10.3,-1
2185.33,0.28248013,-1
2185.36,0.00017388,-1
2185.42,0.00986187,-1
2185.54,0.00167205,-1
2185.57,0.007987,-1
2185.58,0.00207725,-1
2186.19,0.30237152,-1
2186.39,20.6,-1
2186.44,0.00590379,-1
2186.55,0.00000019,-1
2186.62,0.00000031,-1
2186.69,0.00507817,-1
2186.77,0.00791,-1
2186.78,0.01121211,-1
2187,3.00937697,-1
2187.21,0.00000002,-1
2187.27,0.15,-1
2187.29,48,-1
2187.48,0.09109698,-1
2187.49,0.00000011,-1
2187.55,0.00000014,-1
2187.57,0.0046627,-1
2187.61,0.007969,-1
2187.77,0.02677078,-1
2187.78,0.00000031,-1
2187.81,9.687,-1
2187.98,0.01983295,-1
2187.99,7.3,-1
2188,4.5,-1
2188.15,0.02203723,-1
2188.17,8.3962,-1
2188.34,0.00287326,-1
2188.48,0.00000014,-1
2188.5,0.00000036,-1
2188.52,0.00000016,-1
2188.59,0.00000009,-1
2188.73,0.00000004,-1
2188.76,0.00507817,-1
2188.8,0.007882,-1
2188.86,0.60185716,-1
2188.87,0.00000002,-1
2188.88,0.00000007,-1
2188.91,0.00465985,-1
2188.97,0.00465972,-1
2189,0.08373,-1
2189.23,0.0001142,-1
2189.25,0.00000002,-1
2189.32,0.03667637,-1
2189.38,0.00000003,-1
2189.54,0.00000005,-1
2189.57,0.01442493,-1
2189.6,2.7980002,-1
2189.61,0.00000923,-1
2189.66,0.007951,-1
2189.7,0.01285182,-1
2189.77,0.00761812,-1
2189.86,0.00000036,-1
2189.9,9.51,-1
2189.92,0.0318948,-1
2189.99,81.64943155,-1
2190,42.2419964,-1
2190.16,0.00025112,-1
2190.24,0.06050084,-1
2190.26,0.00000006,-1
2190.32,0.00000027,-1
2190.5,0.01704217,-1
2190.54,0.01139446,-1
2190.63,0.00273632,-1
2190.69,0.00015976,-1
2190.7,0.00000002,-1
2190.82,0.00507817,-1
2190.83,0.007863,-1
2190.86,0.00000001,-1
2190.93,0.08084115,-1
2191,20.92702851,-1
2191.17,0.11572393,-1
2191.2,0.00314968,-1
2191.44,0.00644233,-1
2191.48,0.0356249,-1
2191.5,0.00000023,-1
2191.69,0.00284661,-1
2191.7,0.00939689,-1
2191.92,0.00000001,-1
2192,0.68430656,-1
2192.19,0.00025089,-1
2192.3,0.00261506,-1
2192.4,0.00058488,-1
2192.54,0.00506663,-1
2192.65,0.00032874,-1
2192.7,0.310075,-1
2192.71,0.04886045,-1
2192.86,0.007845,-1
2192.88,0.00507817,-1
2192.92,0.00879082,-1
2192.99,17.80390047,-1
2193,0.00048959,-1
2193.02,0.31218594,-1
2193.24,0.00025076,-1
2193.37,0.04360326,-1
2193.67,4.29,-1
2193.75,0.007915,-1
2193.9,0.00100389,-1
2193.96,0.04355702,-1
2193.98,0.04680667,-1
2194,0.46078851,-1
2194.19,14,-1
2194.26,0.07381127,-1
2194.32,0.07603866,-1
2194.34,0.0078368,-1
2194.5,0.00054215,-1
2194.62,6.9105,-1
2194.89,0.007826,-1
2194.95,0.00507817,-1
2194.96,0.01485042,-1
2195,22.82502543,-1
2195.22,0.183,-1
2195.42,0.02044974,-1
2195.56,0.12927436,-1
2195.6,40,-1
2195.79,0.007897,-1
2196,0.004,-1
2196.05,0.04677335,-1
2196.1,6.657,-1
2196.27,0.01048472,-1
2196.36,0.62147326,-1
2196.75,0.00091954,-1
2196.92,0.007807,-1
2196.97,0.00025034,-1
2197.01,0.00507817,-1
2197.22,0.00000012,-1
2197.28,0.01457601,-1
2197.29,0.00178632,-1
2197.43,0.00025029,-1
2197.61,0.00228974,-1
2197.71,0.01115636,-1
2197.76,0.00056421,-1
2197.77,0.01137516,-1
2197.83,0.007879,-1
2197.85,0.00000932,-1
2197.88,0.00000001,-1
2198,11.572,-1
2198.16,0.00000007,-1
2198.23,0.00000008,-1
2198.26,0.00011373,-1
2198.39,0.00498546,-1
2198.45,0.00000019,-1
2198.6,0.003434,-1
2198.65,0.00166228,-1
2198.95,0.007731,-1
2199,93.65018541,-1
2199.07,0.00532827,-1
2199.08,0.01150593,-1
2199.13,0.00092763,-1
2199.15,0.00000008,-1
2199.17,0.44622654,-1
2199.19,0.0000001,-1
2199.27,0.00000005,-1
2199.28,0.00129474,-1
2199.41,0.00000002,-1
2199.48,0.00852474,-1
2199.54,0.00000001,-1
2199.55,0.00000004,-1
2199.84,0.00027239,-1
2199.88,0.007861,-1
2199.9,95.4445,-1
2199.93,0.00000001,-1
2199.99,236.31690632,-1
2200,323.705558,-1
2200.06,0.00000002,-1
2200.22,0.00000003,-1
2200.29,0.00000012,-1
2200.31,0.00794998,-1
2200.4,0.0045,-1
2200.5,0.00029385,-1
2200.52,0.1,-1
2200.54,0.00000022,-1
2200.68,0.00758037,-1
2200.71,0.01278754,-1
2200.76,0.161,-1
2200.83,0.30903659,-1
2200.95,0.00000003,-1
2200.98,0.007712,-1
2201.01,0.00000016,-1
2201.14,0.00507817,-1
2201.2,0.00261506,-1
2201.39,0.00000001,-1
2201.56,0.00279911,-1
2201.6,7,-1
2201.69,0.00038152,-1
2201.7,0.00017259,-1
2201.8,0.00684474,-1
2201.82,0.05677121,-1
2201.92,0.007842,-1
2202,0.005,-1
2202.19,0.00000014,-1
2202.2,0.00055707,-1
2202.33,0.54839651,-1
2202.58,2,-1
2202.89,0.00024967,-1
2203,0.09744439,-1
2203.01,0.007693,-1
2203.06,0.00017249,-1
2203.09,0.00024964,-1
2203.2,0.00507817,-1
2203.39,0.00157395,-1
2203.43,0.00504159,-1
2203.5,0.00053602,-1
2203.71,0.03865266,-1
2203.75,0.00777099,-1
2203.97,0.007824,-1
2204,0.005,-1
2204.02,0.14486279,-1
2204.13,10.08307087,-1
2204.38,0.0002495,-1
2204.62,0.00061688,-1
2204.81,0.00173031,-1
2204.88,0.22676971,-1
2204.97,0.00017234,-1
2205.04,0.007674,-1
2205.1,0.00097628,-1
2205.16,0.00287326,-1
2205.26,0.00507817,-1
2205.7,0.01685829,-1
2205.71,0.0056263,-1
2206.01,0.007805,-1
2206.03,0.04533029,-1
2206.12,0.00000928,-1
2206.32,0.00105152,-1
2206.42,0.00157179,-1
2206.48,0.02263236,-1
2206.85,0.00146389,-1
2207.02,4.07789689,-1
2207.07,0.007655,-1
2207.33,0.00507817,-1
2207.42,0.00077919,-1
2207.88,0.00000008,-1
2207.96,0.00000012,-1
2208.05,0.007787,-1
2208.3,0.3078383,-1
2208.41,0.00015848,-1
2208.52,0.00024903,-1
2208.55,0.00590379,-1
2208.7,0.01110081,-1
2208.83,0.00000004,-1
2208.89,0.00011318,-1
2208.9,0.00000005,-1
2209,0.0119,-1
2209.08,0.02375196,-1
2209.1,0.41775776,-1
2209.12,0.00000012,-1
2209.16,0.10593166,-1
2209.32,0.00000014,-1
2209.4,0.00507817,-1
2209.58,0.18377159,-1
2209.66,0.09018278,-1
2209.67,0.00454138,-1
2209.83,0.00000005,-1
2209.85,0.00000014,-1
2209.87,0.00000007,-1
2209.94,0.00000004,-1
2210,1.15487196,-1
2210.09,0.00000001,-1
2210.1,0.007768,-1
2210.12,0.00261506,-1
2210.23,0.00000003,-1
2210.25,0.0019681,-1
2210.38,0.67861634,-1
2210.72,0.014685,-1
2210.74,0.00000001,-1
2210.83,0.04646069,-1
2210.9,0.00000002,-1
2210.97,0.00000008,-1
2210.99,0.04195994,-1
2211,0.487,-1
2211.13,0.007616,-1
2211.2,0.00282149,-1
2211.23,0.00000014,-1
2211.29,0.02709675,-1
2211.47,0.00507817,-1
2211.52,0.00123444,-1
2211.63,0.00000002,-1
2211.64,0.00754279,-1
2211.69,0.00000011,-1
2211.77,0.01272361,-1
2211.84,0.00165216,-1
2211.87,0.15541704,-1
2212.05,0.002949,-1
2212.14,0.00775,-1
2212.17,0.00017178,-1
2212.21,1.539,-1
2212.27,0.01104747,-1
2212.74,0.06496494,-1
2212.76,6.1527,-1
2212.88,0.00000009,-1
2212.93,0.00214195,-1
2212.97,0.00454138,-1
2213,0.00446,-1
2213.16,0.007597,-1
2213.4,0.00048508,-1
2213.52,0.00159474,-1
2213.53,0.00507817,-1
2213.59,0.00014038,-1
2213.87,0.0031664,-1
2213.96,1,-1
2214,0.0005352,-1
2214.05,0.01443067,-1
2214.15,0.00197542,-1
2214.16,0.0002484,-1
2214.19,0.007731,-1
2214.3,0.00055403,-1
2214.37,0.00501668,-1
2214.42,0.00000925,-1
2214.5,0.00096334,-1
2214.87,0.13726333,-1
2215,1.53983775,-1
2215.08,0.2984284,-1
2215.19,0.007577,-1
2215.38,0.02028725,-1
2215.41,0.00768788,-1
2215.5,0.00101601,-1
2215.59,0.00507817,-1
2215.62,0.00011284,-1
2215.68,0.00067883,-1
2215.72,0.00452898,-1
2216,0.003195,-1
2216.08,0.00319483,-1
2216.23,0.007712,-1
2216.26,0.00227047,-1
2216.4,0.0001128,-1
2216.58,0.00182713,-1
2216.79,0.00789089,-1
2216.95,0.00129474,-1
2217.22,0.007558,-1
2217.34,0.00618279,-1
2217.52,0.00571073,-1
2217.61,0.05038919,-1
2217.66,0.00507817,-1
2217.8,0.0034178,-1
2218,0.04508566,-1
2218.26,0.0000185,-1
2218.28,0.007693,-1
2218.29,0.3065492,-1
2218.36,0.00261454,-1
2218.48,0.00908277,-1
2219.03,0.00261506,-1
2219.22,0.0244275,-1
2219.25,0.007538,-1
2219.3,0.0051,-1
2219.38,0.01226614,-1
2219.41,0.00765068,-1
2219.72,0.00507817,-1
2219.74,0.01104562,-1
2219.93,0.00429292,-1
2219.99,0.00000761,-1
2220,106.73896136,-1
2220.25,0.00749626,-1
2220.32,0.007674,-1
2220.49,0.00017113,-1
2220.72,0.01398027,-1
2220.74,0.0013509,-1
2220.75,0.02251491,-1
2220.85,0.00279911,-1
2221.21,5.303275,-1
2221.26,0.00380864,-1
2221.28,0.007518,-1
2221.43,0.2065086,-1
2221.49,0.00250732,-1
2221.5,0.01048472,-1
2221.78,0.00507817,-1
2221.99,0.00176628,-1
2222,25.75794259,-1
2222.22,0.87578,-1
2222.36,0.007655,-1
2222.4,1.00298156,-1
2222.51,0.22497086,-1
2222.55,0.00011248,-1
2222.66,0.00750541,-1
2222.75,0.00000921,-1
2222.88,0.01266002,-1
2223.05,0.01842459,-1
2223.08,0.00224913,-1
2223.31,0.007498,-1
2223.58,0.00698062,-1
2223.64,0.00611457,-1
2223.85,0.00507817,-1
2223.97,0.00250902,-1
2224.01,0.00327786,-1
2224.41,0.007636,-1
2224.46,0.08084115,-1
2224.59,0.01139446,-1
2224.68,0.00227897,-1
2224.86,0.00582958,-1
2224.91,0.00327653,-1
2224.94,0.00777101,-1
2225,4.42257499,-1
2225.02,0.00289435,-1
2225.05,0.0061107,-1
2225.11,0.00164231,-1
2225.26,0.75012563,-1
2225.34,0.007543,-1
2225.36,0.00516267,-1
2225.46,0.16,-1
2225.5,0.02158248,-1
2225.71,0.00274069,-1
2225.72,0.05401308,-1
2225.85,0.1042419,-1
2225.91,0.00507817,-1
2226,1.71121526,-1
2226.1,0.00053602,-1
2226.35,0.01271711,-1
2226.45,0.007616,-1
2226.77,30.1963,-1
2226.78,0.00011227,-1
2227.05,0.00090702,-1
2227.37,0.007523,-1
2227.94,0.00261506,-1
2227.97,0.00507817,-1
2228.44,0.00026889,-1
2228.47,0.00017052,-1
2228.49,0.00103748,-1
2228.5,0.007597,-1
2228.61,0.00011218,-1
2229,5.05470278,-1
2229.01,0.00015702,-1
2229.33,0.02,-1
2229.4,0.007501,-1
2229.41,0.04699989,-1
2229.64,0.01188981,-1
2230,2.46341818,-1
2230.01,0.23692681,-1
2230.04,0.00507817,-1
2230.07,0.00515517,-1
2230.09,0.00032322,-1
2230.53,1.1132,-1
2230.54,0.007577,-1
2230.81,0.6140791,-1
2230.85,0.01099062,-1
2230.88,0.00870038,-1
2231.09,0.02294242,-1
2231.11,0.00000918,-1
2231.14,0.83909083,-1
2231.18,0.00017031,-1
2231.19,0.04649991,-1
2231.43,0.007481,-1
2231.56,0.00017028,-1
2231.63,0.01070011,-1
2231.64,0.0078368,-1
2231.74,0.13622555,-1
2232,0.00689068,-1
2232.06,0.08927778,-1
2232.1,0.00524841,-1
2232.58,0.007558,-1
2232.65,0.13573803,-1
2232.77,0.14299747,-1
2232.78,0.00150331,-1
2232.81,0.02153241,-1
2233,0.1,-1
2233.11,0.00314968,-1
2233.16,0.30419043,-1
2233.39,0.00783221,-1
2233.46,0.007396,-1
2233.47,0.18043388,-1
2233.49,0.22386489,-1
2233.73,0.00746819,-1
2233.8,0.00048291,-1
2233.86,0.716249,-1
2234,0.005144,-1
2234.05,0.01259672,-1
2234.44,0.01325509,-1
2234.62,0.00129474,-1
2234.63,0.23128868,-1
2234.99,0.11345506,-1
2235,6.383,-1
2235.06,0.02677078,-1
2235.07,0.00225136,-1
2235.1,0.02726467,-1
2235.37,0.01001768,-1
2235.49,0.007375,-1
2235.52,0.1,-1
2235.6,0.00053003,-1
2235.65,0.00903272,-1
2236.19,1.18480386,-1
2236.31,0.10464559,-1
2236.41,0.00496724,-1
2236.47,0.01098306,-1
2236.5,0.00117638,-1
2236.67,0.007518,-1
2236.86,0.00261506,-1
2236.92,0.01442493,-1
2236.95,0.3083484,-1
2237.24,1.05521982,-1
2237.52,0.007354,-1
2237.58,0.00016983,-1
2237.99,0.00273632,-1
2238,1.0098,-1
2238.16,5,-1
2238.47,0.00163251,-1
2238.5,0.00054804,-1
2238.58,0.34256537,-1
2238.72,0.007498,-1
2238.84,0.00512438,-1
2239,4.04038435,-1
2239.19,0.00173031,-1
2239.22,0.0446584,-1
2239.51,0.00000914,-1
2239.55,0.007333,-1
2239.61,0.00578669,-1
2239.78,0.50993126,-1
2239.89,0.00087057,-1
2239.99,0.0000076,-1
2240,2.54510344,-1
2240.15,0.00279911,-1
2240.26,0.13156408,-1
2240.34,0.00879082,-1
2240.42,0.02754045,-1
2240.7,0.04584134,-1
2240.76,0.007478,-1
2240.99,0.03465721,-1
2241,4.003264,-1
2241.2,0.8,-1
2241.36,0.00016954,-1
2241.4,0.04355702,-1
2241.58,0.007312,-1
2241.7,0.07381127,-1
2241.76,0.07603866,-1
2242,0.01093596,-1
2242.2,0.00684474,-1
2242.45,0.02339848,-1
2242.65,0.02150163,-1
2242.81,0.007458,-1
2243.01,0.00298156,-1
2243.11,0.278,-1
2243.22,0.15356147,-1
2243.61,0.00729,-1
2243.79,0.00217934,-1
2243.88,0.014685,-1
2244.08,0.00960406,-1
2244.22,0.03577913,-1
2244.25,0.30286111,-1
2244.34,0.29453779,-1
2244.44,0.16470418,-1
2244.8,0.031115,-1
2244.85,0.007437,-1
2244.86,0.00743117,-1
2245,5.522,-1
2245.17,0.2547724,-1
2245.27,0.01253377,-1
2245.64,0.007269,-1
2245.77,0.00261506,-1
2245.94,0.06794425,-1
2245.97,0.13557667,-1
2246.89,0.007417,-1
2246.96,0.00174665,-1
2247,0.5,-1
2247.01,0.01048472,-1
2247.05,0.00015575,-1
2247.24,0.00091223,-1
2247.25,0.00089887,-1
2247.52,0.00494268,-1
2247.67,0.007247,-1
2247.86,0.00014038,-1
2247.92,0.04254518,-1
2247.93,0.00000911,-1
2248,1.08,-1
2248.13,0.01179389,-1
2248.15,0.158,-1
2248.65,93.38960002,-1
2248.9,0.244564,-1
2248.94,0.007396,-1
2249,0.08,-1
2249.04,0.0003205,-1
2249.34,1,-1
2249.66,0.002949,-1
2249.7,0.007225,-1
2249.8,3.82,-1
2250,54.67879777,-1
2250.06,0.03137958,-1
2250.12,0.00777398,-1
2250.21,0.00587101,-1
2250.65,0.00227934,-1
2250.75,0.00277191,-1
2250.98,0.007375,-1
2251.2,0.0006035,-1
2251.43,0.61481948,-1
2251.7,0.00235821,-1
2251.73,0.007203,-1
2251.82,0.05551065,-1
2251.89,0.00162278,-1
2252.28,1,-1
2252.3,0.00129474,-1
2252.45,0.13518628,-1
2253,0.00221926,-1
2253.03,0.007354,-1
2253.21,0.01088156,-1
2253.29,0.00186394,-1
2253.44,0.00590379,-1
2253.76,0.007181,-1
2253.97,0.015,-1
2254.05,0.00223241,-1
2254.2,67.7612763,-1
2254.33,0.0055014,-1
2254.47,6.19201882,-1
2254.67,0.00261506,-1
2254.68,0.08838199,-1
2254.78,0.0142043,-1
2255,0.005317,-1
2255.07,0.007333,-1
2255.66,0.00287326,-1
2255.7,0.00097638,-1
2255.78,0.04553487,-1
2255.79,0.00722,-1
2256,0.01596106,-1
2256.04,0.00739434,-1
2256.39,0.00000908,-1
2256.55,0.0124711,-1
2256.88,0.45,-1
2257.11,0.007312,-1
2257.2,0.00052496,-1
2257.41,0.00026386,-1
2257.49,0.23569024,-1
2257.5,0.00099711,-1
2257.55,0.00000041,-1
2257.6,0.00011074,-1
2257.82,0.007198,-1
2258,27.12276657,-1
2258.37,0.00751014,-1
2258.5,0.08084115,-1
2258.52,0.4,-1
2258.69,0.00491825,-1
2258.79,0.00511335,-1
2258.94,0.05355582,-1
2259,0.5,-1
2259.09,0.02677078,-1
2259.14,0.02812814,-1
2259.16,0.00729,-1
2259.17,0.01139446,-1
2259.44,0.00279911,-1
2259.7,0.00752463,-1
2259.85,0.0073,-1
2259.86,0.04764788,-1
2259.91,0.00365058,-1
2259.99,0.00000932,-1
2260,1.19174579,-1
2260.04,0.01413698,-1
2260.91,0.0000185,-1
2261.05,0.00489504,-1
2261.07,0.00752005,-1
2261.14,0.00751985,-1
2261.2,0.007269,-1
2261.28,0.00333881,-1
2261.52,0.157,-1
2261.84,0.183,-1
2261.88,0.007274,-1
2261.89,0.14115618,-1
2262,0.005,-1
2262.4,0.00684474,-1
2262.7,0.00054218,-1
2262.74,0.61196782,-1
2262.9,0.00342466,-1
2263.16,0.00542726,-1
2263.25,0.007247,-1
2263.31,0.22462684,-1
2263.35,0.04948409,-1
2263.59,0.00261506,-1
2263.61,0.00298156,-1
2263.81,0.10337439,-1
2263.91,0.007251,-1
2264,1,-1
2264.29,0.2065086,-1
2264.48,0.01082741,-1
2264.6,0.00059992,-1
2264.88,0.00000904,-1
2265,1.10903252,-1
2265.29,0.007225,-1
2265.41,0.00161309,-1
2265.68,0.00246725,-1
2265.94,0.007227,-1
2265.98,0.02684599,-1
2266,0.010774,-1
2266.01,0.00359221,-1
2266.37,0.0100469,-1
2266.38,0.00381224,-1
2266.44,0.00011031,-1
2266.47,0.00751471,-1
2266.98,0.00771619,-1
2267.17,0.00447694,-1
2267.28,0.00735769,-1
2267.34,0.007203,-1
2267.68,0.15159268,-1
2267.89,0.01240873,-1
2267.91,7.4043,-1
2267.97,0.007264,-1
2268,0.68345642,-1
2268.01,0.00015432,-1
2268.16,0.00031779,-1
2268.82,0.28861043,-1
2269,1.96603896,-1
2269.06,0.00198828,-1
2269.38,0.007181,-1
2269.46,0.0053625,-1
2269.58,0.0078368,-1
2269.9,0.00489396,-1
2269.98,0.00129474,-1
2270,1.03257074,-1
2270.18,0.00562099,-1
2270.33,0.0056027,-1
2270.45,0.00383183,-1
2270.52,0.1,-1
2270.79,0.00274744,-1
2270.96,0.04523047,-1
2271.36,0.00011007,-1
2271.42,0.00727,-1
2271.55,0.00732698,-1
2271.6,0.02615495,-1
2271.77,0.6094767,-1
2272,1,-1
2272.03,0.00709,-1
2272.12,0.00593718,-1
2272.21,0.00172724,-1
2272.5,0.00548832,-1
2272.67,0.1339836,-1
2272.82,0.01048472,-1
2273.18,0.00221362,-1
2273.4,0.00000901,-1
2273.47,0.007248,-1
2273.57,0.00173031,-1
2273.85,4.51643222,-1
2273.86,0.12961993,-1
2273.98,0.29069824,-1
2274.06,0.007065,-1
2275,10.56499786,-1
2275.02,0.00314968,-1
2275.04,0.03169727,-1
2275.08,0.156,-1
2275.26,0.00087902,-1
2275.51,0.007224,-1
2275.66,0.0492142,-1
2275.81,0.0107735,-1
2275.82,0.13379835,-1
2276.09,0.006979,-1
2276.1,0.00515517,-1
2276.22,0.00590379,-1
2276.3,0.00095738,-1
2276.33,0.0230502,-1
2276.35,0.01240865,-1
2277,5.23778957,-1
2277.25,0.05361296,-1
2277.54,0.10218,-1
2277.55,0.00088691,-1
2277.56,0.0072,-1
2277.87,0.00652363,-1
2278,1,-1
2278.12,0.007013,-1
2278.5,0.00099915,-1
2278.58,0.00732119,-1
2278.73,0.00279911,-1
2278.8,0.00054092,-1
2278.96,0.01797256,-1
2279,0.00160347,-1
2279.29,0.01234669,-1
2279.34,0.00010968,-1
2279.6,0.01211646,-1
2279.63,0.0710643,-1
2279.69,0.11123001,-1
2279.76,0.00261524,-1
2279.99,0.00000817,-1
2280,2.36397729,-1
2280.15,0.006986,-1
2280.29,0.00751014,-1
2280.67,0.13351372,-1
2280.73,0.60715829,-1
2281,0.005243,-1
2281.17,0.00486977,-1
2281.41,0.00261506,-1
2281.64,0.007152,-1
2281.91,0.02,-1
2281.95,0.00000897,-1
2282.18,0.00696,-1
2282.6,0.00822262,-1
2282.67,0.00014038,-1
2283.01,0.00578666,-1
2283.06,0.77422469,-1
2283.38,0.02677078,-1
2283.69,0.007128,-1
2283.93,0.01058139,-1
2283.96,0.00765881,-1
2284.1,0.01832655,-1
2284.21,0.006933,-1
2284.22,0.00298156,-1
2284.8,0.01362092,-1
2285,0.07410086,-1
2285.52,0.0308,-1
2285.73,0.007102,-1
2286,0.0059,-1
2286.1,0.155,-1
2286.24,0.006905,-1
2286.25,0.04492813,-1
2286.38,0.00015308,-1
2286.76,0.00026046,-1
2286.9,0.00053602,-1
2286.98,0.00197542,-1
2287.18,0.01071995,-1
2287.44,0.00031512,-1
2287.65,0.00129474,-1
2287.78,0.007078,-1
2287.9,0.002949,-1
2288,0.07661444,-1
2288.24,3.766,-1
2288.27,0.006878,-1
2289,0.04,-1
2289.11,0.60484151,-1
2289.34,0.00287326,-1
2289.42,0.00016598,-1
2289.43,0.0001092,-1
2289.46,0.01042984,-1
2289.82,0.007053,-1
2289.94,0.0072849,-1
2290,16.092,-1
2290.2,0.04496632,-1
2290.3,0.006849,-1
2290.33,0.00261506,-1
2290.53,0.00000894,-1
2290.73,0.012285,-1
2291.01,0.0027232,-1
2291.39,0.13933891,-1
2291.4,0.00059291,-1
2291.56,0.0043275,-1
2291.64,0.102119,-1
2291.74,0.04,-1
2291.87,0.007027,-1
2292,0.005243,-1
2292.29,0.13283681,-1
2292.33,0.02391857,-1
2292.34,0.00596883,-1
2292.47,0.00219499,-1
2292.5,0.00484571,-1
2292.59,0.00945129,-1
2292.67,0.00159391,-1
2293.06,0.08084115,-1
2293.22,0.17865841,-1
2293.62,0.00016568,-1
2293.91,0.007111,-1
2294,0.07,-1
2294.21,0.0166949,-1
2294.27,0.04881718,-1
2294.28,0.01139446,-1
2294.29,0.1155531,-1
2294.36,0.006849,-1
2294.69,0.01049379,-1
2294.77,0.00538479,-1
2295,22.7671216,-1
2295.75,0.00888597,-1
2295.95,0.007083,-1
2296,4.05525761,-1
2296.39,0.00682,-1
2296.83,0.00478419,-1
2296.9,0.02843094,-1
2296.93,0.60257925,-1
2297.05,0.00016543,-1
2297.11,0.09968177,-1
2297.15,0.00888056,-1
2297.21,0.00888032,-1
2297.6,0.02375845,-1
2297.74,0.00170805,-1
2297.75,0.00087912,-1
2298,25.6850698,-1
2298.42,0.00673,-1
2298.52,0.020979,-1
2298.62,0.01066659,-1
2298.89,0.03513672,-1
2298.92,0.73024973,-1
2299,0.005349,-1
2299.15,0.00000891,-1
2299.23,0.00261506,-1
2299.24,0.00590379,-1
2299.4,5.15081449,-1
2299.5,0.00101228,-1
2299.87,0.09956214,-1
2299.91,0.154,-1
2299.99,0.000008,-1
2300,184.65654406,-1
2300.04,0.007029,-1
2300.4,0.00053585,-1
2300.45,0.006758,-1
2300.51,0.03490372,-1
2300.63,0.08661681,-1
2300.84,0.05628379,-1
2301,1.35428926,-1
2301.07,0.03795601,-1
2301.34,0.0072488,-1
2301.64,0.04462766,-1
2302.02,0.02787171,-1
2302.09,0.007001,-1
2302.1,0.04343859,-1
2302.22,0.00751015,-1
2302.24,0.0122236,-1
2302.8,0.00684474,-1
2303.43,0.02576977,-1
2303.57,0.0000185,-1
2303.82,0.04151284,-1
2303.88,0.00482176,-1
2304,0.005,-1
2304.02,0.28690843,-1
2304.13,0.006973,-1
2304.31,0.00935303,-1
2304.82,0.00298156,-1
2305,3.6,-1
2305.2,0.00048987,-1
2305.32,0.00129474,-1
2305.52,0.1,-1
2305.58,0.47346437,-1
2305.78,0.00780693,-1
2306,0.468,-1
2306.15,5,-1
2306.16,0.00287326,-1
2306.17,0.006944,-1
2306.43,0.0015844,-1
2306.47,0.00005595,-1
2306.54,0.006659,-1
2306.55,0.00010839,-1
2306.73,0.01008505,-1
2306.88,0.00031246,-1
2307.02,0.60016906,-1
2307.14,0.2065086,-1
2307.2,0.00097751,-1
2307.32,0.01064578,-1
2307.7,0.00015166,-1
2307.79,0.01148897,-1
2307.8,0.00000887,-1
2307.92,0.02677078,-1
2307.96,0.12954344,-1
2308.01,0.00065424,-1
2308.14,0.00261506,-1
2308.16,0.0078368,-1
2308.22,0.007023,-1
2308.29,0.13191625,-1
2308.57,0.006625,-1
2308.95,0.00043309,-1
2309.26,0.15580918,-1
2309.68,0.00010824,-1
2310,1.44430283,-1
2310.11,0.01061353,-1
2310.26,0.006992,-1
2310.59,0.06237047,-1
2310.72,0.02270715,-1
2311.03,0.154,-1
2311.1,0.00053602,-1
2311.35,0.00253855,-1
2311.41,0.00269917,-1
2311.56,1.04099751,-1
2311.7,0.014685,-1
2311.92,0.00261338,-1
2312,1.35223678,-1
2312.24,0.00043248,-1
2312.31,0.006855,-1
2312.46,2.1263,-1
2312.63,0.006555,-1
2312.72,0.02309963,-1
2312.75,0.00471577,-1
2312.8,0.00721287,-1
2313.3,0.0004366,-1
2313.8,0.0187978,-1
2313.81,0.01216249,-1
2313.83,0.07433152,-1
2313.84,0.00043218,-1
2314,30.189,-1
2314.13,0.04839827,-1
2314.35,0.006931,-1
2314.43,0.01654901,-1
2314.66,0.006519,-1
2314.87,0.00043198,-1
2314.98,0.04794502,-1
2315,2.6598359,-1
2315.24,0.02357237,-1
2315.32,0.00479795,-1
2315.62,0.59774176,-1
2315.76,0.00076,-1
2315.94,0.00068654,-1
2315.99,0.00045336,-1
2316.29,0.00570352,-1
2316.4,0.006793,-1
2316.48,0.00025712,-1
2316.49,0.00000884,-1
2316.69,0.006482,-1
2316.94,0.00314968,-1
2317.06,0.00261506,-1
2317.13,0.04432926,-1
2317.37,0.00388315,-1
2317.51,0.00010787,-1
2317.52,0.00571074,-1
2317.9,0.0049,-1
2318,2.37270642,-1
2318.01,0.00014038,-1
2318.2,0.00058605,-1
2318.23,0.017,-1
2318.3,0.00754537,-1
2318.44,0.006866,-1
2318.72,0.01378738,-1
2319,7.45593995,-1
2319.81,0.10087895,-1
2319.99,0.000008,-1
2320,5.8670078,-1
2320.01,0.2,-1
2320.04,0.00463203,-1
2320.26,0.0297247,-1
2320.27,0.00157495,-1
2320.28,0.002173,-1
2320.38,0.00043096,-1
2320.48,0.006728,-1
2320.5,0.00099185,-1
2320.75,0.006347,-1
2320.79,0.15223614,-1
2321.28,0.13754502,-1
2321.57,10.5055,-1
2321.58,0.00754064,-1
2321.66,0.01056072,-1
2321.91,0.10766997,-1
2322,0.59618667,-1
2322.14,0.02153186,-1
2322.53,0.006694,-1
2322.77,0.00469543,-1
2322.78,0.006362,-1
2323,10.39775541,-1
2323.07,0.00515517,-1
2323.17,0.0530002,-1
2323.2,0.00139893,-1
2323.34,0.04076251,-1
2323.39,0.13105873,-1
2323.42,0.153,-1
2323.56,0.00168906,-1
2323.63,0.00005554,-1
2323.95,0.08574744,-1
2323.98,0.00043459,-1
2324.03,0.00716152,-1
2324.33,0.0071771,-1
2324.4,0.00404405,-1
2324.47,0.00016348,-1
2324.57,0.006557,-1
2324.58,0.43191876,-1
2324.81,0.006265,-1
2324.89,0.14786226,-1
2325,16.32026223,-1
2325.21,0.00000881,-1
2325.28,0.10904934,-1
2325.33,0.01048472,-1
2325.42,0.00298156,-1
2325.44,0.01210166,-1
2325.6,0.00048167,-1
2325.97,0.00261506,-1
2326.22,0.00010747,-1
2326.35,0.0121148,-1
2326.39,0.00015044,-1
2326.49,0.00030983,-1
2326.61,0.00805893,-1
2326.62,0.006523,-1
2326.8,0.002949,-1
2326.82,0.00477424,-1
2326.83,0.13086492,-1
2326.84,0.006221,-1
2327,0.44658905,-1
2327.11,0.21485877,-1
2327.38,1.51359696,-1
2327.41,0.00002148,-1
2327.51,0.00043394,-1
2327.65,0.00324361,-1
2327.8,0.00097456,-1
2328,9.242,-1
2328.05,0.00086767,-1
2328.16,0.08084115,-1
2328.38,0.00150331,-1
2328.66,0.006488,-1
2328.87,0.006177,-1
2328.89,0.03491923,-1
2328.9,0.0896075,-1
2329,0.09,-1
2329.07,0.0392063,-1
2329.38,0.00557673,-1
2329.61,0.02664481,-1
2329.94,0.01139446,-1
2330,81.66544492,-1
2330.33,0.00043341,-1
2330.46,0.00274623,-1
2330.48,0.183,-1
2330.7,0.006452,-1
2330.9,0.00613,-1
2331,0.13519918,-1
2331.05,0.00842538,-1
2331.26,0.12469665,-1
2331.33,0.00010723,-1
2331.55,0.0021582,-1
2331.6,0.02366257,-1
2331.81,0.0102052,-1
2331.99,0.00267535,-1
2332.1,0.00213459,-1
2332.57,0.04798789,-1
2332.72,0.04091696,-1
2332.73,0.0708037,-1
2332.74,0.00455984,-1
2332.75,0.006415,-1
2332.93,0.00608,-1
2333,13.0016888,-1
2333.24,0.01019895,-1
2333.27,0.01050816,-1
2333.3,0.01019868,-1
2333.33,0.0535715,-1
2333.45,0.01138514,-1
2333.95,0.00000877,-1
2334,1,-1
2334.17,0.001,-1
2334.18,0.00156556,-1
2334.4,0.00925871,-1
2334.43,0.00010709,-1
2334.46,0.28316708,-1
2334.49,4,-1
2334.73,10.3924,-1
2334.78,0.00002998,-1
2334.79,0.006376,-1
2334.84,0.01640437,-1
2334.88,0.00261506,-1
2334.96,0.006081,-1
2335,11.55671296,-1
2335.17,0.01406531,-1
2335.23,0.00455501,-1
2335.24,0.04406472,-1
2335.3,0.00053602,-1
2335.33,0.13,-1
2335.53,0.43536156,-1
2335.62,0.00149453,-1
2335.67,0.00748925,-1
2335.72,0.26200285,-1
2335.87,0.4839669,-1
2335.91,0.00714153,-1
2336.27,0.06969123,-1
2336.29,0.01753155,-1
2336.58,0.11809804,-1
2336.61,0.434,-1
2336.64,0.12166185,-1
2336.84,0.006337,-1
2336.86,0.00042792,-1
2336.99,0.006079,-1
2337.1,0.00019001,-1
2337.12,0.01204118,-1
2337.27,0.00016258,-1
2337.42,0.00010696,-1
2337.5,0.00010695,-1
2337.58,0.00053409,-1
2337.67,0.00732579,-1
2337.7,0.00455019,-1
2338.09,0.02451449,-1
2338.14,0.00010692,-1
2338.38,0.00475064,-1
2338.39,0.00010691,-1
2338.86,0.00641338,-1
2338.88,0.006296,-1
2339,4.71290171,-1
2339.02,0.006022,-1
2339.71,0.00686759,-1
2339.84,0.00287326,-1
2339.99,0.0000098,-1
2340,7.38188777,-1
2340.03,1.88716764,-1
2340.1,0.00213459,-1
2340.18,0.00454538,-1
2340.39,0.00489504,-1
2340.52,0.1,-1
2340.93,0.006254,-1
2340.94,0.00005513,-1
2341,0.17817346,-1
2341.05,0.005961,-1
2341.18,0.07447921,-1
2341.39,0.00005979,-1
2341.5,0.04946841,-1
2341.6,0.08231009,-1
2341.97,0.04301561,-1
2342,0.29248505,-1
2342.34,0.00173031,-1
2342.58,0.12581754,-1
2342.62,0.00557673,-1
2342.65,0.00454057,-1
2342.73,0.00000874,-1
2342.97,0.006308,-1
2343,0.0001067,-1
2343.08,0.005897,-1
2343.2,0.16908162,-1
2343.49,0.01705563,-1
2343.6,0.00052597,-1
2343.77,0.00154694,-1
2343.8,0.00261506,-1
2343.88,0.01904465,-1
2344.13,0.00010665,-1
2344.53,0.05328257,-1
2344.89,0.0068,-1
2344.95,0.01045586,-1
2344.98,0.00746675,-1
2345,2,-1
2345.01,0.006262,-1
2345.11,0.005828,-1
2345.12,0.00453578,-1
2345.47,0.63953066,-1
2345.63,0.02236919,-1
2345.8,6,-1
2345.98,0.04653708,-1
2346,0.00048169,-1
2346.03,0.00298156,-1
2346.18,0.0043275,-1
2346.23,0.0200185,-1
2346.24,0.00029834,-1
2346.27,0.00030721,-1
2346.39,0.014685,-1
2346.58,0.00951252,-1
2346.6,0.00023938,-1
2347,0.5,-1
2347.06,0.006119,-1
2347.14,0.005655,-1
2347.27,0.35,-1
2347.4,0.0078368,-1
2347.43,0.07896954,-1
2347.51,0.08488688,-1
2347.55,0.00710612,-1
2347.6,0.004531,-1
2347.69,0.00452036,-1
2347.71,0.04259469,-1
2348,15.84405386,-1
2348.03,0.00010647,-1
2348.05,0.01088668,-1
2348.08,0.00014905,-1
2348.19,0.00155623,-1
2348.23,1.01539455,-1
2348.25,0.00086021,-1
2348.26,0.00059032,-1
2348.32,0.00011923,-1
2348.33,0.09965379,-1
2348.4,0.00094476,-1
2348.43,0.04373845,-1
2348.54,0.04186713,-1
2348.78,0.01016643,-1
2348.86,0.01198099,-1
2349.1,0.006069,-1
2349.17,0.005577,-1
2349.37,5.5232,-1
2349.39,0.01088047,-1
2349.5,0.0803,-1
2349.52,0.00451684,-1
2349.66,0.13,-1
2349.68,0.00167029,-1
2349.99,0.00472715,-1
2350,106.82131825,-1
2350.06,0.00562157,-1
2350.51,0.00797699,-1
2350.7,0.12953591,-1
2350.73,0.01087427,-1
2351,1,-1
2351.15,0.006113,-1
2351.2,0.005491,-1
2351.21,0.00056991,-1
2351.34,0.00214004,-1
2351.35,0.00451332,-1
2351.55,0.13578263,-1
2352,4.22349254,-1
2352.03,0.01048472,-1
2352.07,0.01086808,-1
2352.43,0.02295381,-1
2352.59,0.05354547,-1
2352.7,0.00261506,-1
2352.75,0.00265174,-1
2353,8.38035473,-1
2353.02,0.24019626,-1
2353.04,2.19960387,-1
2353.16,0.00743357,-1
2353.18,0.00450981,-1
2353.19,0.006058,-1
2353.23,0.005395,-1
2353.41,0.0108619,-1
2353.44,0.014,-1
2353.58,0.00032743,-1
2353.77,0.00032288,-1
2353.91,0.00014038,-1
2354,1.29669497,-1
2354.07,0.00023788,-1
2354.16,0.09847431,-1
2354.23,0.00545615,-1
2354.75,0.01085572,-1
2354.91,0.01384931,-1
2355,384.34373603,-1
2355.23,0.006001,-1
2355.26,0.005287,-1
2355.43,0.01626096,-1
2355.56,0.16470418,-1
2355.73,0.00545269,-1
2355.77,0.0022031,-1
2355.79,0.02046904,-1
2355.86,0.01085059,-1
2355.87,0.00026741,-1
2355.95,0.00557673,-1
2356.09,0.01113816,-1
2356.66,0.00287326,-1
2356.67,0.01040385,-1
2357,0.06391022,-1
2357.2,0.21211606,-1
2357.23,0.00544922,-1
2357.27,0.00339375,-1
2357.28,0.00621574,-1
2357.29,0.005163,-1
2357.34,0.01084379,-1
2357.42,0.01084339,-1
2357.57,0.00679777,-1
2357.66,0.0002969,-1
2357.83,0.00153772,-1
2357.85,0.07631317,-1
2358,11.69796297,-1
2358.06,0.0648,-1
2358.07,0.19983202,-1
2358.2,0.03404982,-1
2358.36,0.00005472,-1
2358.4,0.00057606,-1
2358.72,0.00544577,-1
2358.76,0.04044905,-1
2358.82,0.01143475,-1
2358.86,0.00314968,-1
2358.98,0.0067937,-1
2359,7.83,-1
2359.24,0.00707088,-1
2359.32,0.010936,-1
2359.5,0.00053602,-1
2359.62,0.07622752,-1
2359.79,0.00067378,-1
2359.8,0.58672994,-1
2359.81,0.00197542,-1
2359.93,0.23949528,-1
2359.99,0.0000149,-1
2360,18.70556317,-1
2360.1,0.01083108,-1
2360.15,0.00732581,-1
2360.22,0.00544231,-1
2360.3,0.01083022,-1
2360.39,0.00678963,-1
2360.66,0.01192108,-1
2360.87,0.00217082,-1
2361.08,0.21176749,-1
2361.11,0.04050565,-1
2361.35,0.004878,-1
2361.37,0.005807,-1
2361.44,0.01082494,-1
2361.62,0.00261506,-1
2361.66,0.0047038,-1
2361.72,0.00543886,-1
2361.77,0.01082345,-1
2361.8,0.00678557,-1
2361.84,0.05175677,-1
2362,4.26792125,-1
2362.08,0.04799743,-1
2362.21,40.21748187,-1
2362.23,0.6349932,-1
2362.44,0.0046562,-1
2362.48,0.129,-1
2362.78,0.0108188,-1
2362.97,0.04739804,-1
2363.24,0.01081668,-1
2363.38,0.004633,-1
2363.4,0.06618864,-1
2363.41,0.005734,-1
2363.72,0.17170464,-1
2363.74,0.04472008,-1
2363.79,0.08084115,-1
2363.84,0.00001946,-1
2363.89,0.00914183,-1
2363.99,0.00423013,-1
2364.12,0.01081267,-1
2364.24,0.04344604,-1
2365,0.66302412,-1
2365.18,0.00216686,-1
2365.2,0.00052116,-1
2365.3,0.27947548,-1
2365.42,0.004244,-1
2365.46,0.01646155,-1
2365.49,0.17151192,-1
2365.54,10,-1
2366,0.1082974,-1
2366.06,0.00126793,-1
2366.16,0.07847292,-1
2366.2,0.02160636,-1
2366.21,0.00030462,-1
2366.35,0.002949,-1
2366.63,0.01378281,-1
2366.77,0.00031688,-1
2366.8,0.01080044,-1
2366.99,0.00016054,-1
2367.1,0.00014786,-1
2367.23,0.05914085,-1
2367.32,0.00146579,-1
2367.34,0.00609079,-1
2367.45,0.01119946,-1
2367.5,0.005567,-1
2367.68,0.01079644,-1
2367.75,0.00219195,-1
2367.79,0.00686759,-1
2367.87,0.01148856,-1
2367.88,0.00031673,-1
2367.89,0.16048042,-1
2368,0.42229729,-1
2368.12,6.58,-1
2368.14,0.02158865,-1
2368.45,0.01035208,-1
2368.52,0.00031665,-1
2368.81,0.27762805,-1
2369,0.11905499,-1
2369.08,0.23857128,-1
2369.15,0.01078971,-1
2369.32,0.01148154,-1
2369.35,0.00557673,-1
2369.38,0.01148124,-1
2369.48,0.01078823,-1
2369.51,0.0021629,-1
2369.54,0.00547,-1
2369.55,0.0107879,-1
2369.58,0.06677402,-1
2369.66,0.0107874,-1
2369.88,0.18513159,-1
2370,17.91708409,-1
2370.53,0.00261506,-1
2370.64,0.01078299,-1
2370.79,0.0073783,-1
2370.82,0.01078213,-1
2370.91,0.01078172,-1
2370.99,0.00046815,-1
2371,1.76838277,-1
2371.02,0.00515517,-1
2371.13,0.00036269,-1
2371.19,0.01078048,-1
2371.3,0.00212202,-1
2371.31,0.08403512,-1
2371.36,0.06669908,-1
2371.59,0.005278,-1
2371.79,0.10691091,-1
2371.99,0.00152854,-1
2372,1.20308,-1
2372.11,0.01077627,-1
2372.16,0.01795595,-1
2372.25,0.00036252,-1
2372.27,0.01077556,-1
2372.31,0.01077535,-1
2372.36,0.128,-1
2372.5,0.00073761,-1
2372.53,0.01186147,-1
2372.57,0.00016016,-1
2372.66,0.23821134,-1
2372.7,0.01077358,-1
2372.81,0.00093894,-1
2373,0.00100298,-1
2373.38,0.00468057,-1
2373.5,0.01476954,-1
2373.54,0.00263741,-1
2373.59,0.01076957,-1
2373.62,0.0107694,-1
2373.63,0.005154,-1
2373.7,0.00301592,-1
2373.94,0.23807945,-1
2373.99,0.01076773,-1
2374,4.83364055,-1
2374.22,0.01076668,-1
2374.36,0.01928895,-1
2374.74,0.00039583,-1
2374.97,0.00633914,-1
2374.98,0.01076325,-1
2374.99,2.5,-1
2375,40.58528291,-1
2375.06,0.01076287,-1
2375.52,0.1,-1
2375.68,0.01584611,-1
2375.7,0.05196335,-1
2375.74,0.0107598,-1
2375.92,0.00005432,-1
2375.95,0.0025253,-1
2376,3.30355,-1
2376.08,0.00165173,-1
2376.19,0.01611888,-1
2376.34,0.0107571,-1
2376.5,0.23782585,-1
2376.52,0.23782414,-1
2376.54,0.23782155,-1
2376.55,0.01075618,-1
2376.6,0.00046032,-1
2376.72,0.00173031,-1
2376.74,0.00625226,-1
2376.75,0.00042074,-1
2377.06,0.14542695,-1
2377.1,0.00023631,-1
2377.17,0.00339801,-1
2377.2,0.09844354,-1
2377.26,0.01075292,-1
2377.35,0.0107525,-1
2377.69,0.01075097,-1
2377.71,0.00699983,-1
2377.72,0.12886115,-1
2377.88,1.3306,-1
2378,0.01171042,-1
2378.1,0.01074911,-1
2378.55,0.02293514,-1
2378.78,0.01074605,-1
2378.95,0.00542726,-1
2379,7.63520116,-1
2379.03,0.0107449,-1
2379.04,0.01048472,-1
2379.05,0.01074484,-1
2379.07,0.00092764,-1
2379.22,0.01074406,-1
2379.34,0.00735761,-1
2379.44,0.00261506,-1
2379.52,0.01074269,-1
2379.74,0.01074175,-1
2379.76,0.004657,-1
2379.94,0.23748265,-1
2379.99,0.0000113,-1
2380,52.91798421,-1
2380.15,0.04315551,-1
2380.3,0.02103976,-1
2380.41,0.02105759,-1
2380.5,0.25983405,-1
2380.72,0.01073732,-1
2380.75,0.00083167,-1
2380.83,0.0107368,-1
2381,5,-1
2381.03,0.00015959,-1
2381.05,0.01073578,-1
2381.07,0.02203625,-1
2381.58,0.014685,-1
2381.76,0.0107326,-1
2381.81,0.004267,-1
2381.82,0.01073233,-1
2381.87,0.5999,-1
2382,10.01927428,-1
2382.07,0.0935,-1
2382.22,0.13402619,-1
2382.44,0.01072956,-1
2382.69,0.01072844,-1
2382.81,0.00700097,-1
2382.82,0.00557673,-1
2382.83,0.0726,-1
2382.87,0.01376761,-1
2383,0.00629458,-1
2383.05,0.02805127,-1
2383.12,0.01072649,-1
2383.31,0.04320239,-1
2383.35,0.01072549,-1
2383.45,0.11892136,-1
2383.55,0.14422314,-1
2383.6,0.00143724,-1
2383.7,0.00053602,-1
2383.77,0.0811823,-1
2383.78,1.1,-1
2384,0.50388,-1
2384.29,0.00509585,-1
2384.3,0.00048051,-1
2384.32,0.00554078,-1
2384.33,0.01369038,-1
2384.44,0.0118022,-1
2384.48,0.01072038,-1
2384.84,0.00734195,-1
2384.87,0.3,-1
2384.9,0.00046542,-1
2385,9.85367317,-1
2385.01,0.128,-1
2385.1,0.0216964,-1
2385.17,0.00465743,-1
2385.2,0.00056959,-1
2385.36,0.00065818,-1
2385.57,0.00160129,-1
2385.76,0.0105,-1
2385.87,15.21264521,-1
2386,0.02324408,-1
2386.12,0.02095452,-1
2386.22,0.00151943,-1
2386.3,3.02378007,-1
2386.33,0.00030206,-1
2386.49,0.01071134,-1
2386.71,0.00727361,-1
2386.79,0.55796181,-1
2386.8,0.00049646,-1
2386.91,0.02288314,-1
2387,0.05414304,-1
2387.13,0.00837826,-1
2387.16,0.1108044,-1
2387.17,0.03865266,-1
2387.24,0.00298156,-1
2387.3,0.0078368,-1
2388,13.25552675,-1
2388.02,3.5,-1
2388.06,0.0107043,-1
2388.18,0.36848757,-1
2388.36,0.00261506,-1
2388.38,0.00169989,-1
2388.54,0.00732347,-1
2388.65,8.47144869,-1
2388.89,0.0000185,-1
2389,5.10999891,-1
2389.05,0.00120131,-1
2389.17,0.00014649,-1
2389.66,0.02198052,-1
2389.95,0.00046171,-1
2389.99,0.00001243,-1
2390,44.29979112,-1
2390.34,0.01356736,-1
2390.35,0.44330142,-1
2390.72,0.00074036,-1
2390.8,0.02,-1
2391,33.59185887,-1
2391.27,1.77674963,-1
2391.43,0.00210416,-1
2391.45,0.01068912,-1
2391.94,0.04254396,-1
2392.2,0.01024932,-1
2392.23,0.01068564,-1
2392.42,0.1272772,-1
2392.62,0.01068392,-1
2392.8,0.28861043,-1
2393,5.55697552,-1
2393.3,0.20891655,-1
2393.33,0.08356557,-1
2393.54,0.04334532,-1
2393.6,0.00005392,-1
2393.74,0.01067889,-1
2393.79,0.00015874,-1
2393.95,0.00071847,-1
2394,1.67226081,-1
2394.01,0.0031537,-1
2394.05,0.09369894,-1
2394.36,15.0003,-1
2394.47,0.49430947,-1
2394.68,0.00696625,-1
2394.84,0.00260514,-1
2394.89,0.01067376,-1
2394.93,0.01067358,-1
2395,191.64548573,-1
2395.05,0.0171014,-1
2395.11,0.04709149,-1
2395.31,0.01067191,-1
2395.35,0.08319145,-1
2395.71,0.01067013,-1
2396,11.92730948,-1
2396.03,0.01066868,-1
2396.08,0.20867416,-1
2396.17,0.04286704,-1
2396.2,0.00686759,-1
2396.25,0.00354303,-1
2396.35,0.00243921,-1
2396.38,0.00557673,-1
2396.43,0.01174316,-1
2396.66,0.00407233,-1
2396.78,0.00046039,-1
2396.93,0.005291,-1
2397,10.1229296,-1
2397.02,0.00463442,-1
2397.14,0.01597803,-1
2397.18,0.0157004,-1
2397.27,0.00261506,-1
2397.32,0.00863664,-1
2397.39,0.17943698,-1
2397.63,0.01066156,-1
2397.74,0.0068,-1
2397.79,0.0088949,-1
2398,15.05217759,-1
2398.21,0.127,-1
2398.32,0.01065848,-1
2398.39,0.1315841,-1
2398.6,0.00010423,-1
2398.75,0.04463234,-1
2399,0.61982239,-1
2399.24,0.00261524,-1
2399.5,0.08335069,-1
2399.56,0.010653,-1
2399.9,0.00092239,-1
2399.97,0.08084115,-1
2399.99,0.00001243,-1
2400,398.02500964,-1
2400.1,0.2722364,-1
2400.29,0.01064976,-1
2400.52,0.00345684,-1
2400.75,0.00781005,-1
2400.77,0.00314968,-1
2400.8,0.0043275,-1
2400.88,0.76046339,-1
2401,0.88680247,-1
2401.05,0.01041211,-1
2401.06,0.007018,-1
2401.11,0.0416474,-1
2401.21,0.183,-1
2401.37,0.0068,-1
2401.45,0.02082075,-1
2401.52,0.01064432,-1
2402.33,0.78858766,-1
2402.53,0.04544164,-1
2402.72,0.01063899,-1
2402.78,0.00163338,-1
2402.84,0.00010404,-1
2402.94,0.01139446,-1
2403,5,-1
2403.48,0.01063565,-1
2403.78,0.08554314,-1
2403.8,0.00137788,-1
2403.81,0.02658997,-1
2403.83,0.01329137,-1
2404.16,0.01019835,-1
2404.22,2.1601818,-1
2404.26,0.011482,-1
2404.46,0.0068,-1
2404.7,0.05513785,-1
2404.89,0.0068,-1
2405,0.01294802,-1
2405.14,0.01062824,-1
2405.23,0.01954133,-1
2405.26,10,-1
2405.42,0.0065542,-1
2405.43,0.010627,-1
2405.56,0.02268921,-1
2405.83,0.02012735,-1
2406,1.28488621,-1
2406.17,0.00261506,-1
2406.3,0.00449035,-1
2406.36,0.01048472,-1
2406.39,4,-1
2406.43,0.10451681,-1
2406.44,0.00010389,-1
2406.58,0.002949,-1
2406.61,0.00693171,-1
2406.62,0.00036281,-1
2406.9,0.01109651,-1
2407.16,0.00287326,-1
2407.38,0.01061836,-1
2407.58,0.01061751,-1
2407.84,0.00298156,-1
2408.01,0.00023328,-1
2408.47,0.01168447,-1
2408.52,0.00014531,-1
2408.85,10.625,-1
2408.92,0.00461152,-1
2408.98,0.01061134,-1
2409,0.807,-1
2409.06,5,-1
2409.22,0.005264,-1
2409.35,0.01060973,-1
2409.38,0.00904764,-1
2409.48,0.23457122,-1
2409.64,0.00990965,-1
2409.92,0.01260065,-1
2409.99,0.00001116,-1
2410,88.41187958,-1
2410.01,0.01618353,-1
2410.1,3.31053407,-1
2410.23,0.010393,-1
2410.38,0.00508218,-1
2410.43,12.2373,-1
2410.52,0.1,-1
2410.82,0.126,-1
2411,75.91,-1
2411.05,0.01060219,-1
2411.07,0.12363094,-1
2411.1,0.00173031,-1
2411.3,0.01060112,-1
2411.42,0.00005352,-1
2411.72,0.00208645,-1
2411.89,0.00015755,-1
2412,115.17981456,-1
2412.1,3.28568436,-1
2412.28,0.0084816,-1
2412.3,0.04258045,-1
2412.94,0.12432965,-1
2413.14,0.01059306,-1
2413.26,0.01059252,-1
2413.28,2.20920302,-1
2413.29,0.13230066,-1
2413.39,0.1221261,-1
2414,10.45412354,-1
2414.09,0.00097078,-1
2414.47,0.01922575,-1
2414.48,0.01997148,-1
2415,15.01936079,-1
2415.09,0.00261506,-1
2415.22,0.02116788,-1
2415.62,4.11162692,-1
2415.69,3.80121298,-1
2416,5,-1
2416.15,0.13521681,-1
2416.16,0.00258215,-1
2416.18,0.01014759,-1
2416.58,0.011424,-1
2416.62,0.00015724,-1
2416.93,0.29738303,-1
2417,0.30539656,-1
2417.05,0.02170821,-1
2417.17,0.01057537,-1
2417.29,0.014685,-1
2417.35,0.03321666,-1
2417.4,0.00044,-1
2417.57,6,-1
2417.71,0.00015717,-1
2417.88,0.02888776,-1
2418,1.00871381,-1
2418.28,0.01583835,-1
2418.6,0.00689736,-1
2418.95,0.19194058,-1
2419,0.0062009,-1
2419.08,0.00546117,-1
2419.13,0.01056681,-1
2419.2,0.00050953,-1
2419.23,0.10481468,-1
2419.49,0.00151037,-1
2419.59,0.31200766,-1
2419.64,0.08235657,-1
2419.72,0.00489504,-1
2419.79,0.002125,-1
2419.83,0.03952268,-1
2419.95,0.00515517,-1
2419.99,0.000012,-1
2420,351.34934344,-1
2420.2,0.00132651,-1
2420.5,0.00091113,-1
2420.57,0.01162606,-1
2420.75,0.0014804,-1
2420.88,0.00458874,-1
2421,0.2,-1
2421.09,0.01055827,-1
2421.37,0.30701277,-1
2421.52,0.005237,-1
2422.43,0.57136576,-1
2422.47,0.01034,-1
2423,0.13811427,-1
2423.05,0.01054974,-1
2423.38,0.00345684,-1
2423.4,0.02063216,-1
2423.72,0.00557673,-1
2424,1.32599175,-1
2424.02,0.017921,-1
2424.4,0.00100988,-1
2424.45,0.00120852,-1
2424.46,0.00721498,-1
2424.54,0.57080699,-1
2424.57,2.11579219,-1
2424.92,0.00276693,-1
2424.96,0.00686759,-1
2425,9.77721469,-1
2425.1,0.00015669,-1
2425.12,0.02082371,-1
2425.16,0.00305471,-1
2425.2,0.00015669,-1
2425.26,0.00196904,-1
2425.27,0.23477789,-1
2425.39,0.00663569,-1
2425.41,0.00824602,-1
2425.42,0.21638486,-1
2425.46,0.00101047,-1
2425.51,0.007383,-1
2425.52,0.00175646,-1
2425.78,0.00175733,-1
2426.1,0.0034541,-1
2426.39,0.00041213,-1
2426.44,0.011398,-1
2426.52,0.002846,-1
2426.77,0.2800429,-1
2426.78,0.01055719,-1
2426.83,0.00701813,-1
2426.92,0.007719,-1
2427,3.66168173,-1
2427.03,0.28524957,-1
2427.06,0.01009709,-1
2427.08,0.00036588,-1
2427.09,0.00110008,-1
2427.18,0.00175733,-1
2427.32,0.00717251,-1
2427.37,0.00014038,-1
2427.42,0.00015654,-1
2427.59,0.00659089,-1
2427.67,1.89653906,-1
2427.89,0.0078368,-1
2427.96,0.00557673,-1
2427.97,0.014378,-1
2428,1.617393,-1
2428.04,0.08624272,-1
2428.11,0.00257028,-1
2428.28,0.01133165,-1
2428.35,0.01468,-1
2428.44,0.00298156,-1
2428.46,0.00015648,-1
2428.5,127.32302555,-1
2428.54,0.04229573,-1
2428.66,1.1674,-1
2428.67,0.01091716,-1
2428.76,5,-1
2428.91,0.011366,-1
2429,0.766,-1
2429.05,0.57921694,-1
2429.1,0.36304237,-1
2429.21,0.00166299,-1
2429.22,0.23263919,-1
2429.37,0.00005394,-1
2429.5,0.00047157,-1
2429.57,0.00841402,-1
2429.6,0.00423937,-1
2429.61,0.003329,-1
2429.66,0.00887048,-1
2429.69,0.012276,-1
2429.7,0.00274177,-1
2429.78,0.00161523,-1
2429.99,0.00000902,-1
2430,43.12029663,-1
2430.08,5.7123,-1
2430.25,0.20574015,-1
2430.28,0.004979,-1
2430.29,0.17417057,-1
2430.44,0.00015635,-1
2430.53,0.001,-1
2430.55,0.08062372,-1
2430.56,0.41142781,-1
2430.64,0.00686318,-1
2430.73,0.16434292,-1
2430.88,0.003151,-1
2430.98,0.00014397,-1
2431.03,0.00015631,-1
2431.45,0.56918424,-1
2431.55,0.0000185,-1
2431.81,0.26884285,-1
2431.89,2.51467394,-1
2432,3.66330288,-1
2432.03,0.56910664,-1
2432.19,0.00206889,-1
2432.5,0.003325,-1
2432.6,0.03580448,-1
2432.65,0.00197542,-1
2432.66,0.00684174,-1
2432.73,0.01156795,-1
2432.8,0.23229968,-1
2432.85,0.009123,-1
2432.91,0.01622876,-1
2432.99,0.00015619,-1
2433.51,0.03698361,-1
2433.59,0.08561281,-1
2433.81,0.049011,-1
2433.91,0.004474,-1
2434,0.86459318,-1
2434.01,0.00150136,-1
2434.04,0.0124594,-1
2434.06,0.00064906,-1
2434.07,0.003134,-1
2434.1,0.0241614,-1
2434.19,0.005813,-1
2434.45,0.08591687,-1
2434.56,1.04107356,-1
2434.7,0.010288,-1
2435,4.07866451,-1
2435.01,0.00050927,-1
2435.12,0.00690266,-1
2435.27,0.02258476,-1
2435.95,0.007691,-1
2436,2.7139699,-1
2436.01,0.09606692,-1
2436.11,0.004507,-1
2436.15,0.04597421,-1
2436.27,0.017831,-1
2436.42,0.003131,-1
2436.5,0.01979955,-1
2436.51,0.00015596,-1
2436.69,0.08084115,-1
2436.84,0.00144859,-1
2437,0.08,-1
2437.29,0.00250547,-1
2437.36,0.005333,-1
2437.47,0.01179,-1
2437.67,0.010184,-1
2437.68,0.00255936,-1
2438,58.03861771,-1
2438.1,0.02050777,-1
2438.21,0.42347201,-1
2438.23,0.00095687,-1
2438.32,0.00156665,-1
2438.34,0.52375473,-1
2438.53,0.00717901,-1
2438.57,0.01711688,-1
2438.69,0.011341,-1
2438.8,0.00055707,-1
2438.87,0.5,-1
2438.93,0.24920354,-1
2439,1.243656,-1
2439.15,0.09673221,-1
2439.19,0.01049783,-1
2439.31,0.00023029,-1
2439.41,0.00015578,-1
2439.59,0.01587059,-1
2439.65,0.003127,-1
2439.69,0.0032709,-1
2439.95,5,-1
2439.99,0.00001,-1
2440,33.08705954,-1
2440.29,0.02570046,-1
2440.32,0.04518178,-1
2440.41,0.00015571,-1
2440.53,0.01245939,-1
2440.61,0.00338552,-1
2440.76,0.0082157,-1
2440.77,0.01245939,-1
2440.8,0.00048547,-1
2440.84,0.00160167,-1
2441,2.23189184,-1
2441.1,0.00088309,-1
2441.18,0.02880574,-1
2441.24,0.01812011,-1
2441.35,0.0023789,-1
2441.67,0.00044127,-1
2441.77,0.00557673,-1
2441.79,0.20476753,-1
2441.83,0.00261506,-1
2441.92,0.27822064,-1
2441.95,0.003312,-1
2442.03,0.012214,-1
2442.16,1.3911032,-1
2442.17,0.12284157,-1
2442.34,0.00558248,-1
2442.4,0.55644128,-1
2442.42,0.16377199,-1
2442.48,0.01475419,-1
2442.49,0.00058956,-1
2442.55,0.004954,-1
2442.63,0.00716132,-1
2442.65,0.56657618,-1
2442.68,0.00314968,-1
2442.76,0.00682913,-1
2443.47,0.00567,-1
2443.69,0.14067402,-1
2443.9,0.00259576,-1
2443.99,0.01022917,-1
2444,10.55047813,-1
2444.05,0.003822,-1
2444.06,0.56631529,-1
2444.16,0.08153013,-1
2444.19,0.27805137,-1
2444.2,0.0241614,-1
2444.21,0.1,-1
2444.54,0.56631529,-1
2444.72,0.00015544,-1
2444.73,0.56631529,-1
2444.78,0.56631529,-1
2444.84,0.003308,-1
2444.89,0.04201289,-1
2444.95,0.01151012,-1
2444.99,0.00454349,-1
2445,5.41161143,-1
2445.26,0.009077,-1
2445.27,0.02764104,-1
2445.3,0.00646241,-1
2445.49,0.00173031,-1
2445.52,0.1,-1
2446,1.084056,-1
2446.07,0.08552549,-1
2446.1,0.005185,-1
2446.11,0.00074567,-1
2446.24,0.00345684,-1
2446.26,0.007788,-1
2446.3,0.00750814,-1
2446.36,0.003119,-1
2446.41,0.02762608,-1
2446.43,0.0276258,-1
2446.49,0.005783,-1
2446.5,0.00045492,-1
2446.82,0.00259284,-1
2446.87,0.01124556,-1
2447,1.20934337,-1
2447.18,0.02,-1
2447.22,0.00015528,-1
2447.34,0.00015527,-1
2447.4,0.57174538,-1
2447.45,0.00005354,-1
2447.49,0.002949,-1
2447.53,0.02761338,-1
2447.54,0.01848,-1
2447.72,0.00036901,-1
2447.88,0.00150117,-1
2447.9,0.00273715,-1
2447.92,0.74129046,-1
2448,19.40570093,-1
2448.11,0.00015522,-1
2448.2,0.0047,-1
2448.25,0.007652,-1
2448.37,0.00081686,-1
2448.45,0.006882,-1
2448.57,0.0001021,-1
2448.61,0.00149241,-1
2448.72,0.003116,-1
2448.77,0.00050725,-1
2448.85,0.27743325,-1
2448.95,0.00012156,-1
2449,1.12566206,-1
2449.05,0.00298156,-1
2449.09,0.27743325,-1
2449.19,0.00015515,-1
2449.25,0.00082474,-1
2449.59,0.12497839,-1
2449.61,0.004204,-1
2449.67,0.005306,-1
2449.7,0.006829,-1
2449.85,0.00104904,-1
2449.86,0.00064085,-1
2449.97,0.01173,-1
2449.99,0.00061224,-1
2450,104.78637826,-1
2450.08,0.04870238,-1
2450.1,0.08102409,-1
2450.5,0.02040399,-1
2450.63,0.00213752,-1
2450.66,0.00014281,-1
2450.7,0.02040233,-1
2450.73,0.00261506,-1
2450.8,0.5,-1
2451.13,5,-1
2451.36,0.00106879,-1
2451.39,0.00999687,-1
2451.51,0.00051081,-1
2451.97,0.003112,-1
2452,0.48481977,-1
2452.02,0.023089,-1
2452.1,0.00046722,-1
2452.13,0.00015497,-1
2452.17,0.00015496,-1
2452.2,0.00055403,-1
2452.5,5.34925586,-1
2452.62,0.014233,-1
2452.8,0.00109262,-1
2452.84,0.00205148,-1
2453,1.66,-1
2453.09,0.007766,-1
2453.2,0.20381542,-1
2453.26,0.05179804,-1
2453.56,0.014685,-1
2453.57,0.03263609,-1
2453.76,0.01302088,-1
2453.91,0.01909296,-1
2454.06,0.00686759,-1
2454.28,0.003295,-1
2454.3,0.0241614,-1
2454.35,0.00538268,-1
2454.36,0.012153,-1
2454.4,0.1,-1
2454.41,0.014761,-1
2454.45,0.00015482,-1
2454.61,0.00040739,-1
2454.93,0.00679528,-1
2455,7.12683977,-1
2455.1,0.009576,-1
2455.29,0.27797805,-1
2455.46,0.06285531,-1
2455.51,1.12721768,-1
2455.54,0.00115249,-1
2455.66,0.00557673,-1
2455.72,0.56350509,-1
2455.81,0.005641,-1
2455.82,0.00969491,-1
2456,0.73814983,-1
2456.2,0.56350509,-1
2456.39,0.003803,-1
2456.44,0.00904764,-1
2456.88,0.001392,-1
2457,2.12807159,-1
2457.08,0.00159728,-1
2457.14,0.00452103,-1
2457.2,0.003291,-1
2457.23,0.01145259,-1
2457.66,0.00160167,-1
2457.86,0.02034289,-1
2457.89,0.0455676,-1
2458,0.32546786,-1
2458.1,0.014451,-1
2458.58,0.05306517,-1
2458.62,0.007749,-1
2458.88,2.03344612,-1
2459,0.20066693,-1
2459.03,0.00127692,-1
2459.39,0.00253676,-1
2459.47,0.001656,-1
2459.59,0.03452,-1
2459.6,0.007121,-1
2459.61,0.27884648,-1
2459.64,0.00261506,-1
2459.93,0.010481,-1
2459.99,0.00001,-1
2460,11.17367615,-1
2460.02,0.018434,-1
2460.31,0.20322642,-1
2460.59,0.03454,-1
2460.83,0.006847,-1
2460.87,0.03975764,-1
2460.92,0.00710809,-1
2460.95,0.00250547,-1
2461,0.08258027,-1
2461.08,0.16522801,-1
2461.1,0.01573191,-1
2461.34,0.04173193,-1
2461.58,0.00097566,-1
2461.59,0.0347,-1
2461.95,0.01048472,-1
2461.96,0.004634,-1
2462,1.19360328,-1
2462.31,5,-1
2462.4,0.00048121,-1
2462.5,0.04060913,-1
2462.66,0.00010152,-1
2462.89,0.03462,-1
2463.02,0.007906,-1
2463.07,0.00015428,-1
2463.3,0.0014835,-1
2463.52,0.03253679,-1
2463.59,0.00081182,-1
2463.65,0.00994711,-1
2463.9,0.00284508,-1
2463.93,0.26518401,-1
2464,0.13340476,-1
2464.16,0.00137978,-1
2464.2,0.27585378,-1
2464.21,0.27585378,-1
2464.27,0.00306378,-1
2464.4,0.02994373,-1
2464.41,0.007903,-1
2464.53,0.00135522,-1
2464.59,0.03455,-1
2465,8.45953719,-1
2465.2,0.8,-1
2465.42,0.01726145,-1
2465.6,0.01116011,-1
2465.68,0.00005314,-1
2465.75,0.00107831,-1
2465.96,0.09490016,-1
2466,1.15026368,-1
2466.1,0.00273729,-1
2466.5,0.50015958,-1
2466.62,0.00709853,-1
2466.67,0.17689941,-1
2466.79,0.01913688,-1
2466.81,0.014651,-1
2467,9.34946745,-1
2467.04,0.003226,-1
2467.09,0.00141867,-1
2467.16,0.0067616,-1
2467.18,0.05809909,-1
2467.37,0.00015401,-1
2467.4,0.00259769,-1
2467.41,0.08105665,-1
2467.5,0.00044113,-1
2467.61,0.09179815,-1
2467.66,0.56083222,-1
2467.72,0.02258765,-1
2468,0.23336275,-1
2468.1,0.02,-1
2468.18,0.02005439,-1
2468.22,0.003357,-1
2468.33,0.00285841,-1
2468.4,0.00042092,-1
2468.48,0.56064732,-1
2468.51,0.00146242,-1
2468.53,0.00036898,-1
2468.56,0.00261506,-1
2468.95,0.0807118,-1
2469,0.05050222,-1
2469.16,0.0078368,-1
2469.21,0.1,-1
2469.33,0.0044987,-1
2469.39,0.08466903,-1
2469.55,0.20246603,-1
2469.58,0.01139534,-1
2469.63,0.00557673,-1
2469.65,0.00298156,-1
2469.74,0.00149813,-1
2469.89,0.00515517,-1
2469.93,0.40486977,-1
2470,6.11009716,-1
2470.21,0.04381691,-1
2470.22,0.08096444,-1
2470.24,0.00012954,-1
2470.53,0.014333,-1
2470.55,0.0243,-1
2470.93,0.0005316,-1
2471.02,0.00018126,-1
2471.15,0.00075673,-1
2471.43,0.55986571,-1
2471.61,0.03034459,-1
2471.68,1.67959713,-1
2471.76,0.03122876,-1
2471.84,0.02667648,-1
2471.92,1.11973142,-1
2472,2.2749044,-1
2472.08,0.00965936,-1
2472.17,0.55986571,-1
2472.26,0.00669473,-1
2472.37,0.0019455,-1
2472.42,0.55986571,-1
2472.5,0.20222446,-1
2472.62,0.21443867,-1
2472.64,0.00620434,-1
2473.44,0.27479809,-1
2473.46,0.00010107,-1
2473.48,0.08460754,-1
2473.49,3.01,-1
2473.52,0.00014149,-1
2473.56,0.00015362,-1
2473.65,0.00203422,-1
2473.9,0.00646151,-1
2473.98,0.08084115,-1
2474,2.22342037,-1
2474.08,0.183,-1
2474.12,0.01650477,-1
2474.21,0.0000185,-1
2474.24,20,-1
2474.28,0.00670684,-1
2474.5,0.00272798,-1
2474.63,0.01948604,-1
2474.7,0.00046295,-1
2474.89,0.00015354,-1
2474.9,0.00044446,-1
2475,10.31400745,-1
2475.49,0.0001535,-1
2475.58,0.00012926,-1
2475.6,0.00050426,-1
2475.65,0.0007132,-1
2475.97,0.00989765,-1
2476,0.1009693,-1
2476.5,0.00050408,-1
2476.64,0.13059735,-1
2477.26,0.60550769,-1
2477.33,0.00015339,-1
2477.47,0.00261506,-1
2477.64,0.0240228,-1
2477.73,0.00050383,-1
2477.77,0.12107661,-1
2477.83,0.00050381,-1
2477.91,0.04145302,-1
2477.97,0.0147,-1
2477.98,0.03240396,-1
2478,0.07514931,-1
2478.08,0.00147465,-1
2478.33,0.20376624,-1
2478.48,0.02818143,-1
2478.8,0.00557673,-1
2479,0.01054804,-1
2479.05,0.00015328,-1
2479.35,0.00705525,-1
2479.45,0.00672808,-1
2479.55,0.00081466,-1
2479.71,0.00010082,-1
2479.87,0.00173031,-1
2479.89,0.20162184,-1
2479.9,0.00599217,-1
2479.97,0.00904767,-1
2479.99,0.00001,-1
2480,36.5154259,-1
2480.01,0.03856361,-1
2480.22,1.73637663,-1
2480.35,0.0001532,-1
2480.47,0.5,-1
2480.52,0.1,-1
2481,0.16525594,-1
2481.02,0.080612,-1
2481.17,0.00403035,-1
2481.23,0.01007564,-1
2481.29,0.00251437,-1
2481.6,0.00447646,-1
2481.88,0.49472399,-1
2481.99,0.01133834,-1
2482,0.2,-1
2482.41,0.69864841,-1
2482.77,0.00686003,-1
2482.8,0.01559442,-1
2483.23,0.00050271,-1
2483.87,0.00050258,-1
2484,0.00448081,-1
2484.02,0.00005275,-1
2484.11,0.20127933,-1
2484.21,0.00098146,-1
2484.3,0.00273829,-1
2484.32,0.02012623,-1
2484.33,0.00050249,-1
2484.48,0.01107532,-1
2484.58,0.00666154,-1
2484.6,0.00314968,-1
2484.62,0.00250547,-1
2484.67,2,-1
2484.7,0.00208194,-1
2484.71,0.0020123,-1
2484.86,0.00010061,-1
2484.88,0.42921825,-1
2484.94,0.00015292,-1
2485,26.1673662,-1
2485.18,0.00044103,-1
2485.25,0.5,-1
2485.45,0.00050111,-1
2485.56,0.00060167,-1
2485.88,0.48000234,-1
2486,0.16193972,-1
2486.34,0.11854296,-1
2486.38,0.00261506,-1
2486.43,0.05027288,-1
2486.85,7.18354142,-1
2486.86,0.00050083,-1
2486.91,0.00149093,-1
2487,6.32801291,-1
2487.28,0.0068,-1
2487.75,0.00050246,-1
2487.9,0.01209579,-1
2488,7.15,-1
2488.01,0.40192764,-1
2488.35,0.0098484,-1
2488.5,0.00042779,-1
2488.67,0.00015269,-1
2488.8,0.05020893,-1
2488.85,0.00668725,-1
2488.87,0.5,-1
2488.96,0.00049905,-1
2489,2.59,-1
2489.04,0.00042429,-1
2489.11,0.002949,-1
2489.52,0.00036954,-1
2489.63,0.01048472,-1
2489.76,29.36368967,-1
2489.99,0.2,-1
2490,18.76097901,-1
2490.12,0.00530536,-1
2490.2,0.00089458,-1
2490.26,0.00298156,-1
2490.36,0.014685,-1
2490.64,0.02106679,-1
2490.66,0.00151479,-1
2491,10.84767907,-1
2491.02,0.00456649,-1
2491.34,0.00160167,-1
2491.35,0.00215046,-1
2491.45,0.01064205,-1
2491.47,0.04013694,-1
2491.59,0.00015251,-1
2492,2.38997869,-1
2492.17,0.04456221,-1
2492.2,1.99608599,-1
2492.35,0.16756073,-1
2492.42,2,-1
2492.5,0.00052156,-1
2492.6,0.00083709,-1
2492.61,0.03,-1
2492.74,0.00015244,-1
2492.81,0.00401153,-1
2492.9,0.00557673,-1
2492.95,0.00191111,-1
2493.55,0.00014036,-1
2493.74,0.00050105,-1
2493.9,0.02004891,-1
2493.92,0.00445435,-1
2493.97,0.07990189,-1
2494,3.07427536,-1
2494.1,3.11853436,-1
2494.21,0.06,-1
2494.27,0.00206443,-1
2494.46,0.01128167,-1
2494.58,0.00010022,-1
2494.59,0.04117582,-1
2494.65,0.00201709,-1
2494.74,0.00542726,-1
2494.87,0.00863864,-1
2495,71.52547353,-1
2495.3,0.00261506,-1
2495.47,0.2663664,-1
2495.84,0.00050017,-1
2495.86,2,-1
2496,0.0400641,-1
2496.15,0.00015223,-1
2496.17,0.00268093,-1
2496.28,0.09374749,-1
2496.3,0.00049893,-1
2496.45,0.00400568,-1
2496.48,0.26172643,-1
2496.78,0.0068,-1
2496.8,0.01,-1
2496.9,0.00102697,-1
2496.95,0.00662852,-1
2497,0.2445,-1
2497.3,0.00045876,-1
2497.37,0.00049986,-1
2497.69,0.01650477,-1
2497.92,0.00700278,-1
2498,11.32368651,-1
2498.72,0.00049959,-1
2498.83,0.00800374,-1
2499,11.78684955,-1
2499.05,2.46551071,-1
2499.06,0.00489504,-1
2499.19,2.40778261,-1
2499.75,0.00080808,-1
2499.84,0.00049823,-1
2499.98,0.82340444,-1
2499.99,0.000001,-1
2500,7744.28063161,-1
2500.13,0.00034798,-1
2500.22,0.08502451,-1
2500.27,0.02031758,-1
2500.79,0.0097994,-1
2500.97,0.01516475,-1
2500.98,0.02582781,-1
2501.36,0.73569211,-1
2501.4,0.0068,-1
2501.45,0.008,-1
2501.65,0.03997361,-1
2502,0.11,-1
2502.07,0.00049959,-1
2502.5,0.00919972,-1
2502.52,0.00005236,-1
2502.64,1.59831218,-1
2502.92,0.01997666,-1
2503.15,0.00017893,-1
2503.38,0.00249218,-1
2503.5,0.01099117,-1
2504,3.5525591,-1
2504.14,0.00485196,-1
2504.2,0.00261506,-1
2504.89,0.02,-1
2505,0.00364,-1
2505.1,0.0068,-1
2505.35,0.13721184,-1
2505.37,0.00009979,-1
2505.48,0.00197542,-1
2505.8,0.00054218,-1
2505.85,0.07708642,-1
2506.24,0.00009975,-1
2506.3,0.00443234,-1
2506.52,0.10552792,-1
2507,0.01122525,-1
2507.08,0.00557673,-1
2507.45,0.0068,-1
2507.78,0.00009969,-1
2507.91,0.00145712,-1
2508.16,0.00385279,-1
2508.18,0.0001,-1
2508.25,0.00053217,-1
2508.28,0.00250547,-1
2508.48,0.0068,-1
2508.55,0.00697988,-1
2508.94,0.1256185,-1
2509,5.04985651,-1
2509.02,2.227848,-1
2509.39,0.00659567,-1
2509.46,0.00079121,-1
2510,12.72446148,-1
2510.13,0.0004422,-1
2510.69,0.00037529,-1
2510.86,0.00298156,-1
2511,0.79649542,-1
2511.09,0.37138852,-1
2511.14,0.0078368,-1
2511.17,0.0068,-1
2511.27,0.00091228,-1
2511.34,0.00015131,-1
2511.38,0.0409005,-1
2511.4,0.00391016,-1
2511.54,0.02749235,-1
2511.84,0.08084115,-1
2512.62,0.00156197,-1
2512.66,0.01267749,-1
2512.97,0.0066762,-1
2513,0.00596896,-1
2513.05,0.00015121,-1
2513.12,0.00261506,-1
2513.13,0.081,-1
2513.3,0.00975061,-1
2513.41,0.01075033,-1
2514,0.69910191,-1
2514.25,0.00173031,-1
2514.71,0.00254149,-1
2515,0.70710136,-1
2515.52,0.1,-1
2515.56,0.00139952,-1
2515.82,0.00200012,-1
2515.93,0.02241469,-1
2516,3.02585055,-1
2516.15,0.00009936,-1
2516.2,0.03385586,-1
2516.24,0.36475007,-1
2516.4,0.00043514,-1
2516.46,0.03102119,-1
2516.63,0.00695073,-1
2516.79,0.28861043,-1
2516.8,0.00013906,-1
2516.87,0.0000185,-1
2516.96,0.08999827,-1
2517,0.04410011,-1
2517.06,0.01627244,-1
2517.14,0.01986381,-1
2517.34,0.00513896,-1
2517.7,0.0000993,-1
2518,0.00794281,-1
2518.03,0.00397135,-1
2518.11,0.00139809,-1
2518.22,0.01048472,-1
2518.75,0.00441043,-1
2518.96,0.0068,-1
2519,1.07589916,-1
2519.25,0.07910009,-1
2519.4,0.00041047,-1
2519.61,0.5235602,-1
2519.95,1.05374267,-1
2520,4.87334712,-1
2520.03,0.03201946,-1
2520.87,0.00515517,-1
2521,0.05640808,-1
2521.14,0.00005198,-1
2521.25,0.01650477,-1
2521.34,0.00557673,-1
2521.74,0.03975764,-1
2521.9,0.00656296,-1
2522,25.15,-1
2522.03,0.00261506,-1
2522.07,0.0371,-1
2522.12,0.00139171,-1
2522.27,0.00265293,-1
2522.66,0.01090768,-1
2522.96,0.00144843,-1
2523,2.70620689,-1
2523.35,0.0015733,-1
2523.5,0.00083196,-1
2523.64,0.11679086,-1
2523.89,0.0068,-1
2524.2,0.00039616,-1
2524.29,1.11547038,-1
2524.32,0.00241848,-1
2524.53,0.01872565,-1
2524.78,0.00009902,-1
2525,2.70608978,-1
2525.56,0.02645967,-1
2525.67,0.00247019,-1
2525.87,0.00970211,-1
2526,0.00593824,-1
2526.28,0.00009896,-1
2526.43,0.00522912,-1
2526.52,0.00314968,-1
2527.27,2.72463002,-1
2527.73,0.014685,-1
2527.91,0.00197791,-1
2528,1.566,-1
2528.24,0.0068,-1
2528.28,0.06138027,-1
2528.45,0.07909984,-1
2529,0.651,-1
2529.46,0.25831387,-1
2529.9,0.2,-1
2530,5.38690197,-1
2530.05,0.0007984,-1
2530.83,0.00015015,-1
2530.94,0.00261506,-1
2531,1,-1
2531.03,0.10664212,-1
2531.2,0.00045262,-1
2531.26,0.00438863,-1
2531.28,0.01975285,-1
2531.41,0.002949,-1
2531.46,0.00298156,-1
2531.64,0.01975004,-1
2531.69,0.00009875,-1
2531.8,0.8255,-1
2531.94,0.00250549,-1
2532,3.75197471,-1
2532.04,0.00037848,-1
2532.16,0.3993281,-1
2532.22,0.21117043,-1
2532.48,0.00009872,-1
2532.49,0.00061599,-1
2532.6,0.00053785,-1
2532.78,0.02065829,-1
2532.84,0.0000987,-1
2533,0.00592183,-1
2533.18,0.00051028,-1
2534,0.0538,-1
2534.08,0.00009866,-1
2534.38,0.01706409,-1
2534.46,0.00653043,-1
2534.52,0.00297886,-1
2534.71,0.00009863,-1
2535,2.82050938,-1
2535.1,0.02216851,-1
2535.48,0.00689905,-1
2535.68,0.00557673,-1
2535.69,0.00017664,-1
2536.14,0.00941535,-1
2536.28,0.01901239,-1
2536.49,0.00009856,-1
2536.62,0.07884507,-1
2536.64,0.00141274,-1
2536.92,0.15784267,-1
2537.18,0.00198328,-1
2537.29,0.00009853,-1
2537.55,1,-1
2538,1.10260243,-1
2538.1,0.00143979,-1
2538.23,0.46539159,-1
2538.5,0.00965383,-1
2539,11.06769652,-1
2539.86,0.00261506,-1
2539.91,0.00005159,-1
2539.99,0.00670549,-1
2540,9.36382489,-1
2540.13,0.03161116,-1
2540.25,0.19683102,-1
2540.33,0.00051297,-1
2540.63,0.0000984,-1
2540.68,0.0000984,-1
2540.85,0.00154462,-1
2541,0.00041895,-1
2541.13,0.03102119,-1
2541.21,0.00787026,-1
2541.35,0.00210815,-1
2541.37,3.95480622,-1
2541.63,0.00009836,-1
2541.66,0.12400136,-1
2541.68,0.03762791,-1
2541.84,0.0001,-1
2541.97,0.01082484,-1
2542,0.5357,-1
2542.4,0.01262057,-1
2542.58,0.00014945,-1
2542.59,0.0005084,-1
2542.77,0.00003539,-1
2543,1.0743,-1
2543.01,0.00009831,-1
2543.19,0.00013762,-1
2543.54,0.0005082,-1
2543.84,0.00436694,-1
2543.85,2.5,-1
2544,2.9,-1
2544.1,0.00092688,-1
2544.32,0.00009826,-1
2544.51,0.00608205,-1
2544.8,0.07830607,-1
2545,1.36247544,-1
2545.3,0.04485549,-1
2546,1.77463143,-1
2546.17,0.00009819,-1
2546.35,0.00653626,-1
2546.37,0.83689723,-1
2546.8,0.00009816,-1
2547,0.27643109,-1
2547.05,0.00009815,-1
2547.09,0.00649805,-1
2547.22,5,-1
2547.34,0.00051157,-1
2547.47,0.00009814,-1
2547.75,0.01048472,-1
2548,3.03124411,-1
2548.03,0.00059032,-1
2548.16,0.00244838,-1
2548.49,0.01913688,-1
2548.63,0.00173031,-1
2548.77,0.00261506,-1
2548.83,0.00241848,-1
2548.84,0.00009808,-1
2549,0.0230561,-1
2549.16,0.183,-1
2549.37,0.06543617,-1
2549.61,0.00049027,-1
2549.84,0.00049023,-1
2550,64.01042193,-1
2550.1,0.00557673,-1
2550.25,0.00079207,-1
2550.28,0.08084115,-1
2550.31,0.0416067,-1
2550.52,0.1,-1
2550.73,0.00431249,-1
2550.85,0.00620338,-1
2551,2,-1
2551.03,1.0774188,-1
2551.2,0.01646899,-1
2551.56,0.00009798,-1
2552,0.49,-1
2552.05,0.03918418,-1
2552.06,0.0031746,-1
2552.07,0.00298156,-1
2552.21,0.00180799,-1
2552.33,0.00009795,-1
2552.38,0.05023676,-1
2552.44,4,-1
2552.8,0.00040704,-1
2553.1,0.00048051,-1
2553.32,0.0014312,-1
2553.57,0.0003817,-1
2553.8,0.00044861,-1
2553.83,0.0078368,-1
2553.97,0.00048943,-1
2554.47,0.00684776,-1
2554.98,0.02,-1
2555,7.73852491,-1
2555.38,0.00009783,-1
2555.5,4,-1
2555.55,0.13869577,-1
2555.58,0.01856348,-1
2555.87,0.01037383,-1
2556.38,0.00048897,-1
2556.47,0.00434537,-1
2557.17,0.00009776,-1
2557.67,0.00261506,-1
2558.72,0.00196659,-1
2558.76,0.00050519,-1
2558.81,0.00005121,-1
2558.96,0.00077854,-1
2559,7.91433497,-1
2559.4,0.00053602,-1
2559.52,0.0000185,-1
2559.6,0.00042779,-1
2559.78,0.00646584,-1
2560,3.28652177,-1
2561,0.20109331,-1
2561.13,0.00009761,-1
2561.35,0.00683474,-1
2561.43,0.0107426,-1
2561.5,0.1150646,-1
2561.84,0.00841282,-1
2562.01,0.00050453,-1
2562.04,0.04016254,-1
2562.22,0.00078057,-1
2562.36,0.78053044,-1
2562.38,0.10767834,-1
2562.44,0.04008564,-1
2562.59,0.00009756,-1
2562.75,0.01951029,-1
2562.87,0.25494631,-1
2562.92,1,-1
2563,1.22728317,-1
2563.02,0.4653916,-1
2563.09,0.0703,-1
2563.26,0.00515398,-1
2563.77,0.00009751,-1
2563.88,0.00009751,-1
2563.93,1.30825978,-1
2563.95,0.009558,-1
2563.96,0.02,-1
2564.22,0.03899821,-1
2564.38,0.00000024,-1
2564.46,1.16983692,-1
2564.61,0.00557673,-1
2564.68,0.00009748,-1
2564.74,0.09294229,-1
2565,10.5227287,-1
2565.64,0.014685,-1
2565.71,0.0209269,-1
2565.8,0.03102119,-1
2565.82,0.00009743,-1
2565.99,0.00050785,-1
2566.07,0.00008665,-1
2566.43,0.02993652,-1
2566.48,0.02044429,-1
2566.59,0.00261506,-1
2566.66,0.0000974,-1
2566.77,0.00311675,-1
2566.85,0.00048698,-1
2567.3,0.10544737,-1
2567.51,0.01928327,-1
2567.84,0.00053652,-1
2568,0.02409657,-1
2568.27,0.0005033,-1
2568.43,0.00314968,-1
2568.48,0.00194667,-1
2568.51,0.01491136,-1
2568.55,0.13383543,-1
2568.65,0.00159703,-1
2568.74,0.00778591,-1
2568.95,0.00009732,-1
2568.97,0.00050317,-1
2569,0.06862581,-1
2569.05,0.00009731,-1
2569.16,0.0043239,-1
2569.39,0.09379658,-1
2569.4,0.00972989,-1
2569.41,0.00152745,-1
2570,87.15925632,-1
2570.4,0.00040233,-1
2570.6,0.07752016,-1
2570.62,0.03865266,-1
2570.85,0.00242678,-1
2571.01,2,-1
2571.1,0.1,-1
2571.33,0.00009723,-1
2571.58,0.02597235,-1
2572,0.37440124,-1
2572.5,0.00041382,-1
2572.53,0.00643379,-1
2572.67,0.00298156,-1
2572.89,0.00515517,-1
2573.34,0.00241848,-1
2573.61,0.00679684,-1
2573.7,1.55506933,-1
2574,10,-1
2574.25,2,-1
2574.45,0.002949,-1
2574.49,0.02682006,-1
2574.65,0.03884016,-1
2574.81,0.12240487,-1
2575,12.4889127,-1
2575.28,0.00038494,-1
2575.5,0.00261506,-1
2576,2.62996402,-1
2576.4,0.00044468,-1
2576.77,0.00951047,-1
2577,1.9274339,-1
2577.01,0.01048472,-1
2577.3,0.000476,-1
2577.64,0.00048494,-1
2578,3.49107835,-1
2578.31,0.00197542,-1
2578.39,0.00489504,-1
2579.19,0.00557673,-1
2579.21,0.0935,-1
2579.53,0.00043391,-1
2579.68,0.03981751,-1
2580,11.23962014,-1
2580.28,0.19377741,-1
2580.36,0.00009689,-1
2580.38,0.01587315,-1
2580.44,0.00195004,-1
2580.55,0.00078277,-1
2580.69,0.00056934,-1
2580.82,0.09660676,-1
2581,0.50177062,-1
2581.03,0.01066101,-1
2581.05,0.00009686,-1
2581.88,0.00047372,-1
2581.91,0.00430254,-1
2582.01,0.00599372,-1
2582.46,0.08397915,-1
2582.61,0.03975764,-1
2583,0.01935733,-1
2583.02,0.00173031,-1
2584,4.08193666,-1
2584.05,0.00141418,-1
2584.35,0.00049611,-1
2584.41,0.00261506,-1
2584.92,0.00009671,-1
2585,3.03420068,-1
2585.34,0.00640191,-1
2585.5,0.00048347,-1
2585.52,0.1,-1
2586.2,0.00053602,-1
2587,1,-1
2587.54,0.0057429,-1
2588,0.1,-1
2589,5.1100811,-1
2589.29,0.04,-1
2589.3,0.08084115,-1
2589.65,0.00946314,-1
2590,16.48396131,-1
2590.88,3.51971141,-1
2591,3.55185488,-1
2591.16,0.03123311,-1
2591.35,0.00206748,-1
2591.62,0.00009646,-1
2591.66,0.00049876,-1
2592,0.85199414,-1
2592.21,1,-1
2592.34,0.00499028,-1
2592.74,0.00009642,-1
2592.88,0.00674633,-1
2593,0.07,-1
2593.28,0.00298156,-1
2593.33,0.00261506,-1
2593.37,0.0000964,-1
2593.5,0.00041047,-1
2593.74,0.00240536,-1
2593.82,0.00825983,-1
2593.87,0.00557673,-1
2593.96,0.00049428,-1
2594,0.24755,-1
2594.1,2.99379298,-1
2594.57,0.00674847,-1
2594.74,0.00428128,-1
2595,2.6163489,-1
2595.3,0.00009633,-1
2595.6,0.00082052,-1
2595.81,0.00072468,-1
2596,0.0096302,-1
2596.42,0.02488434,-1
2596.65,0.07674235,-1
2596.72,0.25162271,-1
2596.73,0.07124344,-1
2596.78,0.13618346,-1
2596.79,1,-1
2597,0.03850596,-1
2597.05,0.03955141,-1
2597.18,0.00038821,-1
2597.24,0.0078368,-1
2597.25,0.00009626,-1
2597.46,0.4777,-1
2597.47,0.33102388,-1
2597.85,0.00241848,-1
2598,32.17541955,-1
2598.22,0.00637016,-1
2598.28,0.00151048,-1
2598.4,0.0001,-1
2598.46,0.00009621,-1
2598.49,0.03059803,-1
2598.53,0.00655441,-1
2599,1.11628361,-1
2599.07,0.02119894,-1
2599.31,14.93076285,-1
2599.46,0.01855028,-1
2599.56,0.00140574,-1
2599.57,0.00077271,-1
2599.99,0.000001,-1
2600,120.95049403,-1
2600.34,0.04613239,-1
2600.39,0.00266127,-1
2600.55,0.80583338,-1
2600.63,0.01058069,-1
2600.75,0.00077669,-1
2600.8,0.00080762,-1
2601,0.0003937,-1
2601.5,0.00047157,-1
2601.86,0.00917756,-1
2602,0.1,-1
2602.04,0.00017213,-1
2602.23,0.00261506,-1
2602.34,0.00193362,-1
2602.61,0.00941604,-1
2603.27,0.00009603,-1
2603.83,0.03083784,-1
2604,0.0006035,-1
2604.47,1,-1
2604.76,0.05023676,-1
2604.88,0.03671494,-1
2605.19,0.00638864,-1
2605.8,0.00143724,-1
2605.97,0.01048472,-1
2607.18,0.00009589,-1
2607.62,0.00426012,-1
2608,0.33365232,-1
2608.39,0.12082905,-1
2608.44,0.0154,-1
2608.62,0.00557673,-1
2608.78,8,-1
2608.9,0.00289393,-1
2610,3.45027586,-1
2610.26,0.00009578,-1
2610.34,0.00314968,-1
2610.4,0.1,-1
2610.53,0.00542726,-1
2611.14,0.00261506,-1
2611.17,0.00633859,-1
2611.44,0.59458382,-1
2612.3,0.00669617,-1
2613,0.00053602,-1
2613.27,0.00191331,-1
2613.6,0.00041895,-1
2613.88,0.00298156,-1
2614.53,0.03928688,-1
2614.8,0.00382438,-1
2615,0.5,-1
2615.12,0.0955979,-1
2615.15,0.00139736,-1
2615.58,0.00009558,-1
2615.62,0.00936921,-1
2616.83,0.00238414,-1
2617.34,0.0005811,-1
2617.4,0.00417913,-1
2618.18,3.73729253,-1
2618.23,0.002949,-1
2618.65,0.10755624,-1
2619.26,0.00039151,-1
2619.5,0.00059992,-1
2620,26.20045407,-1
2620.05,0.0059067,-1
2620.06,0.00261506,-1
2620.38,0.01050091,-1
2620.42,0.00047702,-1
2620.46,0.03816123,-1
2620.5,4.65957051,-1
2620.52,0.1,-1
2620.58,0.00423906,-1
2621.12,0.00190758,-1
2621.4,0.00039063,-1
2621.95,0.01011239,-1
2622,4.57665902,-1
2622.36,0.00241851,-1
2622.98,0.07597202,-1
2623,0.10641792,-1
2623.46,0.00557673,-1
2624,0.185,-1
2624.18,0.00630715,-1
2624.42,0.02,-1
2624.43,0.00191735,-1
2624.83,0.00187711,-1
2624.92,0.12446109,-1
2625,2.62887364,-1
2625.07,0.00666884,-1
2625.7,0.00046722,-1
2626,0.07222264,-1
2626.5,0.00094671,-1
2626.52,0.183,-1
2627,2.00570993,-1
2627.51,0.00041368,-1
2627.53,0.01809437,-1
2628.69,0.0093226,-1
2628.92,0.08084115,-1
2628.97,0.00261506,-1
2629.09,0.00063555,-1
2629.25,0.00183842,-1
2629.5,0.04663733,-1
2630,1.29568819,-1
2630.13,0.07604186,-1
2630.19,0.01913688,-1
2630.25,0.04132105,-1
2630.55,6.5,-1
2630.59,0.00819294,-1
2630.85,0.00138903,-1
2631,0.00392374,-1
2631.02,0.00009502,-1
2631.03,0.24834206,-1
2631.05,0.00076775,-1
2631.2,0.01984645,-1
2631.85,0.10050263,-1
2631.88,0.00664637,-1
2632,0.3893427,-1
2632.13,0.03902422,-1
2632.32,0.03617535,-1
2632.63,0.00009496,-1
2632.9,0.00473514,-1
2632.94,0.03798035,-1
2633.33,0.01219523,-1
2633.35,0.13054199,-1
2633.58,0.00421812,-1
2634.48,0.00298156,-1
2635,6.05555977,-1
2635.6,0.15521588,-1
2635.87,0.00016992,-1
2635.9,0.01048472,-1
2637,8.84177618,-1
2637.25,0.00627591,-1
2637.88,0.00261506,-1
2638,0.00042077,-1
2638.2,1.06530589,-1
2638.38,0.00557673,-1
2638.67,0.00785407,-1
2639.03,0.02616422,-1
2639.8,0.00053602,-1
2640,1.34880816,-1
2640.13,0.0023631,-1
2640.15,0.72,-1
2640.28,0.01042177,-1
2640.44,7.6337,-1
2640.77,0.28861043,-1
2641.04,3.97432077,-1
2641.35,0.00202834,-1
2641.4,0.0078368,-1
2641.53,0.00039484,-1
2641.84,0.0092762,-1
2642.08,0.00080762,-1
2642.13,8,-1
2642.19,0.15517434,-1
2642.21,0.03858312,-1
2642.41,0.11927342,-1
2642.63,0.15486931,-1
2643.18,0.014685,-1
2643.48,0.03975764,-1
2644.33,0.83504851,-1
2645.28,0.0154837,-1
2645.35,0.17186178,-1
2646,0.00121453,-1
2646.61,0.00075547,-1
2646.63,0.00138074,-1
2646.67,0.00419727,-1
2646.71,0.00190121,-1
2646.8,0.00261506,-1
2647,0.5,-1
2647.1,0.00096853,-1
2647.3,0.05691728,-1
2648,1.22321582,-1
2649,1.00050638,-1
2649.56,0.07520978,-1
2649.84,0.03876328,-1
2649.9,0.00046295,-1
2650,71.73902579,-1
2650.11,0.38126398,-1
2650.39,0.00624478,-1
2650.5,0.00059291,-1
2650.85,0.97292463,-1
2650.94,0.4888304,-1
2650.99,0.0148,-1
2651,0.00037721,-1
2651.25,0.0007619,-1
2651.34,0.00009429,-1
2651.58,0.00659697,-1
2651.67,0.30663687,-1
2651.79,0.00173031,-1
2652,0.00038613,-1
2652.26,0.00314968,-1
2652.61,0.30158975,-1
2652.88,0.01903591,-1
2652.97,0.00056248,-1
2653,2.89056229,-1
2653.39,0.00557673,-1
2654.2,0.00059032,-1
2655,0.25283239,-1
2655.05,0.00923006,-1
2655.09,0.00298156,-1
2655.43,0.02824401,-1
2655.5,0.00043143,-1
2655.52,0.1,-1
2655.7,0.00261506,-1
2656.94,0.00047047,-1
2657,0.9409108,-1
2657.14,0.05023676,-1
2657.7,1.54074952,-1
2657.73,0.00489504,-1
2657.88,0.00054274,-1
2658,0.00752445,-1
2658.17,0.18809933,-1
2658.42,0.00640676,-1
2658.66,0.00582092,-1
2659,1.21464121,-1
2659.57,0.03760006,-1
2660,18.002,-1
2660.32,0.01034325,-1
2660.86,0.43359375,-1
2661.74,0.00040672,-1
2662.51,0.00137251,-1
2662.73,0.002949,-1
2663.31,0.00041497,-1
2663.6,0.00621381,-1
2663.63,0.00234224,-1
2663.87,0.00009385,-1
2663.99,0.00039603,-1
2664.21,0.01809941,-1
2664.62,0.00261506,-1
2665.78,0.24510437,-1
2666,1.24046627,-1
2666.66,0.12562268,-1
2666.82,0.01048472,-1
2667,0.45708211,-1
2667.01,1.86253356,-1
2667.34,0.00484996,-1
2667.54,0.03748772,-1
2667.6,0.00041047,-1
2667.68,0.03850421,-1
2667.76,0.02,-1
2668,0.05937031,-1
2668.33,0.00918412,-1
2668.48,0.00557673,-1
2669,60.07346,-1
2669.02,0.0001,-1
2669.14,0.03008326,-1
2669.15,0.08084115,-1
2669.17,0.00188521,-1
2669.28,0.00894574,-1
2669.67,0.03582397,-1
2669.89,0.05017922,-1
2670,3.59673206,-1
2670.14,0.00016774,-1
2670.52,0.00308321,-1
2671,0.00561587,-1
2671.03,0.10970759,-1
2671.45,0.00654791,-1
2672.4,0.00038318,-1
2672.74,0.00047183,-1
2673.38,3,-1
2673.53,0.00261506,-1
2673.89,8,-1
2674.1,0.00045876,-1
2675,1.01134579,-1
2675.69,0.00298156,-1
2676.43,0.07445475,-1
2676.87,0.12392101,-1
2677.5,0.0007874,-1
2678,3.00077226,-1
2678.1,0.00042779,-1
2678.49,0.00136432,-1
2678.84,0.00038563,-1
2679.86,0.00672309,-1
2679.89,0.13694591,-1
2680,12.26669582,-1
2680.53,0.01026528,-1
2681,0.08,-1
2681.5,0.00058605,-1
2681.55,0.00075329,-1
2681.6,2,-1
2681.68,0.00913841,-1
2681.73,0.00302119,-1
2682.44,0.00261506,-1
2682.83,0.014685,-1
2682.88,0.00074546,-1
2682.94,0.00000012,-1
2683,0.00000081,-1
2683.28,0.00281372,-1
2683.53,0.0079876,-1
2683.66,0.00557673,-1
2683.98,0.00000012,-1
2685,0.00111731,-1
2685.64,0.03824671,-1
2686.17,0.00173031,-1
2686.3,0.0078368,-1
2686.31,0.02,-1
2686.64,0.00039939,-1
2686.86,0.0521017,-1
2687.35,0.00232158,-1
2688,3.39368823,-1
2689,3.12419617,-1
2689.34,23.3967,-1
2689.37,0.028,-1
2689.75,0.00985751,-1
2690,5.91264432,-1
2690.08,0.00038383,-1
2690.2,0.00615236,-1
2690.52,0.1,-1
2690.8,0.06391713,-1
2691.35,0.00199066,-1
2691.36,0.00261506,-1
2691.45,0.00649924,-1
2691.55,0.0128241,-1
2691.83,0.00186934,-1
2692.4,0.00238061,-1
2693.61,0.00113416,-1
2694,0.1018968,-1
2694.1,3.05366885,-1
2694.18,0.00314968,-1
2694.56,0.00135618,-1
2694.64,0.00000021,-1
2695,3.18666242,-1
2695.15,0.00039065,-1
2695.44,0.00441288,-1
2696,0.03704376,-1
2696.05,0.5,-1
2696.09,0.00039367,-1
2696.3,0.00298156,-1
2696.52,0.00998884,-1
2697,1.00058268,-1
2697.45,0.01048472,-1
2697.84,0.00573639,-1
2698,12.6741977,-1
2698.19,0.00039426,-1
2698.5,0.00078126,-1
2698.6,0.00076636,-1
2698.92,0.00557673,-1
2699,22.12293395,-1
2699.79,0.12732942,-1
2699.85,0.005504,-1
2699.99,0.00001,-1
2700,114.75434392,-1
2700.27,0.00261506,-1
2700.89,0.0101879,-1
2701,0.24190869,-1
2701.2,0.00797878,-1
2701.75,0.00074766,-1
2702.82,0.03884828,-1
2703,0.00038062,-1
2703.55,0.0737078,-1
2703.6,0.00612187,-1
2703.71,0.03799094,-1
2704.35,0.03975764,-1
2704.5,0.06580144,-1
2704.85,0.00016559,-1
2705,0.00554528,-1
2705.18,0.02552442,-1
2705.46,10.0722,-1
2706.23,0.183,-1
2706.51,5.00125253,-1
2706.81,0.0174226,-1
2707.7,0.00073863,-1
2708,0.502949,-1
2709.17,0.00261506,-1
2709.2,0.0042,-1
2709.48,0.00040279,-1
2709.52,0.05023676,-1
2710,0.08634115,-1
2710.33,2.57339512,-1
2710.4,0.00045262,-1
2710.5,0.001,-1
2710.73,0.00134809,-1
2710.77,0.16897,-1
2711,0.1,-1
2711.27,0.00230109,-1
2711.62,0.00645091,-1
2711.78,0.11622229,-1
2711.82,0.01510379,-1
2711.88,0.01913688,-1
2712,1.51148882,-1
2713.31,0.00075478,-1
2714,40,-1
2714.18,0.00039964,-1
2714.27,0.00557673,-1
2714.38,0.00149453,-1
2714.68,0.00185361,-1
2714.83,0.18417359,-1
2715,1.3384162,-1
2715.1,1.7422,-1
2716,6.242,-1
2716.83,0.25145482,-1
2716.9,0.00298156,-1
2717.07,0.00609152,-1
2717.19,0.00059031,-1
2718.09,0.00261506,-1
2719.7,0.0062624,-1
2720,4.54171779,-1
2720.56,0.00173031,-1
2721.06,1.09075507,-1
2721.39,0.01011114,-1
2721.6,0.00040233,-1
2721.91,0.03773703,-1
2723.07,0.014685,-1
2724.46,0.11190142,-1
2725,0.002,-1
2725.52,0.1,-1
2726.22,0.0003824,-1
2726.24,0.02488434,-1
2726.32,0.00542726,-1
2726.7,0.0354,-1
2726.98,0.00134006,-1
2727,0.00261506,-1
2727.73,0.01048472,-1
2728,0.00057606,-1
2728.12,0.00623139,-1
2728.91,0.12106298,-1
2729.16,0.00812338,-1
2729.5,0.00076574,-1
2729.71,0.00557673,-1
2730,0.03050789,-1
2730.58,0.01765948,-1
2730.61,0.00606132,-1
2730.96,0.07296806,-1
2731,3.50554741,-1
2731.68,3.71147816,-1
2731.93,0.00640296,-1
2731.97,0.0078368,-1
2731.99,0.12102899,-1
2732.05,0.00073937,-1
2732.52,0.00040621,-1
2733.6,0.00037636,-1
2733.74,0.00672309,-1
2734,0.79261155,-1
2734.44,0.0162,-1
2734.6,0.00086681,-1
2735,0.4,-1
2735.41,0.00228078,-1
2735.91,0.00261506,-1
2736.06,0.03495469,-1
2736.08,0.02934729,-1
2736.09,0.00314968,-1
2736.68,0.23875502,-1
2737.06,0.00489504,-1
2737.31,1,-1
2737.5,0.00298156,-1
2737.59,0.00565309,-1
2737.72,0.00183801,-1
2737.77,0.1767212,-1
2737.97,0.00696853,-1
2738.44,0.00871982,-1
2739.17,0.03354291,-1
2739.5,0.5,-1
2740,0.03005853,-1
2740.01,0.00016347,-1
2740.23,0.0374847,-1
2741.35,0.0019524,-1
2742.06,0.01003494,-1
2742.34,0.00471732,-1
2743,0.00546846,-1
2743.88,0.00051022,-1
2744,0.18221574,-1
2744.22,0.00603127,-1
2744.83,0.00261506,-1
2745,1,-1
2745.24,0.00557673,-1
2745.68,1,-1
2746.05,0.00930883,-1
2747.15,0.11472591,-1
2747.72,1,-1
2748,0.1,-1
2748.3,0.1980761,-1
2748.88,0.00068391,-1
2749,2.2026244,-1
2749.22,0.000387,-1
2749.66,0.02,-1
2749.94,3.68678445,-1
2750,176.4580664,-1
2750.77,0.19948732,-1
2751,0.00076636,-1
2751.47,0.08084115,-1
2751.61,0.13042689,-1
2751.87,0.00063897,-1
2752.1,0.00928835,-1
2752.39,0.00635536,-1
2753.73,0.00261506,-1
2754,0.00077079,-1
2754.04,0.002949,-1
2754.08,0.03865266,-1
2754.75,0.00330505,-1
2754.94,0.00173031,-1
2755.29,3.37023565,-1
2755.44,0.01479618,-1
2755.53,3.50022938,-1
2755.75,0.00040966,-1
2756.89,0.00044219,-1
2757.75,0.00059031,-1
2757.89,0.00600137,-1
2758,0.22612907,-1
2758.11,0.00298156,-1
2758.3,0.00044196,-1
2758.36,1,-1
2758.66,0.07223556,-1
2758.68,0.0372341,-1
2758.72,9.477,-1
2758.8,0.00044468,-1
2759,0.06256959,-1
2759.06,0.01048472,-1
2759.28,0.00960908,-1
2759.76,0.00226066,-1
2759.93,0.00932183,-1
2760,1.31397999,-1
2760.4,0.0007492,-1
2760.52,0.1,-1
2760.86,0.00557673,-1
2760.95,0.00182254,-1
2761.03,0.00925833,-1
2761.9,0.05023676,-1
2762.03,0.00273349,-1
2762.2,0.00439866,-1
2762.64,0.00261506,-1
2762.89,0.00995928,-1
2763,4,-1
2763.44,0.09571687,-1
2763.63,0.02865072,-1
2763.71,0.00924934,-1
2763.92,0.014685,-1
2764.01,0.00924834,-1
2764.76,0.28861043,-1
2764.8,0.00059032,-1
2765.22,0.03975764,-1
2765.99,0.00924172,-1
2766.32,0.05,-1
2767.4,0.00231609,-1
2767.91,0.12419575,-1
2768,0.91642701,-1
2768.5,0.0004182,-1
2769,0.90677675,-1
2770,1.1877,-1
2770.5,0.0041,-1
2771,0.5,-1
2771.09,1.2343927,-1
2771.56,0.00261506,-1
2771.62,0.00597164,-1
2772,0.07065651,-1
2772.04,0.00066742,-1
2772.74,0.00921921,-1
2772.82,0.23564243,-1
2772.97,0.02490035,-1
2773,0.00630811,-1
2773.05,0.00921819,-1
2773.7,0.00777024,-1
2773.99,32.43668445,-1
2774.91,0.00921201,-1
2775,10.0019,-1
2775.19,0.00921108,-1
2775.56,0.00826148,-1
2775.6,0.00039063,-1
2775.63,0.00016137,-1
2776.56,0.00557673,-1
2776.62,0.00920635,-1
2777,0.202,-1
2777.17,0.0092045,-1
2777.25,0.03698507,-1
2777.5,0.00225112,-1
2777.56,0.00920321,-1
2777.77,0.2,-1
2777.93,0.00557101,-1
2778,0.50314968,-1
2778.2,0.75,-1
2778.41,0.0078368,-1
2778.71,0.00298156,-1
2778.95,0.1141399,-1
2779,0.00071968,-1
2779.18,0.00041314,-1
2779.9,0.01302263,-1
2780,20.71168263,-1
2780.03,0.01473317,-1
2780.47,0.00261506,-1
2780.49,0.00919352,-1
2781,0.00074364,-1
2782,13.67019673,-1
2782.38,0.00612133,-1
2782.5,0.00075768,-1
2782.88,0.00039527,-1
2782.98,0.11324885,-1
2783,1.33344081,-1
2783.03,0.00918512,-1
2783.87,0.00988421,-1
2784.14,0.00918144,-1
2784.34,0.0022407,-1
2784.39,0.0018618,-1
2784.6,0.0003712,-1
2785,15,-1
2785.43,0.00594202,-1
2785.71,50,-1
2786,0.00897343,-1
2786.16,0.00086754,-1
2786.62,0.07151056,-1
2787.6,0.00672309,-1
2788,0.185868,-1
2788.23,0.00916797,-1
2788.36,0.183,-1
2789,5.181204,-1
2789.03,0.03799865,-1
2789.32,0.00173031,-1
2789.38,0.00261506,-1
2790,9.16280426,-1
2790.33,0.00921644,-1
2791,0.3,-1
2791.1,0.00041791,-1
2791.46,0.01048472,-1
2792,7.32,-1
2792.34,0.00063897,-1
2792.36,0.00557673,-1
2792.67,0.0935,-1
2792.91,2.51989581,-1
2793.57,0.08084115,-1
2793.58,0.01913688,-1
2793.78,0.0062612,-1
2794,0.73686471,-1
2794.1,3.30814126,-1
2795,102.17618962,-1
2795.52,0.1,-1
2795.94,0.03673778,-1
2795.99,0.00914257,-1
2796.12,0.00914213,-1
2796.53,0.03501839,-1
2797,1,-1
2797.45,1,-1
2797.82,0.14924025,-1
2798,1.62777955,-1
2798.3,0.00261506,-1
2798.61,0.01723022,-1
2798.9,7.62296616,-1
2799,0.5218913,-1
2799.31,0.00591257,-1
2799.32,0.00298156,-1
2799.99,0.00001,-1
2800,195.24688957,-1
2800.85,0.002949,-1
2802.45,0.1,-1
2802.81,0.00041666,-1
2803.22,0.00071346,-1
2803.74,0.0091173,-1
2804.1,0.03410656,-1
2804.33,0.05516469,-1
2804.7,0.02862925,-1
2805,10.39534759,-1
2805.01,0.00980973,-1
2805.14,0.00000001,-1
2805.37,0.014685,-1
2805.69,0.0001,-1
2805.71,0.00048606,-1
2807,3.05793235,-1
2807.2,0.00261506,-1
2807.82,0.00179212,-1
2808,0.64838613,-1
2808.01,0.00583331,-1
2808.23,0.00557673,-1
2808.91,0.00222111,-1
2809.4,0.00849957,-1
2809.45,0.23257005,-1
2810,0.01167615,-1
2811.2,0.1,-1
2811.49,0.00909217,-1
2811.72,0.0001593,-1
2811.9,0.00074725,-1
2812.56,2.56419156,-1
2813.25,0.00588326,-1
2813.85,0.04751141,-1
2814,0.0007492,-1
2814.15,1.09241831,-1
2814.29,0.05023676,-1
2814.5,0.02,-1
2814.7,0.00621466,-1
2814.76,0.03649219,-1
2814.87,0.07079305,-1
2815.2,0.00036889,-1
2816.12,0.00261506,-1
2816.82,0.0035501,-1
2817,1.23961334,-1
2817.03,0.00527505,-1
2817.34,0.00459174,-1
2818,1,-1
2818.86,0.00549011,-1
2819,0.8,-1
2819.24,0.00906718,-1
2819.27,0.1117911,-1
2819.3,0.00043514,-1
2819.77,0.03241399,-1
2819.92,0.00613124,-1
2820,2.91956401,-1
2820.05,0.03109873,-1
2821,0.17779919,-1
2822,0.00531537,-1
2822.32,0.0363,-1
2822.75,0.00840194,-1
2823.17,3.1592332,-1
2823.52,0.01048472,-1
2823.7,0.00173031,-1
2824.21,0.00557673,-1
2824.38,0.00000001,-1
2825,7.67415408,-1
2825.03,0.00261506,-1
2825.64,0.0078368,-1
2826.02,0.00353854,-1
2826.09,0.03975764,-1
2826.31,0.0097358,-1
2826.41,0.07384761,-1
2826.64,0.0004202,-1
2826.98,0.00904233,-1
2827.04,1.5288,-1
2827.27,0.0058541,-1
2827.4,0.00048051,-1
2827.73,0.00903992,-1
2828,8.25371456,-1
2829,1.04453869,-1
2829.6,0.00038318,-1
2829.69,0.0374988,-1
2830,0.45008135,-1
2830.52,0.1,-1
2830.63,0.0093669,-1
2831,0.605,-1
2831.11,0.01978022,-1
2831.2,0.004,-1
2831.43,0.04635252,-1
2831.44,0.00177717,-1
2832.01,0.01317085,-1
2832.7,0.5,-1
2832.9,0.00038441,-1
2833.57,0.00902129,-1
2833.69,0.00220168,-1
2833.71,0.0362482,-1
2833.94,0.00261506,-1
2834.53,0.11642248,-1
2834.73,0.00901762,-1
2835,0.00074364,-1
2835.6,0.00036969,-1
2835.79,0.00616846,-1
2836.5,0.00055403,-1
2837.75,0.12113953,-1
2837.78,0.0003748,-1
2838,0.64,-1
2839,0.00563578,-1
2839.42,0.00900272,-1
2840,0.753,-1
2840.28,0.00557673,-1
2840.52,0.00298156,-1
2840.77,0.00265773,-1
2841.36,0.00582507,-1
2841.46,0.00672309,-1
2842.11,0.00542726,-1
2842.4,0.00225498,-1
2842.48,0.03328447,-1
2842.8,0.00073912,-1
2842.86,0.00261506,-1
2843,0.18,-1
2843.41,0.07008253,-1
2843.5,0.00043143,-1
2845,5.25,-1
2845.26,0.00898424,-1
2845.34,0.00042845,-1
2846.51,0.00598342,-1
2846.57,0.2295379,-1
2847.45,0.014685,-1
2847.6,0.00041766,-1
2847.78,0.00966242,-1
2848,0.2,-1
2848.15,0.00756711,-1
2848.28,0.00020625,-1
2848.46,0.002949,-1
2849,10,-1
2849.9,0.04160847,-1
2849.97,0.01437163,-1
2850,30.76000056,-1
2850.23,0.00896859,-1
2851,0.02785442,-1
2851.1,0.00896583,-1
2851.51,0.3233888,-1
2851.77,0.00261506,-1
2852.2,0.00000001,-1
2852.78,0.0360058,-1
2853,0.00070101,-1
2854.2,0.000476,-1
2855,0.5019,-1
2855.21,0.01048472,-1
2855.27,0.00176234,-1
2855.51,0.00579619,-1
2856,0.02025111,-1
2856.04,0.11035185,-1
2856.43,0.00557673,-1
2856.95,0.00894749,-1
2857.03,0.00612259,-1
2857.77,0.11689324,-1
2857.98,0.00894427,-1
2858.09,0.00173031,-1
2858.69,0.00218243,-1
2858.96,0.00000001,-1
2859,0.524,-1
2860,1.46456851,-1
2860.4,0.00541038,-1
2860.67,0.00261506,-1
2861,1.084,-1
2861.13,0.00298156,-1
2861.5,0.000363,-1
2861.84,0.00314968,-1
2862,0.00037884,-1
2862.79,0.00892924,-1
2863,0.505,-1
2863.4,0.0007416,-1
2863.58,0.00224518,-1
2863.6,0.00628579,-1
2864,0.16929615,-1
2864.53,0.01903482,-1
2864.96,0.03807337,-1
2865.4,0.0004,-1
2865.5,0.9734089,-1
2865.52,0.1,-1
2866.2,0.00037092,-1
2866.5,0.00076892,-1
2866.67,0.05023676,-1
2867,0.0104,-1
2867.5,0.00054804,-1
2867.7,0.00042779,-1
2868.33,0.01681143,-1
2868.63,0.00891105,-1
2869.4,0.01496451,-1
2869.59,0.00261506,-1
2869.73,0.00576747,-1
2870,0.001,-1
2870.74,0.00854475,-1
2871.07,0.00104486,-1
2871.44,0.0171,-1
2871.99,0.03576511,-1
2872.23,0.06937924,-1
2872.68,0.00557673,-1
2872.98,0.183,-1
2873.68,0.0078368,-1
2873.8,0.00042055,-1
2873.84,0.03327892,-1
2874.47,0.00889294,-1
2874.71,1.4519,-1
2874.76,0.01031781,-1
2875,1.25607895,-1
2875.04,0.02792881,-1
2875.12,0.00227215,-1
2875.28,0.01913688,-1
2875.75,1,-1
2876.36,0.00834387,-1
2878.43,0.00607707,-1
2878.5,0.00261506,-1
2879.29,0.00174763,-1
2880,6.89359032,-1
2880.31,0.0088749,-1
2880.87,0.02,-1
2881,31.65957604,-1
2881.01,0.5,-1
2881.5,0.00041766,-1
2881.73,0.00298156,-1
2882,0.00069396,-1
2882.2,0.00828488,-1
2883,1.77868609,-1
2883.91,0.00216334,-1
2884,0.0052011,-1
2884.17,0.22654514,-1
2885.31,0.00020893,-1
2886,1,-1
2886.16,0.00885694,-1
2886.45,0.00093886,-1
2886.96,0.03975764,-1
2887.12,0.00041132,-1
2887.41,0.00261506,-1
2888,32.65265123,-1
2888.04,0.01048472,-1
2888.75,0.28861043,-1
2888.88,0.17307745,-1
2889,0.25217376,-1
2889.02,0.00557673,-1
2889.13,0.00346124,-1
2889.48,0.00222255,-1
2890,9.001,-1
2890.17,0.014685,-1
2891.2,0.00951731,-1
2891.23,0.11875088,-1
2891.32,0.03552588,-1
2891.8,0.02282315,-1
2892.3,0.732,-1
2892.34,0.0044682,-1
2892.47,0.00173031,-1
2893,0.02419633,-1
2893.29,0.10893111,-1
2894,1.48217,-1
2894.3,0.00075336,-1
2894.4,0.0003746,-1
2894.66,0.00038001,-1
2895,0.00038341,-1
2895.34,0.00672309,-1
2896,0.03257296,-1
2896.33,0.00261506,-1
2896.8,0.00036358,-1
2896.88,0.002949,-1
2897,7.299,-1
2898,0.08263287,-1
2898.11,0.0006044,-1
2898.5,0.00054218,-1
2899,2.61019679,-1
2899.99,0.00604188,-1
2900,63.84805049,-1
2900.3,0.0039,-1
2900.52,0.1,-1
2900.99,0.0149,-1
2901.04,0.00418815,-1
2901.35,0.06868293,-1
2901.62,0.09115867,-1
2902.15,0.54330109,-1
2902.34,0.00298156,-1
2902.55,0.00533181,-1
2903.53,0.00173305,-1
2903.75,0.00464421,-1
2903.81,0.00913084,-1
2903.91,0.04654137,-1
2904,20.97932458,-1
2905.23,0.00261506,-1
2905.46,0.00557673,-1
2907.11,0.00637058,-1
2907.8,0.00046722,-1
2908.99,0.0024407,-1
2909.01,0.01259668,-1
2909.34,0.11815847,-1
2909.36,0.00214442,-1
2909.42,0.00216194,-1
2910,8.98656644,-1
2910.1,0.05,-1
2910.78,0.03528838,-1
2911,0.00037444,-1
2911.77,0.00544242,-1
2911.83,0.01707017,-1
2911.97,0.51496637,-1
2912,4,-1
2912.08,0.00035698,-1
2912.12,0.0058486,-1
2913.15,0.00944558,-1
2913.73,0.02369751,-1
2914.14,0.00261506,-1
2914.38,0.00877117,-1
2915,0.00356807,-1
2916,0.00037182,-1
2916.29,0.00081083,-1
2916.31,1,-1
2916.88,0.34626038,-1
2917.4,0.00219701,-1
2917.8,0.00876089,-1
2918,14.94772974,-1
2919,11.14577208,-1
2919.05,0.05023676,-1
2919.55,0.00869,-1
2920,1.67359308,-1
2921,1.5,-1
2921.21,0.00875064,-1
2921.66,0.01401899,-1
2921.92,0.01048472,-1
2921.98,0.00557673,-1
2922.22,0.0006044,-1
2922.27,0.22359175,-1
2922.53,0.0078368,-1
2922.82,0.00021165,-1
2922.94,0.00298156,-1
2923,0.565,-1
2923.06,0.00261506,-1
2923.98,0.00272263,-1
2924,3.5105034,-1
2924.12,5.98,-1
2924.15,0.00258194,-1
2924.56,1,-1
2924.59,0.00736934,-1
2924.64,0.00874042,-1
2924.96,0.01707017,-1
2925,51.30948521,-1
2925.2,0.00074144,-1
2925.58,0.00566847,-1
2926,0.09,-1
2926.85,0.00173031,-1
2926.94,0.00212195,-1
2927.4,0.00036488,-1
2927.95,0.00171859,-1
2928,0.0102459,-1
2928.05,0.00873021,-1
2928.2,0.0004182,-1
2929.5,0.00053602,-1
2929.94,0.01547671,-1
2930,1.19065659,-1
2930.37,0.03505246,-1
2930.6,0.54330109,-1
2930.76,0.06799361,-1
2931,0.14749232,-1
2931.02,0.10752888,-1
2931.47,0.00872003,-1
2931.97,0.00261506,-1
2933.33,0.00852273,-1
2933.52,0.014685,-1
2934,0.0555,-1
2934.5,6.4515,-1
2934.6,0.00046295,-1
2934.88,0.00870988,-1
2935,0.085522,-1
2935.02,0.00212567,-1
2935.27,0.00937441,-1
2935.52,0.1,-1
2936.3,0.0001,-1
2937.04,0.10681688,-1
2937.54,0.03865266,-1
2938,0.34036759,-1
2938.09,0.01707017,-1
2938.28,0.42262419,-1
2938.31,0.00869975,-1
2938.6,0.00557673,-1
2939.16,0.00198962,-1
2939.31,0.0050556,-1
2939.79,0.0164028,-1
2939.89,0.02688415,-1
2940,0.19,-1
2940.88,0.00261506,-1
2941,1.06596395,-1
2941.72,0.00868964,-1
2942,1,-1
2943.54,0.00298156,-1
2943.99,0.6655,-1
2944,0.007,-1
2945.14,0.00867956,-1
2945.3,0.0324714,-1
2945.32,0.00525439,-1
2945.45,0.00039961,-1
2945.66,0.00314968,-1
2946.14,0.002949,-1
2946.33,0.0006044,-1
2946.93,0.03960181,-1
2947,0.80929759,-1
2947.15,0.02724546,-1
2947.83,0.03975764,-1
2948,1.258,-1
2948.4,0.00039795,-1
2948.55,0.0086695,-1
2948.81,0.02,-1
2949.06,0.12112572,-1
2949.2,0.00672309,-1
2949.8,0.00261506,-1
2950,42.66658093,-1
2950.1,0.03481812,-1
2950.5,0.00080547,-1
2951,0.00508302,-1
2951.22,0.01707017,-1
2951.98,0.00865946,-1
2952,0.0050813,-1
2952.59,0.00170425,-1
2953,2.616,-1
2953.45,0.002,-1
2954,0.725,-1
2955,1.12306698,-1
2955.32,0.00557673,-1
2955.39,0.00864944,-1
2955.48,0.01048472,-1
2956.1,0.00074946,-1
2956.47,0.0004228,-1
2956.88,3.47939153,-1
2956.97,0.01913688,-1
2957,0.00490741,-1
2957.56,0.00930375,-1
2957.89,0.00542726,-1
2958,0.12219096,-1
2958.7,0.00261506,-1
2958.81,0.00863945,-1
2959,0.858,-1
2959.06,0.54330109,-1
2959.89,0.16892519,-1
2960,12.21923962,-1
2960.17,0.183,-1
2960.47,0.06731127,-1
2960.5,0.00053602,-1
2960.82,0.00022001,-1
2960.87,0.22067693,-1
2960.92,0.00210707,-1
2961,3.761,-1
2961.23,0.00173031,-1
2961.4,0.00045876,-1
2962.22,0.00862948,-1
2964.15,0.00298156,-1
2964.35,3.87073887,-1
2964.5,0.0004182,-1
2964.89,0.03324007,-1
2965,9.00505902,-1
2965.36,1,-1
2965.65,0.00861954,-1
2966,0.01011463,-1
2966.67,0.01219523,-1
2967.62,0.00261506,-1
2967.8,0.029938,-1
2968,1.156,-1
2968.07,0.00033802,-1
2969.06,0.00860962,-1
2969.19,0.00883772,-1
2969.24,0.10614477,-1
2969.29,2.9486,-1
2969.95,0.03458526,-1
2970,15.0060505,-1
2970.44,0.0006044,-1
2970.52,0.1,-1
2971.06,0.33087207,-1
2971.26,1.04770139,-1
2971.43,0.05023676,-1
2972.13,0.00557673,-1
2972.21,0.0078368,-1
2972.48,0.00859972,-1
2973.03,1.68178592,-1
2974,1.00504371,-1
2975,11.01629739,-1
2975.89,0.00858984,-1
2976.3,0.0026879,-1
2976.53,0.00261506,-1
2976.66,0.00034805,-1
2977.44,0.00169002,-1
2977.48,0.01707017,-1
2977.52,0.014685,-1
2978,4.92736115,-1
2978.88,0.00890072,-1
2979,2.72392077,-1
2979.25,0.00571683,-1
2979.32,0.00857999,-1
2979.48,0.03812667,-1
2979.59,3,-1
2980,13.48963646,-1
2980.02,0.00923364,-1
2980.8,0.00039363,-1
2981.14,0.00857475,-1
2981.86,0.04690025,-1
2982,0.68957889,-1
2982.75,0.11525045,-1
2984.57,0.0085649,-1
2984.75,0.00298156,-1
2985,0.548,-1
2985.44,0.00261506,-1
2986,1.21247229,-1
2986.41,0.00901716,-1
2986.76,0.02311803,-1
2987,0.67095171,-1
2987.05,0.00208865,-1
2987.11,0.00066954,-1
2987.51,0.54330112,-1
2987.53,0.00041841,-1
2987.58,0.00314968,-1
2987.65,0.06694224,-1
2987.74,0.00855579,-1
2987.99,0.00855507,-1
2988,4.60117469,-1
2988.22,10,-1
2988.6,0.00037106,-1
2988.7,0.05451791,-1
2988.72,0.00517809,-1
2989,12.35562617,-1
2989.03,0.00557673,-1
2989.38,0.0267614,-1
2989.42,0.01048472,-1
2989.94,0.03435411,-1
2990,23.92425083,-1
2990.49,0.07198598,-1
2990.61,0.01707017,-1
2991,1.78343363,-1
2991.37,0.00854539,-1
2991.43,0.00854527,-1
2991.5,0.00053602,-1
2992.4,0.00214194,-1
2992.41,2.51989578,-1
2992.93,0.00501181,-1
2993,0.02227196,-1
2993.1,0.00670876,-1
2993.99,3.64722031,-1
2994,11.102004,-1
2994.36,0.00261506,-1
2994.55,0.0006044,-1
2995,1.5091723,-1
2995.01,0.00853502,-1
2995.14,0.01367505,-1
2995.56,0.00433485,-1
2995.62,0.00173031,-1
2996,0.83559391,-1
2996.21,0.002949,-1
2996.26,0.07164668,-1
2996.88,5,-1
2997,0.66043255,-1
2998,11.55596792,-1
2998.5,0.23078349,-1
2998.66,0.00852466,-1
2998.91,0.01240784,-1
2999,7.98833889,-1
2999.05,0.00871719,-1
2999.32,0.00022287,-1
2999.9,0.10384679,-1
2999.99,0.51246089,-1
3000,333.2691871,-1
3000.11,0.00846435,-1
3000.3,0.01110888,-1
3000.55,0.60437586,-1
3000.73,0.00851876,-1
3000.88,4.01222639,-1
3001.2,0.00851742,-1
3001.6,0.00045262,-1
3002,18,-1
3002.28,0.00851434,-1
3002.35,0.001,-1
3002.4,0.00040653,-1
3002.48,0.00167593,-1
3002.65,0.00916405,-1
3003,0.30436,-1
3003.06,0.00672309,-1
3003.09,0.00717671,-1
3003.27,0.00261506,-1
3003.74,0.01707017,-1
3004.84,0.00850709,-1
3005,1.00859887,-1
3005.12,0.00850633,-1
3005.36,0.00298156,-1
3005.52,0.1,-1
3006,10.10279441,-1
3006.03,0.00557673,-1
3007.51,0.00251038,-1
3007.65,0.00066497,-1
3007.75,0.0084989,-1
3007.96,0.10477842,-1
3008.7,0.03975764,-1
3008.96,0.00849546,-1
3009.69,0.06811336,-1
3009.92,0.00041529,-1
3010,14.001,-1
3010.07,0.03412443,-1
3010.2,0.00849195,-1
3011.51,0.10329291,-1
3011.74,0.0084876,-1
3012.17,0.00261506,-1
3012.6,0.19332086,-1
3012.73,0.28861043,-1
3012.75,0.00819869,-1
3013.03,0.01600407,-1
3013.07,0.00848386,-1
3013.19,0.00900042,-1
3013.4,0.06837326,-1
3013.5,0.00080204,-1
3013.77,0.02662378,-1
3014.09,0.008481,-1
3014.44,0.0179,-1
3014.63,0.06733349,-1
3015,0.07420642,-1
3016.87,0.01707017,-1
3017,0.83275712,-1
3017.19,0.00847229,-1
3017.9,0.00076173,-1
3018.34,0.02,-1
3018.54,0.03168352,-1
3018.65,0.0006044,-1
3018.93,0.12544145,-1
3019,3,-1
3019.2,0.00036559,-1
3019.67,0.00549317,-1
3020,4.28140658,-1
3020.07,0.02818591,-1
3020.81,0.06596686,-1
3021.06,0.02657889,-1
3021.09,0.00261506,-1
3021.3,0.00846075,-1
3022.18,0.014685,-1
3022.5,0.00053602,-1
3022.74,0.0078368,-1
3023.01,1.13152596,-1
3023.02,0.01048472,-1
3023.12,0.00557673,-1
3023.79,0.0935,-1
3023.81,0.05023676,-1
3024.55,0.00183498,-1
3025,1.30105369,-1
3025.42,0.00844924,-1
3025.45,0.00909497,-1
3025.55,0.00183437,-1
3025.81,7.3437,-1
3025.96,0.00298156,-1
3026,3,-1
3026.23,0.0008195,-1
3026.29,0.22794634,-1
3026.55,0.00183377,-1
3027.02,0.01456709,-1
3027.75,0.00166194,-1
3027.82,0.00844256,-1
3028.4,0.00044861,-1
3029.5,0.00314968,-1
3029.53,0.00843776,-1
3029.67,0.59044328,-1
3029.87,0.00041256,-1
3029.94,0.04336853,-1
3030,3.64228554,-1
3030.33,0.03389622,-1
3030.36,0.00038496,-1
3032.07,0.00843071,-1
3032.76,0.0051029,-1
3033.5,0.00787166,-1
3033.66,0.00842632,-1
3034.41,0.00593196,-1
3034.8,0.00041839,-1
3034.87,0.16800457,-1
3035.42,0.57,-1
3035.47,0.1283716,-1
3036,1,-1
3036.33,0.00841888,-1
3036.9,0.00038412,-1
3037,0.5,-1
3037.03,0.00033935,-1
3037.4,0.00010864,-1
3038.32,0.00022577,-1
3038.67,0.01913688,-1
3039.2,0.00822584,-1
3039.35,0.00654459,-1
3039.39,0.0111233,-1
3039.4,0.0037,-1
3039.61,0.1017556,-1
3039.99,0.00205227,-1
3040,10.67737494,-1
3040.32,0.00557673,-1
3040.52,0.1,-1
3040.59,0.00840709,-1
3042,0.069,-1
3042.54,0.5138702,-1
3042.76,0.0006044,-1
3043.44,0.00839922,-1
3044,0.16425755,-1
3044.05,0.00839753,-1
3044.07,0.00517399,-1
3045,0.30079611,-1
3045.53,0.1283716,-1
3045.81,0.00445328,-1
3046.29,0.00040885,-1
3046.56,0.00298156,-1
3046.63,0.09912767,-1
3046.71,0.11586735,-1
3046.85,0.00398772,-1
3047,0.00820479,-1
3047.16,0.002949,-1
3047.19,0.10342948,-1
3047.91,0.00558804,-1
3047.94,0.01749318,-1
3048,0.5,-1
3048.35,0.00182065,-1
3048.43,0.00902642,-1
3048.8,0.00073439,-1
3049.05,0.00010823,-1
3049.2,0.00041791,-1
3049.5,0.0004097,-1
3049.8,0.00035854,-1
3049.85,0.00360895,-1
3050,35.04075987,-1
3050.2,0.00143724,-1
3050.73,0.0336696,-1
3051,0.608,-1
3051.43,0.06530479,-1
3052.58,0.5138702,-1
3052.76,0.00040596,-1
3052.79,0.10027838,-1
3053.23,0.00164807,-1
3053.5,0.00053602,-1
3053.89,0.01637256,-1
3055,0.83371693,-1
3055.2,0.00044468,-1
3055.55,0.23800297,-1
3055.57,0.01752822,-1
3055.58,0.1283716,-1
3055.9,0.00867639,-1
3056,0.0520853,-1
3056.68,0.00327152,-1
3056.79,0.00024208,-1
3056.94,0.00672309,-1
3057.62,0.00557673,-1
3058,1.24008956,-1
3058.48,0.01048472,-1
3059,0.0006538,-1
3060,2.01407189,-1
3060.01,0.00021568,-1
3060.02,0.01732341,-1
3060.27,0.03960181,-1
3060.55,0.06278235,-1
3060.67,0.00113654,-1
3060.83,0.04815237,-1
3061.62,0.02255276,-1
3062,0.32658393,-1
3062.63,0.51402439,-1
3063.23,0.01756333,-1
3064.7,0.00832207,-1
3065.08,0.05160078,-1
3066.81,0.00203432,-1
3066.87,0.0006044,-1
3066.88,0.00484531,-1
3067.17,0.00298156,-1
3067.2,0.00039794,-1
3067.25,0.47101615,-1
3067.27,0.00075378,-1
3067.28,0.00048577,-1
3067.4,0.00208957,-1
3067.52,0.014685,-1
3069,0.08397002,-1
3069.42,0.01791869,-1
3069.47,0.00040576,-1
3069.54,0.00040575,-1
3069.57,0.03975764,-1
3069.69,0.14413882,-1
3070,0.02216824,-1
3070.15,0.00832616,-1
3070.49,0.01333947,-1
3070.9,0.01759851,-1
3071.01,0.00909122,-1
3071.26,0.03344445,-1
3071.36,0.00043303,-1
3071.41,0.00314968,-1
3071.43,0.3499,-1
3071.58,0.00895839,-1
3071.83,0.00040545,-1
3073.68,0.00542726,-1
3074.13,0.0078368,-1
3075,0.562,-1
3075.01,0.00557673,-1
3075.52,0.1,-1
3076,0.1,-1
3076.03,0.00044212,-1
3076.08,0.0083101,-1
3076.19,0.05023676,-1
3076.5,0.0007652,-1
3077.45,0.0050288,-1
3077.5,0.00040471,-1
3077.82,0.00022871,-1
3077.96,0.00040465,-1
3078.4,0.000335,-1
3078.59,0.01763376,-1
3078.71,0.00040455,-1
3078.92,0.00163432,-1
3079.23,0.07945,-1
3079.7,0.00070433,-1
3080,27.01870532,-1
3080.4,0.00034513,-1
3080.5,0.72568411,-1
3081.47,0.00333364,-1
3081.81,0.00087935,-1
3082,0.00044081,-1
3082.37,0.06464925,-1
3083.69,0.00698912,-1
3084,0.00486381,-1
3084.5,0.03523961,-1
3085,5.92360001,-1
3085.1,0.00724637,-1
3085.5,0.00041766,-1
3086.48,0.13799194,-1
3086.93,0.10209797,-1
3087.77,0.00298156,-1
3088.08,0.01561509,-1
3088.11,0.00040332,-1
3089,0.00064745,-1
3089.46,0.079011,-1
3089.52,0.02,-1
3090,8.2449803,-1
3090.07,0.32361726,-1
3090.36,0.1,-1
3090.76,0.05120976,-1
3090.95,0.05,-1
3090.98,0.0006044,-1
3091.17,0.00393031,-1
3091.23,0.03135295,-1
3091.94,0.03322089,-1
3092.5,0.00557673,-1
3092.85,0.01048472,-1
3092.86,0.00040269,-1
3093.12,0.00149453,-1
3093.61,0.03091472,-1
3093.87,0.00201653,-1
3094,0.1,-1
3094.91,0.00889087,-1
3095,1.67108374,-1
3095.78,0.0024388,-1
3096.71,0.13799194,-1
3096.82,0.02592864,-1
3097.52,0.01041478,-1
3098,1.73326342,-1
3098.4,0.0007007,-1
3098.74,25,-1
3098.95,0.002949,-1
3099,0.37,-1
3099.04,0.2429462,-1
3099.42,0.00074336,-1
3099.6,0.00037854,-1
3099.69,3.52106285,-1
3099.99,0.00171933,-1
3100,194.15178848,-1
3101.04,0.05120976,-1
3101.51,0.03135295,-1
3101.54,0.00331207,-1
3101.91,0.00040152,-1
3101.92,0.48357146,-1
3102.26,1,-1
3102.31,0.56,-1
3102.64,0.0529206,-1
3103.08,0.00040725,-1
3103.32,0.00040134,-1
3103.59,0.66815483,-1
3104,6.242,-1
3104.2,0.02891641,-1
3104.83,0.00162068,-1
3105,0.39,-1
3105.12,0.00040111,-1
3106.08,0.00039921,-1
3106.83,0.00074674,-1
3106.95,0.13799194,-1
3106.96,0.03559391,-1
3107.52,0.0004008,-1
3107.69,0.00040077,-1
3107.7,0.02228648,-1
3108,4.00710627,-1
3108.38,0.00298156,-1
3109.92,0.078141,-1
3110,0.066,-1
3110.09,0.00557673,-1
3110.52,0.1,-1
3110.6,0.00070097,-1
3110.8,0.00672309,-1
3111,0.50569854,-1
3111.11,0.00072964,-1
3111.32,0.05120976,-1
3111.78,0.03135295,-1
3112.11,0.00767284,-1
3112.75,0.03299869,-1
3112.95,0.0529206,-1
3113.32,0.00314968,-1
3113.53,0.014685,-1
3113.63,0.06400026,-1
3113.88,0.07583489,-1
3114.52,0.02891641,-1
3115,0.16051364,-1
3115.09,0.00254487,-1
3116,2.27232927,-1
3117.37,0.0001,-1
3117.45,25,-1
3117.84,0.00023168,-1
3118.17,0.00546213,-1
3118.41,0.00882387,-1
3119.15,0.0712,-1
3120,3.60342725,-1
3120.15,0.07771,-1
3120.36,0.01913688,-1
3120.4,0.00194047,-1
3120.65,0.004,-1
3120.99,0.03865266,-1
3121,0.17043373,-1
3121.17,0.00199889,-1
3122,0.04394355,-1
3122.2,0.00043514,-1
3122.22,1,-1
3122.54,1.18899697,-1
3122.66,0.00039682,-1
3122.8,0.00495577,-1
3123,0.5403202,-1
3123.27,0.0529206,-1
3123.96,0.03469314,-1
3123.99,0.32010345,-1
3124,0.00971484,-1
3124.41,0.32006042,-1
3124.84,0.02891641,-1
3125,3.3324488,-1
3125.7,0.00194047,-1
3126.39,0.0078368,-1
3126.61,0.00001919,-1
3127,1.021,-1
3127.12,0.00039828,-1
3127.19,0.10078354,-1
3127.24,0.00293486,-1
3127.33,0.00063952,-1
3127.78,0.00557673,-1
3128,1,-1
3128.33,0.01048472,-1
3128.98,0.00298156,-1
3129.61,0.00079676,-1
3130,1.61741648,-1
3130.19,0.00039934,-1
3130.38,0.077282,-1
3130.43,0.03975764,-1
3130.52,0.0001,-1
3130.92,0.00479092,-1
3130.96,0.00160716,-1
3131,0.00194047,-1
3132,0.00037462,-1
3132.14,0.00832207,-1
3132.57,3.47492704,-1
3132.97,0.0007437,-1
3133.33,0.01219523,-1
3133.56,0.00797814,-1
3133.7,0.03277809,-1
3133.89,0.04233158,-1
3134,1.9385622,-1
3134.91,0.00845772,-1
3135,0.65237901,-1
3135.16,0.10964784,-1
3135.65,0.12969648,-1
3136,0.00478316,-1
3136.72,0.28861043,-1
3137.03,0.011934,-1
3137.33,0.15937118,-1
3138.37,0.02200124,-1
3138.51,0.00796556,-1
3139.2,0.0006044,-1
3139.5,0.00036699,-1
3140,0.541,-1
3140.61,0.076857,-1
3141.13,0.02387675,-1
3141.5,0.00070954,-1
3141.6,0.00035299,-1
3142.09,0.00875736,-1
3142.4,0.0020397,-1
3143.7,0.0636193,-1
3144,0.01660941,-1
3145,5.04,-1
3145.2,0.06335781,-1
3145.52,0.1,-1
3145.58,0.00557673,-1
3146,0.31786395,-1
3147,0.438,-1
3147.72,0.01301219,-1
3147.74,0.01053136,-1
3148,0.0095,-1
3148.71,0.00198141,-1
3149,0.00043143,-1
3149.58,0.00298156,-1
3150,23.62524558,-1
3150.25,0.02007916,-1
3150.36,0.0158712,-1
3150.52,0.00039334,-1
3150.84,0.076434,-1
3151,0.874,-1
3151.63,0.002949,-1
3151.8,0.0398312,-1
3152,2.13241842,-1
3152.32,0.11853174,-1
3153.05,0.10696309,-1
3154.4,0.01046157,-1
3154.59,0.00039481,-1
3154.63,0.01249846,-1
3154.79,0.03255895,-1
3155,0.51168951,-1
3155.15,0.03701743,-1
3155.24,0.00314968,-1
3155.81,0.00078955,-1
3156,0.33,-1
3156.87,0.00039453,-1
3157.3,0.00159375,-1
3157.67,0.0014916,-1
3158.38,0.00023469,-1
3158.88,0.03165678,-1
3159.87,0.23266491,-1
3160,13.1731875,-1
3160.23,0.014685,-1
3161.07,0.076014,-1
3162.38,0.02,-1
3162.84,0.00790428,-1
3163.31,0.0006044,-1
3163.32,0.00120036,-1
3163.46,0.00557673,-1
3163.75,0.79168494,-1
3164.31,0.01048472,-1
3164.4,0.00038572,-1
3164.66,0.00672309,-1
3164.87,0.0041771,-1
3165,0.06445434,-1
3165.02,0.01523553,-1
3165.71,0.0188,-1
3165.96,0.00869134,-1
3166.13,0.00039128,-1
3166.25,3.43795973,-1
3166.46,0.00680643,-1
3166.66,0.05684222,-1
3166.96,0.00324365,-1
3167,1.87917719,-1
3167.55,0.00078749,-1
3167.97,0.0994862,-1
3168,20,-1
3168.22,0.00063126,-1
3168.81,0.0048838,-1
3169.88,0.25,-1
3170,2.38927855,-1
3170.01,0.092895,-1
3170.05,0.1,-1
3170.19,0.00298156,-1
3170.55,0.03016457,-1
3171,0.46531761,-1
3171.3,0.075597,-1
3172.1,0.00054936,-1
3172.2,0.00034149,-1
3172.4,0.00071434,-1
3172.92,0.00039253,-1
3173,0.0935,-1
3173.2,1,-1
3174,1.469,-1
3174.49,0.02529425,-1
3174.8,0.0036,-1
3174.89,0.00206047,-1
3175,10.63757952,-1
3175.2,0.0006035,-1
3175.8,0.00042779,-1
3176.03,0.03234129,-1
3176.49,0.00196408,-1
3176.72,0.00039206,-1
3177.03,0.00078419,-1
3177.08,0.00039344,-1
3177.09,0.0627219,-1
3178.08,0.00039764,-1
3179.54,0.0078368,-1
3180,1.72474282,-1
3180.52,0.1,-1
3180.68,2.0882,-1
3180.99,7,-1
3181.46,0.00557673,-1
3181.53,0.075183,-1
3182.38,0.0029789,-1
3182.52,0.00821495,-1
3183.41,0.00039124,-1
3183.87,0.00158045,-1
3183.97,21.92255226,-1
3184.02,0.00540002,-1
3184.04,0.0023712,-1
3185,1.42593002,-1
3186,1,-1
3186.24,0.20673878,-1
3187.42,0.0006044,-1
3188,21.79074071,-1
3188.13,0.0073,-1
3189,0.1,-1
3189.47,0.00542726,-1
3189.53,0.00039049,-1
3190,2.89438132,-1
3190.04,0.00533907,-1
3190.05,0.00078164,-1
3190.11,1.9093982,-1
3190.62,0.00039036,-1
3190.79,0.00298156,-1
3191,0.00323,-1
3191.3,0.03975764,-1
3191.76,0.074771,-1
3191.9,2.51989578,-1
3191.91,0.0078323,-1
3192.75,0.00747904,-1
3193,0.16594756,-1
3193.41,0.00039001,-1
3193.59,0.0514463,-1
3193.67,0.00031432,-1
3194,0.1,-1
3194.1,0.00059992,-1
3194.5,0.0015468,-1
3194.88,0.00586413,-1
3195.98,0.00077996,-1
3196.05,1,-1
3196.57,0.00861968,-1
3196.8,0.00038181,-1
3197,1,-1
3197.16,0.00314968,-1
3197.41,0.03212501,-1
3198,1.514,-1
3198.4,0.000534,-1
3198.89,0.00581745,-1
3199,0.033,-1
3199.05,0.12166116,-1
3199.07,0.00480707,-1
3199.44,0.00023774,-1
3199.55,0.00557673,-1
3199.58,0.00832207,-1
3199.93,3.40177068,-1
3199.99,0.00001,-1
3200,134.47438396,-1
3200.64,0.01048472,-1
3200.84,0.37376165,-1
3201.15,0.00135576,-1
3201.25,0.00038906,-1
3201.99,0.074362,-1
3202.06,0.01913688,-1
3202.19,4,-1
3202.4,0.5,-1
3202.5,0.00035977,-1
3202.79,0.00480149,-1
3202.8,0.00033823,-1
3203.3,0.00069752,-1
3203.75,0.1560671,-1
3203.92,0.00038874,-1
3204.2,0.00077751,-1
3204.51,0.0019469,-1
3204.96,2.22514477,-1
3205,7.2375,-1
3205.22,0.002949,-1
3205.7,0.00335028,-1
3205.74,0.05125133,-1
3206,2.83824892,-1
3206.69,0.01051239,-1
3206.93,0.00844323,-1
3207,0.05481109,-1
3207.51,0.02317373,-1
3207.64,0.014685,-1
3208,0.052,-1
3208.33,0.00062337,-1
3209.28,0.0982056,-1
3209.3,0.06209232,-1
3209.39,0.00320077,-1
3210,0.30917445,-1
3210.18,0.00038798,-1
3210.56,0.02106174,-1
3210.66,0.00156726,-1
3211.4,0.00298156,-1
3211.53,0.0006044,-1
3212.22,0.073956,-1
3212.34,0.01824393,-1
3213,11.652,-1
3213.11,0.00490179,-1
3213.42,0.8411,-1
3213.64,0.00081139,-1
3214.22,0.00856083,-1
3214.25,0.10694978,-1
3214.45,0.00077773,-1
3215,0.25031104,-1
3215.43,0.05125133,-1
3215.5,0.00481289,-1
3215.52,0.1,-1
3215.82,0.0003887,-1
3215.97,0.00824455,-1
3216,0.00042245,-1
3216.67,0.04750487,-1
3217.03,0.02146331,-1
3217.27,0.0124329,-1
3217.4,0.00199215,-1
3217.73,0.00038847,-1
3217.75,0.00557673,-1
3218.45,0.00062141,-1
3218.54,0.00672309,-1
3218.93,0.0319102,-1
3219.59,0.01089033,-1
3219.87,1.00035,-1
3220,1.70839189,-1
3220.01,0.01999754,-1
3220.83,0.00185617,-1
3221,0.02619126,-1
3221.07,0.006826,-1
3221.82,0.00038798,-1
3222,0.955,-1
3222.22,0.03775862,-1
3222.45,0.073552,-1
3223,3.59147893,-1
3223.54,0.003,-1
3224,3.12207381,-1
3224.51,0.00074336,-1
3224.54,0.05152261,-1
3225,2.19442622,-1
3226.53,0.03099304,-1
3226.9,0.01269291,-1
3228.4,0.011597,-1
3229.2,0.00037798,-1
3230,6.47486297,-1
3231.11,0.24810668,-1
3231.15,0.928462,-1
3231.47,0.00038682,-1
3231.9,0.00059291,-1
3231.94,0.00038676,-1
3232,2.00298156,-1
3232.42,0.0101155,-1
3232.68,0.073151,-1
3232.79,0.00192987,-1
3232.88,0.00038665,-1
3233,0.20456049,-1
3233.13,0.02363653,-1
3233.4,0.0003319,-1
3233.59,0.0078368,-1
3233.62,3.40239095,-1
3234,0.00036428,-1
3234.2,0.00068543,-1
3235.64,0.0006044,-1
3236.06,0.00557673,-1
3236.95,0.02,-1
3237.4,0.01048472,-1
3237.67,0.00155419,-1
3238.16,0.00038462,-1
3238.47,0.00076928,-1
3238.57,0.00038458,-1
3238.63,0.00849631,-1
3239.07,0.00314968,-1
3240,10.23368115,-1
3240.52,0.03267481,-1
3240.6,0.03169686,-1
3240.85,0.00038431,-1
3241.04,0.00100957,-1
3242,3.43428119,-1
3242.17,0.13359479,-1
3242.8,0.0004182,-1
3242.91,0.072752,-1
3243,3.7731948,-1
3243.59,0.22088702,-1
3243.85,0.00038395,-1
3243.86,0.01486523,-1
3244.8,0.04745316,-1
3245,2.02383228,-1
3246.14,0.82891307,-1
3246.69,0.01234303,-1
3246.77,0.000385,-1
3247,0.33776399,-1
3247.17,0.13359479,-1
3248,1.1,-1
3248.1,3,-1
3248.2,0.01020565,-1
3249,10.47439595,-1
3249.15,0.05121118,-1
3249.39,0.02943266,-1
3249.98,0.3076942,-1
3250,53.57698439,-1
3250.1,0.00664979,-1
3250.33,0.01926548,-1
3250.52,0.1,-1
3251,0.522,-1
3251.13,0.09694146,-1
3251.45,0.00662851,-1
3252,0.6195,-1
3252.17,0.03975764,-1
3253,0.00038426,-1
3253.08,0.00038847,-1
3253.14,0.072355,-1
3253.51,0.24,-1
3254.08,0.00015365,-1
3254.11,0.0246754,-1
3254.46,0.00557673,-1
3255,0.01466221,-1
3255.75,0.014685,-1
3255.8,0.00038393,-1
3256.45,0.00947772,-1
3257.3,0.00144369,-1
3258,13.26958137,-1
3259,70.87431157,-1
3259.16,0.049,-1
3259.27,3.08286738,-1
3259.31,0.00784291,-1
3259.71,0.002949,-1
3259.75,0.0006044,-1
3260,7.87194035,-1
3260.39,0.0001,-1
3260.41,0.0541,-1
3260.71,0.28861043,-1
3261.31,0.001913,-1
3261.6,0.00035974,-1
3262.11,0.09530265,-1
3262.41,0.03148491,-1
3262.89,0.00474299,-1
3263.23,0.00843227,-1
3263.37,0.071962,-1
3263.58,0.00521877,-1
3263.89,0.00669752,-1
3264,0.00032725,-1
3264.04,0.16124063,-1
3264.92,0.00154121,-1
3265,2.96280905,-1
3265.1,0.00101118,-1
3265.5,0.00034507,-1
3265.88,0.00782715,-1
3266.04,0.00782677,-1
3267.02,0.00832207,-1
3267.3,3.33163108,-1
3268.75,0.00123745,-1
3268.96,0.00038238,-1
3269.07,0.00781953,-1
3269.7,0.00058605,-1
3270,0.001,-1
3270.5,0.00048051,-1
3271.1,0.605,-1
3272.3,0.00781179,-1
3272.4,0.00816033,-1
3272.98,0.00557673,-1
3273.28,0.00038188,-1
3273.6,0.07157,-1
3274,0.3,-1
3274.04,0.0935,-1
3274.28,0.33257524,-1
3274.46,0.00780663,-1
3274.48,0.01158683,-1
3274.78,0.00780587,-1
3275,10.78770992,-1
3275.37,2.28395066,-1
3275.48,0.00729013,-1
3276.05,0.1,-1
3276.33,1,-1
3276.41,0.05093858,-1
3276.96,0.01525479,-1
3277,3.48863647,-1
3277.48,0.00230359,-1
3278,4.15548024,-1
3278.69,0.03472119,-1
3279,0.006545,-1
3280,38.09518898,-1
3280.5,0.00779227,-1
3280.94,0.00779123,-1
3280.98,0.00314968,-1
3281.23,0.00839726,-1
3281.56,0.00037954,-1
3281.68,0.02583792,-1
3282.5,0.00149453,-1
3283,3.00824415,-1
3283.18,0.00024396,-1
3283.44,0.0003807,-1
3283.52,0.00075946,-1
3283.76,0.01913688,-1
3283.83,0.071181,-1
3283.85,0.0006044,-1
3284.37,0.03127442,-1
3285,0.25,-1
3285.52,0.1,-1
3286,1,-1
3286.31,0.00032301,-1
3286.45,0.01160999,-1
3287,0.14551733,-1
3287.56,0.00359104,-1
3288,0.49498673,-1
3288.56,0.0078368,-1
3288.6,0.00058268,-1
3288.84,0.01669417,-1
3289.85,0.01083169,-1
3289.88,0.5,-1
3290,15.55043557,-1
3290.09,0.00189626,-1
3291.04,0.00759638,-1
3291.59,0.00557673,-1
3292,3.87737469,-1
3292.4,0.00347512,-1
3293.18,0.00037957,-1
3293.21,0.3577,-1
3293.53,0.09569346,-1
3294,0.2003562,-1
3294.06,0.070795,-1
3294.45,0.03167981,-1
3294.6,0.00031968,-1
3295,2.83129036,-1
3295.35,0.10431758,-1
3296,0.47461506,-1
3296.53,0.00032228,-1
3297,0.00034178,-1
3297.03,0.03214078,-1
3297.12,0.00134511,-1
3297.67,0.02093847,-1
3298,2.61,-1
3299,1.27828826,-1
3299.12,0.00803675,-1
3299.99,0.015,-1
3300,126.21868469,-1
3300.88,4.28955519,-1
3300.98,3.33131547,-1
3301.5,0.000476,-1
3301.88,0.001,-1
3302.33,0.00105682,-1
3304.03,0.00018104,-1
3304.29,0.070411,-1
3304.45,0.03865266,-1
3304.59,0.014685,-1
3305,0.17950141,-1
3305.26,0.00542726,-1
3306,0.23766608,-1
3306.48,0.03106531,-1
3307.96,0.0006044,-1
3308.07,0.01238146,-1
3308.42,0.00060451,-1
3309.8,0.00041791,-1
3310,1.38075051,-1
3310.31,0.00557673,-1
3310.97,0.00467411,-1
3311.35,0.1,-1
3311.88,0.00037743,-1
3312.03,0.12394138,-1
3312.69,0.05163426,-1
3312.97,0.00830565,-1
3312.99,0.01048472,-1
3313.04,0.03975764,-1
3313.29,0.02,-1
3313.98,0.01974885,-1
3314.47,0.0042239,-1
3314.52,0.070029,-1
3315,0.24918565,-1
3315.11,0.002949,-1
3315.34,0.02952905,-1
3316.19,0.00037694,-1
3316.28,2.9492,-1
3316.29,0.01584792,-1
3316.64,0.0344,-1
3317,0.48639,-1
3318,0.05542333,-1
3318.92,0.00037663,-1
3319,0.00001,-1
3319.12,0.00187968,-1
3319.2,1,-1
3319.5,1,-1
3319.53,0.0153278,-1
3319.77,0.011277,-1
3320,1.04340952,-1
3320.09,0.0015156,-1
3320.52,0.1,-1
3321,11.07154993,-1
3322.9,0.00314968,-1
3323,0.438,-1
3323.02,0.29355225,-1
3323.28,0.43523848,-1
3323.44,0.0197,-1
3323.63,0.00148632,-1
3323.7,0.0402,-1
3324,0.00311,-1
3324.67,0.01450389,-1
3324.75,0.06965,-1
3325,3.6783322,-1
3325.47,0.0412,-1
3325.8,0.03751344,-1
3325.87,0.00024713,-1
3326.26,0.00672309,-1
3326.4,0.00092879,-1
3326.47,0.002,-1
3326.9,0.00097195,-1
3328,1,-1
3328.08,0.00037972,-1
3328.5,0.00033854,-1
3328.73,0.03085758,-1
3329.14,0.00557673,-1
3329.76,0.0413,-1
3330,1.13112121,-1
3330.19,0.02871851,-1
3331,0.47,-1
3331.63,0.06935961,-1
3332.07,0.0006044,-1
3332.5,0.00047157,-1
3333,5.23734758,-1
3333.08,0.01469652,-1
3333.33,3.93781152,-1
3333.9,0.289,-1
3334.1,0.00333382,-1
3334.22,0.0004314,-1
3334.44,0.00643886,-1
3334.49,0.00329885,-1
3334.67,3.38871559,-1
3334.98,0.234273,-1
3335,0.1744,-1
3335.06,0.00652061,-1
3335.4,0.00031429,-1
3335.72,0.02407167,-1
3336.48,0.09446161,-1
3336.75,0.0338,-1
3337,6.72901108,-1
3338.13,0.00824306,-1
3338.15,0.00016648,-1
3338.71,0.00645527,-1
3338.81,0.00510118,-1
3339,0.00001,-1
3339.9,0.0017216,-1
3341.98,0.00823659,-1
3342.57,0.0486,-1
3344,7,-1
3344.47,0.0078368,-1
3345,8.01177694,-1
3345.21,0.068898,-1
3346.48,0.05111288,-1
3347.17,0.13096302,-1
3348.03,0.00150295,-1
3348.08,0.00557673,-1
3348.4,0.00186324,-1
3348.96,0.00037008,-1
3349,6.62093162,-1
3349.59,0.00074336,-1
3350,28.19606816,-1
3350.17,0.0076302,-1
3350.22,0.01048472,-1
3351.14,0.03065132,-1
3352,0.19462603,-1
3352.27,0.00037153,-1
3352.28,0.23444342,-1
3353,0.063,-1
3353.06,0.00745587,-1
3353.11,0.37428536,-1
3353.35,1.907,-1
3353.71,1.03088497,-1
3353.84,0.00762187,-1
3354.16,0.014685,-1
3354.96,0.34155101,-1
3355.44,0.068526,-1
3355.55,0.18777104,-1
3355.67,0.00761771,-1
3356.18,0.0006044,-1
3356.31,0.00880557,-1
3357.24,0.00120036,-1
3357.5,0.00761356,-1
3357.96,0.00123392,-1
3358.26,1,-1
3358.7,0.00074245,-1
3358.8,0.00034933,-1
3359,0.774,-1
3359.01,0.12774392,-1
3359.33,0.00760941,-1
3359.56,0.00987302,-1
3359.75,0.00460625,-1
3360,1.74232576,-1
3360.13,0.13581022,-1
3360.37,0.00710598,-1
3361.16,0.00760526,-1
3361.95,0.00037046,-1
3362.99,0.00760112,-1
3363.48,0.00818093,-1
3363.5,0.00046722,-1
3364,1,-1
3364.2,0.00056959,-1
3364.82,0.01074666,-1
3365,1.01950206,-1
3365.45,0.01913688,-1
3365.67,0.068155,-1
3366,0.00032488,-1
3366.57,0.0001,-1
3366.65,0.00759285,-1
3367,2.233,-1
3367.12,0.00557673,-1
3367.4,0.00190341,-1
3368.1,0.00096331,-1
3368.14,0.0081806,-1
3368.2,0.00074013,-1
3368.28,0.0449,-1
3368.48,0.26517744,-1
3368.72,0.0075882,-1
3368.86,0.6,-1
3369.11,0.00025035,-1
3369.12,0.01632473,-1
3369.2,0.00758711,-1
3369.3,0.00758689,-1
3369.34,0.00758678,-1
3369.39,0.0451,-1
3369.66,0.01652095,-1
3369.69,0.007586,-1
3370,8.3692513,-1
3370.29,0.00758466,-1
3370.31,0.0075846,-1
3370.47,0.00758427,-1
3370.58,0.00758402,-1
3370.84,0.00032736,-1
3370.92,0.00223974,-1
3371.28,0.00758243,-1
3371.39,0.00758219,-1
3371.48,0.002949,-1
3371.5,1.0156,-1
3371.95,0.00758093,-1
3372.1,0.00758057,-1
3372.14,0.00758048,-1
3372.19,0.00036934,-1
3372.2,0.91194472,-1
3372.93,0.01627799,-1
3373.01,0.00757853,-1
3373.3,0.0001,-1
3373.7,0.03044635,-1
3373.91,0.03975764,-1
3373.97,0.00757637,-1
3374.02,0.00073666,-1
3374.06,0.00757619,-1
3374.08,0.00757615,-1
3374.91,0.00757426,-1
3375,15.36166868,-1
3375.09,0.01481441,-1
3375.47,0.00757302,-1
3375.81,0.00757226,-1
3375.9,0.067787,-1
3376.06,0.00757169,-1
3376.18,0.02961927,-1
3376.21,0.00149041,-1
3376.8,0.00041791,-1
3377.64,0.00756815,-1
3377.86,0.00036872,-1
3377.95,0.00184694,-1
3378,0.09714085,-1
3378.05,0.06181303,-1
3378.49,0.10175058,-1
3378.76,1.18386627,-1
3379.47,0.00756405,-1
3379.91,0.00073753,-1
3379.99,0.09324563,-1
3380,2.99768476,-1
3380.14,0.00672309,-1
3380.28,0.00036845,-1
3380.29,0.0006044,-1
3380.32,0.02042646,-1
3380.48,0.00756181,-1
3380.62,0.05059682,-1
3381.31,0.00755996,-1
3381.7,1,-1
3381.86,0.00091501,-1
3382.16,0.00036825,-1
3382.88,0.00073642,-1
3383,0.9961461,-1
3383.14,0.00755586,-1
3383.46,0.05911108,-1
3384,0.5,-1
3384.43,0.00783418,-1
3384.7,0.28861052,-1
3384.97,0.00755178,-1
3385,3.76,-1
3385.12,0.0590821,-1
3385.48,0.00755063,-1
3385.59,0.1,-1
3385.8,0.08720538,-1
3386,1.00566846,-1
3386.13,0.067422,-1
3386.28,0.00557673,-1
3386.34,0.00036779,-1
3387.55,0.00296969,-1
3387.88,0.00000231,-1
3388.7,0.01048472,-1
3389,1.22065505,-1
3389.03,0.00811927,-1
3389.68,1,-1
3390,13.69540872,-1
3390.36,1,-1
3390.47,1,-1
3391.2,0.00034599,-1
3391.29,0.01207764,-1
3391.39,2.51989578,-1
3391.42,0.02,-1
3391.5,0.00033972,-1
3391.6,0.00088438,-1
3393,0.00147362,-1
3393.68,0.0123078,-1
3394,5.09618443,-1
3394.5,0.00046295,-1
3395,0.05920585,-1
3396,5.95969516,-1
3396.36,0.067058,-1
3396.4,0.03024276,-1
3396.6,0.00031525,-1
3397.04,0.02235149,-1
3397.28,0.00081139,-1
3397.43,0.29434013,-1
3397.48,0.00036659,-1
3397.9,0.03228792,-1
3397.97,0.02310102,-1
3398,1.419,-1
3398.34,0.00073232,-1
3398.76,0.05001824,-1
3398.89,0.01448414,-1
3399,5.00095213,-1
3399.89,0.88009906,-1
3399.99,0.000005,-1
3400,128.52376114,-1
3400.42,0.03118179,-1
3400.5,0.00304488,-1
3400.57,0.9128,-1
3401,0.62449006,-1
3401.11,0.14769001,-1
3401.32,0.0078368,-1
3401.62,1,-1
3402,2.00056326,-1
3402.18,0.00354184,-1
3402.28,0.81781048,-1
3402.54,0.00462889,-1
3402.71,2.72882819,-1
3403.08,0.00037135,-1
3404,0.09296458,-1
3404.01,0.00293771,-1
3404.28,2.35453311,-1
3404.4,0.0006044,-1
3404.47,0.014685,-1
3404.62,0.00147798,-1
3404.89,0.00031791,-1
3404.91,0.01468467,-1
3405,0.07992868,-1
3405.54,0.00557673,-1
3405.73,0.28289071,-1
3405.89,0.19671803,-1
3405.99,0.0000696,-1
3406.1,0.0068,-1
3406.53,0.29355385,-1
3406.56,0.12255755,-1
3406.59,0.066697,-1
3406.73,0.00314968,-1
3406.83,0.293528,-1
3407,1.52,-1
3407.5,0.01415133,-1
3407.7,0.00036682,-1
3407.76,0.00183079,-1
3407.82,0.003,-1
3408,0.153,-1
3409,1.47145379,-1
3409.18,0.00072929,-1
3409.22,0.00036532,-1
3409.27,0.00453935,-1
3409.91,0.3998,-1
3410,14.02505283,-1
3411.14,0.010975,-1
3411.16,0.00036644,-1
3411.33,0.00073032,-1
3412,2.0164,-1
3412.11,10,-1
3412.3,0.00036632,-1
3412.41,0.00036631,-1
3412.5,0.0046,-1
3412.6,0.00036496,-1
3412.79,3,-1
3412.91,0.0002536,-1
3413.01,0.02802164,-1
3414.43,0.00036477,-1
3414.76,0.00805807,-1
3414.83,0.0003659,-1
3415,0.95350374,-1
3415.1,0.05008592,-1
3415.77,0.00498625,-1
3415.9,0.0003169,-1
3416,0.0424473,-1
3416.82,0.066338,-1
3417,4.00041766,-1
3417.17,0.0003658,-1
3419.06,0.01791336,-1
3419.27,0.03004063,-1
3419.39,0.02348269,-1
3420,6.07698265,-1
3420.46,0.87707501,-1
3420.55,0.00036544,-1
3421.05,0.00542726,-1
3421.38,0.07306993,-1
3421.73,0.00036531,-1
3421.8,50,-1
3422.14,4.52,-1
3422.22,5,-1
3423,0.23342097,-1
3423.6,0.00034272,-1
3423.67,0.01412338,-1
3424.01,0.00036375,-1
3424.07,0.09204522,-1
3424.74,50,-1
3424.9,0.75591112,-1
3424.92,0.00557673,-1
3425,2.08376229,-1
3425.19,0.00036494,-1
3425.5,0.00045876,-1
3425.9,0.09124614,-1
3426,4.57,-1
3426.44,0.00036481,-1
3427.03,0.00036475,-1
3427.05,0.065981,-1
3427.2,0.00030587,-1
3427.31,0.29177401,-1
3427.77,0.25,-1
3428,0.58751458,-1
3428.11,0.01928269,-1
3428.33,0.00628653,-1
3428.45,0.01048472,-1
3428.51,0.0006044,-1
3428.8,0.002949,-1
3429.29,0.001,-1
3429.44,0.27000099,-1
3429.55,0.00073278,-1
3429.9,0.00093694,-1
3430,2.07381068,-1
3430.86,0.00036434,-1
3430.91,0.29146786,-1
3431,0.0102155,-1
3431.59,2.92808631,-1
3431.6,0.23653395,-1
3431.66,2.70581386,-1
3432.62,2.82263229,-1
3433,4,-1
3433.02,0.10452966,-1
3433.22,0.3020954,-1
3433.26,0.00150993,-1
3433.33,0.04750487,-1
3433.5,0.00032819,-1
3433.75,0.13105205,-1
3434,0.04365534,-1
3434.78,0.03975764,-1
3434.98,0.00000263,-1
3435,0.56630205,-1
3436.28,0.00423,-1
3436.32,0.00036244,-1
3436.91,0.0045826,-1
3437.26,32.02091612,-1
3437.28,0.065626,-1
3437.82,0.00181478,-1
3438.19,0.00000332,-1
3438.59,0.00036352,-1
3438.81,0.00000332,-1
3438.94,0.00039729,-1
3439.67,0.00027328,-1
3439.8,0.00055707,-1
3440,1.59220036,-1
3440.11,0.00000332,-1
3440.7,0.00799734,-1
3440.84,0.00000332,-1
3441.15,0.01559,-1
3441.48,0.00000332,-1
3441.67,0.00794836,-1
3441.99,0.00000332,-1
3442,1.7,-1
3442.15,0.00763672,-1
3442.28,0.0298397,-1
3442.4,0.00186194,-1
3442.44,0.00036311,-1
3442.51,0.00000332,-1
3442.77,0.05415766,-1
3442.83,0.00035995,-1
3442.97,0.00414177,-1
3443,0.02863688,-1
3443.13,0.00000348,-1
3443.14,0.03116203,-1
3443.53,0.00540348,-1
3443.95,0.00000348,-1
3444,0.26791835,-1
3444.18,0.1,-1
3444.35,0.01451652,-1
3444.4,0.00557673,-1
3444.44,0.19120966,-1
3444.55,0.00000348,-1
3444.73,2.90298513,-1
3444.93,0.14514083,-1
3445,0.16552079,-1
3445.11,0.00000348,-1
3446.14,0.00000348,-1
3446.66,0.00609285,-1
3446.75,0.00036266,-1
3446.8,0.00000347,-1
3446.94,0.00557673,-1
3447,1,-1
3447.15,0.01913688,-1
3447.27,0.0000063,-1
3447.45,0.00692649,-1
3447.51,0.065273,-1
3447.93,0.00934546,-1
3448,0.1,-1
3448.11,0.015,-1
3448.58,1.44987212,-1
3448.64,0.00314968,-1
3448.72,0.0000063,-1
3449,1.44876503,-1
3449.05,0.05462472,-1
3449.06,0.0003611,-1
3449.9,1,-1
3449.94,0.04958018,-1
3449.99,0.02700501,-1
3450,136.21058709,-1
3450.25,0.00000629,-1
3450.4,0.00017056,-1
3450.6,0.00557584,-1
3451,1,-1
3451.08,0.01580241,-1
3451.47,0.00593949,-1
3451.52,0.04345911,-1
3451.78,0.00036213,-1
3452.03,0.00000651,-1
3452.21,1,-1
3452.26,0.00000001,-1
3452.5,0.00405503,-1
3452.62,0.0006044,-1
3453,0.358,-1
3453.3,0.00000654,-1
3453.32,0.00057915,-1
3453.41,0.28956886,-1
3453.9,0.0005,-1
3454.07,0.00036189,-1
3454.33,0.53455869,-1
3454.52,0.00000688,-1
3454.87,0.0000047,-1
3455,0.03198,-1
3455.54,0.014685,-1
3455.55,0.01446947,-1
3455.62,0.00352123,-1
3455.76,0.00000689,-1
3455.77,0.00000475,-1
3456,0.00252987,-1
3456.51,0.00000488,-1
3456.78,0.14,-1
3456.8,0.00000687,-1
3457.12,0.9,-1
3457.24,0.28416961,-1
3457.28,0.0002569,-1
3457.34,0.00796952,-1
3457.74,0.064922,-1
3457.77,0.24101598,-1
3457.92,0.00042075,-1
3457.93,0.00000724,-1
3457.94,0.97840452,-1
3458,1.244072,-1
3458.03,0.05942109,-1
3458.16,0.04907961,-1
3458.7,0.00055403,-1
3458.9,0.00327813,-1
3459,0.5,-1
3459.02,0.15141686,-1
3459.14,0.0078368,-1
3459.16,0.09124614,-1
3459.17,0.01587939,-1
3459.29,0.04,-1
3459.31,0.000109,-1
3459.5,0.00447344,-1
3459.66,0.00036,-1
3459.84,0.01298705,-1
3460,0.05046491,-1
3460.01,0.04335247,-1
3460.11,0.00000724,-1
3460.31,0.00000001,-1
3460.8,0.00092827,-1
3461,0.361,-1
3461.04,0.00000724,-1
3462,29.32278942,-1
3462.15,0.00149733,-1
3462.24,0.00000723,-1
3462.96,0.02165777,-1
3463.09,0.17533462,-1
3463.41,0.00000723,-1
3463.43,0.05383455,-1
3463.73,0.09924654,-1
3463.81,0.00000003,-1
3464.55,0.02,-1
3464.56,0.00000732,-1
3465,0.02398222,-1
3465.05,0.29300298,-1
3465.06,0.01992696,-1
3465.33,0.0000077,-1
3465.45,0.0298397,-1
3466,0.05,-1
3466.52,0.000008,-1
3466.53,0.00593732,-1
3466.67,0.01219523,-1
3466.82,0.00793707,-1
3467,2.28944031,-1
3467.01,0.045,-1
3467.09,0.00000003,-1
3467.18,0.00304489,-1
3467.23,0.57682934,-1
3467.68,0.00216571,-1
3467.72,0.00000824,-1
3467.83,0.01048472,-1
3467.97,0.064574,-1
3468,0.55,-1
3468.16,0.0017989,-1
3468.59,0.00000824,-1
3468.72,0.0908604,-1
3469,6.08076329,-1
3469.42,0.00000824,-1
3469.75,0.00000011,-1
3469.83,0.00036025,-1
3469.85,0.00217588,-1
3470,6.32678205,-1
3470.26,0.00000828,-1
3471,1,-1
3471.06,0.00433008,-1
3471.07,0.00576191,-1
3471.27,0.0000084,-1
3471.4,0.02,-1
3471.88,0.00149453,-1
3471.98,0.00000037,-1
3472,0.44380184,-1
3472.21,0.00000862,-1
3472.51,1.70833626,-1
3472.74,0.00000861,-1
3474,37.66848301,-1
3474.11,0.00000064,-1
3474.92,1,-1
3475,36.33076581,-1
3475.46,0.27154374,-1
3475.8,1.398596,-1
3476,6,-1
3476.19,0.00000077,-1
3476.59,0.01178129,-1
3476.73,0.0006044,-1
3477,10.6445819,-1
3477.16,0.00221732,-1
3477.94,0.00000076,-1
3478,0.23822643,-1
3478.08,0.00036334,-1
3478.2,0.064227,-1
3478.51,0.01662196,-1
3479,0.14371945,-1
3479.46,0.00000107,-1
3479.47,0.035,-1
3479.55,0.15,-1
3479.81,2.1722,-1
3480,12.0697737,-1
3480.58,0.00430962,-1
3481.35,0.0000014,-1
3481.41,0.00035905,-1
3482,0.70926192,-1
3482.21,127.86261598,-1
3482.7,0.00000154,-1
3482.89,15,-1
3483,0.08548368,-1
3484.21,0.05351342,-1
3484.26,0.00000154,-1
3484.9,0.00016888,-1
3485,0.08726932,-1
3485.53,0.0000018,-1
3486,1.28736173,-1
3486.08,0.00035857,-1
3486.14,0.0147011,-1
3486.25,0.00557673,-1
3486.61,0.00047123,-1
3486.8,0.00000221,-1
3487,20.69413296,-1
3487.08,0.002949,-1
3487.91,0.03865266,-1
3487.96,0.00000257,-1
3488,10.86181761,-1
3488.43,0.063882,-1
3488.78,0.02944206,-1
3489,0.77383474,-1
3489.29,0.04,-1
3489.44,0.0207,-1
3489.75,0.00035819,-1
3490,5.43104722,-1
3490.05,0.00430532,-1
3490.19,0.03671164,-1
3490.48,0.0096365,-1
3490.56,0.00314968,-1
3490.64,1,-1
3491.29,0.00148483,-1
3492,0.05727376,-1
3492.39,0.01380737,-1
3492.42,0.09124614,-1
3493,0.02624104,-1
3493.16,0.00787724,-1
3493.43,0.04858404,-1
3493.88,0.28621475,-1
3494,5,-1
3494.36,0.02635113,-1
3494.5,0.0048739,-1
3494.6,0.00143724,-1
3495,134.00979577,-1
3495.63,0.00407937,-1
3495.65,0.03975764,-1
3496,0.28604118,-1
3496.5,0.0005,-1
3496.93,0.00714912,-1
3497,0.145,-1
3497.07,0.12269128,-1
3497.11,0.09576192,-1
3497.24,0.0299755,-1
3497.32,0.00057186,-1
3497.4,0.0615,-1
3497.53,0.03716515,-1
3497.89,0.0273417,-1
3498,1.0540032,-1
3498.66,0.06354,-1
3498.75,0.00178317,-1
3499,8.21893106,-1
3499.14,0.01,-1
3499.46,0.00028004,-1
3499.9,0.02857224,-1
3499.98,0.05,-1
3500,352.24414818,-1
3500.58,0.05963004,-1
3500.84,0.0006044,-1
3501,1.75664313,-1
3501.1,0.00754442,-1
3502,0.39473988,-1
3502.23,0.00026024,-1
3502.51,0.010689,-1
3503,0.01076505,-1
3503.35,0.01998086,-1
3503.75,0.00431252,-1
3503.94,0.05,-1
3504,0.35009987,-1
3505,0.30535757,-1
3505.11,0.05319426,-1
3505.15,0.02290816,-1
3506.08,0.00557673,-1
3507,0.0005,-1
3507.37,0.014685,-1
3507.65,0.01048472,-1
3508,0.00398724,-1
3508.89,0.063199,-1
3509,0.41,-1
3509.37,0.01460373,-1
3510,1.7292564,-1
3510.48,0.00440847,-1
3510.68,0.26039667,-1
3510.92,0.00712064,-1
3512.26,0.02924518,-1
3512.41,3.1,-1
3512.65,0.00035586,-1
3512.7,0.003445,-1
3513.69,0.00035575,-1
3513.95,0.08969088,-1
3514.44,0.00096174,-1
3515.53,1.70550152,-1
3517.18,0.0031275,-1
3517.4,0.00182042,-1
3517.46,0.00035537,-1
3517.49,0.00880337,-1
3517.5,0.0005,-1
3517.95,0.0078368,-1
3518.67,0.01420991,-1
3518.8,0.22735023,-1
3519.12,0.062861,-1
3519.68,0.00781787,-1
3520,6.89994454,-1
3520.35,0.00612221,-1
3520.42,0.00035507,-1
3520.66,0.00147245,-1
3521,0.14200511,-1
3521.13,0.5,-1
3521.69,0.03225724,-1
3522.26,0.00404853,-1
3523.05,0.01883297,-1
3524.53,0.00035466,-1
3524.77,0.00035463,-1
3524.86,0.04,-1
3524.95,0.0006044,-1
3525,1.59977572,-1
3525.4,0.00035457,-1
3525.68,0.09124617,-1
3525.82,0.0057971,-1
3525.99,0.00141804,-1
3526,0.43848206,-1
3526.03,0.00557673,-1
3526.14,0.05287708,-1
3526.97,0.14083719,-1
3527,0.00096115,-1
3527.18,5.45340001,-1
3527.66,0.00035434,-1
3527.71,0.09656129,-1
3527.77,0.217,-1
3527.85,0.001485,-1
3527.94,0.00150723,-1
3528,0.0505,-1
3529.07,0.04809349,-1
3529.35,0.062524,-1
3529.56,0.00918483,-1
3529.62,0.00176758,-1
3529.95,5.567,-1
3530,2.24061319,-1
3530.99,0.00035401,-1
3531,8.49838887,-1
3531.15,0.00744424,-1
3531.16,0.03716515,-1
3531.23,0.06290533,-1
3531.75,0.00035393,-1
3532.11,0.10811,-1
3532.25,0.01245661,-1
3532.48,0.00314968,-1
3532.62,0.01450765,-1
3532.63,0.04246128,-1
3532.8,0.00424592,-1
3532.9,0.0005915,-1
3533.33,0.15055768,-1
3534,1.03981324,-1
3534.53,0.07411824,-1
3535,2.5,-1
3535.29,0.00035358,-1
3535.3,0.14143071,-1
3535.9,0.02904967,-1
3536,0.96,-1
3536.02,1,-1
3536.42,0.14138592,-1
3536.78,0.14812306,-1
3536.84,0.00542726,-1
3537.33,0.70674579,-1
3537.75,0.04877048,-1
3537.96,0.00116451,-1
3538.3,1.25,-1
3538.5,0.0005,-1
3538.97,0.01464119,-1
3539,1.99647103,-1
3539.29,0.39048163,-1
3539.37,0.00035317,-1
3539.58,0.062189,-1
3539.81,0.00192383,-1
3540,0.68510835,-1
3540.39,0.00000089,-1
3541,8.34995763,-1
3542,1.617,-1
3542.14,3.96,-1
3542.36,0.00071139,-1
3543.91,2.76177368,-1
3543.95,0.00035271,-1
3544,2.19214994,-1
3544.43,0.0065,-1
3545,0.11112437,-1
3545.26,0.1,-1
3545.34,0.03080526,-1
3546,0.17419092,-1
3546.09,0.03647657,-1
3546.36,0.002949,-1
3546.41,0.00775894,-1
3546.72,0.0006162,-1
3547,0.01083732,-1
3547.07,0.01048472,-1
3547.3,0.05256172,-1
3547.55,0.02318731,-1
3547.6,0.11925674,-1
3547.62,0.01547644,-1
3547.76,0.00026362,-1
3548,5,-1
3548.13,2.24347362,-1
3548.87,0.14088991,-1
3548.91,0.0077639,-1
3549,0.0449,-1
3549.05,0.0006044,-1
3549.1,0.00401792,-1
3549.18,0.015,-1
3549.81,0.061857,-1
3549.87,0.32193071,-1
3550,31.59166091,-1
3550.28,0.00146016,-1
3551.12,0.09680422,-1
3551.16,0.00120036,-1
3551.62,0.0036603,-1
3551.86,0.00384587,-1
3551.91,0.01943972,-1
3553,1,-1
3553.08,0.00035567,-1
3553.26,0.02,-1
3553.96,0.033436,-1
3554,0.507,-1
3554.07,0.1,-1
3555,3.01413693,-1
3555.53,0.1,-1
3556,0.0911,-1
3556.52,0.03975764,-1
3558,0.49184935,-1
3559,8,-1
3559.5,0.0005,-1
3559.7,0.02885545,-1
3559.77,0.08853642,-1
3559.98,0.014685,-1
3560,3.17707104,-1
3560.04,0.061526,-1
3560.77,0.00175212,-1
3561,0.05616399,-1
3561.09,9.3,-1
3562.2,0.00434447,-1
3563.59,0.22124232,-1
3563.83,2,-1
3564.04,0.01149224,-1
3564.46,0.00035068,-1
3564.5,0.00736428,-1
3564.61,0.02544874,-1
3564.79,0.03716515,-1
3565,0.28158969,-1
3565.06,0.04760795,-1
3565.37,0.00681836,-1
3565.56,1.34567922,-1
3565.73,0.00028325,-1
3565.77,0.0246791,-1
3565.83,0.04920482,-1
3566,1.098,-1
3566.26,0.00557673,-1
3566.27,0.11065542,-1
3566.51,0.0043,-1
3568.28,4,-1
3568.58,0.05224818,-1
3568.77,0.00211557,-1
3568.99,0.28019131,-1
3569.69,0.5,-1
3570,3.02630361,-1
3570.27,0.061197,-1
3570.7,0.00239758,-1
3570.92,0.01572386,-1
3571,1,-1
3571.05,0.0009809,-1
3571.86,0.0392,-1
3572,0.00256998,-1
3572.48,0.13780065,-1
3572.52,5.1627,-1
3572.65,0.00012357,-1
3573,10.38084074,-1
3573.14,0.26990467,-1
3573.16,0.0006044,-1
3573.34,0.00770048,-1
3574.1,0.00058501,-1
3574.16,0.139893,-1
3574.39,0.00314968,-1
3574.92,0.00034966,-1
3575,23.76089628,-1
3575.05,0.00476408,-1
3575.74,0.00012345,-1
3576,0.76045022,-1
3576.1,0.21786295,-1
3576.14,0.00398753,-1
3577,2.73329605,-1
3577.76,0.0078368,-1
3578.68,0.00034929,-1
3578.85,0.01397096,-1
3579,17.00740329,-1
3579.39,0.01347176,-1
3579.75,0.5,-1
3580,25.97740701,-1
3580.5,0.06137,-1
3580.91,0.00081139,-1
3581.24,0.01082166,-1
3581.66,0.27927273,-1
3582,0.03921831,-1
3582.2,9.8365,-1
3582.79,0.00019233,-1
3583,8.48521015,-1
3583.14,1.2206,-1
3583.46,0.01363486,-1
3583.66,0.02866252,-1
3583.8,0.0028,-1
3584,0.0098,-1
3584.59,0.0054,-1
3584.88,0.02667821,-1
3585,12.9742576,-1
3586,2,-1
3586.41,0.0498713,-1
3586.54,0.00557673,-1
3587,3.99934855,-1
3587.33,1.39591678,-1
3587.81,0.01048472,-1
3588,1.62545255,-1
3588.37,0.00000001,-1
3589.31,0.00000001,-1
3589.34,1,-1
3589.9,2,-1
3589.99,0.05193662,-1
3590,8.97820198,-1
3590.69,0.04038221,-1
3590.73,0.060545,-1
3591,1.0005,-1
3591.02,0.50517183,-1
3592,1,-1
3592.19,0.00173679,-1
3593,0.00278318,-1
3593.05,0.02234773,-1
3593.14,0.00053027,-1
3593.24,1,-1
3593.29,0.00000001,-1
3593.43,1,-1
3593.88,0.010417,-1
3593.89,0.00026549,-1
3594,0.179,-1
3594.4,0.00258,-1
3594.59,0.00000001,-1
3595,0.38,-1
3595.5,0.08343763,-1
3596,3.0041713,-1
3596.12,0.00000001,-1
3596.84,3,-1
3597,1.5354,-1
3597.25,0.00000001,-1
3597.27,0.0006044,-1
3597.64,1,-1
3597.97,12.32094884,-1
3598,1.435,-1
3598.42,0.03716515,-1
3598.49,0.0025425,-1
3598.99,0.00277855,-1
3599,1.12939583,-1
3599.68,0.01559823,-1
3599.71,0.01423725,-1
3599.78,0.0208346,-1
3599.89,0.69729187,-1
3599.99,0.00306557,-1
3600,287.22924834,-1
3600.48,0.00764244,-1
3600.96,0.060221,-1
3601.42,0.04712728,-1
3601.5,0.0005,-1
3601.51,0.00024156,-1
3602.06,0.00000001,-1
3603.38,0.00395739,-1
3604.66,0.02709548,-1
3605,0.49404397,-1
3605.59,0.00000001,-1
3605.67,0.00034668,-1
3605.92,0.05973163,-1
3606.19,0.08739675,-1
3606.65,0.002949,-1
3606.94,0.00557673,-1
3607.79,0.02847089,-1
3608.05,0.00000001,-1
3608.65,1.0003741,-1
3608.74,0.00008154,-1
3608.88,1,-1
3609.84,0.00000001,-1
3609.92,0.02931204,-1
3610,10.02721791,-1
3610.24,0.00138654,-1
3611.19,0.0599,-1
3611.38,0.00000001,-1
3611.53,0.05162688,-1
3611.86,0.00008148,-1
3611.95,0.00058694,-1
3612,0.0005,-1
3613.01,0.00000001,-1
3613.38,0.014685,-1
3613.67,0.00238328,-1
3614.11,0.001,-1
3614.32,0.04867028,-1
3614.4,0.3,-1
3614.7,0.00428137,-1
3614.75,0.00000001,-1
3614.83,0.00596218,-1
3615,0.74,-1
3615.17,0.00019061,-1
3615.48,0.00034574,-1
3615.54,0.00048678,-1
3615.61,2,-1
3615.99,0.00000001,-1
3616,0.22266745,-1
3616.3,0.00314968,-1
3617,0.222,-1
3617.39,0.03975764,-1
3617.47,0.00000001,-1
3618.37,0.00034546,-1
3619.02,0.00000001,-1
3619.47,0.33107885,-1
3619.88,0.00061327,-1
3620,7.69255765,-1
3620.32,0.00112123,-1
3620.51,0.29287427,-1
3620.52,0.00000001,-1
3621,2.7864,-1
3621.38,0.0006044,-1
3621.42,0.05958,-1
3622,0.25414135,-1
3622.19,0.00000001,-1
3622.45,0.00725661,-1
3622.5,0.0005,-1
3624.07,0.00064844,-1
3625,0.08973793,-1
3625.4,0.01413636,-1
3626.28,5.0514,-1
3627.46,0.00557673,-1
3627.77,0.25,-1
3627.82,0.00758483,-1
3628,0.4877369,-1
3628.08,0.00034797,-1
3628.44,0.00658099,-1
3628.67,0.01547361,-1
3629.89,0.01048472,-1
3630,3.92473485,-1
3630.83,0.00392747,-1
3631.36,0.00096933,-1
3631.65,0.059262,-1
3631.97,0.55066534,-1
3632.07,0.02828047,-1
3632.63,0.30968747,-1
3633,0.0005,-1
3633.2,0.05131897,-1
3633.33,0.01219523,-1
3633.35,0.00412842,-1
3633.73,1.3,-1
3633.91,0.4010882,-1
3634,0.21614053,-1
3634.07,0.00317571,-1
3634.28,0.0827,-1
3634.79,0.00112123,-1
3634.91,0.3092786,-1
3635,0.02065,-1
3635.35,0.00235494,-1
3635.39,0.00000001,-1
3636,0.55410066,-1
3636.36,0.0005,-1
3636.82,0.72909349,-1
3637,2.00638797,-1
3637.05,0.02,-1
3637.14,0.00000001,-1
3638,0.05,-1
3638.15,0.04665148,-1
3638.25,0.00099773,-1
3638.32,0.0150906,-1
3638.58,0.0078368,-1
3638.8,0.00000001,-1
3640,51.1002912,-1
3640.62,0.00026899,-1
3640.66,0.00000001,-1
3640.72,0.09442191,-1
3640.93,0.01896439,-1
3641.88,0.058946,-1
3642,3,-1
3642.16,0.00000001,-1
3642.91,0.00756357,-1
3643.2,1,-1
3643.43,0.00000001,-1
3643.5,0.0005,-1
3644.26,0.00047746,-1
3644.74,0.00000001,-1
3644.83,0.00011896,-1
3645,0.01371742,-1
3645.02,0.00034293,-1
3645.08,0.00034293,-1
3645.49,0.08312737,-1
3645.96,0.00000001,-1
3646,0.311,-1
3646.2,0.00057124,-1
3647.01,0.00000001,-1
3647.84,0.0001889,-1
3647.92,0.00034266,-1
3647.98,0.00007853,-1
3648,0.2,-1
3648.1,0.00557673,-1
3648.11,0.00000001,-1
3648.4,0.004363,-1
3648.6,0.05631886,-1
3648.79,0.00034258,-1
3649.21,1,-1
3649.26,0.00000001,-1
3649.33,0.00112123,-1
3649.44,0.00000001,-1
3649.5,0.04110152,-1
3649.84,0.00072331,-1
3649.9,0.089,-1
3650,37.621468,-1
3650.11,0.00000001,-1
3650.32,0.00000001,-1
3650.49,0.0025,-1
3651,100.015341,-1
3651.03,0.00000001,-1
3651.18,0.00821652,-1
3651.5,0.00000007,-1
3652.11,0.058632,-1
3652.12,0.00000001,-1
3652.63,0.00542726,-1
3653,0.875,-1
3653.06,0.00371213,-1
3653.21,0.08627188,-1
3653.26,0.00000001,-1
3653.37,0.00000009,-1
3653.69,0.01121023,-1
3654,0.0005,-1
3654.58,0.00000002,-1
3654.73,2.67417312,-1
3654.74,0.00136808,-1
3654.99,0.00000014,-1
3655,0.76614972,-1
3655.3,0.4826,-1
3655.37,0.00752767,-1
3655.9,0.27353045,-1
3656.52,0.02809141,-1
3656.61,0.00034185,-1
3657.16,0.0023409,-1
3657.19,0.0000002,-1
3657.46,0.00465674,-1
3657.89,0.01535,-1
3658,0.40828823,-1
3658.12,0.02733644,-1
3658.13,0.21869097,-1
3658.16,0.00000001,-1
3658.22,0.00314968,-1
3658.38,0.00034159,-1
3658.5,0.00389777,-1
3658.94,0.32439417,-1
3659.21,0.00000001,-1
3659.39,0.33473348,-1
3659.67,0.2259384,-1
3659.79,0.00000001,-1
3660,14.00168852,-1
3660.17,0.0000002,-1
3660.24,0.00136603,-1
3660.38,2,-1
3660.76,0.01393156,-1
3660.85,3.939,-1
3661,15.16,-1
3661.12,0.0294,-1
3661.25,0.00149453,-1
3661.48,0.0000002,-1
3662,10.72002555,-1
3662.23,0.00000001,-1
3662.29,0.0144,-1
3662.34,0.058319,-1
3662.73,0.0000002,-1
3663.44,0.00753611,-1
3663.89,0.0000002,-1
3663.93,0.00112123,-1
3664,0.037,-1
3664.5,0.0005,-1
3664.53,0.00409329,-1
3664.66,0.00409314,-1
3664.97,0.00000001,-1
3665,0.22182808,-1
3665.32,0.10978575,-1
3666,0.1258439,-1
3666.01,0.00034097,-1
3666.23,0.00000001,-1
3666.52,0.1,-1
3666.66,3.5,-1
3666.89,0.00034906,-1
3667,3.06074175,-1
3667.21,0.00000001,-1
3667.52,0.00691929,-1
3667.58,0.014685,-1
3667.64,0.02,-1
3667.96,0.0071682,-1
3668,1,-1
3668.12,0.00000001,-1
3668.56,0.01314433,-1
3668.85,0.00557673,-1
3669,1.00064188,-1
3669.08,0.00095391,-1
3669.14,0.00000001,-1
3669.16,6.6239,-1
3669.6,0.0006044,-1
3669.62,0.00123718,-1
3670,1.94784645,-1
3670.13,0.07040077,-1
3670.26,0.00000001,-1
3670.72,0.00034053,-1
3670.96,0.00000001,-1
3671.03,0.00620002,-1
3671.06,0.0003405,-1
3671.36,0.03865266,-1
3671.58,0.01048472,-1
3671.71,0.00000001,-1
3672,0.985,-1
3672.51,0.00008014,-1
3672.57,0.058009,-1
3672.58,0.00000001,-1
3673.4,0.06985,-1
3673.51,0.00205525,-1
3674,0.06804572,-1
3674.02,0.02603092,-1
3674.12,0.00000005,-1
3674.31,0.00680399,-1
3674.43,0.16329063,-1
3675,0.20628,-1
3675.26,0.04618042,-1
3675.44,0.00000005,-1
3675.88,0.01174684,-1
3676.93,0.05070861,-1
3676.94,0.00000005,-1
3677.1,0.00056579,-1
3677.88,0.00000005,-1
3678,2.24078303,-1
3678.26,0.03975764,-1
3678.57,0.00000001,-1
3678.59,0.00112123,-1
3679,0.20385974,-1
3679.1,0.00232694,-1
3679.41,0.01461318,-1
3680,9.79492415,-1
3680.12,0.00000001,-1
3680.81,0.00018721,-1
3681.13,0.02790358,-1
3681.21,0.01385416,-1
3681.77,0.00000001,-1
3682,4.3,-1
3682.68,0.00618041,-1
3682.8,0.05803942,-1
3683.13,0.00747092,-1
3683.17,0.9720693,-1
3683.43,0.00000001,-1
3683.46,0.00000001,-1
3685,0.04070556,-1
3685.07,0.00599717,-1
3685.4,0.1,-1
3685.46,0.00000001,-1
3685.5,0.0005,-1
3685.58,0.28169014,-1
3686,2,-1
3686.13,1,-1
3686.14,0.02072249,-1
3686.37,0.0038683,-1
3687,17.74689141,-1
3687.22,0.00000001,-1
3687.29,0.09696639,-1
3687.35,0.01522737,-1
3688,1.53754062,-1
3688.09,0.01940239,-1
3688.16,1,-1
3688.66,0.0001,-1
3689,0.25,-1
3689.08,0.00993472,-1
3689.17,0.00000001,-1
3689.33,0.00542103,-1
3689.71,0.00557673,-1
3689.99,0.01126561,-1
3690,7.90175266,-1
3690.88,0.00769653,-1
3691.1,0.00000002,-1
3691.7,0.217,-1
3691.84,0.00026815,-1
3692.66,0.00000003,-1
3693,0.00135391,-1
3693.03,0.057392,-1
3693.3,0.00112123,-1
3693.71,0.0006044,-1
3694,1,-1
3694.36,0.00616086,-1
3694.46,0.00000003,-1
3694.99,0.00000001,-1
3695,51.08934567,-1
3695.69,0.17605102,-1
3696,0.0005,-1
3696.12,0.00000027,-1
3696.58,0.00069794,-1
3696.93,0.00000001,-1
3697.61,0.00000027,-1
3698,1.29344233,-1
3698.09,0.00416592,-1
3698.68,0.00000001,-1
3698.74,0.25,-1
3698.94,0.00000027,-1
3698.99,0.05040618,-1
3699,3.5,-1
3699.33,0.0003379,-1
3699.99,0.00000058,-1
3700,79.52215782,-1
3700.14,0.00314968,-1
3700.43,0.0078368,-1
3700.77,1.09829576,-1
3700.79,0.00000001,-1
3700.85,0.08516132,-1
3700.88,0.00000027,-1
3701.17,0.00231306,-1
3701.66,0.01377761,-1
3701.82,0.00036738,-1
3702,1.02647217,-1
3702.12,0.00000027,-1
3703.26,0.057086,-1
3703.96,0.00139326,-1
3704.17,0.00000027,-1
3704.39,0.00000001,-1
3704.6,0.00000001,-1
3704.81,0.5398386,-1
3705,0.12906882,-1
3705.91,0.02771703,-1
3706.08,0.00614138,-1
3706.17,0.00036155,-1
3706.5,0.0005,-1
3706.52,0.00000001,-1
3706.53,0.89947517,-1
3706.79,0.00000026,-1
3707,0.23510792,-1
3708.07,0.00112123,-1
3708.23,0.00000001,-1
3708.79,0.00000026,-1
3708.9,0.00000001,-1
3709.6,0.00011901,-1
3709.82,0.43622259,-1
3709.9,0.0031,-1
3710,9.77505097,-1
3710.7,0.00557673,-1
3711,0.00134734,-1
3711.1,0.00741462,-1
3711.41,0.00074365,-1
3711.43,0.00000001,-1
3711.59,0.00053027,-1
3711.75,0.00033677,-1
3711.85,0.00580635,-1
3712,0.5387931,-1
3712.75,0.04571411,-1
3713.13,1,-1
3713.49,0.056782,-1
3713.74,0.01048472,-1
3714.07,0.00018553,-1
3714.2,2.5021,-1
3714.4,0.00531984,-1
3714.78,7.5696,-1
3714.86,2,-1
3715,0.17971265,-1
3715.07,0.00000001,-1
3716,0.13,-1
3716.11,0.00707371,-1
3716.29,16.21071821,-1
3716.8,0.00143724,-1
3717,0.0005,-1
3717.05,0.0151057,-1
3717.82,0.0006044,-1
3717.84,0.00612195,-1
3718,0.30119112,-1
3718.3,0.00056683,-1
3718.69,0.00000001,-1
3719,0.09174347,-1
3719.49,0.0001,-1
3719.77,1,-1
3720,7.3937698,-1
3721.19,0.05010556,-1
3722,1,-1
3722.01,0.00415793,-1
3722.04,0.01020945,-1
3722.11,0.01370191,-1
3722.22,0.1,-1
3722.31,0.0005373,-1
3722.4,1.21037502,-1
3722.47,0.00641475,-1
3722.59,0.014685,-1
3722.82,0.02,-1
3722.9,0.00112123,-1
3723.37,0.00229927,-1
3723.72,0.05648,-1
3723.91,0.0138,-1
3724,2.33513211,-1
3724.24,0.00133064,-1
3724.65,0.35,-1
3725,3.41541402,-1
3725.25,0.1,-1
3727,0.81780252,-1
3727.06,0.06197699,-1
3727.5,0.0005,-1
3727.87,0.01704955,-1
3728,0.48648648,-1
3728.21,0.00053645,-1
3729.64,0.00610259,-1
3729.76,0.00053354,-1
3730,1.00416074,-1
3730.33,0.002949,-1
3730.85,0.02753169,-1
3731.35,0.01471438,-1
3731.8,0.00557673,-1
3731.97,0.001,-1
3732,0.552,-1
3732.05,0.00465396,-1
3732.2,0.01850064,-1
3732.57,0.09209821,-1
3733.95,0.056179,-1
3735,0.27730849,-1
3737.8,0.00112123,-1
3738,0.1255,-1
3739.13,0.03975764,-1
3739.28,0.00735874,-1
3739.39,0.00736842,-1
3740,14.55335658,-1
3741.48,0.00608327,-1
3741.77,0.00455182,-1
3741.93,0.0006044,-1
3741.94,0.23734349,-1
3742,0.02725815,-1
3742.05,0.00314968,-1
3742.24,0.00033402,-1
3742.88,0.0203052,-1
3743,0.0053433,-1
3743.52,0.04980664,-1
3744,0.255,-1
3744.18,0.05588,-1
3744.97,0.00033378,-1
3745,23,-1
3745.08,0.00120036,-1
3745.1,0.0278,-1
3745.18,5.4050589,-1
3745.6,0.01093517,-1
3745.7,0.00228556,-1
3746.7,0.00007645,-1
3746.98,0.01498504,-1
3747.64,0.00018387,-1
3748,0.15,-1
3748.5,0.0005,-1
3749,2.82235942,-1
3749.11,0.08406509,-1
3749.2,0.00028159,-1
3749.79,0.3483555,-1
3750,54.58395689,-1
3750.51,1.79998453,-1
3750.62,0.04525254,-1
3751.54,0.673231,-1
3752,0.112,-1
3752.75,0.00112123,-1
3753,1,-1
3753.03,0.00557673,-1
3753.36,0.00606402,-1
3754.27,0.02862989,-1
3754.41,0.055583,-1
3755,0.86254065,-1
3755.97,0.02734765,-1
3756,9.9756514,-1
3756.4,0.01048472,-1
3757,0.35,-1
3758,0.37,-1
3759,0.0005,-1
3759.36,0.17933132,-1
3759.63,0.03499546,-1
3759.96,0.01282481,-1
3760,0.47898312,-1
3761,0.12607551,-1
3762.73,0.0013715,-1
3762.76,0.58157566,-1
3762.84,0.0003322,-1
3763.34,0.0078368,-1
3763.49,0.26799469,-1
3764.55,6.09337756,-1
3764.64,0.055287,-1
3765,0.2596,-1
3765.08,0.000332,-1
3765.26,0.00604485,-1
3765.39,0.02539926,-1
3765.98,0.04950955,-1
3766,69.45334071,-1
3766.04,0.0006044,-1
3766.66,0.02654871,-1
3766.68,0.53097157,-1
3767.68,0.00730327,-1
3767.75,0.00112123,-1
3768.08,0.00003697,-1
3768.17,0.00227193,-1
3768.42,0.00542726,-1
3768.88,0.24652666,-1
3769,1.0164478,-1
3769.5,0.0005,-1
3770,9.66312997,-1
3770.74,0.0010714,-1
3771.01,0.005948,-1
3772.55,0.00506223,-1
3773,1,-1
3773.58,0.00033125,-1
3774.3,0.008,-1
3774.31,0.05797729,-1
3774.38,0.00557673,-1
3774.77,0.08519289,-1
3774.87,0.054993,-1
3775,0.50638761,-1
3775.54,0.02126757,-1
3776.85,0.00409755,-1
3777,1.1413283,-1
3777.16,0.0148653,-1
3777.21,0.00602573,-1
3777.77,0.39705964,-1
3778,5.12543589,-1
3778.24,0.00199828,-1
3778.43,0.014685,-1
3778.63,0.00000001,-1
3779.19,0.03551674,-1
3779.52,0.00396875,-1
3779.56,0.00000001,-1
3780,2.13858729,-1
3781.25,0.02716475,-1
3781.51,0.00018222,-1
3781.96,0.02358434,-1
3782,11,-1
3782.01,0.00033051,-1
3782.83,0.00112123,-1
3783,0.72879973,-1
3783.34,0.00000001,-1
3783.96,0.00314968,-1
3784,2.99830337,-1
3784.32,0.00052849,-1
3784.84,0.1,-1
3785,1,-1
3785.1,0.0547,-1
3786,2,-1
3786.02,0.00000001,-1
3786.34,9.0223,-1
3786.52,0.1,-1
3787,0.06333452,-1
3788,2.40494679,-1
3788.19,0.3609217,-1
3788.25,0.00032997,-1
3788.57,0.04921428,-1
3788.88,0.04479559,-1
3788.89,0.2710769,-1
3789,3.35622774,-1
3789.2,0.00600666,-1
3789.3,0.24968727,-1
3789.35,0.00000001,-1
3790,35.67544662,-1
3790.15,0.0006044,-1
3790.16,0.0369,-1
3790.4,0.00028159,-1
3790.5,0.0005,-1
3790.77,0.00225839,-1
3792,0.41979569,-1
3793,0.01279835,-1
3793.74,0.002949,-1
3794,0.15,-1
3794.63,0.13505677,-1
3795,1.76265085,-1
3795.33,0.054409,-1
3795.85,0.00557673,-1
3796.29,0.00724823,-1
3796.92,0.2758,-1
3797.96,0.00112123,-1
3798,1.55298628,-1
3798.42,0.288,-1
3798.62,0.01048472,-1
3798.63,0.00274046,-1
3799,2.12515594,-1
3800,132.27040469,-1
3801,0.0005,-1
3801.23,0.00598765,-1
3803.82,0.3,-1
3804,0.01051524,-1
3804.57,0.05495627,-1
3805,0.065,-1
3805.05,0.94214267,-1
3805.56,0.05412,-1
3805.77,0.00003866,-1
3806.7,0.02698314,-1
3806.9,0.00032835,-1
3807.03,0.00025,-1
3807.52,0.00058013,-1
3807.58,0.01474654,-1
3807.95,0.00076419,-1
3808.99,2,-1
3809.5,2.5,-1
3810.61,0.02,-1
3811,0.13209918,-1
3811.3,0.04892083,-1
3811.48,0.00565457,-1
3811.5,0.0005,-1
3811.75,0.00032793,-1
3812.67,0.0003908,-1
3813.13,0.00344336,-1
3813.15,0.00112123,-1
3813.3,0.00596871,-1
3813.4,0.0792,-1
3814,0.15448029,-1
3814.25,0.0006044,-1
3815.69,0.00018059,-1
3815.78,0.05,-1
3815.79,0.053832,-1
3816,0.01965,-1
3816.22,0.05481291,-1
3817.44,0.00557673,-1
3818,0.94426609,-1
3818.93,0.00625272,-1
3819,0.17961317,-1
3819.77,0.00733028,-1
3820,6.41771117,-1
3822,0.0005,-1
3822.43,0.00135008,-1
3822.51,0.09107015,-1
3823,0.02615746,-1
3824.22,0.00057047,-1
3825,10.50284,-1
3825.01,3.1,-1
3825.12,0.00719361,-1
3825.4,0.00594982,-1
3825.75,0.01804826,-1
3825.84,0.08042662,-1
3825.88,0.00314968,-1
3826,0.28,-1
3826.02,0.053546,-1
3826.48,0.00052267,-1
3826.65,2.42647249,-1
3826.74,0.08983183,-1
3826.75,0.01434756,-1
3827,0.0007839,-1
3827.32,0.0078368,-1
3827.47,0.31165571,-1
3827.53,0.04434325,-1
3828.02,0.00444926,-1
3828.41,0.00112123,-1
3829,1.00991306,-1
3829.81,8.5423,-1
3829.95,0.013055,-1
3830,1.587,-1
3830.05,0.00053027,-1
3831,0.6,-1
3831.3,0.03205,-1
3832.32,0.02680274,-1
3832.5,0.0005,-1
3832.51,0.00403805,-1
3833.05,1.31401239,-1
3834.17,0.04833901,-1
3834.71,0.00000001,-1
3835.11,0.014685,-1
3836,0.5,-1
3836.03,0.26068617,-1
3836.25,0.053261,-1
3836.38,0.00224492,-1
3836.78,0.0288614,-1
3837,2.5592181,-1
3837.36,0.3,-1
3837.55,0.00593098,-1
3838,2.5,-1
3838.08,1.3027347,-1
3838.24,0.01462874,-1
3838.36,0.0006044,-1
3838.38,0.0935,-1
3838.43,0.0071783,-1
3839.15,0.00557673,-1
3839.82,0.01066684,-1
3840,5.4076325,-1
3841.33,0.0006579,-1
3842.18,1.00073395,-1
3842.51,0.00057047,-1
3843,0.00180106,-1
3843.18,0.01048472,-1
3843.32,0.00000001,-1
3843.72,0.00112123,-1
3844,0.13274453,-1
3845,0.07750325,-1
3845.19,0.00689542,-1
3845.81,0.00164937,-1
3846.48,0.052978,-1
3847,1,-1
3847.52,0.08191492,-1
3848,0.49091,-1
3849,26.33548507,-1
3849.66,4.8239345,-1
3849.73,0.00591222,-1
3850,231.49866558,-1
3850.06,2.50491703,-1
3850.16,0.00017897,-1
3850.62,0.00149453,-1
3851.49,13.59665739,-1
3851.99,3.57500135,-1
3852.21,2.41039516,-1
3852.53,0.00000001,-1
3852.73,0.01010192,-1
3852.9,2,-1
3853.5,0.0005,-1
3853.62,0.01251309,-1
3853.77,0.3432,-1
3854,2.04181937,-1
3854.17,0.00713938,-1
3854.82,0.03865266,-1
3855.41,14.55493796,-1
3856,0.012,-1
3856.38,0.26274202,-1
3856.61,0.00036737,-1
3856.71,0.052696,-1
3856.82,0.00388921,-1
3857.05,0.00152966,-1
3857.18,0.04862907,-1
3857.36,0.00000001,-1
3857.59,0.19412379,-1
3858,3.60966303,-1
3858.12,0.02662355,-1
3858.16,2.40666675,-1
3858.17,2.40665531,-1
3858.22,0.002949,-1
3859,0.97,-1
3859.04,0.02478292,-1
3859.09,0.00112123,-1
3859.39,0.00221823,-1
3859.47,9.11205593,-1
3859.56,0.00051819,-1
3860,5.87973793,-1
3860.45,0.0003238,-1
3860.88,0.00057979,-1
3860.99,0.00557673,-1
3861.95,0.00589351,-1
3862.47,0.0006044,-1
3864,0.0005,-1
3865,1.25491345,-1
3865.82,0.00388015,-1
3866,9.4290183,-1
3866.24,0.0006579,-1
3866.57,0.04389554,-1
3866.67,0.04750487,-1
3866.94,0.052415,-1
3867.8,0.00314968,-1
3867.95,0.00764128,-1
3868,0.67376299,-1
3868.9,0.03643021,-1
3869,1.89629018,-1
3869.15,0.01451188,-1
3870,2.26064261,-1
3870.22,0.02074723,-1
3871.14,0.00425456,-1
3872,0.15549,-1
3872.64,3.6348,-1
3873.06,0.05210071,-1
3873.89,0.07433607,-1
3874.21,0.00587486,-1
3874.36,0.12963071,-1
3874.39,0.00452744,-1
3874.5,0.0005,-1
3874.53,0.00112123,-1
3874.55,0.00387141,-1
3875,35.36056381,-1
3875.21,0.0133,-1
3876,0.105,-1
3876.54,0.26002569,-1
3877,8.00220686,-1
3877.17,0.052137,-1
3878.32,1.09630687,-1
3879,2,-1
3879.08,0.01049217,-1
3879.37,0.0005602,-1
3879.54,0.00051552,-1
3879.72,0.00036301,-1
3880,8.03936107,-1
3880.32,0.04805064,-1
3881.58,0.00761445,-1
3882.95,0.00557673,-1
3883,0.1,-1
3883.07,0.00132899,-1
3883.38,1.2941,-1
3883.44,0.00708558,-1
3883.64,0.00000001,-1
3884.09,0.02644552,-1
3884.21,0.00542726,-1
3884.97,0.00017737,-1
3885,2.22198516,-1
3885.97,0.00032167,-1
3886,3.11,-1
3886.51,0.00585627,-1
3886.58,0.0006044,-1
3887,6.32819287,-1
3887.31,0.01048472,-1
3887.4,0.051859,-1
3888,73.70885395,-1
3888.26,0.1,-1
3888.88,2,-1
3888.98,0.00397942,-1
3889,0.2,-1
3889.12,0.42657006,-1
3889.68,0.0044451,-1
3890,6.11188821,-1
3890.02,0.00112123,-1
3890.96,0.081885,-1
3891.31,0.0006579,-1
3892.3,0.22088702,-1
3892.38,0.0078368,-1
3892.64,0.014685,-1
3892.83,0.0003211,-1
3893,0.50128435,-1
3894,0.10272213,-1
3894.28,14.42398918,-1
3895.2,0.00758781,-1
3895.5,0.0005,-1
3895.91,0.02432237,-1
3895.98,0.00032084,-1
3896,2,-1
3896.45,0.00000001,-1
3896.47,0.15598312,-1
3896.54,0.00692922,-1
3896.62,0.00963839,-1
3897,0.01944316,-1
3897.05,0.06168603,-1
3897.63,0.051583,-1
3897.69,0.08086053,-1
3897.92,0.00056991,-1
3898.85,0.00583774,-1
3899,1.0827258,-1
3899.01,0.9,-1
3899.36,40.61324542,-1
3899.99,0.00000058,-1
3900,103.54564374,-1
3900.31,0.01439594,-1
3900.47,0.02,-1
3901.83,0.05359348,-1
3901.92,0.05125681,-1
3902.97,0.00036085,-1
3903.73,1,-1
3904.11,16.5,-1
3905,0.0852343,-1
3905.04,0.00557673,-1
3905.59,0.00112123,-1
3905.83,0.00220501,-1
3906,21.30424859,-1
3906.01,0.04345232,-1
3906.74,0.94105369,-1
3907,0.84694138,-1
3907.39,0.00306086,-1
3907.86,0.051309,-1
3908,0.51177072,-1
3908.4,0.12792958,-1
3908.84,0.00756136,-1
3908.99,0.00637504,-1
3909,1.27909951,-1
3909.06,3.4953,-1
3909.11,0.26612963,-1
3909.71,0.00314968,-1
3909.77,0.03558068,-1
3910.23,0.0262687,-1
3910.69,0.0006044,-1
3910.77,0.00672162,-1
3911,2.05900792,-1
3911.23,0.00581926,-1
3911.59,0.00031956,-1
3912,3.9745,-1
3912.93,0.00703218,-1
3913.13,0.00846636,-1
3913.78,0.00550678,-1
3913.87,0.083719,-1
3914.44,0.00112,-1
3914.54,1.94124031,-1
3915,0.01415287,-1
3915.46,3,-1
3916.25,0.00434902,-1
3916.5,0.0005,-1
3916.54,0.0006579,-1
3916.55,0.00058984,-1
3917.8,0.00000001,-1
3917.9,0.00609478,-1
3918,0.1,-1
3918.09,0.051036,-1
3918.31,0.0395,-1
3920,6.69114272,-1
3920.07,0.00017578,-1
3920.16,0.00000001,-1
3920.34,0.00000087,-1
3920.75,0.10635313,-1
3921.1,0.00454509,-1
3921.21,0.00112123,-1
3921.64,0.01760695,-1
3922.22,0.25,-1
3922.46,0.00753509,-1
3922.47,0.00060225,-1
3923.3,0.08762101,-1
3923.39,0.00000102,-1
3923.65,0.00580083,-1
3923.82,0.002949,-1
3924,2.74882538,-1
3924.59,0.01398986,-1
3925,5.13057096,-1
3925.01,0.13469827,-1
3925.4,29.3631,-1
3925.42,0.00000001,-1
3926,0.018,-1
3926.25,2.90287169,-1
3926.36,0.0003587,-1
3926.64,0.00000001,-1
3927,1.0005,-1
3927.02,0.0477641,-1
3927.25,0.00557673,-1
3927.45,0.00000176,-1
3927.6,0.0869,-1
3928,0.48370672,-1
3928.32,0.050764,-1
3928.68,0.00000001,-1
3929,0.01797114,-1
3929.26,0.00217879,-1
3930,1,-1
3930.46,0.00000178,-1
3930.61,0.00000001,-1
3931.72,0.01428093,-1
3931.96,0.01048472,-1
3932.25,0.00938127,-1
3932.45,0.00000001,-1
3934,1.07981443,-1
3934.07,0.0000022,-1
3934.21,0.00000001,-1
3934.72,0.01556293,-1
3934.8,0.0006044,-1
3935,1.07573062,-1
3935.27,0.00061048,-1
3935.47,0.0645,-1
3935.57,0.00000001,-1
3935.72,0.94136778,-1
3936.1,0.00578248,-1
3936.4,0.01040513,-1
3936.55,0.02591863,-1
3936.89,0.00112123,-1
3936.91,0.00000001,-1
3937,1,-1
3937.02,0.0000022,-1
3937.5,0.0045,-1
3937.64,2.66657185,-1
3938.09,0.02539302,-1
3938.17,0.02,-1
3938.45,0.00000001,-1
3938.55,0.050494,-1
3939,1.43842272,-1
3939.39,0.2538464,-1
3939.56,0.00000001,-1
3940,0.325,-1
3940.09,0.00699308,-1
3940.2,0.00000001,-1
3940.32,0.00000237,-1
3940.37,17.09345822,-1
3940.81,0.00000004,-1
3941,0.06470438,-1
3941.62,0.00000004,-1
3941.93,0.0006579,-1
3942.15,0.02536686,-1
3942.5,2,-1
3942.65,0.00697917,-1
3942.68,0.00000004,-1
3943,0.01394875,-1
3943.41,0.24913511,-1
3943.7,0.00000004,-1
3944,2,-1
3944.54,0.00000004,-1
3944.68,0.00130824,-1
3945,0.271,-1
3945.17,0.00210405,-1
3945.67,0.00000009,-1
3945.79,0.01551928,-1
3945.85,0.04285614,-1
3946.28,0.00392163,-1
3946.97,0.00000001,-1
3948,0.26017348,-1
3948.19,0.00081139,-1
3948.5,0.00053027,-1
3948.51,0.0798198,-1
3948.58,0.00000001,-1
3948.59,0.00576419,-1
3948.78,0.050225,-1
3949,30.92770827,-1
3949.01,0.0329,-1
3949.22,0.01935299,-1
3949.4,0.00025744,-1
3949.59,0.00557673,-1
3949.62,0.00077161,-1
3949.63,0.01220893,-1
3949.7,0.00025662,-1
3949.79,0.00101991,-1
3949.89,0.00035657,-1
3950,55.91216865,-1
3950.59,0.04719609,-1
3951.03,0.014685,-1
3951.17,0.00286496,-1
3951.57,0.00000001,-1
3951.62,0.00314968,-1
3952,0.00000001,-1
3952.64,0.00112123,-1
3952.68,0.00000001,-1
3952.83,0.0021658,-1
3953,2.222,-1
3953.08,0.00000001,-1
3953.47,0.00005058,-1
3954,0.25290844,-1
3954.11,0.00060007,-1
3954.66,0.00000001,-1
3955,0.5741816,-1
3955.5,0.00017422,-1
3956.16,0.00035893,-1
3956.21,0.00000001,-1
3956.85,0.25272628,-1
3957.55,0.00000001,-1
3958,0.08028373,-1
3958.07,7.9603,-1
3958.5,0.0005,-1
3958.55,0.0078368,-1
3958.68,0.00058352,-1
3958.91,0.0006044,-1
3958.92,0.00038141,-1
3958.97,0.00000001,-1
3959,0.66394544,-1
3959.01,0.049958,-1
3960,33.85565724,-1
3960.2,0.00000001,-1
3960.91,0.02713631,-1
3961,9.369,-1
3961.13,0.00574595,-1
3961.47,3.511,-1
3961.5,0.00000001,-1
3961.89,0.00039627,-1
3962,13.9349,-1
3962.55,0.501,-1
3962.84,0.00000001,-1
3963.05,0.02574532,-1
3963.38,0.01416685,-1
3963.86,0.00000001,-1
3964.25,0.00039603,-1
3964.26,1.5,-1
3964.98,0.00000001,-1
3964.99,0.00000009,-1
3965,0.0630517,-1
3966,0.82916815,-1
3966.1,0.00074884,-1
3966.35,0.00031515,-1
3966.36,0.00000001,-1
3966.55,0.00724637,-1
3966.66,0.02521012,-1
3966.72,0.0000126,-1
3966.78,0.00040839,-1
3967.3,0.02023958,-1
3967.48,0.0006579,-1
3967.49,0.00639478,-1
3967.52,0.00010333,-1
3968,0.48150025,-1
3968.45,0.00112123,-1
3968.85,0.00000014,-1
3969,1.0149,-1
3969.18,0.00163131,-1
3969.24,0.049692,-1
3969.69,0.18260965,-1
3970,2.97060552,-1
3971.33,0.00010575,-1
3971.39,0.00000014,-1
3971.98,0.00000004,-1
3972,15.655,-1
3972.06,0.00557673,-1
3972.59,0.00692657,-1
3972.65,0.00116546,-1
3973.05,0.00058036,-1
3973.37,0.0143757,-1
3973.56,0.00035444,-1
3973.7,0.00572777,-1
3974,0.08807247,-1
3974.08,0.03139268,-1
3974.24,0.00000018,-1
3974.29,0.04691451,-1
3975,0.10137,-1
3975.12,0.5,-1
3975.16,0.00141301,-1
3975.79,0.004,-1
3975.82,0.00000001,-1
3976.54,0.00215288,-1
3976.69,0.00000001,-1
3977,0.00251445,-1
3977.11,0.01048472,-1
3977.54,0.00000001,-1
3978,0.25,-1
3978.03,0.00000008,-1
3978.09,0.0000002,-1
3978.29,0.00000001,-1
3979,0.3,-1
3979.47,0.049427,-1
3979.49,0.00000001,-1
3979.5,0.0005,-1
3980,34.47457043,-1
3980.8,0.00000001,-1
3981,2.12559658,-1
3981.42,0.00041944,-1
3981.93,0.0000002,-1
3982.13,0.00000001,-1
3982.9,0.00020336,-1
3983.02,0.0006044,-1
3983.11,0.00043182,-1
3983.26,0.00000001,-1
3983.94,0.00125722,-1
3984.03,0.00000001,-1
3984.1,0.00000012,-1
3984.12,1.78,-1
3984.32,0.00112123,-1
3984.52,0.00973266,-1
3984.79,0.00074784,-1
3985,10.44855967,-1
3985.07,0.00021078,-1
3985.13,0.00044666,-1
3985.63,0.00000026,-1
3985.71,0.00595126,-1
3985.8,0.00000001,-1
3986,3,-1
3986.1,0.04285614,-1
3986.32,0.00570964,-1
3987,0.8,-1
3987.28,0.00000001,-1
3987.9,0.26414654,-1
3988,2.145,-1
3988.2,0.00050398,-1
3988.23,0.00233186,-1
3988.61,0.00000001,-1
3988.88,0.09899254,-1
3989,0.28861147,-1
3989.15,0.07809,-1
3989.58,0.00000001,-1
3989.7,0.049164,-1
3989.73,0.02557315,-1
3990,23.20352824,-1
3990.1,0.00000026,-1
3990.3,0.0026013,-1
3990.47,0.00000001,-1
3990.51,0.002949,-1
3991,5.00024657,-1
3991.25,0.00017265,-1
3991.41,0.00000001,-1
3992,0.458501,-1
3992.05,0.00059042,-1
3992.36,0.00000001,-1
3992.45,0.02,-1
3992.57,0.00000012,-1
3992.78,0.00000024,-1
3993,3.17603781,-1
3993.21,0.0006579,-1
3993.54,0.00314968,-1
3993.55,0.077873,-1
3993.61,0.00052083,-1
3994,3.75563345,-1
3994.65,0.00557673,-1
3995,51.29547426,-1
3995.14,0.00031288,-1
3995.3,0.01405367,-1
3995.91,0.00054555,-1
3996,1.65000096,-1
3996.92,0.00056793,-1
3996.94,0.00000025,-1
3997,1.05561421,-1
3997.37,0.00035232,-1
3998,3.13665868,-1
3998.12,0.077657,-1
3998.14,0.04663474,-1
3998.56,0.00000001,-1
3998.64,0.004,-1
3998.9,2.10343362,-1
3998.97,0.00569158,-1
3999,30.67851162,-1
3999.08,0.02500575,-1
3999.26,0.21133116,-1
3999.51,0.00058257,-1
3999.56,0.00000006,-1
3999.7,0.02669999,-1
3999.93,0.048902,-1
3999.99,2.88112718,-1
4000,1119.00694185,-1
4000.27,0.00112123,-1
4000.39,0.00214005,-1
4000.5,0.0005,-1
4000.7,0.08232029,-1
4000.86,1.3,-1
4000.87,0.0004199,-1
4001,0.10703074,-1
4001.25,9.39102808,-1
4001.3,0.02190038,-1
4001.71,0.00000025,-1
4001.75,1,-1
4001.99,2,-1
4002,0.49622184,-1
4002.05,0.00058969,-1
4002.76,0.00687437,-1
4002.86,0.077605,-1
4004.44,0.0053605,-1
4004.76,0.040228,-1
4005,0.0567886,-1
4005.61,0.00000025,-1
4005.62,0.12482462,-1
4006.52,0.00425104,-1
4006.96,0.03119571,-1
4007.1,0.00769029,-1
4007.13,0.0006044,-1
4007.26,0.00128781,-1
4007.76,0.077387,-1
4008.68,0.00000006,-1
4008.88,5,-1
4009.04,0.00000025,-1
4009.89,1.34,-1
4010,2.86641917,-1
4010.16,0.048641,-1
4010.29,0.014685,-1
4010.89,0.50001371,-1
4011,0.0005,-1
4011.12,0.00062231,-1
4011.66,0.00567357,-1
4011.82,1,-1
4011.89,0.00655221,-1
4012,0.56670229,-1
4012.43,0.00000025,-1
4012.82,0.07717,-1
4013.72,4.52,-1
4013.84,0.29963751,-1
4014.5,0.00134,-1
4015,0.35192009,-1
4015.55,0.00085168,-1
4015.93,0.00161487,-1
4016,0.1384,-1
4016.02,0.00000019,-1
4016.26,0.00112123,-1
4016.58,0.0254022,-1
4017,0.22977659,-1
4017.37,0.00557673,-1
4017.56,0.00049781,-1
4018.04,0.0771,-1
4018.17,0.00000001,-1
4018.83,0.00536283,-1
4018.84,0.00000019,-1
4019.02,0.00441494,-1
4019.09,0.0006579,-1
4019.1,0.00672971,-1
4019.42,0.00594083,-1
4019.71,0.00000001,-1
4019.94,0.01717641,-1
4020,1.022,-1
4020.39,0.048382,-1
4021.32,0.00035023,-1
4021.5,0.0005,-1
4021.64,0.00000001,-1
4021.67,0.04557116,-1
4022,1.18434567,-1
4022.13,0.04635655,-1
4022.22,0.25,-1
4022.28,0.0854648,-1
4022.79,0.01048472,-1
4022.96,0.106437,-1
4023,0.0078973,-1
4023.32,0.19771482,-1
4023.4,0.076882,-1
4024.08,0.00299198,-1
4024.38,0.00212729,-1
4024.4,0.00565561,-1
4024.93,0.01364109,-1
4025,1.8062679,-1
4025.54,0.00301015,-1
4025.74,0.00086692,-1
4025.85,0.0078368,-1
4026,0.26604549,-1
4026.67,0.00288824,-1
4026.76,0.04214932,-1
4027,0.05,-1
4027.32,0.0001711,-1
4027.47,0.01394141,-1
4028.1,0.0384,-1
4028.91,0.07653,-1
4029.13,4.3791,-1
4029.16,0.2483123,-1
4030,1,-1
4030.32,0.00061108,-1
4031.24,0.0006044,-1
4031.75,1.5,-1
4032,0.0005,-1
4032.33,0.00112123,-1
4033.15,0.00682257,-1
4033.66,5,-1
4033.79,4.52,-1
4034.56,0.078395,-1
4034.68,0.00123926,-1
4035,3.81687521,-1
4035.41,0.01014982,-1
4035.46,0.00314968,-1
4036.06,0.00000001,-1
4036.78,0.00000001,-1
4037.18,0.00563771,-1
4037.67,0.00000001,-1
4037.88,0.00450854,-1
4038,0.91145725,-1
4038.27,0.03865266,-1
4038.38,0.00000001,-1
4038.89,0.49518555,-1
4039,0.5,-1
4039.24,0.00000001,-1
4039.68,0.056,-1
4040,0.68377784,-1
4040.14,0.00000001,-1
4040.34,0.07811,-1
4040.41,0.00189832,-1
4040.43,0.069665,-1
4040.73,0.00000001,-1
4040.85,0.047867,-1
4041.12,0.00000001,-1
4042,1,-1
4042.13,0.00000001,-1
4042.41,0.01901713,-1
4042.5,0.0005,-1
4043,0.00000001,-1
4043.01,0.15598312,-1
4043.62,0.02523234,-1
4044.31,0.00000001,-1
4044.42,0.00168874,-1
4044.45,0.00681264,-1
4045.15,0.0006579,-1
4045.41,0.00034814,-1
4045.64,0.00000001,-1
4046,0.01235788,-1
4046.25,0.077829,-1
4046.26,0.04608006,-1
4046.39,0.01235669,-1
4046.99,0.00000001,-1
4048.02,0.01191217,-1
4048.46,0.00112123,-1
4048.52,0.00211461,-1
4048.69,0.00000001,-1
4048.8,0.01234933,-1
4049,11.95,-1
4049.15,0.00159255,-1
4049.39,0.05165533,-1
4049.62,0.00059042,-1
4049.76,0.00000001,-1
4049.99,0.00561987,-1
4050,20.63625633,-1
4050.24,0.08,-1
4050.31,0.076344,-1
4050.4,0.0028,-1
4050.72,0.00000001,-1
4051,0.02846077,-1
4052.05,0.00000001,-1
4052.15,0.07777829,-1
4052.69,0.06942266,-1
4052.84,0.00000001,-1
4053,0.0005,-1
4053.35,0.02359483,-1
4053.42,0.00000002,-1
4053.6,0.00000001,-1
4053.79,0.00025577,-1
4053.96,4.52,-1
4054.34,0.00000001,-1
4055.35,0.0006044,-1
4055.75,0.00000001,-1
4056,0.24955349,-1
4056.01,0.00000001,-1
4057.13,0.0013365,-1
4057.17,0.00002068,-1
4057.23,0.00000001,-1
4057.62,0.0001,-1
4058.05,0.00000001,-1
4058.36,0.002949,-1
4058.8,1,-1
4058.93,0.00000001,-1
4059.27,0.00000001,-1
4059.68,0.00000001,-1
4059.9,0.01383005,-1
4060,0.15606,-1
4060.13,0.10546246,-1
4060.29,0.00000001,-1
4061.1,0.00000001,-1
4061.31,0.047358,-1
4061.71,0.00000006,-1
4062.12,0.00000006,-1
4062.52,0.00000006,-1
4062.85,0.00560209,-1
4062.9,0.00000007,-1
4063.45,0.00380855,-1
4063.5,0.0005,-1
4063.63,0.00000001,-1
4063.72,0.00016957,-1
4063.78,0.00677113,-1
4064,0.0582997,-1
4064.57,0.01291776,-1
4064.65,0.00112123,-1
4066.41,0.00589217,-1
4066.8,0.0197444,-1
4067.17,0.02,-1
4067.41,0.04172808,-1
4068.49,0.0000102,-1
4068.75,0.00132,-1
4069,0.00086435,-1
4069.57,15.79673403,-1
4069.65,0.00034607,-1
4070,5.18054667,-1
4070.54,0.04580526,-1
4070.83,0.02506368,-1
4070.84,0.00126769,-1
4071.14,0.077276,-1
4071.38,0.0006579,-1
4071.54,0.047105,-1
4072,0.24859,-1
4072.15,3.68355126,-1
4072.8,0.002102,-1
4073.05,0.075893,-1
4074,0.0005,-1
4074.23,4.52,-1
4075,10.31274969,-1
4075.51,0.162164,-1
4075.66,4.0576,-1
4075.75,0.00558436,-1
4075.79,0.00000001,-1
4077.37,0.00314968,-1
4077.66,0.076994,-1
4078.33,0.02182756,-1
4078.8,0.0049034,-1
4079,3,-1
4079.24,0.00049028,-1
4079.45,0.0006044,-1
4080,1.25826328,-1
4080.91,0.00112123,-1
4081.2,0.06864559,-1
4081.28,0.0689679,-1
4082,0.00367466,-1
4082.73,0.02042995,-1
4083.33,0.04750487,-1
4083.36,0.00000001,-1
4084.28,0.076718,-1
4084.5,0.0005,-1
4085.16,0.0342,-1
4085.64,0.00030595,-1
4085.85,0.0118531,-1
4086.6,0.02,-1
4086.99,0.012875,-1
4087.32,0.00000001,-1
4087.65,0.04892786,-1
4088.5,0.00057047,-1
4088.63,0.00337521,-1
4088.69,0.00556669,-1
4089.06,0.06838786,-1
4090,7.03720815,-1
4090.73,0.5,-1
4091,0.075879,-1
4091.23,0.25,-1
4091.85,0.00030549,-1
4091.96,0.07003435,-1
4092,0.046603,-1
4092.59,0.01371958,-1
4092.72,0.00000001,-1
4093,9.74908114,-1
4094,0.06648731,-1
4094.03,0.000344,-1
4094.29,0.0078368,-1
4094.6,4.52,-1
4094.64,0.00672011,-1
4094.79,0.00000001,-1
4094.96,0.04553204,-1
4095,8.74864556,-1
4095.78,0.076876,-1
4097,10,-1
4097.23,0.00208947,-1
4097.24,0.00112123,-1
4097.67,0.10449649,-1
4097.77,0.0006579,-1
4097.83,0.075634,-1
4098,0.65650469,-1
4098.24,0.02489605,-1
4098.87,0.00415526,-1
4099,11.01330265,-1
4099.97,0.01058526,-1
4099.99,0.00000092,-1
4100,293.82551333,-1
4100.2,0.2,-1
4100.45,0.00016805,-1
4101,0.7294177,-1
4101.66,0.00554907,-1
4102.19,0.07513728,-1
4102.23,0.046354,-1
4103.56,0.0006044,-1
4104.22,0.02702584,-1
4104.69,0.00673606,-1
4104.76,0.07539,-1
4104.79,0.01872812,-1
4104.99,0.07677711,-1
4105,7.1134389,-1
4105.5,0.0005,-1
4106.82,1,-1
4108,0.50009463,-1
4108.04,0.00057105,-1
4108.2,1,-1
4108.47,0.04131104,-1
4110,0.06704454,-1
4110.31,0.00136596,-1
4110.84,0.37400212,-1
4111,10.35823636,-1
4111.11,0.411,-1
4111.78,0.075149,-1
4112,4.32320525,-1
4112.46,0.046106,-1
4113,0.15,-1
4113.46,0.00000001,-1
4113.62,0.00112123,-1
4114.68,0.00553152,-1
4114.7,0.00121515,-1
4115,2.68101798,-1
4115.07,4.52,-1
4115.2,0.00000001,-1
4115.62,0.00638706,-1
4116,0.0005,-1
4116.51,0.00001008,-1
4116.95,0.00000001,-1
4117,0.28667009,-1
4117.15,0.09476646,-1
4118,0.01079435,-1
4118.06,0.00801348,-1
4118.16,0.02699085,-1
4118.43,0.00000001,-1
4118.51,0.00193693,-1
4118.52,0.078778,-1
4118.56,0.00034196,-1
4118.9,0.074831,-1
4119.28,0.00314968,-1
4119.53,0.04526051,-1
4120,3.73010774,-1
4120.05,5,-1
4120.69,0.01675643,-1
4121.8,0.00207701,-1
4122.22,0.25,-1
4122.53,0.06827759,-1
4122.64,0.012,-1
4122.69,0.045859,-1
4122.92,0.00000001,-1
4123,1.41004983,-1
4123.33,0.00375324,-1
4123.58,0.00579077,-1
4123.76,0.08336162,-1
4123.98,0.00599663,-1
4124,0.00024248,-1
4124.32,0.0006579,-1
4124.81,0.00000001,-1
4125,155.21529636,-1
4125.55,0.01360997,-1
4125.73,0.00666946,-1
4125.82,0.02472962,-1
4126.11,0.074599,-1
4126.5,0.0005,-1
4126.69,0.00522266,-1
4127,0.14,-1
4127.01,7.4965,-1
4127.35,0.002949,-1
4127.67,0.0006044,-1
4127.71,0.00055119,-1
4127.74,0.00551401,-1
4127.84,0.01330101,-1
4129.68,0.00005287,-1
4130,7.77860623,-1
4130.07,0.00112123,-1
4131.83,0.00081139,-1
4132,0.014685,-1
4132.92,0.045614,-1
4133.4,0.07437,-1
4133.65,0.01200391,-1
4135,5,-1
4135.42,0.0079969,-1
4135.55,0.10353937,-1
4135.64,4.52,-1
4136,0.513,-1
4136.04,0.00000001,-1
4136.93,0.00990077,-1
4137,0.0005,-1
4137.5,0.00016654,-1
4138.38,0.00000001,-1
4138.79,0.01812123,-1
4140,2.42444038,-1
4140.21,0.00000001,-1
4140.77,0.02610384,-1
4140.78,0.075658,-1
4140.84,0.00549657,-1
4141.26,0.07881,-1
4142.32,0.00000001,-1
4143,0.91156207,-1
4143.15,0.04537,-1
4143.24,0.00033992,-1
4143.66,0.00031385,-1
4144,1.65459816,-1
4144.25,0.04499056,-1
4144.3,0.00000001,-1
4145,3.40314255,-1
4145.83,0.45004281,-1
4146.26,0.10935353,-1
4146.52,0.00206463,-1
4146.54,0.00000001,-1
4146.6,0.00112123,-1
4147.11,0.01853701,-1
4147.2,0.00361689,-1
4147.42,0.00059281,-1
4147.5,0.0005,-1
4148,0.039,-1
4148.24,0.074682,-1
4148.86,0.01162264,-1
4149,1.31326444,-1
4149.06,0.00000001,-1
4149.94,0.04089821,-1
4150,21.79845675,-1
4150.85,0.04250213,-1
4151.57,0.00663686,-1
4151.6,0.00000004,-1
4151.78,0.0006044,-1
4152.21,0.00000017,-1
4152.46,0.0015611,-1
4153,1,-1
4153.38,0.045127,-1
4153.59,0.02456429,-1
4153.99,0.00547918,-1
4154,0.038,-1
4154.16,0.02302226,-1
4155,0.29151305,-1
4155.78,0.074096,-1
4156.05,0.0935,-1
4156.32,4.52,-1
4157.07,0.00661919,-1
4157.95,0.00000001,-1
4158,0.48150048,-1
4158.51,0.07578899,-1
4158.53,1.28541698,-1
4158.77,0.01350126,-1
4159.09,0.00025577,-1
4160,1.6171721,-1
4160.17,0.06762915,-1
4160.34,0.00000001,-1
4161.2,0.00458692,-1
4162.39,0.00000001,-1
4163.4,0.073865,-1
4163.61,0.044885,-1
4163.89,0.0078368,-1
4164,0.077864,-1
4164.21,0.06759441,-1
4164.57,0.00000001,-1
4165,0.14411134,-1
4166.66,1.5,-1
4167.13,0.00000011,-1
4167.18,0.00546184,-1
4167.28,0.00057105,-1
4167.77,0.05019629,-1
4168,1,-1
4168.06,0.00033789,-1
4168.44,0.127,-1
4168.5,0.0005,-1
4168.79,0.01926132,-1
4169,0.34797313,-1
4169.03,4.8759,-1
4169.11,0.0447222,-1
4169.72,0.00000081,-1
4170,1.23382494,-1
4170.82,0.16,-1
4171.09,0.072655,-1
4171.39,0.00205232,-1
4172,0.00166586,-1
4172.6,0.00000081,-1
4173.77,0.10259109,-1
4173.84,0.044645,-1
4174.89,0.00016505,-1
4175,1.13938274,-1
4175.07,0.00000132,-1
4175.52,0.01796183,-1
4175.66,0.00011734,-1
4175.89,0.0006044,-1
4176.44,0.00324602,-1
4177,0.00300248,-1
4177.1,4.52,-1
4177.43,0.00000179,-1
4178.43,0.05153586,-1
4178.59,0.0001388,-1
4178.7,0.00664979,-1
4178.85,0.072404,-1
4178.94,0.00053936,-1
4179,2.34981575,-1
4179.07,0.01013861,-1
4179.94,0.00000253,-1
4180,6.89100983,-1
4180.41,0.00544455,-1
4181.07,0.012,-1
4181.55,0.02440004,-1
4181.91,0.00000252,-1
4182.97,0.02,-1
4183,0.000003,-1
4183.54,0.00000478,-1
4183.93,0.02390097,-1
4184.07,0.044405,-1
4184.1,0.00369873,-1
4184.44,0.0303563,-1
4184.79,0.1089667,-1
4184.81,0.01693977,-1
4185,0.99736,-1
4185.47,0.57518416,-1
4185.9,0.00116581,-1
4186,3,-1
4186.43,0.00000509,-1
4186.69,0.072217,-1
4186.74,0.0744,-1
4186.91,0.00528074,-1
4187.22,0.00057162,-1
4187.76,0.0246,-1
4188,0.1,-1
4188.25,0.13117005,-1
4188.4,0.00000509,-1
4188.63,0.00656931,-1
4189,0.09,-1
4189.47,0.00070653,-1
4189.5,0.0005,-1
4189.56,0.15598312,-1
4190,14.30418528,-1
4190.3,0.00000509,-1
4191.83,0.04048949,-1
4191.93,0.00000509,-1
4192.26,0.0133934,-1
4192.32,0.00047706,-1
4193,0.02977602,-1
4193.03,0.00033588,-1
4193.33,0.90187355,-1
4193.35,0.00406163,-1
4193.46,0.01810676,-1
4193.57,0.02038406,-1
4193.68,0.00542732,-1
4193.72,0.00000575,-1
4194.13,0.04445553,-1
4194.3,0.044167,-1
4194.59,0.072085,-1
4195,0.93478297,-1
4195.33,0.00000631,-1
4196,1,-1
4196.41,0.00204008,-1
4196.69,0.04169952,-1
4196.77,0.00000745,-1
4197,0.26276626,-1
4197.52,0.002949,-1
4197.99,4.52000782,-1
4198,28.7729,-1
4198.4,0.53896793,-1
4198.5,1,-1
4199,0.24061284,-1
4199.21,0.00000807,-1
4199.99,0.5,-1
4200,371.20166214,-1
4200.37,0.0000087,-1
4200.42,0.042341,-1
4200.55,0.90656223,-1
4200.96,1.92229871,-1
4201,0.5,-1
4201.03,0.00122841,-1
4201.24,0.00000869,-1
4202.06,0.00000869,-1
4202.55,0.071898,-1
4202.92,0.00001027,-1
4203.12,0.00314968,-1
4203.52,0.00047579,-1
4203.7,0.00001026,-1
4204,0.416,-1
4204.29,0.00001077,-1
4204.33,0.0045051,-1
4204.53,0.04393,-1
4204.56,0.00027826,-1
4205,0.07086801,-1
4206,0.171,-1
4206.3,0.06691785,-1
4206.99,0.00541014,-1
4207.26,0.00056132,-1
4207.66,0.00076362,-1
4208,1.35646387,-1
4208.67,0.00023998,-1
4208.88,3.52410692,-1
4209.48,0.073153,-1
4209.7,0.02423688,-1
4210,7.2310714,-1
4210.3,0.0027,-1
4210.5,0.0005,-1
4210.58,0.071711,-1
4211.12,1,-1
4212,0.227,-1
4212.18,0.61418078,-1
4212.36,0.10165139,-1
4212.63,0.00016357,-1
4212.73,0.07481355,-1
4213.21,0.00076188,-1
4213.46,0.00143824,-1
4214.76,0.043694,-1
4214.97,0.06588192,-1
4215,1.478,-1
4215.33,0.00029654,-1
4216.62,0.00024823,-1
4217,0.502,-1
4217.77,0.26460097,-1
4218.15,0.00033388,-1
4218.68,0.071285,-1
4218.73,23.036,-1
4218.76,0.23703647,-1
4218.88,0.16,-1
4218.98,4.52,-1
4219,0.1,-1
4219.29,0.04419033,-1
4220,17.76907477,-1
4220.19,0.00473912,-1
4220.24,0.02676215,-1
4220.35,0.00539302,-1
4220.45,0.00651979,-1
4221,0.2453778,-1
4221.25,0.02510622,-1
4221.58,0.00202792,-1
4221.73,0.03865266,-1
4222,0.021,-1
4222.03,0.00622608,-1
4222.22,2.25,-1
4222.77,0.01446443,-1
4223,0.246,-1
4223.99,0.01634666,-1
4224,1.0247927,-1
4224.43,0.01065315,-1
4224.99,0.043459,-1
4225,3.08462233,-1
4225.08,0.00010371,-1
4226.02,0.01328641,-1
4226.83,0.07111,-1
4227.07,1.30848081,-1
4227.4,0.00055065,-1
4227.8,0.08131017,-1
4228,0.59668874,-1
4230,3.37458245,-1
4230.13,0.00590998,-1
4230.44,0.0056445,-1
4231.42,0.00047265,-1
4231.5,0.0005,-1
4231.62,0.00055534,-1
4232,0.23659026,-1
4232.22,0.071829,-1
4233,1.25218774,-1
4233.37,0.01296943,-1
4233.74,0.00537596,-1
4234.15,0.04008478,-1
4234.68,0.0078368,-1
4235,1.00118063,-1
4235.04,0.070892,-1
4235.08,0.00332225,-1
4235.22,0.043226,-1
4236,0.5,-1
4236.81,0.00047205,-1
4237.46,0.00508614,-1
4238.03,0.02407486,-1
4238.11,0.0044692,-1
4239,10,-1
4239.5,0.00075788,-1
4240,23.6230646,-1
4240.07,4.52,-1
4240.67,0.5659483,-1
4240.99,0.00965783,-1
4242,0.0325,-1
4242.56,0.00029463,-1
4243,30.5,-1
4243.01,0.00143765,-1
4243.11,0.2,-1
4243.3,0.070722,-1
4243.42,0.00033189,-1
4243.58,0.25,-1
4244,0.00876507,-1
4244.61,0.04392682,-1
4244.77,0.00349318,-1
4245,0.75,-1
4245.03,0.00314968,-1
4245.2,1,-1
4245.45,0.042993,-1
4245.76,0.00364502,-1
4246.26,0.08668805,-1
4246.81,0.03435724,-1
4246.9,0.00201583,-1
4246.96,0.174,-1
4247,0.01,-1
4247.05,0.1,-1
4247.19,0.00535895,-1
4247.63,0.00054126,-1
4248,1.52186032,-1
4248.82,0.06624824,-1
4249.55,0.02183994,-1
4249.56,0.00029415,-1
4249.58,0.00133333,-1
4249.97,0.0370182,-1
4250,203.41582404,-1
4250.03,0.09302239,-1
4250.69,0.00016211,-1
4250.74,0.32759748,-1
4250.75,1,-1
4251,0.00352858,-1
4251.3,0.10072029,-1
4251.62,0.070551,-1
4252,2.7,-1
4252.22,0.01134013,-1
4252.49,0.00647065,-1
4252.5,0.0005,-1
4252.9,1,-1
4253.02,0.01165994,-1
4253.27,3.5767,-1
4253.29,3.7672343,-1
4254.46,0.00141028,-1
4254.96,0.071395,-1
4255,1.2294759,-1
4255.17,0.00469443,-1
4255.68,0.042762,-1
4256,9.084685,-1
4256.28,0.0010831,-1
4256.67,0.02349254,-1
4256.71,1,-1
4256.97,0.00000901,-1
4257,0.5,-1
4257.15,0.07373367,-1
4257.47,0.02246364,-1
4258,0.0469704,-1
4258.32,0.00016203,-1
4258.77,0.00082652,-1
4258.86,0.00010288,-1
4258.98,0.0002935,-1
4259,0.0000062,-1
4259.83,0.103,-1
4260,0.21767398,-1
4260.05,0.01318027,-1
4260.4,0.02480019,-1
4260.67,0.00534198,-1
4261.05,0.64069017,-1
4261.15,0.00029335,-1
4261.28,4.52,-1
4261.53,0.0064656,-1
4262.64,0.06240264,-1
4262.68,0.01231624,-1
4263,0.0005,-1
4263.11,1,-1
4264.02,0.00029315,-1
4264.38,0.00025577,-1
4264.72,0.00133333,-1
4265,0.40048471,-1
4265.18,0.00581745,-1
4265.91,0.042531,-1
4266.56,0.02391387,-1
4266.98,0.00049918,-1
4267,5.02,-1
4267.22,0.47,-1
4267.39,0.00231523,-1
4267.65,0.07385078,-1
4267.68,0.00120922,-1
4267.96,0.00053203,-1
4268.2,0.0008247,-1
4268.42,0.070176,-1
4268.84,0.00032992,-1
4268.88,0.002949,-1
4268.95,0.4073014,-1
4269.52,0.0395,-1
4269.59,0.001,-1
4270,0.13421808,-1
4270.07,0.04366478,-1
4270.11,0.75,-1
4270.17,0.35,-1
4270.31,0.00029272,-1
4270.49,0.06502537,-1
4271.57,0.00075219,-1
4272.16,0.00443358,-1
4272.25,0.02340686,-1
4272.3,0.00133333,-1
4273,0.9942476,-1
4273.34,0.01879009,-1
4273.5,0.0005,-1
4274,0.05,-1
4274.2,0.00532508,-1
4274.3,0.00029245,-1
4274.66,15.8211,-1
4275,9.0379497,-1
4275.16,2,-1
4275.26,0.00016139,-1
4275.77,0.0935504,-1
4276.05,0.04097005,-1
4276.14,0.042302,-1
4276.51,0.64407117,-1
4276.89,0.07001,-1
4276.9,0.03968418,-1
4277,2.287,-1
4277.36,0.00420012,-1
4277.7,0.071016,-1
4278,5.48,-1
4278.01,0.03901346,-1
4279.32,0.0002921,-1
4279.88,0.00133333,-1
4280,0.13496014,-1
4280.36,0.00032941,-1
4280.69,0.01302622,-1
4280.98,0.00029199,-1
4281,11.00040954,-1
4281.2,0.01134495,-1
4281.29,0.04204331,-1
4281.42,0.00859761,-1
4281.61,0.02,-1
4281.77,0.00082676,-1
4281.86,0.00034797,-1
4282.58,1.24,-1
4282.85,0.00462775,-1
4283,0.15,-1
4283.57,0.00068185,-1
4284,0.0005,-1
4284.79,0.00642189,-1
4284.89,0.47115743,-1
4285,1.4904329,-1
4285.09,0.25,-1
4285.41,0.069846,-1
4286.37,0.042074,-1
4286.94,0.00314968,-1
4287,2,-1
4287.45,0.00133333,-1
4287.76,0.00530823,-1
4288,1.11940298,-1
4288.38,0.00053203,-1
4288.56,0.00046635,-1
4288.89,0.23316056,-1
4289,0.51843511,-1
4289.11,0.00016066,-1
4290,2.72150904,-1
4290.01,0.00397012,-1
4290.23,0.00031933,-1
4290.59,0.09979778,-1
4290.63,0.07692962,-1
4291,0.016,-1
4291.12,0.0002913,-1
4291.29,0.00509215,-1
4291.32,0.00418646,-1
4291.46,0.00106024,-1
4291.77,0.06558526,-1
4292.28,0.00094355,-1
4292.92,0.00010207,-1
4293.14,0.02329297,-1
4293.94,0.00029111,-1
4293.98,0.069681,-1
4294,0.08,-1
4294.35,0.013075,-1
4294.42,0.00032795,-1
4294.5,0.0005,-1
4294.56,0.00105947,-1
4295,0.07054714,-1
4295.02,0.00133333,-1
4295.28,0.02375398,-1
4295.7,0.04340444,-1
4295.97,0.84761997,-1
4296.35,0.0631841,-1
4296.6,0.041847,-1
4296.83,0.015,-1
4297,0.01,-1
4297.48,0.00069808,-1
4297.51,0.00787578,-1
4297.99,0.00200381,-1
4298,1.52,-1
4298.8,0.001053,-1
4299,6.70676667,-1
4299.33,0.00049125,-1
4299.69,1.87775413,-1
4299.99,0.00000093,-1
4300,210.12185955,-1
4300.44,0.07064,-1
4300.49,0.00925475,-1
4301.37,0.0167436,-1
4301.75,0.0002495,-1
4302.08,1.16009,-1
4302.6,0.07085133,-1
4302.72,0.42585542,-1
4303.62,0.01580185,-1
4303.89,0.00074654,-1
4304.11,0.07300654,-1
4304.34,0.09251338,-1
4305,0.0005,-1
4305.09,0.00029035,-1
4305.31,0.00069216,-1
4305.34,0.00417283,-1
4305.59,0.0006387,-1
4305.64,0.12421623,-1
4305.74,0.0063672,-1
4305.76,0.0010544,-1
4306,0.12211424,-1
4306.49,0.00439824,-1
4306.67,0.0078368,-1
4306.83,0.041621,-1
4307.08,0.00029022,-1
4308,0.00051066,-1
4308.32,0.00359209,-1
4308.78,0.129,-1
4308.9,0.00052244,-1
4309,1.01068804,-1
4309.66,0.96113249,-1
4310,5,-1
4310.18,0.00133333,-1
4311.25,0.00463902,-1
4312,3.66089878,-1
4312.55,1,-1
4313.13,0.00304419,-1
4314.03,0.00139776,-1
4314.6,0.0121682,-1
4314.7,0.17382436,-1
4315,7.77893199,-1
4315.03,0.00527469,-1
4315.38,0.00128841,-1
4315.47,0.00081139,-1
4315.5,0.0005,-1
4315.57,0.03659722,-1
4316.12,0.87643676,-1
4316.14,0.65326327,-1
4317,0.52190178,-1
4317.06,0.041396,-1
4317.33,0.00637349,-1
4317.41,0.01158101,-1
4317.75,0.00133333,-1
4318.17,0.01406959,-1
4319.4,0.00415925,-1
4320,1.08940722,-1
4320.07,0.03928758,-1
4320.15,0.000326,-1
4320.45,0.234212,-1
4320.89,0.00128908,-1
4321,6.41219069,-1
4321.47,0.04314547,-1
4321.85,0.00678181,-1
4321.98,3,-1
4322,2.83628681,-1
4322.02,0.00115686,-1
4322.14,0.00028921,-1
4322.22,0.25,-1
4322.45,0.00138347,-1
4323,0.09094378,-1
4323.18,0.070859,-1
4323.29,0.07290033,-1
4323.35,0.5,-1
4323.77,0.00197999,-1
4324,0.0000087,-1
4324.15,0.48952285,-1
4324.19,0.02359517,-1
4324.97,0.14501077,-1
4325,10.84174538,-1
4325.28,0.01165242,-1
4325.32,0.00133333,-1
4325.36,0.02634425,-1
4325.48,0.02774258,-1
4325.66,0.00028897,-1
4325.99,1.5,-1
4326,0.0005,-1
4326.42,0.00046227,-1
4326.59,0.00579558,-1
4326.75,0.06417998,-1
4327,0.0664873,-1
4327.25,0.00275974,-1
4327.29,0.041173,-1
4327.59,0.01154168,-1
4327.88,0.00015922,-1
4328.73,0.005258,-1
4328.86,0.00314968,-1
4328.93,0.01297055,-1
4329.32,0.00140437,-1
4329.51,0.00052244,-1
4329.55,0.00004157,-1
4329.85,0.01594698,-1
4330,3.24138568,-1
4330.26,0.09888361,-1
4331.01,0.0115814,-1
4331.19,0.00606917,-1
4331.34,0.00023318,-1
4332,1.96514311,-1
4332.9,0.00133333,-1
4333,0.51623194,-1
4333.04,0.237246,-1
4333.36,0.00140306,-1
4333.5,0.00414571,-1
4334,0.048,-1
4334.47,0.07930923,-1
4335,0.00507497,-1
4335.15,0.06492892,-1
4335.39,0.00119034,-1
4335.95,0.06997532,-1
4336.1,0.15598312,-1
4336.45,0.00074094,-1
4336.5,0.0005,-1
4336.94,0.00139038,-1
4336.99,0.02305746,-1
4337.52,0.04095,-1
4337.96,0.00149087,-1
4338.17,0.00400362,-1
4338.2,0.01580185,-1
4338.39,0.32542567,-1
4339,0.07118368,-1
4339.3,0.00028806,-1
4340,3.01837105,-1
4340.07,0.00550191,-1
4340.46,0.18431226,-1
4340.48,0.00133333,-1
4340.54,0.18603624,-1
4341.08,0.02518026,-1
4341.09,0.00436318,-1
4341.45,0.002949,-1
4341.47,0.0427,-1
4341.59,0.00900089,-1
4341.61,0.01264609,-1
4341.72,0.3581,-1
4342.47,0.00524136,-1
4343,0.52,-1
4343.43,0.00621398,-1
4343.5,0.56532263,-1
4345,0.32475258,-1
4345.04,0.02148914,-1
4345.63,0.235318,-1
4346.03,0.00032406,-1
4346.28,0.6978367,-1
4346.67,0.23006117,-1
4347,0.01445905,-1
4347.4,0.04288818,-1
4347.44,0.00015635,-1
4347.65,0.00413222,-1
4347.67,0.00942085,-1
4347.75,0.040728,-1
4348,0.5,-1
4348.05,0.00133333,-1
4349,0.05,-1
4349.7,0.00195645,-1
4350,37.0732846,-1
4350.11,0.00632545,-1
4350.22,0.00052244,-1
4351,0.292,-1
4351.03,0.08102715,-1
4351.19,0.0049532,-1
4352,1.13491314,-1
4353,0.15878,-1
4353.3,0.02343739,-1
4353.94,0.04915233,-1
4354.98,0.05004615,-1
4355,0.00574052,-1
4355.59,0.00114795,-1
4355.62,0.00133333,-1
4355.73,0.00024641,-1
4356.26,0.00522477,-1
4357.34,0.05988363,-1
4357.5,0.0005,-1
4357.98,0.040507,-1
4358,1.28729993,-1
4358.15,0.0110645,-1
4358.22,0.237119,-1
4358.88,0.11470836,-1
4359.83,0.0591,-1
4360,2.64585059,-1
4360.5,2.917,-1
4361,91.1968,-1
4361.45,5.36259013,-1
4361.57,0.01204048,-1
4361.85,0.00421922,-1
4363.02,0.00114599,-1
4363.2,0.00133333,-1
4363.34,0.02191856,-1
4363.69,0.0388949,-1
4363.79,0.01286694,-1
4365,1.25,-1
4366.66,2.40804871,-1
4366.98,0.00015779,-1
4367,0.09347648,-1
4368,2.76355728,-1
4368.21,0.040288,-1
4368.88,4,-1
4369,0.51495179,-1
4369.26,0.00073538,-1
4369.27,0.03329808,-1
4369.52,0.235658,-1
4369.67,0.00025577,-1
4370,0.04,-1
4370.08,0.00520824,-1
4370.29,0.09797781,-1
4370.55,1,-1
4370.78,0.00448301,-1
4370.81,0.237316,-1
4370.96,0.00662352,-1
4371.03,0.00052244,-1
4371.53,0.24797475,-1
4371.63,0.00303826,-1
4371.71,0.02542158,-1
4371.81,0.00353992,-1
4372.07,0.00032213,-1
4372.38,0.01580185,-1
4372.65,0.21874849,-1
4372.84,0.13737069,-1
4373.48,0.04263237,-1
4374,0.049,-1
4374.4,0.00629878,-1
4374.79,0.01223644,-1
4375,0.05860285,-1
4375.73,0.02418441,-1
4375.79,0.00196818,-1
4375.91,0.90500033,-1
4376,0.1,-1
4376.09,0.00410536,-1
4376.77,0.02873647,-1
4377,2.21142334,-1
4378,0.20548195,-1
4378.24,0.11420114,-1
4378.35,0.00133333,-1
4378.44,0.040069,-1
4378.5,0.0005,-1
4378.98,0.0642792,-1
4379.07,0.0657575,-1
4379.53,1.0550233,-1
4379.6,0.235115,-1
4379.66,0.07196204,-1
4379.79,0.00182656,-1
4379.88,0.0078368,-1
4380,2.27414318,-1
4380.51,0.01833038,-1
4381.53,0.00410815,-1
4381.96,0.0456721,-1
4382,0.3,-1
4382.14,0.00028525,-1
4382.58,0.02,-1
4382.6,0.0232807,-1
4382.7,0.00268327,-1
4383,0.14,-1
4383.15,0.00627777,-1
4383.4,0.00143724,-1
4383.75,0.06334546,-1
4383.96,5.95029176,-1
4384.8,0.11403028,-1
4385,10.08264395,-1
4385.92,0.00133333,-1
4386.56,0.00513,-1
4387,4.10303168,-1
4387.08,0.2779863,-1
4388,3.65361645,-1
4388.22,1.32881317,-1
4388.67,0.039852,-1
4388.88,0.33976521,-1
4388.89,0.23172871,-1
4389,2.1505,-1
4389.38,0.0968041,-1
4389.67,0.235888,-1
4390,3.24415283,-1
4390.38,0.004092,-1
4391,0.016,-1
4391.21,1,-1
4391.94,0.00052244,-1
4392,0.5,-1
4393,0.0241,-1
4393.5,0.00133333,-1
4394,0.00341374,-1
4395,2.5,-1
4395.76,0.0001,-1
4396,0.00000227,-1
4396.73,0.00009966,-1
4396.87,0.00627719,-1
4397,0.00772224,-1
4397.88,0.00517533,-1
4398,1.02005,-1
4398.26,0.00032021,-1
4398.9,0.039635,-1
4398.93,0.01276415,-1
4399,3.59841905,-1
4399.5,0.0005,-1
4399.72,0.04237815,-1
4399.75,0.231443,-1
4400,195.14389509,-1
4400.88,0.45537578,-1
4401,0.17797098,-1
4401.08,0.01190619,-1
4401.7,0.00007958,-1
4401.8,0.00122809,-1
4402.03,0.00194479,-1
4402.21,0.00028395,-1
4402.32,0.00072985,-1
4404.17,0.00117175,-1
4404.33,0.53479643,-1
4404.72,0.00407868,-1
4405,0.11350737,-1
4405.19,0.03865266,-1
4405.29,0.05288641,-1
4405.73,0.00028372,-1
4405.82,0.00693161,-1
4406.45,0.00015638,-1
4406.56,0.01580185,-1
4407.21,0.0451,-1
4407.28,0.00869566,-1
4407.39,0.06,-1
4407.74,0.03850613,-1
4408.39,0.00095953,-1
4408.65,0.00133333,-1
4409.13,0.03942,-1
4409.82,0.230912,-1
4410,1.05001998,-1
4410.56,0.06988393,-1
4410.69,0.09708035,-1
4411,0.924,-1
4411.13,0.0043284,-1
4411.81,0.00028333,-1
4411.84,0.00515895,-1
4412,0.04466001,-1
4412.1,0.02312504,-1
4412.55,1,-1
4412.69,0.00314968,-1
4412.95,0.00052244,-1
4413.2,0.000017,-1
4413.61,0.02568043,-1
4414,0.30998859,-1
4415,1.00030898,-1
4415.25,0.002949,-1
4416,0.0014,-1
4416.22,0.00133333,-1
4416.44,0.00623046,-1
4418.25,0.00028292,-1
4418.78,0.06372482,-1
4419.1,0.00406541,-1
4419.36,0.039205,-1
4419.9,0.231978,-1
4420,5.28240942,-1
4420.35,2.45136234,-1
4420.5,0.0005,-1
4420.51,0.45382998,-1
4420.94,0.22630707,-1
4421.73,0.113812,-1
4422,0.27241333,-1
4422.22,0.25,-1
4423.24,0.06363582,-1
4423.27,0.5199773,-1
4423.8,0.00133333,-1
4424,0.15785578,-1
4424.61,0.0003183,-1
4425,4.01812189,-1
4425.41,0.05896259,-1
4425.84,0.00514263,-1
4425.88,0.00192955,-1
4426.12,0.0421254,-1
4426.36,0.113693,-1
4426.42,0.0001604,-1
4426.64,0.00028238,-1
4427.89,0.1129206,-1
4428,2,-1
4428.43,0.00193319,-1
4428.85,0.00193729,-1
4429.59,0.27524162,-1
4429.77,0.00149087,-1
4430,0.69117354,-1
4430.11,0.00191868,-1
4430.28,1.40916375,-1
4430.43,0.4018,-1
4430.8,0.1234,-1
4430.94,0.113575,-1
4431,0.0005,-1
4431.38,0.00133333,-1
4431.88,0.00009887,-1
4432,0.10226,-1
4432.1,0.09535169,-1
4432.81,0.40282025,-1
4433.33,1,-1
4433.53,0.00405218,-1
4434.06,0.00052244,-1
4434.35,0.0126622,-1
4434.41,0.02344044,-1
4434.48,0.0468,-1
4434.52,12.9741,-1
4435,0.06613333,-1
4435.03,0.00652608,-1
4435.22,0.00202244,-1
4435.51,0.114047,-1
4435.63,0.00072437,-1
4435.67,0.00299674,-1
4436,1.0007,-1
4436.23,0.00348852,-1
4436.76,0.07103591,-1
4437,0.01391705,-1
4438.39,0.01555702,-1
4438.43,2.75853181,-1
4438.95,0.00133333,-1
4439.82,0.038779,-1
4439.89,0.00512635,-1
4440,9.64201142,-1
4440.08,0.113929,-1
4440.74,0.01580185,-1
4441,0.7,-1
4441.16,0.00144803,-1
4441.41,0.46019169,-1
4441.49,0.06252181,-1
4441.5,0.0005,-1
4441.77,0.00317215,-1
4441.8,0.02297041,-1
4443,41.3126616,-1
4443.18,0.0059162,-1
4443.39,10,-1
4443.83,0.07735744,-1
4444,7.89024836,-1
4444.04,0.01173098,-1
4444.43,0.07875025,-1
4444.65,1.114404,-1
4444.88,0.01049522,-1
4444.99,0.01058526,-1
4445,2.45425084,-1
4445.34,0.00555638,-1
4445.75,0.5417556,-1
4446.21,0.08589309,-1
4446.28,0.00015498,-1
4446.52,0.00133333,-1
4446.57,0.00425967,-1
4447,1,-1
4447.31,0.08535721,-1
4447.74,1.6999,-1
4447.96,0.1286,-1
4448,8.63803899,-1
4448.15,0.00028102,-1
4448.73,0.00204552,-1
4449,0.0675545,-1
4449.22,0.114285,-1
4449.98,0.0061835,-1
4450,77.66935598,-1
4450.05,0.038567,-1
4450.24,0.0060581,-1
4451,0.014685,-1
4451.12,0.00031641,-1
4451.46,0.09619125,-1
4452,1.515018,-1
4452.23,0.03812138,-1
4452.54,0.00536294,-1
4452.62,0.01233082,-1
4452.68,0.04187414,-1
4453,0.1738401,-1
4453.79,0.114762,-1
4453.99,0.00511013,-1
4454,0.31035046,-1
4454.1,0.00233333,-1
4454.34,0.0078368,-1
4454.38,0.00884521,-1
4454.6,0.00314968,-1
4454.99,0.00192167,-1
4455,0.6751964,-1
4455.27,0.00052244,-1
4455.55,3.5863,-1
4456.7,0.127,-1
4456.85,0.03648505,-1
4457,0.11218308,-1
4457.03,0.0091897,-1
4457.05,0.01506387,-1
4458,0.77510416,-1
4458.37,0.114643,-1
4459,0.5,-1
4459.89,0.03,-1
4460,1.65605381,-1
4460.28,0.038357,-1
4461.6,7.43565702,-1
4461.68,0.00133333,-1
4462.2,0.0004482,-1
4462.5,0.0065,-1
4462.52,0.00402585,-1
4462.94,0.115121,-1
4463,0.21349764,-1
4463.04,0.02331069,-1
4464,233.07308712,-1
4464.2,0.001,-1
4464.76,0.01500046,-1
4465.73,0.00024034,-1
4466.66,0.06716427,-1
4466.72,0.01079555,-1
4466.83,0.01297165,-1
4466.88,0.00027984,-1
4467,2.84848095,-1
4467.17,5.5276,-1
4467.33,0.00009808,-1
4467.51,0.1156,-1
4467.8,0.02704436,-1
4467.96,0.06299906,-1
4467.97,0.00482374,-1
4468,0.29,-1
4468.13,0.00509395,-1
4469,0.08972924,-1
4469.18,0.00071893,-1
4469.25,0.00133333,-1
4470.06,0.01256104,-1
4470.37,0.00671085,-1
4470.49,0.45876767,-1
4470.51,0.038147,-1
4470.99,0.02348474,-1
4471,0.23827555,-1
4471.11,0.01174205,-1
4471.7,0.02281682,-1
4471.85,0.02138671,-1
4472,0.23116,-1
4472.08,0.116683,-1
4473,0.6505,-1
4474.04,0.00115345,-1
4474.3,0.001,-1
4474.97,0.00025577,-1
4475,0.06795217,-1
4476.58,0.00052244,-1
4476.82,0.00133333,-1
4477,0.02359663,-1
4477.09,0.00401275,-1
4477.66,0.00059924,-1
4477.79,0.00031452,-1
4478,7,-1
4479.34,0.115582,-1
4479.4,0.04162437,-1
4479.86,0.00027903,-1
4480,8.58919859,-1
4480.04,0.39159538,-1
4480.74,0.037938,-1
4481,5.11158223,-1
4482,0.06194779,-1
4482.3,0.00422572,-1
4482.31,0.00507783,-1
4482.65,0.15598312,-1
4483,0.05,-1
4483.5,0.0005,-1
4483.77,0.00613689,-1
4484.38,0.116097,-1
4484.4,0.00233333,-1
4485,0.50430527,-1
4485.69,5,-1
4485.89,0.00605676,-1
4485.93,0.02,-1
4486,22.51732626,-1
4486.43,0.00124082,-1
4486.46,0.00015359,-1
4487.1,0.0158173,-1
4488,18.20943902,-1
4488.36,6.49735954,-1
4488.52,0.09706317,-1
4489,1.16075667,-1
4489.37,0.00941812,-1
4489.42,0.116616,-1
4490,7.71166813,-1
4490.05,0.00379324,-1
4490.26,0.00613626,-1
4490.31,0.002949,-1
4490.38,0.01788189,-1
4490.97,0.037731,-1
4491,0.016,-1
4491.72,0.00399968,-1
4491.98,0.00133333,-1
4492,11.10645146,-1
4492.61,0.09531027,-1
4493.68,0.0492,-1
4494,0.11345211,-1
4494.45,0.116483,-1
4494.5,0.001,-1
4494.54,0.05805563,-1
4494.61,0.07012161,-1
4495,24.14038605,-1
4496.52,0.00314968,-1
4496.54,0.00506177,-1
4496.79,4.45102386,-1
4496.8,0.11903087,-1
4496.88,0.01454776,-1
4497,0.428,-1
4497.08,0.13039349,-1
4497.18,0.03774036,-1
4498,0.28122718,-1
4499,9.26494584,-1
4499.11,0.00081139,-1
4499.4,0.00110459,-1
4499.49,0.116355,-1
4499.55,0.00133333,-1
4500,1009.71499647,-1
4500.01,0.5,-1
4500.17,0.06804517,-1
4500.52,0.03370713,-1
4500.98,0.0865162,-1
4501,1.18346811,-1
4501.16,0.00809791,-1
4501.2,0.06017172,-1
4501.43,0.00000107,-1
4501.61,0.00343785,-1
4501.8,0.06550437,-1
4502.75,1,-1
4502.99,0.00071354,-1
4503.05,0.0000973,-1
4504.5,0.0005,-1
4504.53,0.116225,-1
4504.6,0.001,-1
4504.62,0.00031265,-1
4505,2.49357824,-1
4506.05,0.01246072,-1
4506.27,0.04137607,-1
4506.38,0.00398667,-1
4507,1.13984018,-1
4507.12,0.00133333,-1
4507.38,0.00210099,-1
4508,0.0502,-1
4508.07,0.01126424,-1
4508.59,0.00191021,-1
4509,0.3,-1
4509.09,0.015,-1
4509.19,0.002231,-1
4509.57,0.116779,-1
4509.84,0.02140589,-1
4510,15.67305857,-1
4510.81,0.00504575,-1
4511,0.71763082,-1
4511.33,0.00059924,-1
4511.43,0.037318,-1
4512,0.19708947,-1
4513.12,0.0623685,-1
4513.45,0.00151916,-1
4513.6,0.114705,-1
4514.6,0.116576,-1
4514.66,0.02061985,-1
4514.7,0.00233333,-1
4515,0.0005,-1
4516,1,-1
4516.17,0.00126953,-1
4517.82,0.00609065,-1
4517.92,0.01211176,-1
4518,0.014685,-1
4518.31,0.00419204,-1
4519.52,0.00052244,-1
4519.62,0.3441477,-1
4520,2.12442991,-1
4521,0.22119,-1
4521.09,0.00397369,-1
4521.57,0.00238539,-1
4521.66,0.037113,-1
4521.77,0.00023736,-1
4522.28,0.00133333,-1
4523,0.35,-1
4523.5,0.0865168,-1
4523.67,0.115088,-1
4524,2,-1
4524.43,0.00027628,-1
4524.8,0.001,-1
4525,2.08796356,-1
4525.13,0.00502979,-1
4525.5,0.0005,-1
4525.98,0.00027618,-1
4526.9,0.0569,-1
4527,0.05326126,-1
4527.51,0.00027609,-1
4528.41,0.00027604,-1
4529.11,0.00044158,-1
4529.85,0.00133333,-1
4530,4.83597792,-1
4530.06,0.0078368,-1
4531.61,0.00031079,-1
4531.89,0.036909,-1
4532.1,0.02251274,-1
4532.2,0.00321632,-1
4533.31,0.04112935,-1
4533.66,0.000033,-1
4533.75,0.114196,-1
4534.14,0.09443719,-1
4534.17,0.00027568,-1
4534.88,0.00063564,-1
4534.9,0.001,-1
4535,0.5,-1
4535.01,0.5,-1
4535.63,0.0018875,-1
4535.86,0.00396076,-1
4535.97,0.05221659,-1
4536,0.0005,-1
4536.29,4,-1
4536.31,0.00015651,-1
4537.06,0.00070818,-1
4537.42,0.00133333,-1
4537.92,0.12895406,-1
4538,0.48910626,-1
4538.38,0.00104,-1
4538.44,0.00314968,-1
4538.66,0.05214695,-1
4539,7.0659,-1
4539.06,0.00009653,-1
4539.5,0.00501387,-1
4539.66,0.34262152,-1
4540,0.27508488,-1
4541,2.92,-1
4541.14,0.00052244,-1
4542.07,0.01512172,-1
4542.12,0.036706,-1
4542.33,0.01236119,-1
4542.58,0.03736316,-1
4543,0.02651936,-1
4543.76,0.005,-1
4543.82,0.113374,-1
4544.45,0.0488,-1
4545,2.00293257,-1
4545.02,0.00113543,-1
4545.41,0.1395,-1
4545.45,1,-1
4546,0.33299275,-1
4546.5,0.0005,-1
4547,0.60836155,-1
4548.19,2.29397628,-1
4549,1,-1
4549.42,0.27943562,-1
4549.64,0.01517662,-1
4550,60.32239802,-1
4550.67,0.00394786,-1
4550.73,0.1452,-1
4551,5.23909228,-1
4552.12,0.00604474,-1
4552.35,0.036504,-1
4552.53,0.05,-1
4552.87,0.02422428,-1
4553,0.02484735,-1
4553.21,0.06921914,-1
4553.9,0.19589801,-1
4554.61,0.00415863,-1
4555,1.6657795,-1
4555.1,0.001,-1
4555.55,0.47257963,-1
4555.85,0.00678468,-1
4555.95,0.07545371,-1
4556,1.18660886,-1
4556.3,0.00146762,-1
4557,0.0005,-1
4557.13,0.009498,-1
4557.67,0.00229503,-1
4558,0.33610135,-1
4558.01,1,-1
4558.06,0.00576709,-1
4558.74,0.06174442,-1
4558.76,0.00030894,-1
4559,1.39792498,-1
4559.11,1.70635174,-1
4559.27,0.06090666,-1
4559.38,0.3411214,-1
4559.51,0.04806532,-1
4560,9.78039415,-1
4560.39,0.00000101,-1
4560.51,0.04088403,-1
4561,0.3091434,-1
4561.31,0.00000045,-1
4561.42,0.00000101,-1
4561.69,0.00000152,-1
4562.11,0.00000101,-1
4562.35,0.00200116,-1
4562.58,0.036302,-1
4562.6,0.02236224,-1
4562.81,0.00000014,-1
4562.83,0.00187625,-1
4562.86,0.00052244,-1
4563,0.1971,-1
4563.09,0.13,-1
4563.32,0.00000261,-1
4563.44,0.00200287,-1
4563.53,0.00000101,-1
4563.97,0.077655,-1
4564,0.05200043,-1
4564.04,0.02191041,-1
4564.45,0.00000101,-1
4564.65,0.00000056,-1
4564.76,0.05716261,-1
4565,7.67820571,-1
4565.05,0.00000101,-1
4565.2,0.001,-1
4565.53,0.00393502,-1
4566.46,0.01202342,-1
4566.48,0.00000101,-1
4566.53,0.00210882,-1
4566.65,0.002949,-1
4566.87,0.00000184,-1
4567,3.58524009,-1
4567.3,0.00000101,-1
4567.43,1,-1
4567.5,0.0005,-1
4567.92,0.00537833,-1
4567.94,0.00338793,-1
4568,0.00000103,-1
4568.1,0.00000261,-1
4568.27,0.00000001,-1
4568.3,0.00000064,-1
4568.36,0.00498219,-1
4568.48,0.00222393,-1
4569,2,-1
4569.13,0.00896422,-1
4569.2,1,-1
4569.69,0.069,-1
4570.36,0.00000103,-1
4571,1.5,-1
4571.01,0.01141645,-1
4571.39,0.00070286,-1
4571.65,0.00000103,-1
4572.01,0.00869189,-1
4572.37,0.00000103,-1
4572.49,0.00000209,-1
4572.66,0.00221971,-1
4572.71,0.00146762,-1
4572.81,0.036102,-1
4572.93,0.00000064,-1
4573,0.47562869,-1
4573.05,0.00000278,-1
4573.08,0.00000116,-1
4573.83,0.00000121,-1
4574.05,0.077484,-1
4574.51,0.00000125,-1
4575,2.01080283,-1
4575.21,0.00000125,-1
4575.3,0.001,-1
4575.36,0.00009577,-1
4575.99,0.00000125,-1
4576.06,0.09357224,-1
4576.72,0.00000125,-1
4577,0.5,-1
4577.34,0.00000125,-1
4578,0.20523367,-1
4578.51,0.00023442,-1
4578.52,0.00000309,-1
4578.9,0.01226247,-1
4578.96,0.00000127,-1
4579.84,0.00000137,-1
4579.93,0.00145615,-1
4580,21.83450198,-1
4580.26,0.00025577,-1
4580.35,0.00314968,-1
4580.43,0.00392221,-1
4580.75,0.00231019,-1
4580.82,0.00000141,-1
4580.85,0.15441893,-1
4581,1.13700938,-1
4581.38,0.00124082,-1
4581.56,0.00000141,-1
4582.23,0.00000141,-1
4582.46,0.115,-1
4582.55,0.00121699,-1
4582.86,0.00496643,-1
4582.93,0.00000211,-1
4583.01,0.00000141,-1
4583.04,0.035902,-1
4583.06,0.02086778,-1
4583.58,0.0010014,-1
4583.61,2.22253623,-1
4583.74,0.00000141,-1
4584,0.2,-1
4584.12,0.076884,-1
4584.44,0.00000141,-1
4584.69,0.00052244,-1
4584.88,0.03746008,-1
4585,5.29059012,-1
4585.04,0.33919511,-1
4585.25,0.00000141,-1
4585.4,0.001,-1
4586,2.89678107,-1
4586.07,0.0003071,-1
4586.17,0.00000141,-1
4586.37,0.00000237,-1
4586.7,0.00599918,-1
4586.96,0.00000141,-1
4587.1,0.00261602,-1
4587.74,0.00000144,-1
4587.87,0.04064019,-1
4587.89,0.00469765,-1
4588,3.59160238,-1
4588.44,0.03698971,-1
4588.5,0.0005,-1
4588.64,0.03865413,-1
4589.18,0.00146762,-1
4589.48,0.00831735,-1
4589.81,0.00000001,-1
4589.86,0.00000257,-1
4589.99,0.00000147,-1
4590,10.93890131,-1
4590.14,0.33872307,-1
4590.19,1,-1
4590.31,0.01664375,-1
4591,0.07045436,-1
4591.14,0.00000147,-1
4591.2,0.00412549,-1
4591.72,0.02,-1
4592.88,0.00000261,-1
4593.27,0.035704,-1
4593.31,0.02221273,-1
4593.55,0.00370777,-1
4594,0.05,-1
4594.2,0.076715,-1
4594.72,0.47881046,-1
4594.98,2.21704018,-1
4595,0.938765,-1
4595.28,0.00000001,-1
4595.39,0.00390945,-1
4595.5,0.001,-1
4596.02,0.00027197,-1
4596.15,0.00000263,-1
4596.46,0.00000001,-1
4597,0.03560593,-1
4597.41,0.00495071,-1
4598,1,-1
4598.49,0.1,-1
4598.92,0.00000001,-1
4599,12.78924631,-1
4599.29,0.00000265,-1
4600,279.35064438,-1
4600.1,0.02872111,-1
4600.19,0.00325643,-1
4600.32,0.00000001,-1
4601,0.45155936,-1
4601.88,0.00122808,-1
4602.85,0.00000303,-1
4603,0.0174444,-1
4603.5,0.035506,-1
4604.27,0.076547,-1
4604.82,0.06112653,-1
4605.6,0.00243724,-1
4605.7,0.00146762,-1
4605.85,0.1,-1
4605.98,0.00069758,-1
4606,0.00060309,-1
4606.11,0.02647495,-1
4606.62,0.00052244,-1
4606.86,0.00000001,-1
4607,0.04729813,-1
4607.07,0.0078368,-1
4607.41,0.00000011,-1
4608,0.39501388,-1
4608.59,0.00000006,-1
4609.18,0.00597793,-1
4609.2,0.0001495,-1
4609.5,0.0005,-1
4609.64,0.00000014,-1
4610,2.41431403,-1
4610.1,0.00000004,-1
4610.4,0.00389672,-1
4610.42,0.08938206,-1
4611,18.91820646,-1
4611.95,0.00009501,-1
4611.99,0.00000019,-1
4612,1.8782931,-1
4612.58,0.0683282,-1
4612.98,0.00000001,-1
4613.54,0.00030527,-1
4614.08,0.00000008,-1
4614.35,0.07638,-1
4615,1.16,-1
4615.05,0.00000001,-1
4615.4,0.04039783,-1
4615.7,0.001,-1
4615.77,0.01216452,-1
4616.79,0.06893967,-1
4617.13,0.00311894,-1
4617.19,0.00000002,-1
4617.43,2.20626081,-1
4617.72,0.00186507,-1
4617.86,0.00000003,-1
4618,2.01625,-1
4618.21,0.25,-1
4618.36,0.09271521,-1
4619,0.07615149,-1
4619.32,0.06011488,-1
4620,4.97480395,-1
4621.12,1,-1
4621.44,0.00000033,-1
4621.53,0.00595397,-1
4621.98,0.00000003,-1
4622,2.42155584,-1
4622.26,0.00314968,-1
4622.29,0.00146762,-1
4622.32,0.24990711,-1
4622.42,0.00000001,-1
4622.64,0.00000025,-1
4623,0.75,-1
4624.13,0.00000001,-1
4624.23,0.02206421,-1
4624.42,0.076213,-1
4625,13.9509452,-1
4625.1,0.00000045,-1
4625.46,0.00388404,-1
4625.51,0.00000059,-1
4625.8,0.001,-1
4626.64,0.00491943,-1
4626.95,0.00000001,-1
4628.05,0.00010169,-1
4628.09,0.00409261,-1
4628.66,0.00052244,-1
4629.16,0.00176602,-1
4629.19,0.15598312,-1
4629.43,0.00000002,-1
4629.7,0.008,-1
4630,0.0803871,-1
4630.17,0.00000079,-1
4630.23,0.02449197,-1
4630.5,0.0005,-1
4631,0.18,-1
4632.23,0.00000001,-1
4633.29,0.00043165,-1
4633.42,0.00043164,-1
4634.4,0.02298952,-1
4634.5,0.076047,-1
4634.74,0.0107061,-1
4634.77,0.03662,-1
4635,3.42157497,-1
4635.16,0.00026968,-1
4635.26,0.00333872,-1
4635.56,0.0000006,-1
4635.9,0.001,-1
4635.91,0.00823404,-1
4635.96,0.00023152,-1
4636,2.1559534,-1
4636.08,0.05628328,-1
4636.26,0.00000106,-1
4637.47,0.00043126,-1
4637.99,0.00000251,-1
4638,0.50020999,-1
4638.56,0.00000006,-1
4638.78,0.00000003,-1
4638.8,0.02155729,-1
4638.93,0.00146762,-1
4640,4.247,-1
4640.11,0.00000003,-1
4640.54,0.08643288,-1
4640.55,0.0038714,-1
4640.61,0.01077444,-1
4640.8,0.00000045,-1
4640.82,0.00069234,-1
4641,0.6275,-1
4641.18,0.00030164,-1
4641.33,0.00490386,-1
4641.95,0.18462063,-1
4642.04,0.00000008,-1
4642.05,0.00000188,-1
4642.3,0.00000106,-1
4642.32,0.00000141,-1
4642.99,0.00000001,-1
4643,0.00797976,-1
4643.09,0.04015686,-1
4643.53,0.00000188,-1
4643.72,0.00000001,-1
4644.28,0.002949,-1
4644.36,0.00000001,-1
4644.41,0.00000079,-1
4644.57,0.075883,-1
4644.73,0.00000141,-1
4645,0.28243702,-1
4645.1,0.00000001,-1
4645.41,0.0018429,-1
4645.63,0.1,-1
4645.7,0.00400585,-1
4645.91,0.00000004,-1
4646,0.001,-1
4647,0.355,-1
4647.39,0.001435,-1
4648.08,0.0663129,-1
4648.14,0.00000251,-1
4648.4,0.001033,-1
4648.83,0.00009425,-1
4649.41,0.00000033,-1
4649.91,0.00119935,-1
4649.96,12,-1
4649.99,0.18053618,-1
4650,106.68232973,-1
4650.25,2.46,-1
4650.8,0.00052244,-1
4650.86,0.00014816,-1
4651,11.7569,-1
4651.3,2,-1
4651.37,0.06051485,-1
4651.5,0.0005,-1
4651.83,0.00000025,-1
4652.68,0.00000011,-1
4652.94,0.01206734,-1
4654,1.014685,-1
4654.64,0.00026855,-1
4654.65,0.075719,-1
4655,5.39909384,-1
4655.06,0.00000019,-1
4655.36,0.02191667,-1
4655.7,0.0038588,-1
4655.88,0.00026848,-1
4656,1.07388316,-1
4656.03,0.00000014,-1
4656.06,0.00488834,-1
4656.62,0.00590909,-1
4656.79,15.90281456,-1
4658,0.42972042,-1
4659,0.04041207,-1
4659.26,0.06765997,-1
4659.4,0.05093858,-1
4660,0.57634276,-1
4661.04,0.09186608,-1
4662,0.0005,-1
4662.83,0.00176602,-1
4663.67,0.01480551,-1
4664.18,0.00314968,-1
4664.43,0.02482164,-1
4664.72,0.075555,-1
4665,4.6910082,-1
4665.23,2,-1
4665.27,0.00405999,-1
4665.8,0.006,-1
4666,30.91642362,-1
4666.33,1,-1
4666.66,0.6,-1
4667,0.2432704,-1
4667.14,0.00000001,-1
4667.88,0.00000001,-1
4668.86,0.00224037,-1
4668.98,0.00030345,-1
4669,0.10000001,-1
4669.19,0.00303038,-1
4669.45,1,-1
4670,4.16323235,-1
4670.85,0.00487287,-1
4670.89,0.07359695,-1
4670.9,0.00384625,-1
4670.94,0.03991738,-1
4671.73,0.0064216,-1
4672,0.08,-1
4672.5,0.0005,-1
4672.72,0.06744878,-1
4673.05,0.00052244,-1
4673.27,0.00183191,-1
4673.8,0.016,-1
4674.8,0.075393,-1
4675,35.43878447,-1
4675.91,0.00562174,-1
4675.93,0.00068715,-1
4676,0.35019307,-1
4676.18,0.29090065,-1
4676.33,0.00198531,-1
4676.7,1.76920691,-1
4677,0.201,-1
4678,0.3,-1
4678.47,0.00801116,-1
4678.6,0.05,-1
4679,1.80014171,-1
4680,1.83943252,-1
4680.16,0.0593334,-1
4681.24,0.75,-1
4682,0.5,-1
4682.74,0.00081139,-1
4682.81,0.00815158,-1
4683,0.0005,-1
4683.01,0.09168035,-1
4683.21,0.01172368,-1
4684,1,-1
4684.07,0.00874426,-1
4684.87,0.07523,-1
4685,1,-1
4685.39,0.0078368,-1
4685.67,0.00485746,-1
4685.69,0.03916919,-1
4686,7.40692948,-1
4686.01,0.0000935,-1
4686.15,0.00383373,-1
4686.29,0.00509544,-1
4686.32,0.02223253,-1
4686.38,0.11,-1
4686.69,0.02177016,-1
4687,0.27562192,-1
4687.77,4.09665899,-1
4688,0.1,-1
4688.21,1.94657875,-1
4688.44,0.00685326,-1
4688.88,0.003,-1
4689,8.13427752,-1
4689.45,2.13244623,-1
4689.65,0.0001,-1
4689.88,1.26456114,-1
4690,5.21809129,-1
4690.38,0.00110025,-1
4690.4,0.01197097,-1
4690.82,3.75,-1
4691,0.016,-1
4691.98,0.00586456,-1
4692.05,0.01027712,-1
4692.89,0.00014683,-1
4692.97,0.0541,-1
4693,1.3278926,-1
4693.47,0.1025,-1
4693.5,0.0005,-1
4694,0.111,-1
4694.13,0.00022865,-1
4694.5,0.1251997,-1
4694.95,0.075069,-1
4695,0.0960483,-1
4695.07,0.00169113,-1
4695.16,0.00169962,-1
4695.41,0.00052244,-1
4695.48,0.01,-1
4696,7.65357911,-1
4696.03,0.00005,-1
4696.48,0.31850023,-1
4696.49,0.00176602,-1
4696.95,0.00029985,-1
4697,14.18,-1
4697.03,0.02036142,-1
4697.09,0.4409347,-1
4698,3,-1
4698.08,1.06426455,-1
4698.39,0.05990923,-1
4698.96,0.03967937,-1
4698.98,0.00000001,-1
4699,23.5361151,-1
4699.43,0.00362424,-1
4700,230.74073055,-1
4700.26,1.54955439,-1
4700.54,0.00484209,-1
4700.59,0.03648506,-1
4701,1.0319081,-1
4701.3,0.00182099,-1
4701.45,0.00382125,-1
4702.06,0.10633637,-1
4702.39,0.00000001,-1
4702.43,0.74429603,-1
4702.52,0.00086336,-1
4702.75,0.00402763,-1
4703.32,0.05315394,-1
4703.57,0.00329024,-1
4704,0.0005,-1
4704.13,0.09102466,-1
4705,3.73949268,-1
4705.02,0.075327,-1
4705.05,6.66050095,-1
4705.25,0.00000001,-1
4705.29,0.01,-1
4706.1,0.00314968,-1
4707.21,0.006,-1
4707.39,0.255,-1
4707.4,0.39,-1
4707.82,0.01602227,-1
4708,0.48853016,-1
4708.5,0.0554175,-1
4708.74,0.00000001,-1
4709,0.20837674,-1
4710,12.18513696,-1
4710.22,0.11157228,-1
4711.03,0.00457486,-1
4711.11,1.93838251,-1
4711.3,0.00068199,-1
4713,0.97843479,-1
4713.18,0.00000001,-1
4713.69,9.22688806,-1
4714,1.04173949,-1
4714.5,0.0005,-1
4714.88,0.21209447,-1
4715,1.55285196,-1
4715.1,0.074748,-1
4715.47,0.00482676,-1
4715.84,0.00156424,-1
4716.8,0.00380882,-1
4717.31,1.50434675,-1
4717.87,0.00052244,-1
4718,1,-1
4718.1,0.146601,-1
4718.21,0.25,-1
4718.24,0.02162458,-1
4718.25,0.00130716,-1
4718.44,0.01701758,-1
4718.9,0.10787928,-1
4719,0.24699088,-1
4719.48,0.00550765,-1
4720,25.96066241,-1
4720.01,0.06436638,-1
4720.71,0.02358117,-1
4721,0.24151959,-1
4721.31,0.01620242,-1
4722.01,0.01243538,-1
4722.57,0.10587455,-1
4723,6.61639635,-1
4723.01,0.26378713,-1
4723.23,0.002949,-1
4723.48,0.00009276,-1
4724,0.40551627,-1
4725,11.79430399,-1
4725.09,0.00029806,-1
4725.27,0.07850158,-1
4725.4,0.12599194,-1
4726,2.13651158,-1
4726.04,0.00000001,-1
4726.88,1.1204711,-1
4727.15,0.03944277,-1
4727.32,10,-1
4727.62,0.00582035,-1
4727.72,0.04445282,-1
4728,0.02115059,-1
4728.17,0.01187534,-1
4729.49,0.00181013,-1
4729.57,0.10571785,-1
4730,4.356639,-1
4730.15,0.00176602,-1
4730.18,0.00806994,-1
4730.43,0.0048115,-1
4731.26,0.00582369,-1
4732,0.152,-1
4732.21,0.00379642,-1
4733.64,0.06658074,-1
4733.89,0.0001,-1
4734,0.0024,-1
4735,1.03363737,-1
4735.3,0.00014552,-1
4735.5,0.0005,-1
4736,16.30395727,-1
4736.7,0.09230297,-1
4737,0.04733798,-1
4737.89,0.02110644,-1
4738,0.217,-1
4738.11,0.00000001,-1
4738.35,0.06331317,-1
4739,2.19066732,-1
4739.06,0.00000001,-1
4739.1,0.01287586,-1
4739.23,0.00298559,-1
4739.61,0.0137142,-1
4739.62,0.00212252,-1
4739.64,1,-1
4740,11.34791409,-1
4740.05,0.00000001,-1
4740.33,0.03204418,-1
4740.44,0.00052244,-1
4740.53,0.00399553,-1
4741.17,0.00000001,-1
4741.55,0.5,-1
4741.8,0.0585621,-1
4742,0.38377402,-1
4742.25,0.00000001,-1
4742.67,0.00000001,-1
4743,0.0723,-1
4743.05,0.00026354,-1
4743.39,0.00000001,-1
4743.78,0.1,-1
4744,18.45551011,-1
4744.25,0.12201507,-1
4744.36,0.21077658,-1
4744.41,0.00000001,-1
4744.5,0.4252217,-1
4744.6,0.22076592,-1
4745,0.56859852,-1
4745.12,0.05561292,-1
4745.21,0.1,-1
4745.27,3.00988664,-1
4745.45,0.00479627,-1
4745.89,0.05930967,-1
4745.92,0.00000001,-1
4746,0.8655608,-1
4746.14,0.00000001,-1
4746.95,0.00067687,-1
4747,20.2003238,-1
4747.61,0.09019094,-1
4747.66,0.00378406,-1
4747.88,0.03496037,-1
4747.96,0.20307826,-1
4748,0.31061499,-1
4748.01,0.00314968,-1
4749,13.72941122,-1
4749.19,0.00000001,-1
4750,222.69614495,-1
4750.26,0.00000001,-1
4750.68,0.10524809,-1
4751,0.0001,-1
4751.36,0.00000001,-1
4752,0.16,-1
4752.56,0.00000001,-1
4752.59,0.1572,-1
4752.9,0.1076,-1
4753,0.57,-1
4753.4,0.00029629,-1
4754.1,0.00000001,-1
4754.41,0.01,-1
4754.64,0.06309625,-1
4755.51,0.03920755,-1
4755.66,0.00000001,-1
4756,4.83996997,-1
4756.5,0.0005,-1
4757.03,1.3838,-1
4757.05,0.00000001,-1
4757.1,0.04471055,-1
4757.13,0.00525526,-1
4757.33,0.0004204,-1
4757.85,0.00179934,-1
4758,1.24216444,-1
4758.81,0.0552,-1
4759,5.1173552,-1
4759.11,0.33,-1
4759.3,0.00000159,-1
4759.51,0.00620021,-1
4759.66,0.00000007,-1
4759.67,0.00001215,-1
4759.88,0.0000016,-1
4760,27.45615425,-1
4760.07,0.00023108,-1
4760.2,0.01050376,-1
4760.46,0.00000046,-1
4760.51,0.00478109,-1
4760.55,12.62897339,-1
4760.6,0.00000153,-1
4760.65,0.02041317,-1
4760.81,0.00001223,-1
4761.25,0.00009382,-1
4761.37,0.00000021,-1
4761.42,2.1002138,-1
4761.64,0.00026251,-1
4761.86,0.00001222,-1
4762,1,-1
4762.16,0.63587664,-1
4762.22,0.02,-1
4762.93,0.25,-1
4763,0.01,-1
4763.09,0.00001149,-1
4763.12,0.00052244,-1
4763.15,0.00000069,-1
4763.16,0.00377175,-1
4763.52,0.00577648,-1
4763.82,0.00176602,-1
4763.84,0.00001148,-1
4764.38,0.00000089,-1
4764.57,0.00001148,-1
4764.65,0.2,-1
4764.79,0.00108306,-1
4765,37.64458375,-1
4765.04,0.0078368,-1
4765.3,0.04197007,-1
4765.32,0.01115345,-1
4765.37,0.00001148,-1
4765.57,0.02155131,-1
4765.73,0.00000091,-1
4765.86,0.0110184,-1
4765.97,0.00001156,-1
4766.01,0.04804851,-1
4766.16,1.57,-1
4766.24,0.01178049,-1
4766.63,0.00001156,-1
4766.66,0.10066666,-1
4767,0.97837497,-1
4767.14,0.00475088,-1
4767.34,0.00000146,-1
4767.5,0.15,-1
4767.65,0.00461442,-1
4767.88,10,-1
4768,10.08,-1
4768.37,0.01258291,-1
4768.72,0.00275545,-1
4768.96,0.0000015,-1
4769,1.01273773,-1
4769.37,0.31450694,-1
4770,1.37696442,-1
4770.2,0.00104817,-1
4770.32,0.1,-1
4770.4,0.01153103,-1
4770.42,0.00001172,-1
4771,0.0065644,-1
4771.11,0.20959483,-1
4771.27,1.04793901,-1
4771.36,0.0027686,-1
4771.78,0.12652405,-1
4772.02,0.00000159,-1
4772.1,0.03865266,-1
4772.14,0.20954959,-1
4772.27,0.1,-1
4772.73,0.00000001,-1
4772.88,0.00324245,-1
4773,0.432,-1
4773.04,0.0000016,-1
4773.3,0.00158799,-1
4773.37,0.05237389,-1
4773.38,0.00287008,-1
4773.62,0.00014873,-1
4773.65,0.00000001,-1
4773.72,0.00000964,-1
4773.93,0.03527492,-1
4774,6.25,-1
4774.23,0.04189157,-1
4774.31,0.0000016,-1
4774.45,0.00000001,-1
4774.74,2.6391,-1
4774.99,4.994,-1
4775,31.69717416,-1
4775.14,0.08900262,-1
4775.25,0.00000199,-1
4775.57,0.00000001,-1
4775.63,0.00476596,-1
4775.74,0.15598312,-1
4775.83,0.05234692,-1
4776.22,0.000002,-1
4776.28,0.19939709,-1
4776.37,0.01148697,-1
4776.38,0.00000001,-1
4776.62,0.00211879,-1
4776.64,0.0020214,-1
4777,1.40623507,-1
4777.18,0.00026166,-1
4777.22,0.000002,-1
4777.5,0.0005,-1
4777.77,1.04275454,-1
4778,1.00104646,-1
4778.03,0.00798912,-1
4778.09,0.0001499,-1
4778.1,1,-1
4778.22,0.01019626,-1
4778.26,0.0000022,-1
4778.4,0.001,-1
4778.61,0.00396369,-1
4778.71,0.00375947,-1
4778.82,0.00029192,-1
4778.91,0.00026157,-1
4778.92,0.00000001,-1
4779,2,-1
4779.19,0.0000022,-1
4779.56,0.24988339,-1
4779.6,3,-1
4779.86,0.04184222,-1
4780,8.373603,-1
4780.01,2.5,-1
4780.03,0.00287236,-1
4780.09,0.00000221,-1
4780.24,0.127,-1
4780.57,0.0144435,-1
4780.59,0.00000001,-1
4780.94,0.00021125,-1
4780.95,0.11914368,-1
4780.96,1,-1
4781,0.03834853,-1
4781.05,0.00000241,-1
4781.06,0.10457931,-1
4781.17,0.00297625,-1
4781.56,0.00000001,-1
4781.87,0.00230234,-1
4781.91,1.47756616,-1
4781.97,0.00000258,-1
4782,6.05056524,-1
4782.07,0.05456502,-1
4782.28,0.00473585,-1
4782.29,0.00308429,-1
4782.57,0.00000001,-1
4782.86,0.00067436,-1
4782.93,0.01003568,-1
4783,2.07633911,-1
4783.15,0.0759369,-1
4783.24,0.00360459,-1
4783.49,0.00318595,-1
4783.51,0.00000231,-1
4783.54,0.00000258,-1
4783.58,0.02090484,-1
4783.65,0.00000001,-1
4784,2.090301,-1
4784.2,0.00000258,-1
4784.81,0.00000258,-1
4784.84,0.00026124,-1
4785,4.10593001,-1
4785.01,0.00398954,-1
4785.3,0.00118808,-1
4785.65,0.22814586,-1
4785.87,0.8357937,-1
4785.91,0.00052244,-1
4786,0.7815002,-1
4786.01,0.22829465,-1
4786.38,0.00178862,-1
4786.6,0.00000001,-1
4787,0.14565072,-1
4787.17,1,-1
4787.58,0.22976117,-1
4787.61,0.00099337,-1
4787.65,0.00000001,-1
4787.7,0.02958384,-1
4788,5.07384678,-1
4788.04,0.02051963,-1
4788.08,0.0257498,-1
4788.12,13,-1
4788.67,0.00000001,-1
4788.72,2.32024424,-1
4788.74,0.07178582,-1
4788.88,0.73,-1
4789,11.22973206,-1
4789.01,10.89156227,-1
4789.56,0.36802927,-1
4789.86,0.00000001,-1
4789.9,0.3740024,-1
4789.92,0.00314968,-1
4790,30.72685408,-1
4790.86,0.00000001,-1
4791,0.016,-1
4791.13,0.0582326,-1
4791.17,0.00084321,-1
4791.47,0.00849146,-1
4791.5,0.08936494,-1
4791.57,0.41739972,-1
4792,0.02,-1
4792.38,0.00000001,-1
4792.53,0.00868434,-1
4792.96,2.08639337,-1
4793,1.03900261,-1
4793.38,0.00000001,-1
4793.54,10,-1
4793.86,0.05812852,-1
4794,24.30877458,-1
4794.3,0.2789,-1
4794.32,0.00374724,-1
4794.5,0.04522056,-1
4794.6,0.02248091,-1
4794.62,0.10333874,-1
4794.74,6,-1
4794.78,0.07479,-1
4795,17.75783381,-1
4795.34,0.05213394,-1
4795.36,0.0657238,-1
4795.83,0.00084031,-1
4795.88,0.10425615,-1
4795.98,0.00000001,-1
4796,0.05552566,-1
4796.17,1.5,-1
4796.81,0.00548004,-1
4796.89,0.10423421,-1
4796.95,1.04232897,-1
4797,0.026,-1
4797.33,0.02230047,-1
4797.46,0.00472086,-1
4797.48,0.00176602,-1
4798,8.00125052,-1
4798.03,0.00314876,-1
4798.1,0.00126716,-1
4798.2,0.00000001,-1
4798.33,0.00698096,-1
4798.36,0.00210919,-1
4798.5,0.0005,-1
4798.88,0.24886911,-1
4799,8.18888346,-1
4799.04,0.01041875,-1
4799.26,0.08334618,-1
4799.3,0.02083637,-1
4799.32,0.00009307,-1
4799.6,0.00000001,-1
4799.64,0.10565792,-1
4799.7,0.00573294,-1
4799.9,2.5,-1
4799.97,0.02097929,-1
4799.99,0.8,-1
4800,481.57013513,-1
4800.01,0.04715615,-1
4800.44,0.00000001,-1
4801,10.62217068,-1
4801.09,0.00000001,-1
4801.11,0.01607217,-1
4801.78,0.23726095,-1
4801.83,0.03790638,-1
4801.9,0.0085297,-1
4801.96,0.00122808,-1
4802,0.43853679,-1
4802.22,0.00000001,-1
4802.35,1.04115693,-1
4802.6,0.00026028,-1
4802.65,0.01471271,-1
4802.73,0.08838931,-1
4802.95,0.01143141,-1
4802.98,0.00000001,-1
4803,0.178,-1
4803.53,0.002949,-1
4803.89,0.067797,-1
4803.93,0.0009513,-1
4804.41,0.00000001,-1
4804.6,0.00026017,-1
4804.62,0.01168638,-1
4804.84,0.00044354,-1
4805,1.2792,-1
4805.01,0.00000001,-1
4805.24,0.2829,-1
4806,2.054,-1
4806.6,0.00000001,-1
4806.69,6.18595301,-1
4806.96,0.0366,-1
4807,0.08240898,-1
4807.25,0.00000001,-1
4807.35,0.1040074,-1
4807.73,0.00496673,-1
4807.75,0.00354259,-1
4808,5.25711336,-1
4808.22,0.00429264,-1
4808.4,0.1,-1
4808.42,0.05199213,-1
4808.45,0.00931722,-1
4808.51,0.00021004,-1
4808.68,0.1098763,-1
4808.81,0.00052244,-1
4808.88,0.1000099,-1
4808.94,0.01002732,-1
4809,0.1005,-1
4809.21,0.01559507,-1
4809.31,0.2,-1
4809.37,0.00997301,-1
4809.69,0.00314018,-1
4809.75,0.38212948,-1
4809.96,10.1,-1
4809.97,0.00373504,-1
4810,24.15115386,-1
4810.32,0.00236455,-1
4810.39,0.54468764,-1
4810.52,0.00124277,-1
4811,5.6520445,-1
4811.13,5,-1
4811.6,0.01673017,-1
4811.87,1,-1
4811.99,0.20781423,-1
4812,0.14608643,-1
4812.69,3.00470592,-1
4812.78,0.00020985,-1
4813.1,0.0823,-1
4813.41,0.04366752,-1
4813.84,0.01986736,-1
4814.08,0.103862,-1
4814.18,0.02077196,-1
4815,13.68161321,-1
4815.04,0.0552,-1
4815.08,0.0028309,-1
4816,0.02458056,-1
4816.41,0.00711936,-1
4817.53,0.00043872,-1
4818,4.25317559,-1
4818.21,0.25,-1
4818.88,0.00000736,-1
4818.92,0.00028949,-1
4819,0.53527701,-1
4819.04,0.00066674,-1
4819.32,0.02074981,-1
4819.5,0.0005,-1
4820,15.24753444,-1
4820.31,0.00020745,-1
4821,0.46220493,-1
4821.11,0.02471877,-1
4821.27,0.00014855,-1
4821.86,0.0215907,-1
4821.88,0.18664919,-1
4822,0.10369141,-1
4822.42,0.0011488,-1
4822.98,0.12125283,-1
4823,0.60366991,-1
4823.88,0.103651,-1
4823.92,0.3,-1
4824,0.1,-1
4824.13,0.00041872,-1
4824.61,0.008923,-1
4824.76,0.037,-1
4824.9,0.63469515,-1
4825,6.52805916,-1
4825.17,0.00413246,-1
4825.44,0.0148,-1
4825.54,0.01131258,-1
4825.68,0.00372289,-1
4826,0.06837961,-1
4826.24,0.00421089,-1
4826.34,0.00209969,-1
4826.36,0.00790911,-1
4826.92,0.00114772,-1
4826.94,0.05527795,-1
4827,0.0103584,-1
4827.42,0.15005116,-1
4827.49,0.02477063,-1
4827.57,0.20714355,-1
4827.66,0.02009463,-1
4827.8,0.00143724,-1
4827.97,0.00469103,-1
4828,0.10960493,-1
4828.09,0.08,-1
4829.29,1.14,-1
4829.84,0.00165636,-1
4830,12.56139713,-1
4830.63,0.56958616,-1
4831,15.67503498,-1
4831.14,0.00176602,-1
4831.82,0.00052244,-1
4831.84,0.00314968,-1
4832.19,0.01154526,-1
4833,2.3,-1
4833.1,0.02212398,-1
4833.15,0.20690439,-1
4833.2,0.38107051,-1
4833.42,0.62067852,-1
4833.93,0.03,-1
4834,1.7,-1
4834.78,0.025,-1
4835,6.01107962,-1
4835.37,0.0002068,-1
4835.55,0.02958384,-1
4835.79,0.08854644,-1
4835.87,0.00857496,-1
4836,4.95381171,-1
4836.04,0.27783152,-1
4836.16,0.00568972,-1
4836.38,0.00025846,-1
4836.64,0.00123226,-1
4836.66,0.012,-1
4836.69,0.20675296,-1
4836.78,0.01660122,-1
4837.48,0.00445528,-1
4837.7,0.00009233,-1
4838,0.01653348,-1
4838.38,1,-1
4838.8,0.00025833,-1
4839,0.74909108,-1
4839.09,0.00231109,-1
4839.34,0.00029102,-1
4840,5.72885036,-1
4840.16,0.20743115,-1
4840.38,0.00106615,-1
4840.5,0.00215272,-1
4840.52,0.04131787,-1
4840.69,0.02065821,-1
4840.72,0.00113487,-1
4840.99,0.00103284,-1
4841.35,0.94409558,-1
4841.43,0.00371077,-1
4842,3.41708811,-1
4842.55,0.0002065,-1
4842.61,0.20650021,-1
4842.68,0.73,-1
4842.77,0.32839029,-1
4842.93,0.00211399,-1
4843,0.3561945,-1
4843.17,0.00325772,-1
4843.22,0.00319537,-1
4843.29,0.00467619,-1
4843.31,0.01159303,-1
4843.53,0.00041292,-1
4843.62,0.0016912,-1
4843.95,0.00176736,-1
4844,1.42,-1
4844.44,1,-1
4844.65,0.00025802,-1
4844.79,0.01,-1
4844.85,0.5,-1
4845,2.47774178,-1
4845.21,0.1,-1
4845.73,5.67365528,-1
4845.76,0.00103182,-1
4846,10.60977337,-1
4846.05,0.0078368,-1
4846.33,0.04538897,-1
4847,0.0574087,-1
4847.38,0.0021166,-1
4847.47,0.00041258,-1
4848,13.66693381,-1
4848.18,1,-1
4848.24,2,-1
4849,11.89236824,-1
4849.1,0.01273514,-1
4849.26,0.02948619,-1
4849.54,0.01682412,-1
4850,246.03023885,-1
4850.18,1,-1
4850.2,0.0893,-1
4850.68,3.08472626,-1
4851,2.0005,-1
4852,2.10719917,-1
4852.2,0.00606093,-1
4852.3,1.25596521,-1
4852.52,0.61823547,-1
4852.56,0.00020607,-1
4852.57,0.0002576,-1
4852.63,0.0056908,-1
4852.8,0.3775946,-1
4853,0.05,-1
4853.1,0.00225707,-1
4853.12,0.01567106,-1
4853.15,0.10015969,-1
4854.51,0.00025749,-1
4854.55,1,-1
4854.93,0.02820527,-1
4854.94,0.00052244,-1
4855,0.026,-1
4855.03,0.00720901,-1
4855.5,0.00066173,-1
4855.7,0.00390076,-1
4855.79,0.00117083,-1
4856,1.07027594,-1
4856.14,0.55125058,-1
4856.57,0.00567342,-1
4856.77,0.05372574,-1
4857,5.04179534,-1
4857.24,0.00369869,-1
4857.88,0.06487795,-1
4857.98,0.00097897,-1
4858,0.87786636,-1
4858.41,0.01029143,-1
4858.44,0.02239691,-1
4858.66,0.00466139,-1
4858.84,0.00355287,-1
4859,0.22241045,-1
4859.09,0.10289992,-1
4859.36,0.00028708,-1
4860,28.64350415,-1
4860.24,0.000016,-1
4860.47,0.00025718,-1
4860.53,0.02057388,-1
4861,0.10989988,-1
4861.5,0.0005,-1
4861.98,0.01296392,-1
4862.3,0.00478374,-1
4863,0.22619782,-1
4863.11,0.01005118,-1
4863.23,0.00006181,-1
4863.65,0.43495522,-1
4863.76,0.00355022,-1
4863.82,1.34422913,-1
4864.2,0.0113625,-1
4864.58,2,-1
4864.68,0.1,-1
4864.81,0.00176602,-1
4864.85,0.00014722,-1
4865,0.02,-1
4865.22,0.02323203,-1
4865.31,1,-1
4865.74,0.005,-1
4866.38,0.00081139,-1
4866.48,0.08219493,-1
4866.68,0.00710617,-1
4867,0.014685,-1
4867.34,0.00321854,-1
4867.81,0.48715525,-1
4868,1.2,-1
4868.2,0.00457047,-1
4868.33,0.00028929,-1
4868.37,0.02471877,-1
4869,3.07161429,-1
4869.53,0.25904709,-1
4869.88,1,-1
4870,1.94269888,-1
4871,0.04105933,-1
4871.79,0.01034527,-1
4871.82,6,-1
4872,0.0005,-1
4872.45,0.00025654,-1
4872.89,0.00564684,-1
4873,0.00175683,-1
4873.09,0.00368666,-1
4873.65,0.02,-1
4873.76,0.00314968,-1
4874,0.00020517,-1
4874.09,0.00464664,-1
4875,8.70873139,-1
4875.09,0.2879,-1
4875.18,0.00782991,-1
4875.22,0.02051189,-1
4875.67,0.0072069,-1
4875.94,0.00484128,-1
4875.96,0.01904651,-1
4876,1.12789952,-1
4876.38,0.0000916,-1
4876.87,0.00025631,-1
4877,6.05947193,-1
4877.76,0.24486727,-1
4877.77,0.74648863,-1
4878,1.47425504,-1
4878.14,0.20509661,-1
4878.15,0.00121767,-1
4878.17,0.00052244,-1
4879,0.5,-1
4879.8,0.044,-1
4880,8.06515367,-1
4880.01,2.5,-1
4880.49,0.08773547,-1
4881,0.12566294,-1
4881.18,0.02048684,-1
4881.73,0.00712492,-1
4882,0.77284555,-1
4882.14,0.27,-1
4882.31,0.01150042,-1
4882.4,0.155,-1
4882.47,0.00232961,-1
4882.5,0.0005,-1
4882.53,0.01609001,-1
4882.57,0.00025601,-1
4882.77,0.01842192,-1
4883,0.5,-1
4883.4,0.029288,-1
4883.43,0.00539479,-1
4884,2.13895501,-1
4884.42,1,-1
4884.76,0.002,-1
4884.85,0.02941891,-1
4885,2.41227261,-1
4885.19,0.002949,-1
4885.77,0.2201352,-1
4886,0.03576915,-1
4886.42,0.00511622,-1
4886.65,0.04117341,-1
4886.76,2.2750015,-1
4887.11,0.02046199,-1
4887.7,0.35043436,-1
4887.98,25,-1
4888,34.11545001,-1
4888.16,50,-1
4888.28,2,-1
4888.41,0.1,-1
4888.86,0.00208701,-1
4888.88,53.06948822,-1
4889,5.52113991,-1
4889.56,0.00463193,-1
4889.65,0.15338521,-1
4890,35.33994691,-1
4890.25,0.2,-1
4890.56,0.237,-1
4891,0.01805593,-1
4891.05,0.0527,-1
4892,0.01,-1
4892.02,0.00020441,-1
4892.23,0.00065676,-1
4893,0.0005,-1
4894,5.31350276,-1
4894.25,1.07354883,-1
4894.71,0.00386967,-1
4894.84,0.00322176,-1
4895,91.6510528,-1
4895.77,0.01,-1
4896,2,-1
4896.13,0.58573199,-1
4896.39,0.21555278,-1
4897,0.295,-1
4897.08,0.01682412,-1
4897.49,0.00028757,-1
4897.6,0.00223987,-1
4898,0.69451267,-1
4898.24,0.00025519,-1
4898.47,0.00176602,-1
4898.58,0.10207039,-1
4898.78,0.01020662,-1
4898.88,1.0099982,-1
4899,21.01872161,-1
4899.1,0.51151027,-1
4899.28,0.00025514,-1
4899.5,0.94717202,-1
4899.54,0.25,-1
4899.86,0.00025511,-1
4899.99,0.05292836,-1
4900,617.40053282,-1
4900.01,0.0413693,-1
4900.13,0.00028469,-1
4900.4,0.01409029,-1
4900.66,30,-1
4901,8.86398486,-1
4901.51,0.00052244,-1
4901.73,0.0398214,-1
4901.95,0.00020604,-1
4902,0.1,-1
4902.22,0.04156775,-1
4902.53,0.01121869,-1
4902.59,7.4254451,-1
4902.71,0.0398214,-1
4902.74,2.54919742,-1
4903.5,0.0005,-1
4904.26,0.01019521,-1
4904.28,0.02641366,-1
4904.63,0.28544864,-1
4904.96,0.00366271,-1
4905,5.85842266,-1
4905.09,0.00461727,-1
4905.21,0.01234197,-1
4905.55,0.00025481,-1
4907,1.05037905,-1
4907.82,0.01233502,-1
4908,0.0020487,-1
4908.15,0.30968898,-1
4908.85,0.00211862,-1
4909,1.74488694,-1
4909.09,1,-1
4909.56,0.07001922,-1
4909.7,0.20987025,-1
4909.9,0.00560427,-1
4910,17.90464188,-1
4910.29,0.02196407,-1
4910.38,0.02,-1
4911,1.48626581,-1
4911.97,0.00025448,-1
4912,0.07696661,-1
4912.44,0.10178241,-1
4912.74,0.03790959,-1
4912.85,0.0625,-1
4913.13,0.03,-1
4913.81,0.00025439,-1
4914,0.0005,-1
4914.41,1.01741612,-1
4914.59,0.00314896,-1
4915,4.3716063,-1
4915.04,0.00025432,-1
4915.05,0.00321854,-1
4915.36,3,-1
4915.38,0.00009087,-1
4915.52,1,-1
4915.67,0.00314968,-1
4915.76,0.23663828,-1
4916,0.00204531,-1
4916.51,3.28197237,-1
4916.55,0.01,-1
4917.17,0.0010495,-1
4918.05,0.01736288,-1
4918.21,0.25,-1
4918.42,0.02157465,-1
4918.5,0.0304971,-1
4918.56,0.00346277,-1
4918.7,0.012,-1
4919.04,0.23774634,-1
4919.19,0.25,-1
4919.22,0.00643,-1
4919.6,0.27335962,-1
4919.82,0.02468417,-1
4920,4.63711423,-1
4920.38,0.20445575,-1
4920.5,0.5,-1
4920.66,0.00460266,-1
4920.69,0.33693851,-1
4920.83,0.00534193,-1
4920.98,0.00365079,-1
4921,1.26,-1
4921.19,2,-1
4921.22,0.06404291,-1
4921.41,0.02465593,-1
4921.49,0.38276879,-1
4921.62,0.01140856,-1
4921.8,0.0023,-1
4921.94,0.00001156,-1
4922,0.67387,-1
4922.22,4.51467427,-1
4922.28,0.15598312,-1
4922.3,0.01938846,-1
4922.33,0.02437869,-1
4922.62,0.4062877,-1
4922.67,0.02277624,-1
4922.68,0.00832042,-1
4922.75,0.1023046,-1
4922.95,0.00025391,-1
4923,4,-1
4923.51,0.00025388,-1
4923.95,0.00025386,-1
4924,0.00842191,-1
4924.05,0.02030848,-1
4924.44,1,-1
4924.49,0.0077515,-1
4924.5,0.0005,-1
4924.57,0.5,-1
4924.59,0.00025383,-1
4924.69,0.01,-1
4924.96,0.00052244,-1
4925,26.62597909,-1
4925.11,0.02586926,-1
4925.52,2.5,-1
4925.61,0.08693182,-1
4925.74,0.01114643,-1
4925.76,0.00128578,-1
4926,2.00974421,-1
4926.23,0.03326681,-1
4926.26,2.91945441,-1
4926.34,0.0207215,-1
4926.83,0.00028586,-1
4927.25,0.06037907,-1
4927.31,0.00115383,-1
4927.35,0.205,-1
4928,0.89722606,-1
4928.36,1.01453627,-1
4928.43,0.0078368,-1
4928.74,0.00978358,-1
4928.9,0.0202885,-1
4929,0.1,-1
4929.08,0.06976374,-1
4929.21,0.1125941,-1
4929.25,0.00065183,-1
4929.38,0.0009648,-1
4929.4,0.00237402,-1
4929.86,0.00020284,-1
4930,7.15599334,-1
4930.56,0.00043886,-1
4930.8,0.04056136,-1
4931.01,0.10019624,-1
4931.29,0.01567106,-1
4931.62,0.00173594,-1
4931.65,0.1,-1
4932.13,0.00176602,-1
4932.65,0.05289928,-1
4932.87,0.02027217,-1
4932.88,15.20409983,-1
4933,0.50406531,-1
4933.55,0.01938528,-1
4934.03,0.00383883,-1
4934.46,0.00025332,-1
4934.83,0.0002533,-1
4935,1.2105,-1
4935.9,4.05194594,-1
4935.95,1,-1
4936.27,0.0045881,-1
4936.7,0.01019331,-1
4936.79,0.00208701,-1
4937.05,0.0036389,-1
4937.06,2.33671066,-1
4937.39,0.00025317,-1
4937.72,0.00070882,-1
4938,0.006,-1
4938.09,0.00025313,-1
4938.34,0.23,-1
4938.35,0.06,-1
4938.49,0.07686762,-1
4938.83,0.01275605,-1
4939.97,64.9268632,-1
4940,18.2411349,-1
4940.09,0.0023823,-1
4940.13,0.03,-1
4941,0.00223717,-1
4941.04,0.0018158,-1
4941.24,0.00028232,-1
4942,13.43812065,-1
4943,0.27694719,-1
4943.1,0.00020432,-1
4943.55,0.00521235,-1
4943.6,0.00141597,-1
4944,0.21384226,-1
4944.44,0.133,-1
4944.63,0.01682412,-1
4945,4.06582888,-1
4945.5,0.0005,-1
4945.63,0.01170313,-1
4945.7,0.06065875,-1
4946.26,3.5,-1
4946.94,0.04394233,-1
4947,1.06064281,-1
4947.19,0.00556203,-1
4947.54,1.5,-1
4947.6,2.23047942,-1
4947.74,0.0064009,-1
4948,1.6104814,-1
4948.24,0.50931442,-1
4948.27,3,-1
4948.4,0.00025261,-1
4948.52,0.00052244,-1
4948.97,0.5,-1
4948.99,5,-1
4949,35.60924201,-1
4949.21,0.00000534,-1
4949.49,3.28222883,-1
4949.6,0.12433327,-1
4949.76,0.04717791,-1
4949.81,0.02020279,-1
4950,316.26722074,-1
4950.23,0.80051027,-1
4950.3,1.02709734,-1
4950.99,20,-1
4951,3.15168649,-1
4951.01,1,-1
4951.03,0.31419118,-1
4951.1,1.1090152,-1
4951.67,0.05187156,-1
4951.94,0.00457358,-1
4952,42.60700366,-1
4952.03,0.01615499,-1
4952.06,0.0876,-1
4952.27,0.00523977,-1
4952.64,0.0403825,-1
4952.7,0.0110184,-1
4952.88,0.203736,-1
4952.9,14.7968484,-1
4953,2.62686985,-1
4953.06,0.0045487,-1
4953.17,0.00362706,-1
4953.19,0.00040378,-1
4953.52,0.05,-1
4953.68,0.00361132,-1
4953.73,0.51057558,-1
4954,0.3492199,-1
4954.29,0.00025231,-1
4954.5,0.80734685,-1
4954.53,1.23381885,-1
4954.68,0.06713248,-1
4955,79.60810672,-1
4955.18,2.01813367,-1
4955.46,0.02187286,-1
4955.55,1.84529164,-1
4955.56,0.03865266,-1
4955.58,0.50360805,-1
4955.71,0.00229518,-1
4955.89,0.02735275,-1
4955.9,2,-1
4956,2.34510744,-1
4956.01,0.20177521,-1
4957,11.68788782,-1
4957.17,0.25811358,-1
4957.37,0.02118059,-1
4957.44,1.52768312,-1
4957.58,0.00314968,-1
4958,3.84540007,-1
4958.02,0.25,-1
4958.08,0.01619507,-1
4959,67.10343378,-1
4959.33,0.83364906,-1
4959.39,0.0587,-1
4960,29.60629173,-1
4960.65,0.5,-1
4960.92,1.14195758,-1
4961,0.49008018,-1
4961.22,0.00025195,-1
4961.3,0.020156,-1
4961.6,0.015,-1
4961.66,25.00001106,-1
4962,4.43152005,-1
4962.11,1,-1
4962.14,0.10076297,-1
4962.67,0.00226906,-1
4962.75,0.2,-1
4962.77,0.00321854,-1
4963,0.12522465,-1
4963.08,0.00025186,-1
4963.26,5.999286,-1
4963.38,0.04029512,-1
4963.5,0.0020147,-1
4964,0.10092667,-1
4964.21,0.1,-1
4964.37,0.04219569,-1
4964.7,0.0508123,-1
4964.74,0.2,-1
4965,7.88873709,-1
4965.15,0.10070189,-1
4965.16,0.00211467,-1
4965.74,0.005,-1
4965.8,0.00176602,-1
4966,95.87948747,-1
4966.1,0.10000027,-1
4966.5,0.0005,-1
4966.54,0.00064693,-1
4966.88,0.10066681,-1
4966.94,0.00025166,-1
4967,1.14377419,-1
4967.23,15,-1
4967.31,0.00433883,-1
4967.45,0.31730011,-1
4967.66,0.00455911,-1
4967.83,0.00643266,-1
4968,2.37933075,-1
4968.2,0.1,-1
4968.24,0.002949,-1
4968.5,0.02468417,-1
4968.65,1,-1
4968.94,0.27012501,-1
4968.97,0.1,-1
4969,18.51918141,-1
4969.34,0.00361526,-1
4969.47,0.00570847,-1
4969.69,0.5,-1
4970,15.23366303,-1
4970.18,0.04208302,-1
4970.21,0.2444,-1
4970.36,0.00646023,-1
4970.69,0.20117931,-1
4971,1,-1
4971.12,0.2593601,-1
4971.14,0.0861355,-1
4971.2,0.00025145,-1
4971.28,0.1,-1
4971.83,0.01869822,-1
4972,5.63699623,-1
4972.19,0.00052244,-1
4972.73,0.015,-1
4973,0.69101085,-1
4973.35,3.49905797,-1
4973.65,0.00140741,-1
4974,1.54075083,-1
4974.44,0.0069044,-1
4974.76,0.01005073,-1
4975,21.70536952,-1
4975.28,0.04522358,-1
4975.6,4.43000265,-1
4975.96,0.03621508,-1
4976,2.39726623,-1
4976.14,1.49714437,-1
4976.24,1,-1
4976.32,0.00443847,-1
4976.48,0.02009452,-1
4976.96,0.1181444,-1
4977,0.79570524,-1
4977.08,0.00237402,-1
4977.28,0.03335154,-1
4977.72,1,-1
4977.77,0.10044658,-1
4977.85,0.02229395,-1
4977.89,0.05,-1
4977.93,0.0080214,-1
4978,7.89498593,-1
4978.21,0.2,-1
4978.61,0.25,-1
4978.71,0.00025107,-1
4978.76,30,-1
4979,5.09353765,-1
4979.35,0.00025,-1
4979.5,0.02591031,-1
4979.74,0.1,-1
4979.77,1.8,-1
4980,45.72061729,-1
4980.04,0.0101204,-1
4980.5,0.00200783,-1
4980.62,0.00025097,-1
4980.71,0.34430964,-1
4980.99,0.4460512,-1
4981,1.13881443,-1
4981.21,0.00020276,-1
4981.27,0.100376,-1
4981.3,0.0005,-1
4981.46,1.2575,-1
4981.77,0.05560272,-1
4982,2.81295463,-1
4982.17,0.20071575,-1
4982.95,0.01397565,-1
4983,0.40437486,-1
4983.27,1,-1
4983.36,0.02006678,-1
4983.43,0.00454469,-1
4983.58,0.1080107,-1
4983.78,0.20065091,-1
4983.83,0.56,-1
4983.89,0.01,-1
4983.98,0.42101091,-1
4984,0.00318619,-1
4984.4,0.47584062,-1
4984.44,0.01019331,-1
4984.72,0.00208701,-1
4984.76,0.0055201,-1
4985,41.27197618,-1
4985.01,0.5015035,-1
4985.2,0.00552704,-1
4985.23,0.02005922,-1
4985.35,4.08739025,-1
4985.56,0.00360349,-1
4985.94,0.102455,-1
4985.99,0.235207,-1
4986,1.26618531,-1
4986.1,10.12,-1
4986.29,0.00401099,-1
4986.7,0.02,-1
4987,4.02710045,-1
4987.01,0.00310324,-1
4987.03,0.01,-1
4987.19,0.00006015,-1
4987.21,9,-1
4987.31,0.70178112,-1
4987.5,0.0032,-1
4987.64,2,-1
4987.65,20,-1
4987.72,0.30073861,-1
4987.76,0.168,-1
4987.8,0.35043436,-1
4987.87,0.56677498,-1
4987.92,2,-1
4987.96,0.5,-1
4988,13.58460512,-1
4988.38,2,-1
4988.77,0.09277,-1
4988.87,0.55663907,-1
4988.88,12.69003236,-1
4989,24.49323976,-1
4989.14,2.877864,-1
4989.97,0.0300603,-1
4989.99,0.01,-1
4990,101.8648975,-1
4991,2.11618032,-1
4991.75,5.39532018,-1
4991.99,0.1101765,-1
4992,5.49796441,-1
4992.63,0.02,-1
4993,1.08471859,-1
4993.33,0.02002671,-1
4993.35,0.12015981,-1
4993.53,0.25,-1
4993.93,0.15,-1
4994,18.30198089,-1
4994.36,0.10011292,-1
4994.44,1.03003339,-1
4994.9,0.4865,-1
4995,87.42088176,-1
4995.07,0.00025025,-1
4995.47,0.02001813,-1
4995.5,0.5,-1
4995.63,0.27,-1
4995.91,0.0060049,-1
4995.97,0.20016133,-1
4995.98,0.00045572,-1
4996,7.71192466,-1
4996.42,0.10007165,-1
4996.5,0.020014,-1
4996.56,0.14287888,-1
4996.7,0.02667984,-1
4996.8,0.02343467,-1
4996.95,0.025,-1
4997,24.14787482,-1
4997.06,0.01000588,-1
4997.27,0.67195181,-1
4997.33,0.2,-1
4997.5,0.002001,-1
4997.55,0.40319756,-1
4997.79,0.07488,-1
4997.94,0.0003,-1
4997.95,0.0003,-1
4998,53.54881395,-1
4998.05,0.89836649,-1
4998.13,0.01124183,-1
4998.2,0.00025009,-1
4998.5,4.05,-1
4998.78,0.25704509,-1
4998.95,2.00441168,-1
4998.96,0.00025005,-1
4999,213.28816344,-1
4999.01,0.00147079,-1
4999.2,0.0100016,-1
4999.24,0.0045303,-1
4999.32,0.0030004,-1
4999.41,0.4000472,-1
4999.43,0.01,-1
4999.49,0.04000408,-1
4999.5,0.0049157,-1
4999.67,0.02165581,-1
4999.68,0.08636169,-1
4999.69,0.1,-1
4999.77,0.02000092,-1
4999.8,5,-1
4999.83,0.06,-1
4999.89,1.56855215,-1
4999.95,0.27271555,-1
4999.98,9.33292533,-1
4999.99,17.42122371,-1
5000,4277.08004967,-1
5000.01,0.03988392,-1
5000.02,1,-1
5000.1,0.10299794,-1
5000.12,7.999808,-1
5000.15,0.32834082,-1
5000.2,0.01994313,-1
5000.5,7.04610216,-1
5000.53,0.1,-1
5000.57,2.41816016,-1
5000.69,0.5,-1
5000.86,2.15,-1
5000.87,0.01033823,-1
5000.92,0.09,-1
5001,14.83754366,-1
5001.02,0.39587564,-1
5001.1,0.00666767,-1
5001.25,0.00024994,-1
5001.8,0.0399856,-1
5001.84,0.00445155,-1
5002,2.47239604,-1
5002.29,0.004719,-1
5002.93,0.00028148,-1
5002.97,0.02553831,-1
5003,0.03597841,-1
5003.69,1.08,-1
5004,0.30174012,-1
5004.12,0.00064208,-1
5004.18,0.01,-1
5004.32,1.02516825,-1
5004.46,0.59946527,-1
5005,9.57115579,-1
5005.38,0.2,-1
5005.51,0.29992409,-1
5006,0.0019976,-1
5006.09,0.00099878,-1
5006.93,0.5,-1
5007,0.121,-1
5007.77,1.01363509,-1
5008,23.08107989,-1
5008.05,1,-1
5008.2,1,-1
5008.5,0.001999,-1
5008.92,0.07924462,-1
5009,0.20598157,-1
5009.09,0.39927411,-1
5009.18,2,-1
5009.34,0.99813548,-1
5009.5,0.05783478,-1
5009.71,0.05208556,-1
5009.94,1.64045842,-1
5010,15.39185582,-1
5010.03,0.0002716,-1
5010.61,0.01236685,-1
5011.01,0.022,-1
5011.11,35.03635123,-1
5011.21,4,-1
5011.22,0.46346027,-1
5011.4,0.19954503,-1
5012,6.5381485,-1
5012.21,0.00199512,-1
5012.22,0.0078368,-1
5013,0.39896269,-1
5013.09,0.01019331,-1
5013.13,0.03,-1
5013.42,0.00039892,-1
5013.45,0.99731721,-1
5014,1.014685,-1
5014.13,0.331,-1
5014.19,0.0064087,-1
5014.5,0.00199421,-1
5014.63,0.05,-1
5015,9.885439,-1
5015.33,0.19,-1
5015.63,0.00024922,-1
5016,0.612,-1
5016.12,0.7755288,-1
5016.88,25,-1
5017.1,0.08534653,-1
5017.19,0.02443732,-1
5017.38,1,-1
5017.53,0.00570847,-1
5018,21.12389138,-1
5018.17,0.00358007,-1
5018.2,0.1,-1
5018.21,0.25,-1
5018.27,0.00024909,-1
5018.43,0.00646023,-1
5018.58,1,-1
5018.8,0.01,-1
5020,74.1671065,-1
5020.62,0.06,-1
5020.68,0.06,-1
5021,2,-1
5021.7,0.00497839,-1
5021.89,0.24891027,-1
5021.94,0.5973787,-1
5022,2.1,-1
5022.06,0.0661,-1
5022.55,0.0069044,-1
5022.62,0.0054785,-1
5022.8,0.00996,-1
5022.88,0.13209919,-1
5023,0.03683057,-1
5023.02,0.05972502,-1
5023.22,0.34466738,-1
5023.82,0.01842474,-1
5025,16.42574894,-1
5025.41,0.01259104,-1
5025.43,0.5074186,-1
5025.51,5,-1
5025.89,0.06232746,-1
5026,0.2,-1
5026.07,0.27308624,-1
5027,0.39607277,-1
5028,0.04972155,-1
5028.08,0.02786762,-1
5029.36,0.04147645,-1
5029.58,1,-1
5030,25.97540953,-1
5030.04,0.00226126,-1
5030.18,2,-1
5031,3,-1
5031.12,0.24750751,-1
5031.5,0.00198747,-1
5031.51,0.02784552,-1
5031.84,0.00024842,-1
5031.93,0.00338475,-1
5032.18,0.01019333,-1
5033,1.004,-1
5033.43,0.06829609,-1
5033.52,0.00024834,-1
5033.96,0.01,-1
5034,0.47770028,-1
5034.68,0.00993111,-1
5034.74,6,-1
5035,2.01489572,-1
5035.14,3.33967207,-1
5035.32,3.82636141,-1
5036,1.00237555,-1
5036.39,0.13768312,-1
5037.31,1.46988372,-1
5037.5,0.87374126,-1
5038,0.00496228,-1
5039.04,2.857719,-1
5039.1,0.37124271,-1
5039.27,0.599948,-1
5040,2.58293649,-1
5040.33,0.03,-1
5040.99,0.25,-1
5041,3,-1
5041.08,2,-1
5041.91,0.00643266,-1
5041.98,0.00063725,-1
5042,0.2,-1
5042.4,0.1750965,-1
5043,1.25,-1
5043.62,2,-1
5043.87,0.04020585,-1
5044,8.04182874,-1
5044.44,0.0297357,-1
5045,0.45603211,-1
5045.36,0.03726195,-1
5045.53,0.05,-1
5046,0.271,-1
5046.12,1.65,-1
5046.18,0.52248433,-1
5047.71,0.2038053,-1
5047.75,0.03962161,-1
5048,1.25,-1
5048.06,0.00520729,-1
5048.24,0.00024761,-1
5048.5,0.00198078,-1
5049,0.36767878,-1
5049.9,65.27541719,-1
5050,133.04982708,-1
5050.11,35,-1
5050.33,0.03960137,-1
5050.5,4.05844912,-1
5050.69,0.00024749,-1
5051,5.12793941,-1
5051.54,0.00954575,-1
5051.68,0.01086855,-1
5051.71,0.25,-1
5051.91,1,-1
5052,1,-1
5052.2,0.07687344,-1
5052.42,0.01979249,-1
5052.7,0.002949,-1
5053,3.18486756,-1
5053.28,0.04947281,-1
5053.3,0.98945243,-1
5053.46,0.66759792,-1
5053.69,1,-1
5054.71,0.00039567,-1
5055,10.67299234,-1
5055.55,26,-1
5055.75,0.04,-1
5055.76,0.23826882,-1
5056,0.02966772,-1
5056.22,0.24999901,-1
5056.24,0.01891489,-1
5057,0.00197745,-1
5057.3,0.02165581,-1
5057.34,1,-1
5057.57,0.00395446,-1
5057.65,0.00039544,-1
5057.69,0.00237262,-1
5058,2,-1
5058.64,0.01641745,-1
5058.75,0.0699738,-1
5059.77,0.005,-1
5059.95,0.1,-1
5060,2.20988142,-1
5060.5,0.00305817,-1
5060.76,0.00543721,-1
5060.9,20,-1
5061,5.015,-1
5061.14,0.05927518,-1
5062,0.2,-1
5062.28,0.00039507,-1
5062.51,1.5,-1
5063,0.19751135,-1
5063.01,0.01988935,-1
5063.47,0.08456488,-1
5065,0.85301678,-1
5065.5,0.00197413,-1
5066.14,10,-1
5066.45,9.57,-1
5066.66,0.1,-1
5066.73,0.10627534,-1
5067,0.040647,-1
5067.01,0.00024669,-1
5067.12,0.24668845,-1
5067.25,0.2,-1
5068,1,-1
5068.35,0.01194471,-1
5068.83,0.15598312,-1
5069,0.75532405,-1
5069.69,0.2,-1
5070,1,-1
5070.16,0.02958486,-1
5070.75,1.14,-1
5071,2,-1
5071.8,0.07257774,-1
5072.53,0.00236568,-1
5072.57,0.05914161,-1
5072.94,0.02400266,-1
5073.27,0.00039422,-1
5073.53,0.00101308,-1
5073.88,0.02745203,-1
5073.92,0.01677598,-1
5074,0.01197083,-1
5074.2,0.14,-1
5074.51,0.05745777,-1
5075,0.14607048,-1
5075.27,0.00815742,-1
5075.36,0.00084733,-1
5076,0.40759038,-1
5076.5,1,-1
5076.78,1,-1
5077,0.31424167,-1
5077.11,0.20892686,-1
5078.23,15,-1
5078.42,0.01969116,-1
5078.64,0.1969031,-1
5079,3.35554044,-1
5079.12,0.00024611,-1
5079.73,0.14764564,-1
5080,14.40850078,-1
5080.55,0.39692946,-1
5082,0.1,-1
5082.5,0.00196753,-1
5082.94,1.7,-1
5084.23,10.13,-1
5085,3.917,-1
5085.03,0.5,-1
5085.05,0.01966549,-1
5085.67,0.00042617,-1
5086,0.145,-1
5086.42,0.5,-1
5086.47,0.0040652,-1
5086.81,0.09829342,-1
5087,1,-1
5087.01,0.01,-1
5087.17,0.00024572,-1
5088,8.70543894,-1
5088.24,0.20681832,-1
5088.88,12.4672044,-1
5089,16.48929486,-1
5089.43,2.837715,-1
5089.59,0.0002456,-1
5090,8.25064634,-1
5091,0.33228412,-1
5091.89,0.16917125,-1
5093,10.86,-1
5094.03,0.5,-1
5095,2.76674434,-1
5096.3,0.00024528,-1
5097,0.05989297,-1
5097.42,0.0078368,-1
5097.6,0.03696205,-1
5098,1.88177577,-1
5098.8,0.016,-1
5099,4.09136781,-1
5099.03,0.00008564,-1
5099.2,0.00539622,-1
5099.5,0.00196097,-1
5099.98,0.25280713,-1
5099.99,0.07080209,-1
5100,546.4195017,-1
5100.11,1,-1
5100.64,0.00422541,-1
5101,2.39957998,-1
5101.82,0.22400266,-1
5102,1.2627205,-1
5102.17,0.01,-1
5102.3,0.11,-1
5102.96,0.00024496,-1
5103,4.23527336,-1
5105,18.74155184,-1
5105.1,0.17629394,-1
5105.5,0.00222784,-1
5106,0.01018409,-1
5106.16,25,-1
5106.48,0.03802619,-1
5107,15.85492241,-1
5107.84,0.0610997,-1
5108,0.60649959,-1
5109,0.2122821,-1
5110,0.21252445,-1
5111,1.27850172,-1
5111.1,30,-1
5111.11,0.1,-1
5111.23,35.51727775,-1
5111.45,0.02400266,-1
5111.73,0.006,-1
5111.75,0.022,-1
5111.81,0.1,-1
5112,1.1,-1
5112.25,0.00024451,-1
5113,0.75,-1
5114,0.00985529,-1
5114.26,0.54393743,-1
5114.64,0.06067786,-1
5114.94,0.02165581,-1
5115,1.01012,-1
5115.59,0.00024435,-1
5116.25,0.01,-1
5116.39,0.00097956,-1
5116.5,0.00195446,-1
5116.65,0.04623422,-1
5117,0.1172562,-1
5117.17,0.25,-1
5117.24,0.00538443,-1
5117.77,5.0019008,-1
5117.89,0.0042,-1
5118,0.00255745,-1
5118.21,0.25,-1
5120,5.23261474,-1
5120.6,0.02876619,-1
5122,1.35,-1
5122.94,0.00005,-1
5123,1.62890017,-1
5123.34,0.03,-1
5123.91,1.239817,-1
5124,0.30996635,-1
5124.34,0.19514708,-1
5124.55,0.11610775,-1
5124.69,0.00400417,-1
5124.98,0.023,-1
5125,312.87574283,-1
5125.12,0.00284565,-1
5126,14,-1
5127,0.00975229,-1
5127.11,0.00195041,-1
5127.58,0.00056015,-1
5128,0.6226617,-1
5128.5,0.00194988,-1
5128.58,0.09749287,-1
5128.84,0.7048812,-1
5129.54,0.2631575,-1
5129.74,0.0053,-1
5130,3.43606627,-1
5130.5,0.0022,-1
5131,0.00592651,-1
5131.58,0.44321115,-1
5131.91,0.0045998,-1
5132,0.66479734,-1
5132.4,1,-1
5132.97,0.2,-1
5133,2.25100565,-1
5134,1.45090183,-1
5134.08,0.23878804,-1
5134.68,1.94754103,-1
5135,1.12921129,-1
5135.07,0.00301376,-1
5135.75,0.00024339,-1
5137,0.1966128,-1
5138.34,0.09730769,-1
5138.59,0.002949,-1
5138.94,0.00029188,-1
5139.01,0.03865266,-1
5140,31.21390902,-1
5140.32,2.817851,-1
5141.22,0.00024313,-1
5143,0.83804199,-1
5143.75,1,-1
5144.03,0.005832,-1
5144.98,0.0971821,-1
5145,1.42191077,-1
5145.5,0.00194344,-1
5145.67,0.15020383,-1
5146.2,1.1541584,-1
5147,2,-1
5147.92,0.00330849,-1
5148,1.5171702,-1
5148.26,0.00099837,-1
5148.55,0.00713349,-1
5149,6.15006553,-1
5149.96,0.00083506,-1
5150,191.19634108,-1
5150.1,5.62836913,-1
5150.62,0.020136,-1
5151,1.34957115,-1
5151.51,2.19710876,-1
5152,0.2448583,-1
5153,0.05,-1
5153.62,0.72497268,-1
5154,3,-1
5154.64,0.05768201,-1
5155,0.19534432,-1
5155.55,0.51297089,-1
5157,1.58602385,-1
5157.25,0.128,-1
5157.71,0.00155201,-1
5157.9,1.92907966,-1
5158,0.1,-1
5159.82,0.61766215,-1
5160,6.97067226,-1
5160.17,0.17441285,-1
5160.43,0.06661528,-1
5161,1.5990531,-1
5161.11,0.00525,-1
5161.32,0.00135,-1
5161.48,0.96871439,-1
5161.83,0.01937297,-1
5161.84,1,-1
5161.92,0.02809838,-1
5162.89,0.007784,-1
5162.96,0.96843671,-1
5163.32,1.64736317,-1
5164,1,-1
5164.7,0.01084283,-1
5165,0.07276825,-1
5165.77,1.26349052,-1
5166,1,-1
5166.77,0.00647008,-1
5167.53,0.1,-1
5168,0.60820139,-1
5169,0.0254,-1
5169.1,0.5,-1
5169.51,0.275,-1
5170,1.49481528,-1
5171,0.13938714,-1
5171.45,0.0580108,-1
5172.57,0.02165581,-1
5172.66,1,-1
5173.67,0.10381839,-1
5173.98,4.61565898,-1
5174,0.02,-1
5175,6.65460384,-1
5175.72,2.11584088,-1
5176,0.01019125,-1
5176.17,0.0386386,-1
5176.65,0.38635024,-1
5176.78,0.0058096,-1
5176.83,0.00201249,-1
5176.85,0.77267063,-1
5177,8.92273517,-1
5177.39,0.00931372,-1
5178,0.0141599,-1
5178.19,1.51698341,-1
5178.58,0.00507605,-1
5178.6,0.1,-1
5178.87,1.96088205,-1
5179.56,1.10512282,-1
5179.58,0.05,-1
5179.92,0.27075776,-1
5180,33.51275113,-1
5180.84,0.0105976,-1
5181.62,0.01,-1
5181.86,0.00024123,-1
5181.98,0.01845591,-1
5182.01,0.1,-1
5182.08,0.00219492,-1
5182.57,0.00024119,-1
5182.8,0.25,-1
5183,0.5,-1
5183.97,0.00325601,-1
5184,0.03858024,-1
5184.08,0.0078368,-1
5185,1.01880681,-1
5185.07,0.09643071,-1
5185.51,1,-1
5185.65,2,-1
5186,0.6,-1
5186.7,0.01928008,-1
5186.71,0.10316817,-1
5187,0.82571814,-1
5188,3.32550501,-1
5188.79,0.15,-1
5188.99,20,-1
5189,15,-1
5189.01,0.01927149,-1
5189.23,20,-1
5189.43,15,-1
5189.73,0.2209533,-1
5190,25.59505475,-1
5190.5,4.81648285,-1
5190.87,0.00024081,-1
5190.9,0.15914097,-1
5191,0.216,-1
5191.05,1.92639254,-1
5192,0.4,-1
5192.72,0.25,-1
5192.81,0.05063782,-1
5192.98,0.17254242,-1
5193,0.25,-1
5194.3,2,-1
5195,52.87590565,-1
5196,7,-1
5196.35,18.73659383,-1
5196.78,0.05,-1
5197,0.83778291,-1
5197.34,1,-1
5197.49,1,-1
5197.5,0.00192593,-1
5197.79,4.84135565,-1
5198.8,0.016,-1
5198.88,1,-1
5199,38.50285389,-1
5200,442.60480706,-1
5200.11,1,-1
5200.5,0.37738294,-1
5200.69,0.5,-1
5201,0.5,-1
5201.01,0.14573323,-1
5201.32,0.44154753,-1
5201.35,0.02883866,-1
5201.82,0.2,-1
5201.83,0.01590171,-1
5202,1.234,-1
5202.51,0.00443847,-1
5203,0.13277552,-1
5203.7,0.125,-1
5205,0.7136149,-1
5205.12,0.5,-1
5206,0.45892624,-1
5208.09,1,-1
5208.43,0.57000094,-1
5208.94,10.14,-1
5209,6.01336939,-1
5209.78,0.01,-1
5210,1.95237941,-1
5210.74,0.00296999,-1
5212,1.36510359,-1
5213,0.575,-1
5213.23,0.09590982,-1
5214,0.02245709,-1
5214.99,0.22342327,-1
5215.02,0.18081234,-1
5215.21,4,-1
5215.37,0.15598312,-1
5215.76,0.00023966,-1
5218.21,0.25,-1
5218.56,0.01916237,-1
5219,0.1,-1
5220,4.02800568,-1
5220.14,0.1,-1
5220.7,0.0038309,-1
5221.21,0.2,-1
5222,2.735165,-1
5222.22,0.2,-1
5222.43,0.04787043,-1
5222.77,13.55,-1
5223,0.01723147,-1
5224.09,0.00098388,-1
5224.15,0.25,-1
5224.75,0.01339777,-1
5225,11.31735319,-1
5225.66,0.00082296,-1
5225.76,0.30272748,-1
5225.95,0.002949,-1
5227,3.16543429,-1
5227.86,0.0002391,-1
5228.33,0.17136858,-1
5228.44,0.04455623,-1
5230,90.82361375,-1
5232,0.09556574,-1
5232.77,0.00028665,-1
5233,1.5,-1
5233.47,0.00955388,-1
5233.73,1.11061322,-1
5234,1.33852923,-1
5235,2.89,-1
5235.77,0.0044,-1
5236.12,0.01,-1
5237.02,0.00023869,-1
5237.54,0.00411497,-1
5237.77,0.72110841,-1
5238,0.42058626,-1
5239,0.1622447,-1
5240,2.10373433,-1
5242,6,-1
5242.61,0.019074,-1
5243,0.0223142,-1
5244,2.1126926,-1
5245,8.89561424,-1
5246.73,0.00108,-1
5247.19,0.25,-1
5247.36,1.65,-1
5247.83,0.03132,-1
5248,0.62164634,-1
5248.08,0.02851709,-1
5249,0.0596,-1
5249.5,0.11901173,-1
5249.79,0.09524173,-1
5249.87,0.5,-1
5250,97.91001932,-1
5251.21,1,-1
5251.73,0.00023802,-1
5252.48,0.01082166,-1
5252.52,5.48367416,-1
5252.77,0.00524549,-1
5254,0.1,-1
5254.56,1,-1
5255,0.1978,-1
5255.51,0.022,-1
5255.55,0.5,-1
5256,0.25,-1
5256.25,0.3,-1
5256.67,0.95117251,-1
5257,2.19769358,-1
5257.14,0.18659385,-1
5258,0.06656523,-1
5258.13,0.42026013,-1
5258.21,0.25,-1
5258.42,1.84747613,-1
5258.93,0.00190343,-1
5259.81,0.00216248,-1
5260,0.0095057,-1
5260.81,0.00701656,-1
5261,1,-1
5261.11,0.00023759,-1
5264,0.15,-1
5265.48,0.25011641,-1
5266,0.1366882,-1
5266.32,0.00037977,-1
5267,0.00047465,-1
5267.44,1,-1
5268,0.07,-1
5268.6,5,-1
5269,1.90218726,-1
5269.69,0.00633,-1
5270,1.5,-1
5271.6,0.3346972,-1
5272,0.187,-1
5272.21,0.0078368,-1
5273.23,0.3,-1
5275,5.6,-1
5275.82,0.20307826,-1
5276,0.178926,-1
5276.76,0.955195,-1
5277,1.36929126,-1
5277.35,0.00201249,-1
5278.18,0.13262147,-1
5278.47,0.00037889,-1
5278.98,0.0378861,-1
5279,15,-1
5280,62.67907628,-1
5282,0.372,-1
5284.5,0.07793344,-1
5285,1.13072279,-1
5285.28,0.29,-1
5286,1.77164854,-1
5287,0.01342915,-1
5287.88,0.11252146,-1
5288,3.34456587,-1
5288.88,4,-1
5289,0.023,-1
5289.96,0.221,-1
5290,10.41653306,-1
5295,20.10311386,-1
5296.5,0.04,-1
5298,100.96469232,-1
5298.8,0.016,-1
5299,2.93921683,-1
5299.79,0.015,-1
5300,248.66913214,-1
5300.11,1,-1
5300.59,1,-1
5300.88,0.15,-1
5301,10.107,-1
5301.04,0.0009696,-1
5301.82,0.2,-1
5302.47,0.00081104,-1
5306.37,0.00908733,-1
5306.4,0.0113625,-1
5308,0.43843254,-1
5308.42,0.00037675,-1
5309,0.145,-1
5309.91,0.36656,-1
5310,100.26441619,-1
5310.85,0.01800807,-1
5311.66,0.07507419,-1
5312.66,1,-1
5312.97,0.19,-1
5313.13,0.1,-1
5314,0.0006003,-1
5314.79,0.002949,-1
5316.6,50,-1
5316.65,0.01822,-1
5317,1.13420871,-1
5317.44,0.36666692,-1
5318.18,1,-1
5318.21,0.25,-1
5319,9.4002632,-1
5320,0.09329656,-1
5321,1.67759986,-1
5322.22,0.0055,-1
5322.47,0.03865266,-1
5323,0.5,-1
5324,0.15146507,-1
5324.29,1.14,-1
5325,2.03286384,-1
5325.77,0.00448362,-1
5326.41,0.01045052,-1
5327,1.08447531,-1
5327.57,0.01877028,-1
5329,22.73370801,-1
5330,2.02157786,-1
5331.89,0.01141621,-1
5332,0.225,-1
5333,1.01062441,-1
5333.33,0.1,-1
5333.5,0.04873034,-1
5334,2.0141,-1
5334.28,0.34,-1
5335,1.93352387,-1
5337,0.2267,-1
5338.71,0.00213052,-1
5339,5,-1
5340,0.02996254,-1
5341,0.1,-1
5341.69,1.2744518,-1
5341.79,0.05616094,-1
5342,1,-1
5343.95,0.07138568,-1
5346.21,0.01234568,-1
5346.32,0.10678149,-1
5347.74,10.15,-1
5349,1.13191144,-1
5350,38.68735728,-1
5350.5,0.7,-1
5351,0.4811,-1
5353,1.15814983,-1
5353.53,37.37026504,-1
5353.66,0.0046,-1
5356.45,0.219,-1
5357.54,0.05319605,-1
5358.89,1.68479061,-1
5360,0.2216827,-1
5361.84,0.0078368,-1
5361.92,0.15598312,-1
5362,0.46717641,-1
5363.28,0.39863664,-1
5365,0.105,-1
5368,0.00027943,-1
5368.3,0.29885359,-1
5369,0.293306,-1
5369.69,0.0235,-1
5369.91,0.0452055,-1
5370,1,-1
5374.45,0.5,-1
5375,4.59922046,-1
5377,12.12539092,-1
5378,2.171,-1
5378.12,0.00400741,-1
5378.75,0.00018591,-1
5379,0.19,-1
5379.12,0.00095553,-1
5379.66,0.18757319,-1
5379.71,0.05,-1
5380,27.38231197,-1
5380.11,1.30507157,-1
5380.41,0.00079929,-1
5381.13,0.00465,-1
5382.57,0.00713135,-1
5384,0.05200594,-1
5384.01,0.01,-1
5385,0.864,-1
5385.74,0.05467772,-1
5386,0.1,-1
5387,0.108,-1
5387.5,0.1,-1
5388,0.89100457,-1
5388.88,3.7263,-1
5389,2.41780107,-1
5389.1,1,-1
5390,4.01367948,-1
5392.88,0.18542967,-1
5393,0.00185425,-1
5394,0.1,-1
5395,2.1,-1
5396.41,1,-1
5396.42,1.65,-1
5398,0.13499258,-1
5398.8,0.016,-1
5399,9,-1
5400,198.51295328,-1
5400.11,1,-1
5401,0.014685,-1
5401.08,22.69621817,-1
5401.82,0.2,-1
5402,0.01,-1
5404,0.0009838,-1
5405.14,0.002949,-1
5407.7,0.01,-1
5409.02,5.5847695,-1
5409.12,0.43060636,-1
5409.75,0.0003697,-1
5411,1.4,-1
5412,0.00144124,-1
5417,0.00738416,-1
5417.17,0.25,-1
5418,0.3691399,-1
5418.79,0.00209904,-1
5420,7.24000183,-1
5420.69,0.36706969,-1
5420.86,0.00743193,-1
5421,1,-1
5423,4,-1
5424.44,1.75657146,-1
5425,0.89358601,-1
5427.32,0.00023032,-1
5428.58,0.07167,-1
5430,2.4875,-1
5430.19,0.01841556,-1
5431,1.05793251,-1
5432,0.2,-1
5432.1,1.35605658,-1
5433,1.26102507,-1
5436,0.00020235,-1
5437.5,0.28419466,-1
5438,3,-1
5439,1.83857326,-1
5440,6,-1
5443,0.27237947,-1
5443.33,0.25,-1
5444,1.0014,-1
5444.44,1.544,-1
5444.93,0.04591427,-1
5445,0.47433792,-1
5445.55,0.04939813,-1
5447,5,-1
5447.39,15,-1
5448,0.32101977,-1
5449,2.63614354,-1
5449.95,0.25,-1
5450,101.87467762,-1
5451.49,0.125,-1
5452.99,0.0078368,-1
5453.31,0.022,-1
5454,6.90374954,-1
5454.54,3.67125917,-1
5454.88,0.0183322,-1
5454.96,0.46257608,-1
5455,0.8121008,-1
5455.55,0.55,-1
5456,0.11478005,-1
5456.78,26.78,-1
5457.28,1.75104681,-1
5457.38,0.001835,-1
5458.35,0.00094166,-1
5459.49,0.00078772,-1
5460,1.08317099,-1
5462.3,0.6113168,-1
5465,2,-1
5465.46,0.362,-1
5467,4.92716221,-1
5468,5,-1
5468.88,0.76513738,-1
5469,2.55511425,-1
5469.93,0.0583699,-1
5470,1.53592598,-1
5471.11,0.1,-1
5471.28,0.01644953,-1
5471.54,0.0048,-1
5472,0.92425255,-1
5473,0.07045678,-1
5474,0.00187431,-1
5475,13.3739726,-1
5475.35,0.00441336,-1
5476,0.1,-1
5476.97,0.52240231,-1
5478,3.25054764,-1
5479,19.41773945,-1
5479.69,0.32622094,-1
5479.94,0.01,-1
5480,103.24935458,-1
5481,0.00010582,-1
5481.54,0.27729433,-1
5482,0.014685,-1
5483.33,0.00575,-1
5484.27,0.01108,-1
5485,2.54525,-1
5485.11,4,-1
5487,2.23796005,-1
5488,4.2,-1
5488.88,1,-1
5489,19.05617315,-1
5490,8.09198207,-1
5491,0.21653273,-1
5493,0.21,-1
5494,1,-1
5495,16.56355011,-1
5496,0.1304874,-1
5496.98,0.01,-1
5497,3.15274614,-1
5497.03,0.002949,-1
5498,4.4,-1
5498.8,0.016,-1
5499,11.16448118,-1
5499.17,1,-1
5500,890.72321437,-1
5500.01,0.0076418,-1
5500.07,0.00206802,-1
5500.11,1,-1
5500.15,0.25,-1
5500.55,5,-1
5500.8,0.4945458,-1
5501,2.60692405,-1
5501.75,1,-1
5501.82,0.2,-1
5502,0.31039621,-1
5503,2,-1
5503.07,0.25,-1
5505.55,33.72518853,-1
5505.92,0.03865266,-1
5506,0.131,-1
5508.14,0.53709366,-1
5508.46,0.15598312,-1
5509,2.59573873,-1
5510,8.19,-1
5510.07,0.01,-1
5511.15,35,-1
5513,0.03999637,-1
5513.13,0.03,-1
5515,0.00815956,-1
5518,1,-1
5520,0.51420916,-1
5521,0.20838159,-1
5521.87,0.0018128,-1
5522,1.83149384,-1
5522.46,0.00390266,-1
5525,0.5,-1
5525.5,3,-1
5528,0.10657597,-1
5529,0.04612045,-1
5533,0.0075135,-1
5534.09,0.01,-1
5534.25,0.514498,-1
5534.78,0.22978871,-1
5536,0.48771676,-1
5537,0.12484639,-1
5537.25,0.04,-1
5538,1,-1
5538.75,0.00092799,-1
5538.81,2,-1
5539.74,0.0007763,-1
5540,0.06611551,-1
5541,0.17704385,-1
5541.42,0.2541,-1
5543,0.30208918,-1
5544,0.54776655,-1
5544.23,0.08746848,-1
5545.69,0.0078368,-1
5546.64,0.52651552,-1
5546.79,0.9530248,-1
5548,0.5,-1
5549,5.09199841,-1
5550,21.64741786,-1
5550.38,0.00113362,-1
5550.99,0.5,-1
5555,35.8035711,-1
5555.55,55.4022554,-1
5556,2.35557071,-1
5556.02,0.94287861,-1
5557.33,0.00701444,-1
5558,1.1454,-1
5560,0.37311223,-1
5562.54,2.6,-1
5563.4,7.05,-1
5563.81,0.259,-1
5564.37,0.3,-1
5565,10.014685,-1
5566,0.13994,-1
5567.61,0.00583733,-1
5568,0.259,-1
5570,7.04337163,-1
5572.66,1,-1
5574.24,0.25,-1
5575,1.10355336,-1
5577,8,-1
5577.77,0.15253766,-1
5578,2,-1
5579,0.0073,-1
5579.78,0.05,-1
5580,2,-1
5580.8,3,-1
5582,0.25,-1
5582.33,2,-1
5582.57,0.00203746,-1
5585,2,-1
5588,0.605419,-1
5589.43,0.005,-1
5590,4.26269944,-1
5590.48,0.002949,-1
5590.5,1.14916291,-1
5592,1,-1
5592.48,0.17955103,-1
5594,7,-1
5595,0.5,-1
5598,1.5,-1
5598.8,0.016,-1
5599,1.178,-1
5600,181.14339674,-1
5600.11,1,-1
5601,0.0134,-1
5601.82,0.2,-1
5602,0.01,-1
5608.6,0.01670154,-1
5616.6,0.00713135,-1
5618,0.35599857,-1
5620,0.20922881,-1
5620.33,0.00091452,-1
5621.16,0.00076506,-1
5622,2.02416197,-1
5625,6.9519802,-1
5626,0.16,-1
5629.57,0.06480083,-1
5630,1.30468391,-1
5634,0.14236735,-1
5636.5,1,-1
5638.37,0.00035471,-1
5638.88,0.01446741,-1
5639.96,0.0078368,-1
5640,1.40374747,-1
5642,15.06945289,-1
5644.44,0.006,-1
5645,1.01509831,-1
5648,0.074685,-1
5649,0.15,-1
5649.11,1.37375955,-1
5650,13.31473515,-1
5650.5,1,-1
5651,0.04187931,-1
5653,0.5,-1
5654,0.26191631,-1
5655.01,0.15598312,-1
5656,0.00998939,-1
5656.56,3.54014277,-1
5657,1,-1
5662.81,2,-1
5663,4,-1
5663.64,0.06356336,-1
5665,0.61756398,-1
5666,7.71017649,-1
5666.31,0.00200735,-1
5666.66,0.1,-1
5666.77,16.7,-1
5668,0.5,-1
5669,0.86639795,-1
5669.1,0.25,-1
5670,1.91322751,-1
5670.68,0.00380065,-1
5673.02,2,-1
5674,1.02552696,-1
5675,0.26,-1
5676,0.79281183,-1
5678,4.27684066,-1
5678.88,0.03,-1
5678.91,0.0017609,-1
5679,0.264131,-1
5681.72,0.00503369,-1
5684,1,-1
5685,1.81844225,-1
5685.01,0.01822688,-1
5685.51,0.002949,-1
5686,1,-1
5689.38,0.03865266,-1
5690,2.74692442,-1
5692,0.25,-1
5693,0.363,-1
5694,0.00351246,-1
5695,6.55819018,-1
5696.03,0.00801666,-1
5697.81,0.03097175,-1
5698.8,0.016,-1
5699,2.17546938,-1
5699.29,0.125,-1
5700,131.25319081,-1
5700.11,1,-1
5701.82,0.2,-1
5703.12,0.00090124,-1
5703.35,0.02966151,-1
5703.79,0.00075398,-1
5704,17.74737727,-1
5705.53,0.01,-1
5707.32,0.0052,-1
5708,0.2498248,-1
5709.99,0.15190729,-1
5710,0.41934851,-1
5711.43,2,-1
5713,0.355,-1
5714.21,0.36826612,-1
5714.29,1.625,-1
5717.17,0.25,-1
5718,0.00349772,-1
5719,0.65570904,-1
5720,0.15,-1
5721,0.1,-1
5721.78,0.24817277,-1
5722.47,0.01175048,-1
5723,14.27974838,-1
5723.75,10,-1
5724,0.0349406,-1
5725,3.96456244,-1
5727,0.5,-1
5728,0.5,-1
5728.26,0.10153915,-1
5730,0.585011,-1
5732,0.00034891,-1
5733,0.048685,-1
5735.59,0.00524358,-1
5735.84,0.0078368,-1
5738,0.00348553,-1
5739,0.8,-1
5739.01,0.25,-1
5740,0.6868915,-1
5742,3.77934517,-1
5742.13,0.15,-1
5743,0.00522375,-1
5744,0.25034818,-1
5745,1,-1
5745.25,0.01713589,-1
5747.27,1,-1
5748,0.08,-1
5749,4.57018608,-1
5750,194.81189939,-1
5751.3,0.00197768,-1
5752,0.00096488,-1
5755,0.7,-1
5755.55,0.25,-1
5756,0.02684155,-1
5757.57,3.478035,-1
5758,0.03,-1
5761.28,0.27,-1
5764,10.25,-1
5768,3.46740638,-1
5769,0.17334026,-1
5770,1.10971534,-1
5773,0.05,-1
5775,2.93400882,-1
5776,0.434,-1
5777,12.33160472,-1
5777.77,18.19510529,-1
5778,4.04,-1
5780,10.12110726,-1
5781,0.02,-1
5782.17,0.002949,-1
5783,0.01,-1
5783.82,0.00034579,-1
5785,0.371,-1
5785.88,0.3,-1
5786,0.00051849,-1
5787,0.06,-1
5787.12,0.00088816,-1
5787.21,3,-1
5787.62,0.00074306,-1
5788,1.43455079,-1
5788.16,0.05195103,-1
5788.22,5,-1
5789,2.32,-1
5789.68,0.00698636,-1
5790,3.6658,-1
5794,0.00345184,-1
5797.96,0.00172647,-1
5798,1,-1
5798.8,0.016,-1
5799,1.0518202,-1
5799.04,0.03802525,-1
5800,200.4717351,-1
5800.11,1,-1
5801,3,-1
5801.56,0.15598312,-1
5801.82,0.2,-1
5805,1,-1
5805.13,3.1861295,-1
5805.56,0.00625,-1
5808,0.4965,-1
5810,11.11040339,-1
5812,1,-1
5814,0.00171998,-1
5819,0.014685,-1
5820,10.00373549,-1
5821,0.00057206,-1
5822,2.04319822,-1
5822.11,0.25,-1
5822.89,0.00370131,-1
5823,1.5,-1
5823.73,0.34342251,-1
5825,2.11170446,-1
5825.2,0.0054,-1
5828.25,0.02604939,-1
5830,11.5321,-1
5832,0.00171467,-1
5833.35,0.0078368,-1
5834,0.00034281,-1
5834.61,0.59075548,-1
5836,10.08650738,-1
5837.18,0.022,-1
5837.57,0.00194846,-1
5839,0.00856311,-1
5841,0.12564714,-1
5842,3.26001041,-1
5843,0.135,-1
5844,0.17,-1
5844.62,0.00034219,-1
5845,5.97747346,-1
5845.6,0.02027602,-1
5846,1,-1
5847.89,3.1,-1
5849.07,1.41691,-1
5850,68.06742376,-1
5850.69,3,-1
5851,0.02264741,-1
5852.44,0.91003849,-1
5852.95,0.24996283,-1
5853,1.6123212,-1
5853.85,0.00701444,-1
5854,1.547699,-1
5855,2.76062339,-1
5856.73,1,-1
5857,1.6856,-1
5857.64,0.0030729,-1
5858,1.1068231,-1
5858.58,3.41806888,-1
5860,1,-1
5860.69,0.03903977,-1
5860.86,0.00018768,-1
5863,0.00757291,-1
5864,21,-1
5865,0.15,-1
5866,1.07203814,-1
5867,2.5,-1
5869,2.60223206,-1
5870,0.1623327,-1
5870.5,1.94143114,-1
5872,0.01530143,-1
5872.36,0.00087527,-1
5872.69,0.00073229,-1
5872.84,0.03865266,-1
5874,0.04,-1
5875,0.1,-1
5876,0.00065861,-1
5877.08,0.015,-1
5878,4,-1
5880,43.8665068,-1
5880.47,0.002949,-1
5881,0.01295,-1
5885,1.25933502,-1
5885.19,0.00425,-1
5887,22.11715916,-1
5888,13.08715263,-1
5888.11,0.1,-1
5888.88,2.04464003,-1
5888.99,28.99,-1
5889,5.08,-1
5890,7.01753392,-1
5891,1.11255795,-1
5893,0.06108942,-1
5894.99,0.00341137,-1
5895,0.41560644,-1
5896,0.00339213,-1
5898,0.49520103,-1
5898.56,0.01,-1
5898.8,0.016,-1
5899,0.77957989,-1
5900,324.36449408,-1
5900.11,1,-1
5901.1,1.14688142,-1
5901.82,0.2,-1
5902,0.36495883,-1
5905,0.31,-1
5906,0.264685,-1
5907,1.5698324,-1
5910,22.02584725,-1
5912,1.43,-1
5914,0.00033818,-1
5914.46,2,-1
5915,0.00753592,-1
5915.92,0.03451862,-1
5918,0.06,-1
5919,3.062623,-1
5920,3.1795,-1
5920.01,0.00044932,-1
5921,4.72619152,-1
5922,0.1,-1
5923,2,-1
5925,5.25,-1
5925.14,0.00191966,-1
5927.36,0.1,-1
5927.64,0.33986,-1
5930,2.20187731,-1
5932,0.47866526,-1
5932.18,0.66219514,-1
5932.52,0.0078368,-1
5933,1,-1
5935,0.16849199,-1
5938,1.18701653,-1
5938.88,1,-1
5939,2,-1
5940,0.2118644,-1
5942,5,-1
5943.09,0.0056,-1
5944,0.25,-1
5945,4.5,-1
5946,1,-1
5946.54,0.25,-1
5947,1.07432318,-1
5947.08,0.125,-1
5948,0.18336247,-1
5948.1,0.15598312,-1
5948.71,0.021,-1
5949,1.78768529,-1
5950,122.5659986,-1
5953,0.04812027,-1
5954.53,0.022,-1
5956,0.59791924,-1
5957,0.1,-1
5958,0.19696206,-1
5958.86,0.00086256,-1
5959,6,-1
5959.01,0.00072168,-1
5959.59,3.36013551,-1
5962,0.01,-1
5962.25,7.05192099,-1
5964,1,-1
5966.67,0.0065,-1
5966.89,0.16759149,-1
5968,0.25368632,-1
5969,5,-1
5970,5.73700149,-1
5971,6.02797856,-1
5972,0.5,-1
5975,6.31202676,-1
5977,1.70615352,-1
5978,0.0025092,-1
5979,0.025,-1
5979.17,0.00360456,-1
5979.74,3,-1
5980,3.91373951,-1
5980.43,0.002949,-1
5981,7.1960681,-1
5982,1,-1
5982.08,0.25,-1
5982.73,0.00064184,-1
5985,2.88708542,-1
5986,0.26083528,-1
5987,4.11462276,-1
5988,11.00334001,-1
5989,19.26437271,-1
5989.54,0.02096276,-1
5989.73,1,-1
5989.99,19.9,-1
5990,7.67554417,-1
5991,15.86186824,-1
5993.93,0.15,-1
5994.01,1,-1
5995,37.57190024,-1
5996,0.16310925,-1
5996.24,0.66,-1
5997,13.84842413,-1
5997.09,2,-1
5997.61,0.25,-1
5997.79,0.1,-1
5998,4.22631157,-1
5998.7,0.5,-1
5998.8,0.016,-1
5999,96.41450863,-1
5999.69,0.20503629,-1
5999.99,0.1,-1
6000,1382.51527809,-1
6000.11,1,-1
6000.25,0.49997916,-1
6000.38,0.3,-1
6000.57,10,-1
6000.69,16.23254325,-1
6000.9,0.01149327,-1
6001,1.69998924,-1
6002,0.106,-1
6002.75,1,-1
6006,0.828,-1
6007,1,-1
6008,0.29208096,-1
6010,5.31515143,-1
6011,0.057,-1
6013,0.03326238,-1
6014.02,0.00189129,-1
6015,1,-1
6018,1.00966135,-1
6018.75,0.04,-1
6019,0.01012,-1
6020,4.632,-1
6027,0.075,-1
6030,1.147,-1
6030.49,0.1,-1
6038,1.00331235,-1
6041.51,0.16999759,-1
6043,0.08522257,-1
6045,0.00827129,-1
6046,0.105,-1
6046.6,0.00097083,-1
6046.63,0.00116183,-1
6048,0.25,-1
6050,8.40889228,-1
6055,1.19106936,-1
6056.29,0.03865266,-1
6057,0.114,-1
6058,0.00330141,-1
6059,0.00990262,-1
6060.6,4.9562007,-1
6060.98,0.0058,-1
6063,1.02,-1
6064.45,0.00032979,-1
6069.69,1.67235386,-1
6070,0.15,-1
6072.66,1,-1
6073,1,-1
6075,0.38910452,-1
6078,0.00246791,-1
6080,3.295,-1
6082.1,0.002949,-1
6083,0.57848,-1
6084,1,-1
6085,0.014685,-1
6087,0.08536562,-1
6087.76,25.92032856,-1
6087.86,0.00164426,-1
6088,2,-1
6089,1.5,-1
6093,0.1,-1
6094.37,0.5,-1
6094.44,0.022,-1
6094.65,0.15598312,-1
6095,3,-1
6096,3,-1
6096.43,0.5,-1
6098,0.07,-1
6098.8,0.016,-1
6099,3.35244467,-1
6100,107.72842317,-1
6100.11,1,-1
6104.24,0.00262429,-1
6108,2,-1
6108.08,0.00881127,-1
6108.54,0.01688981,-1
6109,0.92610908,-1
6110,10.39768059,-1
6111.11,0.1,-1
6112,0.09664267,-1
6118,0.49035632,-1
6120,0.15,-1
6121,0.32674399,-1
6121.45,0.00024503,-1
6123,1.0001,-1
6123.6,1,-1
6124,1.60373775,-1
6125,1.1775053,-1
6127.78,0.00675,-1
6130,0.22529878,-1
6131.71,0.575028,-1
6133,0.1467,-1
6134,5.8086,-1
6135,1,-1
6135.48,0.00098478,-1
6135.7,0.00117892,-1
6138,0.00325839,-1
6139.65,0.00351034,-1
6140,3.26734749,-1
6145,1,-1
6148.4,1.99768041,-1
6149,0.00325256,-1
6150,28.98766534,-1
6150.5,0.72337571,-1
6154,0.00487487,-1
6157,0.02267987,-1
6157.82,0.354,-1
6158,0.0032478,-1
6161.61,6.49993427,-1
6164,4.73908313,-1
6168,0.00324254,-1
6169,0.32420165,-1
6169.69,2.00054865,-1
6170,1.4,-1
6174.55,0.00032391,-1
6174.9,0.702,-1
6175,0.01215,-1
6176,0.014685,-1
6178,4,-1
6178.86,0.006,-1
6179,0.65,-1
6180,2.29408228,-1
6180.33,0.1,-1
6182.3,0.2095,-1
6184,0.00485122,-1
6185,0.36422841,-1
6185.5,0.002949,-1
6189,1.14069962,-1
6190,12.5180694,-1
6191.05,0.00093952,-1
6193.73,0.02993335,-1
6194,0.01049401,-1
6195,1.50983535,-1
6195.81,0.00266365,-1
6197,1,-1
6198,2.16815,-1
6198.8,0.016,-1
6199,0.75,-1
6200,333.69848796,-1
6203,0.02273093,-1
6211.18,0.033649,-1
6212,0.00354153,-1
6212.31,0.02224615,-1
6218,0.00884528,-1
6219,0.00032159,-1
6220,0.08,-1
6220.08,0.02036189,-1
6222,0.68929557,-1
6222.22,0.1,-1
6223,1,-1
6224,0.00321336,-1
6225.67,0.00099959,-1
6226.08,0.00119629,-1
6226.11,3.2382,-1
6238,1.00480923,-1
6239.75,0.03865266,-1
6240,0.76944461,-1
6241.01,0.00001234,-1
6241.19,0.15598312,-1
6244,0.097,-1
6245,0.29623698,-1
6246,0.00080706,-1
6246.65,0.15,-1
6248,0.02,-1
6248.19,1,-1
6249,0.54784035,-1
6249.69,0.15667977,-1
6250,41.01340546,-1
6250.99,0.00511703,-1
6253.83,0.0317698,-1
6254,6.3345379,-1
6255,0.19215162,-1
6255.59,0.25,-1
6257,0.1,-1
6258,3.1311959,-1
6259,2,-1
6259.5,0.04,-1
6260,0.626,-1
6262.62,7.99387157,-1
6268,0.014685,-1
6269,0.0159515,-1
6270,0.05800257,-1
6272,0.147,-1
6274,0.00318775,-1
6278,0.00796431,-1
6284.3,0.3844,-1
6287.24,0.33,-1
6288,0.00318066,-1
6288.37,8.6271306,-1
6288.75,0.00270361,-1
6288.89,0.007,-1
6290,2,-1
6290.65,0.002949,-1
6292.96,4.20569094,-1
6295,1.03971405,-1
6296.75,0.0062,-1
6298.8,0.016,-1
6299,3.17575075,-1
6300,49.26119795,-1
6301,0.176,-1
6304.44,0.00341859,-1
6308,0.098,-1
6309,0.67498715,-1
6311.35,0.00023766,-1
6311.64,0.08275345,-1
6312.25,0.00031684,-1
6313.12,0.0002376,-1
6313.2,1.60512028,-1
6317,0.5,-1
6317.18,0.00101502,-1
6317.79,0.00121393,-1
6320,0.05404113,-1
6320.65,0.03802615,-1
6321,0.031,-1
6322.21,0.00031634,-1
6323,0.2,-1
6324,0.5,-1
6325,1.68311909,-1
6330,1.5,-1
6333,2.4,-1
6337,2.07355531,-1
6340,1,-1
6341,1,-1
6341.45,0.00031538,-1
6342,0.02342163,-1
6349.67,0.01,-1
6350,14.71510079,-1
6352,0.00078715,-1
6354,0.52373937,-1
6357,0.00099889,-1
6358.73,0.00129742,-1
6362,0.014685,-1
6363,0.5,-1
6363.63,9.44038072,-1
6365,0.129,-1
6367.16,0.00174659,-1
6369,1.05899788,-1
6370,0.55311459,-1
6374.43,0.00393,-1
6375.84,0.2,-1
6377.77,0.52264819,-1
6379,0.15,-1
6380,0.1,-1
6383.09,0.00274416,-1
6384,1,-1
6385,25.31785024,-1
6385.41,0.00391517,-1
6386.9,0.0303456,-1
6387,0.105,-1
6387.74,0.15598312,-1
6388,1,-1
6389,0.4469,-1
6390,0.5,-1
6392.26,0.00151404,-1
6393,7,-1
6394,0.00563027,-1
6395,1,-1
6397.59,0.002949,-1
6398.8,0.016,-1
6399,1.0049428,-1
6400,90.17532003,-1
6401,0.17630461,-1
6402,0.073,-1
6405,1.5731,-1
6406,0.74864442,-1
6410.04,0.00102895,-1
6410.85,0.00123179,-1
6413,0.5,-1
6414.63,0.0064,-1
6417,0.156,-1
6420,1.55147778,-1
6421,1,-1
6424.71,3,-1
6425,0.68,-1
6428.57,1.625,-1
6435,0.66167055,-1
6437,0.02270467,-1
6438,4.2278989,-1
6444,0.3,-1
6444.44,0.1,-1
6444.45,1.44,-1
6444.93,0.25,-1
6446.23,0.00405812,-1
6447,5,-1
6449,0.62422037,-1
6450,59.9987313,-1
6450.85,0.03950022,-1
6452,0.2050606,-1
6452.31,0.5,-1
6455,0.25,-1
6457,1,-1
6458,0.231685,-1
6459,0.0733931,-1
6460,0.3,-1
6461,0.77387401,-1
6464.64,10.84168801,-1
6466,1.14,-1
6467,0.104,-1
6469,5,-1
6471,6.73496433,-1
6472,0.14575593,-1
6473.65,0.00332923,-1
6474.77,0.04203037,-1
6475,4.58357528,-1
6477,0.1386,-1
6478.33,11.6459471,-1
6478.84,0.00278532,-1
6480,4.505,-1
6484,0.0116,-1
6485,0.06898,-1
6488,2.02059906,-1
6490,2.43672783,-1
6491,1,-1
6492,2,-1
6493,0.05,-1
6495,0.46426004,-1
6496.01,0.6036142,-1
6497,1.0914721,-1
6498,0.13624249,-1
6498.8,0.016,-1
6499,15.5277849,-1
6499.98,5,-1
6499.99,0.6662,-1
6500,517.82180891,-1
6500.25,0.04,-1
6501.05,1,-1
6501.29,1,-1
6502,0.00044294,-1
6504,1,-1
6504.26,0.00104432,-1
6505.28,0.00124993,-1
6506.35,0.002949,-1
6509.56,0.00030724,-1
6511,4.59,-1
6514,0.00099938,-1
6517,5.2,-1
6518,2.39207742,-1
6520,10,-1
6522.79,0.3361169,-1
6523,0.67351877,-1
6525,1.25,-1
6528,0.06487132,-1
6532.52,0.0066,-1
6534.28,0.15598312,-1
6536,0.09012446,-1
6538,1,-1
6541,0.01305763,-1
6543,1.24743131,-1
6543.21,0.2399581,-1
6544,1.57110348,-1
6547,1.47375629,-1
6548,0.06,-1
6550,6.58523691,-1
6554,0.00610314,-1
6555,0.6302212,-1
6555.21,0.210958,-1
6555.55,0.1,-1
6563.32,0.25,-1
6564,0.60037472,-1
6565.65,12.19987815,-1
6566,1,-1
6566.32,0.01665508,-1
6570.42,0.00441336,-1
6575,1,-1
6576.03,0.0028271,-1
6578,0.00098814,-1
6579,0.18773201,-1
6581,0.00379881,-1
6581.33,0.1,-1
6582,1.654,-1
6583,0.00455719,-1
6583.64,0.03802607,-1
6584.92,1,-1
6587,0.40995851,-1
6590,2.485094,-1
6596.09,0.08111874,-1
6596.18,0.51,-1
6598.8,0.016,-1
6599,1.01509674,-1
6599.87,0.00106048,-1
6600,107.37401855,-1
6601,0.04079743,-1
6601.1,0.00126835,-1
6603,0.09328032,-1
6611.11,0.0075,-1
6611.64,4.9913376,-1
6616.96,0.002949,-1
6620,0.01,-1
6625,0.13255044,-1
6630,2.0530697,-1
6637,0.029,-1
6640.61,0.01505885,-1
6644.24,0.00030101,-1
6645,1.151,-1
6647.4,0.00324221,-1
6648,0.00376052,-1
6650,3.51203008,-1
6650.41,0.0068,-1
6651.6,0.36654038,-1
6660,0.25,-1
6660.21,0.00005213,-1
6663,0.45029651,-1
6666,6.29850275,-1
6666.66,60.79385679,-1
6666.88,0.1,-1
6667,20.04804409,-1
6668,1.98569685,-1
6670,1.4,-1
6674.68,0.00286951,-1
6677,0.027,-1
6680.83,0.15598312,-1
6681,1,-1
6683,0.25,-1
6684,0.42012608,-1
6687.21,3,-1
6690,0.67264573,-1
6696.88,0.00107587,-1
6698,0.00373245,-1
6698.33,0.00128703,-1
6698.8,0.01077384,-1
6700,45.81980497,-1
6700.11,0.00422242,-1
6702.12,0.00582154,-1
6716,0.13,-1
6717.49,0.16530281,-1
6719,0.03384878,-1
6721,0.29757476,-1
6722,0.07473138,-1
6725,2.38401154,-1
6729.45,0.002949,-1
6731,0.05,-1
6731.13,0.1,-1
6732,0.74272133,-1
6732.45,0.0002228,-1
6733.11,0.00014851,-1
6736,0.08744412,-1
6737,0.02146131,-1
6740,1.83605341,-1
6741,0.04,-1
6743.83,0.02255691,-1
6745,25.100001,-1
6745.25,0.01482524,-1
6745.89,9,-1
6748,4.0037048,-1
6749,0.34526157,-1
6749.11,1,-1
6749.87,0.25,-1
6750,27.42667674,-1
6757.5,0.84319,-1
6759,3,-1
6760,10.55160701,-1
6763,1,-1
6766.99,0.110792,-1
6767.67,0.009999,-1
6768.29,0.007,-1
6770,0.3,-1
6772.22,0.00775,-1
6774.81,0.00291256,-1
6777,1.81321,-1
6777.77,0.13466671,-1
6785,0.89,-1
6785.43,0.07167,-1
6787,2,-1
6788,2.79670153,-1
6789,0.6789,-1
6789.1,0.00147294,-1
6790,10.04333635,-1
6791,0.683,-1
6793,0.61935383,-1
6795.32,0.00109194,-1
6797,0.38380601,-1
6798,2.59196179,-1
6799,1.05673628,-1
6799.25,2.42753093,-1
6799.64,1,-1
6800,157.32122134,-1
6803.28,0.00029397,-1
6808,0.09758156,-1
6810,0.681,-1
6813.76,0.00293523,-1
6816,0.0733568,-1
6816.49,0.25,-1
6817,0.086,-1
6818.65,0.07302738,-1
6825,3.675,-1
6825.82,0.00315746,-1
6827.37,0.15598312,-1
6829,1.935,-1
6830,0.00136749,-1
6835,0.5,-1
6836,0.1,-1
6839.22,0.00029243,-1
6843.85,0.002949,-1
6845,0.00073046,-1
6848,2.0636507,-1
6849,0.81979831,-1
6850,6.9604452,-1
6852,0.14132807,-1
6854.36,0.00029178,-1
6854.4,0.27,-1
6858,0.0010207,-1
6860,1.10932944,-1
6862.63,0.09777946,-1
6864,0.00291375,-1
6865,3.094,-1
6867,0.44042667,-1
6868,0.165,-1
6875,0.86,-1
6875.5,1.4,-1
6876.44,0.00295624,-1
6878,0.41827783,-1
6880,12.82870874,-1
6881,0.04619275,-1
6885,0.00146,-1
6886,1,-1
6886.18,0.0072,-1
6888,3.29238065,-1
6889,6.06724371,-1
6890,7,-1
6892,5,-1
6894,0.00435161,-1
6895,1,-1
6895.21,0.00110675,-1
6896,0.38764356,-1
6897.12,0.00132527,-1
6898,0.00362423,-1
6899,21.52806733,-1
6900,280.47555875,-1
6901.54,0.02173427,-1
6903.3,0.015,-1
6908,0.36551824,-1
6910,0.70188557,-1
6912.25,0.00028934,-1
6913,0.1386,-1
6915,0.75,-1
6920,0.3658,-1
6921.92,0.14526232,-1
6923.58,0.00582952,-1
6924,1,-1
6924.12,0.00361056,-1
6925,6,-1
6928.11,0.5,-1
6930,1.52,-1
6931,2,-1
6933,0.5,-1
6933.33,0.008,-1
6937,0.1,-1
6938.88,1,-1
6941.69,1,-1
6942,3,-1
6944,5,-1
6945,0.05759539,-1
6947.4,0.1555,-1
6947.47,1.45240925,-1
6948,0.00359815,-1
6949,0.1,-1
6950,16.71632074,-1
6951,1,-1
6957.6,0.00001234,-1
6958,1.92,-1
6959,1.8,-1
6960.19,0.002949,-1
6967,0.0376115,-1
6969,15.8015562,-1
6969.42,1.06362069,-1
6969.69,5.20316215,-1
6970,2.86944045,-1
6971,0.00099985,-1
6973.92,0.15598312,-1
6975,1,-1
6978.11,0.11293291,-1
6979.59,0.00300059,-1
6980,4.58166189,-1
6981.75,0.04,-1
6982,1,-1
6984.22,0.6,-1
6985,5.12222363,-1
6986,2.09405,-1
6986.1,0.25,-1
6987,1,-1
6988,4,-1
6989,1.01462276,-1
6990,2.92515583,-1
6991.97,0.25,-1
6993.93,0.2,-1
6994,0.01258857,-1
6995,5.07296068,-1
6996.41,0.66,-1
6996.56,0.00112313,-1
6997,10.7,-1
6997.79,0.1,-1
6998,0.00357244,-1
6998.35,1,-1
6998.71,0.00134476,-1
6999,7.58642263,-1
6999.01,0.24516974,-1
6999.89,2.14805947,-1
7000,887.07643457,-1
7000.01,0.03334119,-1
7001,0.75196554,-1
7002,0.5,-1
7004.07,0.0074,-1
7005,1,-1
7007,4.23498657,-1
7008,0.05998548,-1
7009.02,0.00307494,-1
7009.97,0.01443659,-1
7012,0.68130255,-1
7012.21,0.00008384,-1
7022,0.177038,-1
7023.04,0.00440643,-1
7024,0.083911,-1
7025,6.96533285,-1
7030,0.084,-1
7031,0.99926782,-1
7037.41,0.33611655,-1
7042,0.085,-1
7045,3,-1
7048,0.0035471,-1
7050,2.002702,-1
7055,0.70871722,-1
7068,0.10721392,-1
7071,0.00707113,-1
7072.66,1,-1
7078.52,0.002949,-1
7079,8,-1
7084.29,0.00304559,-1
7085,0.00352858,-1
7085.93,0.00582153,-1
7088,1,-1
7089,0.0652,-1
7089.9,0.07061062,-1
7090,1,-1
7094.44,0.00825,-1
7097,3.41706555,-1
7098,0.00352211,-1
7099.4,0.00113965,-1
7100,26.56494749,-1
7101.8,0.00136455,-1
7109,0.091,-1
7111,1,-1
7114,6.61547121,-1
7117,0.11012,-1
7120,6.53,-1
7120.46,0.15598312,-1
7121.95,0.0076,-1
7128.18,1,-1
7130,0.09,-1
7135,0.00015743,-1
7138.82,0.00028015,-1
7139.58,0.00098044,-1
7140,0.00560224,-1
7142.86,1.625,-1
7145,2,-1
7146,0.09254904,-1
7148,0.01399748,-1
7150,14.10355983,-1
7169,0.5,-1
7170,1.43528592,-1
7175,5,-1
7185,0.085,-1
7190.56,0.00309128,-1
7195.21,2,-1
7197.15,0.00299456,-1
7197.53,0.03802554,-1
7198,0.00347318,-1
7198.85,0.002949,-1
7199,10.91837809,-1
7200,532.33845011,-1
7201,0.01,-1
7203.76,0.00115738,-1
7205,0.19,-1
7206.41,0.00137721,-1
7208,1,-1
7210,0.02554785,-1
7214.26,1.397323,-1
7216,0.00762195,-1
7222,1.1,-1
7222.5,0.041,-1
7224,2.5,-1
7225,0.088,-1
7231.42,0.00027657,-1
7234,6.83294995,-1
7239.84,0.0078,-1
7245,3.78,-1
7245.63,1,-1
7247.94,0.25,-1
7248,0.00344922,-1
7250,35.55025176,-1
7253,0.25,-1
7255.56,0.0085,-1
7258,0.40856921,-1
7262,0.69,-1
7265,0.087,-1
7267.01,0.15598312,-1
7269,1.69,-1
7270,0.41265474,-1
7272,7.90940004,-1
7275,2.6,-1
7280,2.6,-1
7281,0.00343359,-1
7284.2,0.01,-1
7285,1,-1
7286.62,0.10979027,-1
7288,2.6,-1
7289.92,1,-1
7290,0.7587061,-1
7295,10,-1
7298,2.00342559,-1
7298.42,0.00313765,-1
7299,1.13459226,-1
7300,51.99014268,-1
7306,0.082,-1
7306.54,0.29090065,-1
7309.65,0.00117361,-1
7310,10,-1
7311.14,0.01076165,-1
7312,10,-1
7312.56,0.00139749,-1
7314,0.1,-1
7317,0.026,-1
7319,10,-1
7320,0.005,-1
7321,2,-1
7321.23,0.002949,-1
7322.32,0.00027313,-1
7325,0.1,-1
7330,27.82090762,-1
7340,2,-1
7345.8,0.01361322,-1
7347,0.5,-1
7348,0.00340228,-1
7350,2.83824315,-1
7351.13,0.1,-1
7352,0.25680087,-1
7353,0.5,-1
7357.72,0.008,-1
7368.78,0.00474976,-1
7369,0.00765232,-1
7374.99,25,-1
7375,0.7037306,-1
7379,0.1,-1
7380,0.1,-1
7385,0.45,-1
7387,0.06091782,-1
7388,10.70874116,-1
7389,0.00075439,-1
7390,0.56324971,-1
7390.32,0.00291629,-1
7391,0.2,-1
7394,5,-1
7398,0.00337929,-1
7399,3.37883497,-1
7400,162.67381253,-1
7402,0.077,-1
7407.9,0.00318471,-1
7408,0.33364628,-1
7410,2.32,-1
7411.35,0.00020239,-1
7412.58,0.00044923,-1
7413.55,0.15598312,-1
7416.67,0.00875,-1
7417.1,0.00119146,-1
7417.4,0.00081351,-1
7417.83,1,-1
7418.74,0.00919314,-1
7419,0.09987868,-1
7419.56,0.2389959,-1
7420,10.5,-1
7420.27,0.00141808,-1
7426,0.00673309,-1
7428,0.10403877,-1
7431,3,-1
7432.47,0.01995556,-1
7441.85,0.03338014,-1
7442,5,-1
7444,5.85616398,-1
7444.55,1.55,-1
7445.69,0.002949,-1
7448,0.0633566,-1
7449,0.01554837,-1
7450,11.37239954,-1
7453,0.25,-1
7455,0.2548625,-1
7463.25,0.040168,-1
7467,0.05,-1
7475,5.00297075,-1
7475.61,0.0082,-1
7478,0.00401176,-1
7480,0.02673796,-1
7488,0.085,-1
7488.01,0.1461985,-1
7488.81,0.1,-1
7489,28,-1
7490,10.00667556,-1
7493,0.84,-1
7493.36,0.00667257,-1
7495,8.92769201,-1
7496.53,4,-1
7497.17,1,-1
7498,0.00333422,-1
7498.5,1.54224044,-1
7499,1.85,-1
7499.43,0.007,-1
7499.65,0.5,-1
7499.99,0.6662,-1
7500,496.87089967,-1
7501.25,3,-1
7502,0.09,-1
7503,1.29,-1
7504.99,0.00333111,-1
7505,0.01,-1
7519.02,0.00323249,-1
7522.22,1,-1
7524.73,1,-1
7526.13,0.00120908,-1
7528,0.00398512,-1
7529,2.53608186,-1
7529.57,0.00143896,-1
7530,0.076,-1
7540,2.0800095,-1
7548,0.00331213,-1
7549,0.2,-1
7550,4.13019759,-1
7553,0.66198861,-1
7555.5,2,-1
7560,1,-1
7560.1,0.15598312,-1
7568,1.925,-1
7572.27,0.002949,-1
7575,3.50264026,-1
7577.78,0.009,-1
7578,0.00395882,-1
7588.68,0.00284006,-1
7589,0.3,-1
7592.37,0.08699321,-1
7593.5,0.0084,-1
7595,0.01321492,-1
7598,2.00329033,-1
7600,122.24083373,-1
7606.58,0.13152954,-1
7612.94,0.25,-1
7615,10,-1
7625,5,-1
7628,0.00786574,-1
7630,2,-1
7631.81,0.00328098,-1
7635,10,-1
7636.76,0.00122685,-1
7640.48,0.00146016,-1
7648,0.00392259,-1
7649,0.25,-1
7649.47,1,-1
7650,1,-1
7652,6.09052273,-1
7654.32,0.00130645,-1
7655,0.25645689,-1
7658,0.00783494,-1
7660,0.075,-1
7665.49,0.00441336,-1
7665.8,1.0697879,-1
7669,0.61620133,-1
7670,6.28260387,-1
7675,0.75146579,-1
7680,0.4,-1
7683,0.026,-1
7684.35,0.5,-1
7685,1.87089433,-1
7691,1,-1
7698,0.00389711,-1
7699,0.123,-1
7700,18.54194179,-1
7701,0.002949,-1
7704,0.040168,-1
7706.65,0.15598312,-1
7711.38,0.0086,-1
7711.59,13,-1
7715,0.074,-1
7717,2.9018051,-1
7718,0.07640466,-1
7720,0.217,-1
7725,10.5,-1
7728,0.00776396,-1
7738.89,0.00925,-1
7739.66,0.02584092,-1
7740,12,-1
7746.29,0.00333019,-1
7748,0.00387196,-1
7749.01,0.00124412,-1
7750,7.59110058,-1
7752,0.25,-1
7753.02,0.00148167,-1
7758,0.00773394,-1
7760,1.82,-1
7765,0.21284175,-1
7769,1.25,-1
7772,0.1,-1
7774,1,-1
7777,969.62032978,-1
7777.77,5.23466584,-1
7782.32,0.00025699,-1
7790,30.66869739,-1
7792.36,0.00276583,-1
7798,0.07937967,-1
7799,0.08,-1
7800,108.86118695,-1
7804.22,0.00999971,-1
7805,3.806,-1
7805.52,7.32571052,-1
7809,1,-1
7811.42,0.03802893,-1
7813,0.03090106,-1
7820,0.4,-1
7821.19,10.47942251,-1
7822,1.06430581,-1
7826.72,37.08835034,-1
7827,0.07,-1
7828,0.00383239,-1
7829.27,0.0088,-1
7845,0.0022766,-1
7848,0.00382262,-1
7850,5.31404068,-1
7853.19,0.15598312,-1
7856.86,0.20433263,-1
7857.14,1.625,-1
7858,0.00381776,-1
7862.49,0.00338014,-1
7862.91,0.00126215,-1
7867.22,0.00150349,-1
7870.1,1,-1
7870.15,2,-1
7875,0.1,-1
7877,1,-1
7878,0.00990099,-1
7878.78,0.37791586,-1
7880,2.06345177,-1
7881,0.00955,-1
7886,1,-1
7888,2.56987822,-1
7888.71,0.1,-1
7890,47.32671014,-1
7891,19.00192372,-1
7893.34,0.00035979,-1
7894,1.86,-1
7896,0.00316615,-1
7896.36,0.00528218,-1
7898,0.20379842,-1
7900,1044.68854849,-1
7903.96,0.99949898,-1
7908,1.83358624,-1
7918,3.16,-1
7920,0.00173254,-1
7925,10.2,-1
7928,0.0050454,-1
7930,3.43688247,-1
7931,0.0050435,-1
7933,0.02,-1
7937.85,0.00012597,-1
7938.88,1,-1
7942,5,-1
7943,0.5,-1
7944.75,0.040168,-1
7945,6.41553681,-1
7947.15,0.009,-1
7948,0.06377453,-1
7950,11.57587567,-1
7955,2,-1
7958,0.00376979,-1
7959,3.21315194,-1
7960,2.3442211,-1
7969,1.27535449,-1
7975,1,-1
7977,0.21568594,-1
7978.49,0.00128184,-1
7980,3.40562924,-1
7980.43,0.00342302,-1
7983,0.00731138,-1
7983.1,0.00152563,-1
7985,2.18973074,-1
7988,2.005,-1
7990,10.63987894,-1
7991,7.18650953,-1
7991.53,1.88954029,-1
7995,27.70084908,-1
7996,33.0313195,-1
7996.15,0.28,-1
7997.58,0.66,-1
7997.79,0.1,-1
7998,0.27020125,-1
7999,17.89848186,-1
7999.74,0.15598312,-1
7999.99,2.64533259,-1
8000,860.04862762,-1
8001.51,0.00269353,-1
8002.1,0.02,-1
8008,0.00393046,-1
8010,0.01248439,-1
8015,0.65,-1
8025,3,-1
8036,0.23,-1
8045,5.46546003,-1
8047.35,0.00024852,-1
8048,0.00497017,-1
8050,0.5088191,-1
8061.11,0.00975,-1
8065.04,0.0092,-1
8068,0.00371839,-1
8069,0.86751766,-1
8072.66,1,-1
8088,1.88178412,-1
8098,0.00493949,-1
8100,15.00151162,-1
8100.14,0.00347517,-1
8114.01,2,-1
8118,0.01381549,-1
8120,4.5,-1
8121.06,6.1816,-1
8123,2.2,-1
8125.7,0.66506515,-1
8128.3,0.46,-1
8132,0.00024594,-1
8141,0.00310773,-1
8142.87,0.07167,-1
8145,1.24073754,-1
8146.28,0.15598312,-1
8148,0.00981836,-1
8149,0.37724663,-1
8150,1.15282341,-1
8150.49,0.00014243,-1
8156,0.00122609,-1
8160,0.816,-1
8164,0.00367466,-1
8164.45,0.01224822,-1
8166.19,0.0030614,-1
8169,0.00489656,-1
8170,16.5,-1
8177,1.19567078,-1
8178,0.00366837,-1
8182.93,0.0094,-1
8184,0.00366568,-1
8185.5,0.040168,-1
8188,0.20368519,-1
8188.88,0.1,-1
8198,0.00609904,-1
8200,11.32062638,-1
8200.69,0.4206969,-1
8216.27,0.00262312,-1
8217,0.00243397,-1
8218,0.00365052,-1
8220,1.25,-1
8222.22,0.01,-1
8227,0.00364652,-1
8228,0.00486144,-1
8231.21,0.00024297,-1
8232,1.56997084,-1
8235,0.5,-1
8237,1,-1
8240,1,-1
8242,10,-1
8244.09,1.00063456,-1
8248,0.00969932,-1
8249,8.11838248,-1
8250,2.57285218,-1
8256,0.00363,-1
8264,0.0072604,-1
8272.73,10,-1
8275,1.12084592,-1
8283,0.00241458,-1
8286,0.88920231,-1
8288,0.00723938,-1
8292.83,0.15598312,-1
8298,0.00964086,-1
8300,3.90745436,-1
8300.81,0.0096,-1
8308,0.00361097,-1
8310.22,5,-1
8314,0.00360837,-1
8314.5,0.2932323,-1
8318,0.00360663,-1
8324,0.10360403,-1
8330,2.5,-1
8334,0.00359971,-1
8338,0.00359798,-1
8348,0.00718734,-1
8350,3.76900719,-1
8354,0.00359109,-1
8354.22,12,-1
8355,1,-1
8372.38,0.00023888,-1
8374,0.00358251,-1
8374.45,0.00023882,-1
8375,0.036,-1
8378,0.0071616,-1
8380,0.23866348,-1
8383.33,0.01025,-1
8398,0.00714454,-1
8400,31.22469792,-1
8407,0.00512368,-1
8412,0.00237755,-1
8418,0.00356379,-1
8418.7,0.0098,-1
8420,10,-1
8420.69,3.29,-1
8421.54,0.015,-1
8422,0.0125,-1
8424,0.00356125,-1
8426.25,0.040168,-1
8429.93,0.25,-1
8436.79,0.00255456,-1
8439.37,0.15598312,-1
8440,1.12,-1
8444,0.01355281,-1
8447,0.5,-1
8448,0.06355113,-1
8449,1,-1
8450,1.10491952,-1
8454,0.18952948,-1
8455,15,-1
8455.15,0.00023654,-1
8458,0.00236462,-1
8465,6.83156763,-1
8468,0.00354274,-1
8474,0.00354024,-1
8475,1,-1
8477,1,-1
8478,0.00353857,-1
8488.18,0.1698457,-1
8489,0.02,-1
8494,0.0047092,-1
8495,1.25603296,-1
8499,2.26380079,-1
8500,103.82376588,-1
8514,0.0035236,-1
8523,0.01302358,-1
8524,0.00469263,-1
8525,1.42593549,-1
8528,0.00351782,-1
8529.12,1.57240321,-1
8536.59,0.01,-1
8541.71,0.1,-1
8542,5.02643249,-1
8544.44,0.0105,-1
8548,0.00350959,-1
8549.62,15,-1
8550,1.1,-1
8560,0.02200127,-1
8562.72,0.2,-1
8565,0.5,-1
8566,0.0221,-1
8566.33,0.00023347,-1
8568,0.00466853,-1
8571.43,1.625,-1
8574,0.00816421,-1
8581.94,4.11303112,-1
8585,0.00990099,-1
8585.92,0.15598312,-1
8598,4.00348918,-1
8600,24.50289387,-1
8615,0.5,-1
8618,0.00928288,-1
8621.01,7.48429128,-1
8625,2.63161636,-1
8630,2,-1
8638,0.0046307,-1
8640.61,0.02314651,-1
8648,0.00346901,-1
8650,0.923816,-1
8654.47,0.0102,-1
8655.32,0.00023107,-1
8658,0.00462,-1
8660,0.08364189,-1
8663.23,0.00248779,-1
8667,0.040168,-1
8668,0.003461,-1
8671.22,0.01995556,-1
8673.15,0.00017294,-1
8675.39,0.00099937,-1
8678,0.00460935,-1
8693,0.00345105,-1
8696,1,-1
8698,0.00344906,-1
8700,12.37175623,-1
8705.56,0.01075,-1
8722.95,0.8075,-1
8725,10,-1
8727,0.02291738,-1
8728,0.00458295,-1
8730,2.055,-1
8732.46,0.15598312,-1
8733.15,0.00017175,-1
8734,0.00343485,-1
8740,1.4,-1
8746,0.00212554,-1
8748,0.00342935,-1
8750,7.90161803,-1
8752,1.57129798,-1
8757.4,5,-1
8760.56,0.00441336,-1
8764,0.00342309,-1
8765,0.0057045,-1
8765.43,32.02,-1
8768,0.00456204,-1
8772.36,0.0104,-1
8776.9,25.009769,-1
8777,12.03148015,-1
8783.1,0.02345071,-1
8785,1,-1
8787,10,-1
8790,0.171,-1
8791,100,-1
8798,1.70340986,-1
8800,82.26819807,-1
8826,2.83,-1
8827,0.07,-1
8828,0.00339827,-1
8848,0.00339059,-1
8853,0.25,-1
8860,2.83301,-1
8866.67,0.011,-1
8879.01,0.15598312,-1
8880,2.5,-1
8888,25.613878,-1
8888.81,0.1,-1
8888.87,0.16539699,-1
8888.88,2.76514026,-1
8889.15,1.26380754,-1
8890,2.07312498,-1
8890.24,0.0106,-1
8895.59,2,-1
8895.75,0.00242276,-1
8898,0.00337154,-1
8900,25.54493188,-1
8902,0.00999775,-1
8907.75,0.040168,-1
8925,1.80128931,-1
8930,3.23308835,-1
8933,2.25,-1
8934,0.18285795,-1
8940,0.25933503,-1
8948,6.67875782,-1
8950,17.70383759,-1
8960,2.8,-1
8961,1.5,-1
8963,0.00089255,-1
8965,3.3463469,-1
8975,5,-1
8975.78,2,-1
8977,0.75,-1
8980,1.52812883,-1
8987,1,-1
8989,18.0312,-1
8990,0.24449388,-1
8995,3.66016963,-1
8998,1.87849355,-1
8998.85,1,-1
8999,15.45276466,-1
8999.99,0.02464709,-1
9000,134.05915223,-1
9001,0.59,-1
9008.13,0.0108,-1
9009,0.15999,-1
9011,0.01012,-1
9025.55,0.15598312,-1
9027.78,0.01125,-1
9033,0.05,-1
9033.55,0.00022139,-1
9038,0.00331931,-1
9045.39,0.00014243,-1
9048,0.00331564,-1
9050,1.66681493,-1
9054.38,0.00022088,-1
9060,0.5,-1
9075,0.00033455,-1
9098,0.00439216,-1
9099,0.30046928,-1
9100,25.39882294,-1
9111,0.04429116,-1
9117.15,0.00016452,-1
9119,0.1,-1
9123,0.35979812,-1
9125,10,-1
9126.02,0.011,-1
9130,0.5,-1
9134.51,0.00235943,-1
9145,10,-1
9148,0.0032794,-1
9148.5,0.040168,-1
9150,3,-1
9172.1,0.15598312,-1
9178,10,-1
9181.19,0.1,-1
9188.89,0.0115,-1
9198,4.96486498,-1
9200,22.88313286,-1
9208.59,0.00021718,-1
9222.22,1,-1
9224,0.00325238,-1
9234,0.5,-1
9243.9,0.0112,-1
9248,0.00756919,-1
9250,0.41590702,-1
9254,1,-1
9258.92,1,-1
9263.2,0.4,-1
9264,0.00323834,-1
9265,2,-1
9275,1,-1
9277.77,1,-1
9280,0.00710237,-1
9285.71,0.25,-1
9298,0.0032265,-1
9299,0.4160446,-1
9300,7.07614808,-1
9300.1,0.17443794,-1
9318.64,0.15598312,-1
9322,0.00021454,-1
9325,0.1,-1
9330,3.94,-1
9332.55,0.0002143,-1
9333,1.35861511,-1
9348,0.06320924,-1
9350,1.60175,-1
9354.08,15,-1
9361.79,0.0114,-1
9379.69,0.00229776,-1
9380,72.61430851,-1
9380.73,0.037446,-1
9388,0.19825308,-1
9389.25,0.040168,-1
9398,0.00319216,-1
9400,10.03305222,-1
9409.94,0.00445486,-1
9420,10.44739667,-1
9420.69,1,-1
9423,34.48367292,-1
9425,1,-1
9444,3.0689156,-1
9445,10,-1
9448,0.06317527,-1
9450,1.46914061,-1
9456,1,-1
9465.19,0.15598312,-1
9470,0.07064189,-1
9473.22,2.0777,-1
9474.09,4.239,-1
9479.67,0.0116,-1
9490,6.0002,-1
9495,1.92658978,-1
9498,0.00315855,-1
9500,106.81064343,-1
9505,0.5,-1
9511.11,0.012,-1
9513,0.01,-1
9519,0.001,-1
9525,0.03284887,-1
9532,0.52454888,-1
9536,1.074,-1
9540,1,-1
9548,0.00314201,-1
9550,1.10471204,-1
9558,1,-1
9561.58,0.00000003,-1
9568.11,0.1,-1
9569,1.65116,-1
9578.48,5.241,-1
9580,2,-1
9584,0.20869204,-1
9588,0.0177,-1
9590,1,-1
9597.56,0.0118,-1
9598,2.46436809,-1
9599,0.0075,-1
9599.01,9,-1
9600,22.5469164,-1
9603,0.01,-1
9612,5,-1
9630,4.040168,-1
9631.44,0.0022377,-1
9632.8,0.00034569,-1
9633.14,0.00000002,-1
9643,0.00259255,-1
9645,0.25,-1
9648,0.00310945,-1
9650,0.92086554,-1
9657,0.5,-1
9660,20,-1
9669,0.01,-1
9672.22,0.01225,-1
9675,1,-1
9675.11,5,-1
9677.01,10,-1
9688,5.181751,-1
9689,0.0574,-1
9690,2.75438596,-1
9696,1.26975637,-1
9698,0.00309342,-1
9699,3.8503109,-1
9700,43.83980678,-1
9712,1,-1
9714.16,0.1029425,-1
9715.45,0.012,-1
9720,0.05732818,-1
9722.47,5.1634,-1
9736,0.017775,-1
9743,1,-1
9744,0.00307881,-1
9748,0.00307755,-1
9749,4,-1
9750,5.3204778,-1
9750.21,1,-1
9753,1,-1
9756,1.354,-1
9760,2.21528645,-1
9761,0.0870967,-1
9763,1,-1
9764,2.56,-1
9766,0.3,-1
9775,1,-1
9777,0.95625,-1
9777.01,10,-1
9777.77,0.69312225,-1
9795,0.5,-1
9798,0.00306184,-1
9799,4.56661087,-1
9799.77,0.1,-1
9800,64.40272324,-1
9801,0.1960681,-1
9805,0.00407955,-1
9825,13.36475969,-1
9827,0.07,-1
9833.33,0.0247,-1
9835,10,-1
9848,0.0890463,-1
9850,19.63250953,-1
9852,0.1,-1
9855.94,1.5,-1
9860,1.5,-1
9862,96.5,-1
9866.68,0.00028783,-1
9868,0.00304012,-1
9870,20,-1
9870.75,0.040168,-1
9872,1.7,-1
9874,10.02037674,-1
9876,1,-1
9876.54,0.3,-1
9878,0.00303705,-1
9879,0.04949893,-1
9880,20,-1
9885,0.045,-1
9887,2,-1
9888,0.42791464,-1
9888.01,10,-1
9889.95,0.00217921,-1
9890,5.1,-1
9892.19,1,-1
9895,4.49234351,-1
9897,4.06100794,-1
9899,17.16316949,-1
9900,20.80865629,-1
9909.96,0.01995556,-1
9914,0.00403469,-1
9924,0.00302297,-1
9925,10,-1
9930,4,-1
9933.73,0.02619459,-1
9934,0.00301993,-1
9936,2.93020229,-1
9940.29,0.00014243,-1
9940.65,0.08842935,-1
9943,1,-1
9944,0.00301689,-1
9945,2.26249975,-1
9947,1.50799235,-1
9948,12.45333488,-1
9949,5,-1
9950,51.75453222,-1
9951.22,0.0124,-1
9954,0.10046212,-1
9964,0.00301083,-1
9970,0.03009027,-1
9974,0.00300782,-1
9975,0.1,-1
9977,20,-1
9978,0.00300661,-1
9980,2.9116032,-1
9985,105,-1
9986,0.00001101,-1
9987,8.6,-1
9989,30.75,-1
9990,8.33887081,-1
9991,2.00180162,-1
9993,1.66,-1
9993.35,0.5,-1
9994.44,0.01275,-1
9995,0.005,-1
9995.5,0.075555,-1
9996,0.01,-1
9997,3.70737035,-1
9998,7.425,-1
9998.99,0.12532186,-1
9999,58.29986031,-1
9999.01,10,-1
9999.43,0.005,-1
9999.5,0.9059,-1
9999.96,1.05792715,-1
9999.99,0.00000002,-1
10000,1342.51727608,-1
10000.01,0.05379194,-1
10000.41,1,-1
10010.1,0.000111,-1
10026,1,-1
10050,3.34820087,-1
10055.65,1.5,-1
10056,0.4,-1
10069,1,-1
10069.11,0.0126,-1
10075,2,-1
10088,2.5,-1
10094.42,0.015,-1
10094.91,4,-1
10100,4.84075082,-1
10101,1.0464,-1
10111.5,0.040168,-1
10115,0.02,-1
10121.46,2,-1
10150,1.0494899,-1
10155.4,0.00212225,-1
10155.56,0.013,-1
10175,0.82,-1
10186.99,0.0128,-1
10190,4.90677134,-1
10200,8.01615685,-1
10220,1,-1
10225,10,-1
10250,2.10880634,-1
10254.99,4,-1
10267,14.999513,-1
10283,1.56226006,-1
10296.01,1,-1
10300,2.72427184,-1
10304.88,0.013,-1
10308,2,-1
10310,0.19398642,-1
10316.67,0.01325,-1
10320,0.8,-1
10334.55,0.00019352,-1
10352.25,0.040168,-1
10352.31,0.01630071,-1
10355,0.5,-1
10370,0.00248216,-1
10387,0.0177,-1
10392,0.08,-1
10400,18.09277468,-1
10419.67,0.02124762,-1
10422.76,0.0132,-1
10427.96,0.00206678,-1
10433.25,0.00014377,-1
10434,1.7,-1
10446,1.28,-1
10450,0.45774938,-1
10475,1,-1
10477.78,0.0135,-1
10488,1,-1
10500,53.01454218,-1
10529,0.75958308,-1
10540.65,0.0134,-1
10565,9,-1
10583,0.00018898,-1
10593,0.040168,-1
10595,1.5,-1
10600,2.4955849,-1
10638.89,0.01375,-1
10658.54,0.0136,-1
10662.11,0.00000871,-1
10683,0.09997191,-1
10688,2.31459913,-1
10691,0.00187073,-1
10694.2,1.42718802,-1
10699,0.48572416,-1
10700,1.22665798,-1
10707.85,0.00201276,-1
10725,1,-1
10750,1,-1
10752,0.3,-1
10755,0.53932961,-1
10770,1.66838479,-1
10775,1,-1
10776.42,0.0138,-1
10777,1.17636716,-1
10793,1,-1
10800,28.20419273,-1
10820,0.18484288,-1
10827,0.07,-1
10833.75,0.040168,-1
10835.2,0.00014243,-1
10837.7,0.69,-1
10845,0.12,-1
10850,0.4,-1
10863,2.29999999,-1
10879.23,0.00018383,-1
10880.1,0.1,-1
10887,0.40856921,-1
10894.31,0.014,-1
10900,4.5905831,-1
10924.89,0.0002037,-1
10925,10,-1
10950,0.25,-1
10961.11,0.01425,-1
10977,1,-1
10978,0.24423909,-1
10980,0.08846111,-1
10989,0.3056778,-1
10990,2,-1
10993.13,1,-1
10994,1.54224031,-1
10995.25,0.00196015,-1
10997,3.10737035,-1
10999,0.26902446,-1
11000,68.06673801,-1
11012.2,0.0142,-1
11034,6.61540511,-1
11067.45,0.00018071,-1
11074.5,0.040168,-1
11100,0.52252252,-1
11111,4.2547057,-1
11111.11,0.45,-1
11122.22,0.0145,-1
11130,3.5,-1
11130.08,0.0144,-1
11178,0.11,-1
11186,0.03549709,-1
11200,6.81735534,-1
11211.22,9.55575317,-1
11214,1.20173537,-1
11219,1.5,-1
11225,10,-1
11226,0.00890789,-1
11226.54,0.44537319,-1
11240,5.1,-1
11247.97,0.0146,-1
11249.77,0.1,-1
11250,3.23415278,-1
11283.33,0.01475,-1
11289.1,2,-1
11290,1.52499926,-1
11290.36,0.00190891,-1
11300,0.53552014,-1
11308,0.00013264,-1
11315.25,0.040168,-1
11338.21,0.00017639,-1
11342.32,0.00017633,-1
11365.85,0.0148,-1
11369,1,-1
11380,10,-1
11388,0.173,-1
11400,966.59862665,-1
11405,0.79767435,-1
11413.15,0.00013142,-1
11444.44,0.015,-1
11445,0.00873743,-1
11450,0.5,-1
11475,10.00435729,-1
11483.74,0.015,-1
11500,63.03715543,-1
11502.82,0.03746844,-1
11513.23,0.00013028,-1
11523,1,-1
11556,0.040168,-1
11593.39,0.00185901,-1
11600,0.12155172,-1
11601.63,0.0152,-1
11605.56,0.01525,-1
11635,1.29467812,-1
11640,4.90308386,-1
11642,0.00093111,-1
11673.07,0.02633069,-1
11700,11.36510389,-1
11719.51,0.0154,-1
11720,4.40347125,-1
11730.1,0.00014243,-1
11750,0.19220549,-1
11762.49,1,-1
11766.67,0.0155,-1
11775,1,-1
11796.75,0.040168,-1
11799,0.015,-1
11800,11.02966101,-1
11806.45,0.00012704,-1
11816,0.9757,-1
11822,0.1,-1
11827,0.07,-1
11837.4,0.0156,-1
11867,1,-1
11888,0.02523553,-1
11900,5.92032944,-1
11904.56,0.00181042,-1
11927.78,0.01575,-1
11949,0.45,-1
11950,37.3347998,-1
11955.28,0.0158,-1
11961.25,1.65116,-1
11976.45,5,-1
11980,1.8,-1
11986,0.00139645,-1
11988,0.38795729,-1
11989.41,0.00001,-1
11990,1,-1
11991,0.35,-1
11999,1.29229652,-1
12000,351.29710013,-1
12003,0.75,-1
12005.78,6.1909197,-1
12011,1.2583,-1
12015,1.07,-1
12037.5,0.040168,-1
12073.17,0.016,-1
12088.89,0.016,-1
12100,0.14193795,-1
12121,0.25,-1
12126,1.2583,-1
12141.57,0.00016472,-1
12142.7,0.40007576,-1
12191.06,0.0162,-1
12200,7.75351998,-1
12222,41.00321,-1
12224.08,0.0017631,-1
12234,1.3675,-1
12250,0.01625,-1
12252,1.9015,-1
12260,0.7394087,-1
12278.25,0.040168,-1
12300,4.62961653,-1
12308.94,0.0164,-1
12335,0.4474,-1
12337,0.5872,-1
12345,17,-1
12345.67,10,-1
12355,4.29232009,-1
12377,1.6778,-1
12378,0.175,-1
12394.11,0.00806834,-1
12400,10.40408868,-1
12407,0.01813492,-1
12411,2.2371,-1
12411.11,0.0165,-1
12415,0.03221908,-1
12426.83,0.0166,-1
12432,0.28153153,-1
12444,8,-1
12450,0.39,-1
12488,0.02001921,-1
12491,1.2583,-1
12500,55.47179459,-1
12519,0.040168,-1
12526.42,0.015,-1
12544.72,0.0168,-1
12545,0.00318852,-1
12552.18,0.00171701,-1
12572.22,0.01675,-1
12600,0.33,-1
12610,4.5,-1
12611.11,0.00011894,-1
12625.01,0.00014243,-1
12662.6,0.017,-1
12690,0.00874704,-1
12700,0.15,-1
12733.33,0.017,-1
12749.77,0.1,-1
12750,1.89,-1
12759.75,0.040168,-1
12775,9.25268321,-1
12780.49,0.0172,-1
12784,0.07099418,-1
12793,1,-1
12820,0.00093603,-1
12827,0.07,-1
12856,0.00034844,-1
12859,0.25,-1
12873,1,-1
12880,4.89861568,-1
12883.44,0.00015523,-1
12888,0.83822392,-1
12889.08,0.00167213,-1
12890,3.31861986,-1
12894.44,0.01725,-1
12896,0.176,-1
12898.37,0.0174,-1
12900,9.47771985,-1
12904,0.6,-1
12918.15,0.661,-1
12950,1.08,-1
12952,0.61155,-1
12960,0.17573148,-1
12989,25,-1
12999,1.21951611,-1
13000,177.8611598,-1
13000.5,0.0390988,-1
13016.26,0.0176,-1
13055.56,0.0175,-1
13087.55,0.00015281,-1
13088.54,0.0001528,-1
13091.12,0.00011458,-1
13134.15,0.0178,-1
13200,1.32772986,-1
13216.67,0.01775,-1
13235.02,0.00162843,-1
13250,0.07975,-1
13252.03,0.018,-1
13285.55,0.015,-1
13290,0.1,-1
13299,85,-1
13300,22,-1
13311.45,0.00015024,-1
13331,0.00321,-1
13333,10,-1
13369.92,0.0182,-1
13377.78,0.018,-1
13400,7.21144261,-1
13426.12,0.00011172,-1
13450,0.15,-1
13487.8,0.0184,-1
13500,99.75521285,-1
13519.91,0.00014243,-1
13537,2.22950432,-1
13538.89,0.01825,-1
13550,20.22347958,-1
13579,0.00081817,-1
13590.24,0.00158586,-1
13605.69,0.0186,-1
13641.78,4,-1
13647.7,3.678335,-1
13650,0.30366403,-1
13654,0.00483374,-1
13682,5.09197545,-1
13688,2.19170075,-1
13696,1,-1
13697,2.26035393,-1
13700,1.0185,-1
13721,0.23447401,-1
13723.58,0.0188,-1
13745.33,0.0001455,-1
13750,8.97655217,-1
13800,1.13003397,-1
13824,19.36192281,-1
13841.46,0.019,-1
13861.11,0.01875,-1
13864,1,-1
13865.47,1.45240926,-1
13875.1,0.661,-1
13877,1,-1
13955.01,0.00154441,-1
13959,0.00224099,-1
13959.35,0.0192,-1
13987,2.77641215,-1
13990,20.88814824,-1
13999,0.5285306,-1
14000,64.3794289,-1
14022.22,0.019,-1
14032,0.36131627,-1
14077.24,0.0194,-1
14085,1,-1
14097.43,0.00014186,-1
14121.11,0.59999958,-1
14121.45,0.00014162,-1
14177.25,0.0001058,-1
14178.23,0.00014106,-1
14180,0.00088787,-1
14183.33,0.01925,-1
14188,0.0845,-1
14190,1,-1
14195.12,0.0196,-1
14225,2.11781064,-1
14248,8.16251193,-1
14255,374.18364105,-1
14258,0.0105204,-1
14274,0.6700252,-1
14275,10,-1
14300,1.1683971,-1
14313.01,0.0198,-1
14329.56,0.00150404,-1
14344.44,0.0195,-1
14367.22,0.0001392,-1
14382,0.07099418,-1
14414.82,0.00014243,-1
14420,0.03467406,-1
14430.89,0.02,-1
14444,0.03461644,-1
14500,7.75110746,-1
14505.56,0.01975,-1
14519,1.29462529,-1
14548.78,0.0202,-1
14571.24,0.41460511,-1
14580,1,-1
14600,0.60661648,-1
14634,0.47,-1
14640,1.02459016,-1
14666.67,0.0404,-1
14682,0.177,-1
14689,1,-1
14714.16,0.00146473,-1
14733.55,0.0001018,-1
14784.55,0.0206,-1
14793,1,-1
14800,0.105,-1
14820,2,-1
14827.78,0.02025,-1
14831.95,0.661,-1
14850,1,-1
14864.94,0.03991118,-1
14888,0.21395822,-1
14890,4.1,-1
14900,10,-1
14902.44,0.0208,-1
14940,0.06467806,-1
14950,16.66528436,-1
14969,6.09863709,-1
14970,1,-1
14980,12.5,-1
14988.89,0.0205,-1
14990,1,-1
14995,0.00337446,-1
14997,0.4340596,-1
14998,3,-1
14998.2,7,-1
14999,0.61027,-1
14999.77,0.1,-1
15000,243.50981867,-1
15020.33,0.021,-1
15050,0.5,-1
15100,1.1,-1
15109.1,0.00142644,-1
15115,1,-1
15138.21,0.0212,-1
15150,0.02075,-1
15200,0.04399799,-1
15222,1,-1
15250,0.7,-1
15253.64,0.00573949,-1
15256.1,0.0214,-1
15290,0.6815988,-1
15300,3.20033184,-1
15309.72,0.00014243,-1
15311.11,0.021,-1
15369.12,0.00061284,-1
15373.98,0.0216,-1
15384,0.09997399,-1
15385,1,-1
15472.22,0.02125,-1
15491.87,0.0218,-1
15499,0.16427511,-1
15500,7.2213818,-1
15514.62,0.00138916,-1
15609.76,0.022,-1
15633.33,0.0215,-1
15638,0.31952107,-1
15677,0.23216982,-1
15679,1,-1
15700,0.7394087,-1
15727.64,0.0222,-1
15733.45,0.00009533,-1
15767.07,0.05752664,-1
15775,0.99298256,-1
15788.85,0.661,-1
15794.44,0.02175,-1
15800,1,-1
15845.53,0.0224,-1
15850,1.27036111,-1
15875,6.49028197,-1
15931.03,0.00135285,-1
15939.13,1,-1
15955.56,0.022,-1
15963.41,0.0226,-1
15980,0.10649127,-1
15984,0.08,-1
15998,0.18752344,-1
16000,32.35181841,-1
16033,0.00910933,-1
16047,0.32842171,-1
16081.3,0.0228,-1
16103.35,0.00012419,-1
16116.67,0.02225,-1
16161,3.81106243,-1
16199.19,0.023,-1
16200,1,-1
16200.5,0.6,-1
16204.63,0.00014251,-1
16214,11.60046711,-1
16237,0.32083403,-1
16277.78,0.0225,-1
16317.07,0.0232,-1
16344.64,0.00012236,-1
16358.62,0.00131749,-1
16369,1,-1
16387.45,0.00009153,-1
16395.33,0.00009148,-1
16398,0.09976403,-1
16434.96,0.0234,-1
16438.89,0.02275,-1
16464,1.04720957,-1
16473,1,-1
16480,0.178,-1
16500,18.13109181,-1
16552.85,0.0236,-1
16555,1,-1
16600,0.253,-1
16607,0.00331185,-1
16627,0.48498845,-1
16669.13,0.5,-1
16670.73,0.0238,-1
16673.07,0.01316554,-1
16723.15,0.00008969,-1
16761.11,0.02325,-1
16779,0.01774854,-1
16788.62,0.024,-1
16797.68,0.00128305,-1
16887,0.10141989,-1
16906.5,0.0242,-1
16922.22,0.0235,-1
16961,1,-1
16980,0.10158833,-1
16989,30,-1
16990,0.27,-1
17000,16.79172481,-1
17024.39,0.0244,-1
17083.33,0.02375,-1
17123.69,0.00005213,-1
17142.28,0.0246,-1
17189,0.0691,-1
17200,0.00117934,-1
17244.44,0.024,-1
17250,4.2522948,-1
17260.16,0.0248,-1
17264.45,0.00011584,-1
17311.42,0.00011553,-1
17335.45,0.00008652,-1
17378.05,0.025,-1
17388,0.45048794,-1
17405.56,0.02425,-1
17489,25.34141743,-1
17490,9.7198399,-1
17495.93,0.0252,-1
17500,7.10515185,-1
17560.76,0.00569451,-1
17566.67,0.0245,-1
17578,0.01774854,-1
17613.82,0.0254,-1
17650,0.043998,-1
17693,1,-1
17724.75,0.05083964,-1
17727.78,0.02475,-1
17731.71,0.0256,-1
17750,2,-1
17777,2.06640409,-1
17786,422.76704318,-1
17837,0.00011212,-1
17840,1,-1
17849.59,0.0258,-1
17850,0.00128123,-1
17865,0.06941178,-1
17888.89,0.025,-1
17950,0.00088857,-1
17967.48,0.026,-1
18000,94.88124666,-1
18030,0.1,-1
18050,0.02525,-1
18085.37,0.0262,-1
18180,0.00055555,-1
18203.25,0.0264,-1
18211.11,0.0255,-1
18300,0.18,-1
18312.12,0.00008191,-1
18321.14,0.0266,-1
18372.22,0.02575,-1
18420,0.02317643,-1
18439.02,0.0268,-1
18460,0.5,-1
18461,0.09999458,-1
18495,2,-1
18500,0.04854124,-1
18533.33,0.026,-1
18550,3.25,-1
18556.91,0.027,-1
18600,0.23,-1
18674.8,0.0272,-1
18677.45,0.00008031,-1
18694.44,0.02625,-1
18700,0.17,-1
18739,1,-1
18770,0.44951211,-1
18792.68,0.0274,-1
18813.13,1,-1
18855.56,0.0265,-1
18888,3.2541398,-1
18900,8,-1
18910.57,0.0276,-1
19000,28.92305715,-1
19016.67,0.02675,-1
19028.46,0.0278,-1
19055.56,0.41605452,-1
19093.35,0.00010474,-1
19146.34,0.028,-1
19177.78,0.027,-1
19190,0.16,-1
19200,10,-1
19264.23,0.0282,-1
19314,10.39677,-1
19330,1,-1
19338.89,0.02725,-1
19340,0.52051654,-1
19367,1,-1
19382.11,0.0284,-1
19470,0.15,-1
19485,0.26935,-1
19500,26.43537198,-1
19580.35,5,-1
19760,0.14,-1
19800,2,-1
19803.42,0.00514362,-1
19809,3.15,-1
19850,0.10079359,-1
19900,1.14327384,-1
19949.99,2.137,-1
19980,0.5,-1
19989,30,-1
19990,0.0030015,-1
19998,14.86394912,-1
19999,20.00008829,-1
19999.99,0.00884007,-1
20000,99.05814198,-1
20101,0.75,-1
20455.56,0.00007332,-1
20784.5,0.00007216,-1
20888,0.00017769,-1
20960,0.1,-1
21000,2.87441643,-1
21100,0.65,-1
21120,0.00066145,-1
21166.55,0.00007086,-1
21341.15,0.00007028,-1
21425,5,-1
21589.55,0.00006947,-1
21900,0.00000029,-1
21980,0.11,-1
22000,2.73567972,-1
22200,2.49885721,-1
22345,0.005,-1
22362.31,0.00008943,-1
22434.44,0.00006686,-1
22500,1.75103093,-1
22561.15,0.00006648,-1
22700.5,0.61097332,-1
23000,6,-1
23021.11,0.00006515,-1
23308.45,0.0000858,-1
23745.45,0.00008422,-1
23870,0.04,-1
24000,0.1,-1
24487.07,0.00408378,-1
24500,5,-1
24515.45,0.00006118,-1
24814,0.01454823,-1
24900,60,-1
24975,6,-1
24980,6,-1
24999,39.00374974,-1
25000,101.30162312,-1
25360,0.06831085,-1
26000,4.62913347,-1
26311.45,0.000057,-1
26334.45,0.00007594,-1
26580,1,-1
26830,1,-1
27067.35,0.00007388,-1
27067.65,0.00005541,-1
27105.33,0.00007378,-1
27500,0.00025,-1
27770,0.3494316,-1
27793.13,1,-1
28330,0.04235792,-1
29300,1,-1
30000,22.77628737,-1
30001,0.00016666,-1
30002,0.00016665,-1
30004,0.00016664,-1
30005,0.00033326,-1
30006,0.00016663,-1
30007,0.00016662,-1
30008,0.00016662,-1
30009,0.00016661,-1
30010,0.00016661,-1
30175,2,-1
30742,0.3,-1
31000,0.31,-1
31293.13,1,-1
31633.57,0.00006322,-1
31777,0.1,-1
32411.25,0.0000617,-1
32500,0.00025,-1
33133.13,0.00301812,-1
33333,3.0000001,-1
33397,0.01197712,-1
33500,4.00302671,-1
34208,1.06511146,-1
35000,0.00038227,-1
35449.5,0.04024805,-1
36000,0.35525,-1
36933.13,1,-1
37480,7,-1
38000,0.24234795,-1
39346.4,0.00389,-1
39370,0.0146861,-1
39999.99,0.00000021,-1
40000,3.74388788,-1
40001,0.00012499,-1
40002,0.00012499,-1
40003,0.00012499,-1
40004,0.00012498,-1
40008,0.00012497,-1
41400,2,-1
42138.23,0.00237314,-1
42338,0.00000085,-1
44028.03,0.01266246,-1
44444,0.5,-1
45000,0.00222222,-1
48600,6,-1
77777,0.12659596,-1
91785.8,1.00212686,-1
99999,40.02041385,-1
302000,0.0665038,-1
1000000,0.48998523,-1
24577777,0.00168797,-1
25894490,0.00001539,-1
100000000,0.00000003,-1
