79815.95167,1705.36,0.01545044,-1
79815.95167,1705.3,0.001,-1
79813.621811,1705.24,0.14660349,1
79813.621811,1705.24,1,1
79813.62108,1705.26,0.58807954,1
79813.620658,1705.26,0.41192046,1
79811.491143,1705.12,0.15813377,1
79811.491143,1705.13,0.03063998,1
79811.491143,1705.13,0.03063998,1
79811.342442,1705.11,0.050554,1
79811.326428,1705.11,0.00803924,1
79811.00384,1705.12,0.14257,1
79811.00384,1705.12,0.85743,1
79810.64097,1705.1,0.14257877,1
79810.64097,1705.11,0.05859367,1
79810.274658,1705.18,1,1
79808.421843,1705.02,0.531734,1
79808.214902,1705.3,0.01125054,-1
79808.214902,1705.3,0.001,-1
79808.214902,1705.2,0.001,-1
79808.214902,1705.1,0.001,-1
79808.044042,1705.07,1.5247738,-1
79808.043559,1705,0.001,-1
79808.042427,1704.96,1.17298803,-1
79808.04214,1704.94,0.05859367,-1
79808.04214,1704.9,0.001,-1
79808.04214,1704.88,0.08215056,-1
79808.04214,1704.86,0.02546545,-1
79806.987991,1704.81,0.01206932,1
79806.987991,1704.81,0.11398816,1
79806.987991,1704.85,0.6470003,1
79806.987991,1704.85,0.00074974,1
79803.328809,1704.86,0.02850107,-1
79802.896627,1704.86,0.0256498,-1
79802.699654,1704.86,0.00290343,-1
79802.519169,1704.84,0.0057024,-1
79801.487521,1704.81,0.04316445,1
79801.117251,1704.81,0.04284739,1
79801.096098,1704.82,0.05806962,-1
79799.966608,1704.86,0.00275831,-1
79799.668115,1704.87,0.00131095,-1
79799.668115,1704.87,0.05569019,-1
79799.558911,1704.87,0.00290348,-1
79798.451619,1704.82,0.01018388,-1
79798.428149,1704.75,0.00226762,1
79798.283226,1704.75,0.00055747,-1
79797.970031,1704.79,0.58605308,1
79797.970031,1704.8,0.00000003,1
79797.575585,1704.8,0.146637,1
79797.155873,1704.81,0.00580696,-1
79796.607572,1704.81,4.49542929,1
79796.607572,1704.81,0.14663703,1
79796.607572,1704.81,1.02984968,1
79796.607572,1704.81,0.1,1
79796.35463,1704.82,1.46642955,1
79796.35463,1704.82,0.00000045,1
79795.798813,1704.82,0.110931,1
79795.570006,1704.82,0.00131931,1
79795.570006,1704.84,0.00075092,1
79795.570006,1704.84,0.00000042,1
79795.160619,1704.85,0.047451,1
79795.052633,1704.85,0.01161392,-1
79792.858741,1704.85,0.05806962,-1
79792.498207,1704.85,0.00027293,-1
79787.024906,1704.85,0.01161379,-1
79786.246346,1704.85,0.094902,1
79786.225213,1704.87,0.05563651,-1
79785.623516,1704.85,0.134166,1
79785.594613,1704.85,0.1207776,-1
79782.348206,1704.87,0.05633268,-1
79780.763236,1704.85,0.091222,1
79780.149388,1704.84,0.02956,1
79779.897212,1704.85,0.182445,1
79778.283928,1704.85,0.19473401,-1
79778.104325,1704.87,0.0010235,1
79778.104325,1704.87,0.1701565,1
79775.990854,1704.85,0.09987975,-1
79774.813579,1704.87,0.01175389,-1
79774.220728,1704.82,0.03439315,1
79774.220728,1704.82,0.01482373,1
79772.739502,1704.87,0.12127925,-1
79772.275735,1704.82,0.00000586,1
79772.265415,1704.82,0.00503278,1
79771.701806,1704.82,0.00073774,1
79771.343914,1704.89,0.02309948,-1
79771.092411,1704.85,0.05451997,-1
79770.697447,1704.85,0.00918054,-1
79767.89883,1704.7,0.00149834,1
79767.89883,1704.72,0.05859367,1
79767.86561,1704.73,0.53772275,1
79767.86561,1704.73,0.04061954,1
79766.873176,1704.77,0.00058069,-1
79765.205568,1704.87,0.146641,1
79764.969876,1704.89,0.05819247,1
79764.969876,1704.89,0.0010491,1
79759.757178,1704.88,0.00053511,-1
79756.337057,1704.88,0.01947023,-1
79753.562648,1704.86,0.05741521,-1
79753.562648,1704.8,0.001,-1
79751.753981,1704.79,0.03277108,1
79818.810034,1705.68,0.51896266,-1
79818.810034,1705.66,0.05859367,-1
79818.810034,1705.6,0.001,-1
79818.810034,1705.5,0.001,-1
79818.810034,1705.4,0.001,-1
79823.13351,1705.69,0.05859298,1
79823.13351,1705.69,1.04831204,1
79823.13351,1705.69,0.03063998,1
79824.678459,1705.8,0.10145337,-1
79824.678459,1705.8,0.001,-1
79824.678459,1705.7,0.001,-1
79826.331136,1705.74,0.01390154,-1
79829.809523,1705.9,0.001,-1
79834.836121,1705.99,0.8,1
79834.836121,1705.99,1.6,1
79834.836121,1705.99,0.95747141,1
79834.836121,1705.99,0.05859367,1
79834.836121,1705.99,0.00156592,1
79834.836121,1705.99,1.84,1
79834.836121,1705.99,1.575,1
79835.215376,1705.9,0.04999986,1
79835.215376,1705.95,0.00000029,1
79835.186794,1705.95,0.52733,1
79835.103223,1705.96,0.10834704,1
79835.103018,1705.96,0.10834705,1
79835.244153,1705.72,0.00293687,1
79836.284674,1705.87,0.11602755,-1
79836.473671,1705.9,0.04800184,-1
79841.593694,1705.74,1,-1
79841.593694,1705.72,1,-1
79842.05688,1705.96,0.00058033,-1
79843.128425,1706.09,0.66425571,-1
79843.128425,1706,0.001,-1
79843.127125,1705.98,1,-1
79843.127125,1705.96,1,-1
79844.143722,1706.2,0.0096065,-1
79844.143722,1706.2,0.001,-1
79844.143722,1706.1,0.001,-1
79846.495188,1706.02,0.01779277,-1
79849.322273,1706.02,0.05560031,-1
79851.687033,1706.02,0.05827822,-1
79852.223988,1706.01,0.00096009,1
79852.223988,1706.01,0.14656224,1
79852.223988,1706.01,0.05859367,1
79853.100963,1705.6,0.001,1
79853.053647,1705.68,0.27496252,1
79853.053647,1705.68,0.07046655,1
79853.053647,1705.7,0.32395493,1
79853.053573,1705.7,0.573384,1
79853.053573,1705.7,0.001,1
79853.05322,1705.74,0.23518447,1
79853.04353,1705.8,0.001,1
79853.04353,1705.81,0.14653646,1
79853.04353,1705.9,0.001,1
79854.007894,1705.6,0.27413278,-1
79854.095268,1705.6,0.0389939,-1
79854.522731,1705.74,0.7878858,-1
79854.522731,1705.69,0.14653646,-1
79854.522731,1705.62,1,-1
79854.522731,1705.6,0.31312,-1
79854.522731,1705.6,0.68687332,-1
79856.104373,1705.7,0.13621335,-1
79857.666876,1705.65,0.01451102,-1
79857.654392,1705.65,0.00415015,-1
79858.936081,1705.68,1,-1
79858.934696,1705.66,1,-1
79859.88646,1705.8,0.03887485,-1
79859.88646,1705.8,0.001,-1
79860.01098,1705.8,0.00381096,-1
79860.292485,1705.8,0.02902205,-1
79860.621413,1705.8,0.00058045,-1
79860.54698,1705.8,0.0011606,-1
79861.142845,1705.82,1,-1
79861.142526,1705.81,0.05859367,-1
79861.142526,1705.8,0.07344,-1
79861.142526,1705.8,0.92655109,-1
79861.280531,1706,0.00380441,-1
79861.280531,1706,0.001,-1
79861.280531,1705.9,0.001,-1
79861.610631,1706.27,0.00075687,-1
79861.610631,1706.2,0.001,-1
79861.610631,1706.1,0.001,-1
79861.553668,1706.02,1,-1
79861.553668,1706,1,-1
79861.553668,1706,0.01402855,-1
79861.553668,1706,0.08197603,-1
79861.553668,1706,0.06156103,-1
79862.088736,1706.16,0.0056588,-1
79862.133764,1706.15,0.595,1
79862.279002,1706.09,0.00000586,1
79862.259095,1706.09,0.00452496,1
79862.524543,1706.1,0.00001172,-1
79862.499638,1706.1,0.02902,-1
79862.821429,1706.1,0.01450932,-1
79863.956903,1706,0.00105282,1
79863.956903,1706,1.17236163,1
79863.956903,1706,0.22342655,1
79864.049453,1706.01,0.0569694,-1
79867.615136,1705.96,0.00689686,-1
79869.959934,1705.98,0.04354,-1
79869.959934,1705.98,0.95645896,-1
79869.9591,1705.96,0.00689,-1
79869.9591,1705.96,0.99310314,-1
79874.719927,1706.08,0.04448141,-1
79876.01697,1706.08,0.1450694,-1
79876.923608,1706.06,0.26683038,1
79876.923608,1706.06,0.14654162,1
79876.863444,1706.07,0.00075237,1
79876.863444,1706.07,1.17236163,1
79880.590183,1706.06,0.0016654,-1
79881.271414,1706.05,0.10065289,1
79883.417502,1706.06,0.00277953,-1
79884.134689,1706.06,0.15087394,-1
79884.230576,1705.94,4.4958337,1
79884.230449,1705.94,0.60643153,1
79884.230227,1705.96,1.17210107,1
79884.1857,1705.97,1.17210033,1
79884.1857,1705.97,0.613,1
79884.1857,1705.97,0.05859367,1
79884.149186,1706.03,1.17210107,1
79884.149186,1706.05,0.26683066,1
79884.149186,1706.05,0.14654162,1
79885.164527,1705.88,0.25347037,1
79885.164527,1705.9,0.001,1
79886.090463,1705.81,0.013792,-1
79887.057754,1705.81,0.304572,-1
79887.315786,1705.8,0.001,1
79887.364945,1705.79,0.14653363,1
79887.364945,1705.79,0.25347037,1
79887.436397,1705.7,0.20183011,1
79887.436397,1705.7,0.14653389,1
79887.436397,1705.7,0.001,1
79889.392939,1705.5,0.001,1
79889.392939,1705.6,0.00075103,1
79889.392939,1705.6,0.001,1
79889.451976,1705.41,0.05617354,-1
79893.005916,1705.42,0.19940342,-1
79898.35869,1705.42,0.19939942,-1
79898.35869,1705.42,0.80059658,-1
79898.501164,1705.44,0.14501954,-1
79898.501164,1705.42,0.00000058,-1
79898.542719,1705.45,0.058593,-1
79899.102234,1705.49,0.014272,-1
79900.518022,1705.3,0.001,1
79900.518022,1705.31,0.14656739,1
79900.514494,1705.4,0.00000001,1
79900.513759,1705.4,0.07378369,1
79900.513635,1705.4,0.07278369,1
79900.513635,1705.4,0.001,1
79901.28295,1705.22,0.17414978,-1
79901.28295,1705.21,0.31955,-1
79902.403724,1705.2,0.00000586,1
79904.242971,1705.21,0.08342397,-1
79905.398876,1705.21,0.001161,-1
79905.771737,1705.2,0.14658472,1
79905.771737,1705.2,0.00075314,1
79905.771737,1705.2,0.00099414,1
79906.760624,1705.24,0.25577191,-1
79906.759885,1705.24,0.74422809,-1
79906.758562,1705.22,0.17414,-1
79906.758562,1705.22,0.19747066,-1
79906.758081,1705.22,0.62837956,-1
79907.506552,1705.49,0.02113461,1
79908.270934,1705.49,0.11009749,1
79911.303731,1705.32,1.172497,1
79912.795625,1705.21,0.02902868,-1
79914.469453,1705.2,0.00000066,1
79914.444749,1705.2,0.000751,1
79914.444749,1705.2,0.001,1
79914.557954,1705,0.05,1
79914.557954,1705,0.001,1
79914.557954,1705.1,0.001,1
79914.906931,1704.71,0.11124952,-1
79914.766636,1704.8,0.05,1
79914.766636,1704.8,0.001,1
79914.766636,1704.9,0.001,1
79915.250041,1704.71,0.00055726,-1
79915.505802,1704.7,1.17249658,1
79915.505802,1704.7,0.00000042,1
79915.470166,1704.7,0.14658072,1
79915.470166,1704.7,1.17249728,1
79915.470166,1704.7,0.001,1
79916.22621,1704.7,0.00152519,1
79916.251855,1704.7,1.170966,1
79916.238454,1704.7,0.00000586,1
79916.741961,1704.61,0.011632,-1
79919.229368,1704.6,0.36941858,1
79919.229368,1704.6,0.001,1
79919.500188,1704.56,0.009162,-1
79919.959369,1704.51,0.02780948,-1
79920.107683,1704.39,1.17249728,1
79920.107683,1704.39,0.0008798,1
79920.107683,1704.4,0.70050612,1
79920.107683,1704.4,0.05,1
79920.107683,1704.4,0.001,1
79920.107683,1704.5,0.001,1
79921.071633,1704.35,0.331904,-1
79923.090193,1704.31,0.00285212,-1
79923.043722,1704.31,0.00001173,-1
79923.164801,1704.31,0.0058088,-1
79923.927272,1704.31,0.00290425,-1
79924.178433,1704.34,0.00556385,-1
79924.149174,1704.31,0.06118666,-1
79924.908132,1704.4,0.08459997,-1
79924.908132,1704.39,0.00278176,-1
79924.908132,1704.39,0.36984336,-1
79924.88718,1704.39,0.00556353,-1
79928.364458,1704.36,0.00078133,1
79928.364458,1704.36,0.14665767,1
79928.796877,1704.31,0.01311058,-1
79933.22964,1704.31,0.17443422,-1
79938.253441,1704.31,0.07071177,-1
79941.789787,1704.3,0.000751,1
79941.789787,1704.3,0.001,1
79941.849037,1704.28,0.146683,1
79942.175515,1704.24,1.17333237,1
79942.174029,1704.26,0.05859367,1
79942.174029,1704.28,0.00000049,1
79945.023835,1704.21,0.0116176,-1
79946.252477,1704.29,0.05859349,1
79946.252477,1704.29,0.40768751,1
79946.239114,1704.29,0.00599991,1
79946.834679,1704.27,0.27826487,-1
79948.433354,1704.21,0.058593,1
79949.05379,1704.19,0.20440491,1
79949.05379,1704.2,0.14668349,1
79949.05379,1704.2,0.001,1
79949.05379,1704.21,0.00000067,1
79949.972854,1704.17,1.173395,1
79949.925007,1704.17,0.05859283,1
79949.925007,1704.17,1.17339517,1
79951.29123,1704.32,0.56959262,-1
79951.29123,1704.3,2.0152575,-1
79951.29123,1704.3,0.572,-1
79951.29123,1704.24,0.88016167,-1
79951.29123,1704.19,0.31955,-1
79958.415603,1704.01,0.00761842,1
79958.415603,1704.01,0.15947558,1
79958.346461,1704.1,0.001083,1
79958.346461,1704.1,0.001,1
79959.12643,1704,0.146691,1
79959.12643,1704,0.001,1
79959.987411,1703.95,0.01669616,-1
79960.304393,1703.95,0.04007899,-1
79960.602848,1703.99,0.88028685,-1
79960.602848,1703.98,0.05861689,-1
79960.602848,1703.95,0.26277485,-1
79961.456531,1704.2,0.001,-1
79962.13915,1704.4,0.001,-1
79962.13915,1704.3,0.001,-1
79964.921013,1704.5,0.001,-1
79965.223796,1704.5,0.99999928,1
79965.223796,1704.5,0.20684372,1
79965.462286,1704.51,0.14255638,-1
79965.596314,1704.48,1,1
79965.596222,1704.5,0.99999,1
79965.596222,1704.5,0.00000072,1
79968.42414,1704.45,0.03705733,-1
79969.050013,1704.44,0.47376419,1
79969.050013,1704.44,0.58406523,1
79969.050013,1704.44,0.10342186,1
79969.47816,1704.46,0.00570424,-1
79969.726679,1704.51,0.88002044,-1
79969.726679,1704.49,0.54828906,-1
79969.726679,1704.46,0.05861689,-1
79969.726679,1704.46,0.31384576,-1
79969.740456,1705.14,2.84906878,-1
79969.739462,1705.14,0.0279219,-1
79969.739462,1705.1,0.00114688,-1
79969.739462,1705.1,0.001,-1
79969.739372,1705.08,0.192,-1
79969.738706,1705.04,0.87084285,-1
79969.738706,1705,0.001,-1
79969.738706,1704.96,0.17388499,-1
79969.737929,1704.96,1.34206878,-1
79969.73667,1704.96,0.2076663,-1
79969.735993,1704.96,0.72621937,-1
79969.735298,1704.96,1.67398174,-1
79969.735276,1704.96,0.56799952,-1
79969.732121,1704.96,0.03371078,-1
79969.73066,1704.96,3.02408455,-1
79969.73066,1704.96,0.00088012,-1
79969.73066,1704.9,0.001,-1
79969.729515,1704.89,0.6752527,-1
79969.729336,1704.87,0.096,-1
79969.72906,1704.83,1.52424647,-1
79969.728669,1704.8,0.001,-1
79969.727079,1704.79,2.56359464,-1
79969.727079,1704.79,3.77368117,-1
79969.727079,1704.76,0.048,-1
79969.726932,1704.7,0.34220734,-1
79969.726679,1704.7,0.20079266,-1
79969.726679,1704.7,0.001,-1
79969.726679,1704.69,2.70936935,-1
79969.726679,1704.69,0.87893521,-1
79969.726679,1704.67,1.575,-1
79969.726679,1704.66,1.26126849,-1
79969.726679,1704.62,1.17328869,-1
79969.726679,1704.6,1.05012,-1
79969.726679,1704.6,0.001,-1
79969.726679,1704.56,0.967,-1
79969.89845,1705.19,0.31955,1
79969.865898,1705.19,1.173283,1
79969.865898,1705.19,0.31955,1
79969.946219,1705.13,1.18908204,-1
79969.926839,1705.19,0.14155,1
79970.213182,1705.19,0.00787884,1
79970.999652,1705.2,0.071322,-1
79970.999652,1705.2,0.001,-1
79974.080782,1705.39,0.02960873,-1
79974.080782,1705.3,0.001,-1
79974.543093,1705.31,0.05342811,-1
79975.214081,1705.3,1,1
79976.406102,1705.29,0.01141934,-1
79977.231956,1705.19,0.29334288,1
79977.231311,1705.26,1,1
79977.230868,1705.28,4.21807771,1
79977.230868,1705.28,1,1
79977.230868,1705.28,0.87962094,1
79979.329332,1705.24,0.13793693,-1
79979.329332,1705.24,0.05861689,-1
79980.227806,1705.23,0.16883465,1
79980.493539,1705.24,0.00711169,-1
79982.396496,1705.23,0.00285057,-1
79982.883314,1705.22,0.00000586,1
79983.892842,1705.23,0.00001172,-1
79984.115565,1705.14,1.17263101,1
79984.115565,1705.14,0.18132699,1
79984.073473,1705.2,1,1
79984.073473,1705.22,0.00135507,1
79984.073473,1705.22,0.99999414,1
79984.413428,1705.08,1,1
79984.381448,1705.1,1,1
79984.381448,1705.1,0.001,1
79985.172994,1705.01,0.00113791,-1
79986.205461,1705.21,0.00058056,-1
79986.873597,1705.22,0.01451409,-1
79988.683107,1705.21,0.223229,1
79989.989884,1705.22,0.01112267,-1
79991.532504,1705.18,1,1
79991.532395,1705.2,1,1
79991.945066,1704.91,0.00290282,-1
79991.87599,1704.98,0.66984,1
79991.840604,1705,0.66983325,1
79991.840502,1705,0.33016675,1
79991.840502,1705,0.001,1
79994.237127,1704.88,0.66984,1
79994.237127,1704.88,0.33016,1
79994.237127,1704.9,0.00075244,1
79994.237127,1704.9,1,1
79994.237127,1704.9,1.17303533,1
79994.237127,1704.9,0.22322902,1
79994.237127,1704.9,0.001,1
79996.048529,1704.82,0.08043967,-1
79996.048529,1704.82,0.05861689,-1
79998.486174,1704.82,0.020189,-1
79998.683437,1704.81,1.173035,1
80000.352812,1704.85,0.118459,-1
80000.502566,1704.85,0.04171978,-1
80002.30732,1704.84,0.29328953,1
80002.779062,1704.85,0.006349,-1
80002.743799,1704.85,0.00145177,-1
80006.528927,1705.01,0.00133663,-1
80008.206659,1705.01,0.05806962,-1
80008.2836,1705,0.00075,1
80008.2836,1705,1,1
80008.516712,1704.96,0.153069,1
80008.842794,1704.94,0.99999906,1
80008.842794,1704.94,0.14663961,1
80008.842794,1704.94,1.17303533,1
80009.151213,1704.94,0.99998906,1
80009.151213,1704.94,0.00000094,1
80009.98513,1704.95,0.02137543,-1
80011.927414,1705.03,0.00580706,-1
80013.234605,1705.02,0.99998906,1
80013.234605,1705.02,0.00000094,1
80013.694226,1705.02,0.99998906,1
80013.694226,1705.02,0.00000094,1
80014.002421,1705.02,0.34402628,1
80014.002421,1705.02,0.00000094,1
80014.693899,1705.03,0.05873852,-1
80014.693899,1705.03,0.05280983,-1
80017.10442,1705.03,0.05863826,-1
80017.80378,1705.03,0.02169935,-1
80017.909645,1705.03,0.11613925,-1
80019.728251,1705.03,0.06225493,-1
80021.177193,1705.03,0.01668823,-1
80024.512017,1705.03,0.06517372,-1
80024.88244,1705.03,0.0665633,-1
80025.507441,1705.02,0.00075128,1
80025.507441,1705.02,0.34403,1
80025.507441,1705.02,0.65596372,1
80026.443981,1705.03,0.02106209,-1
80026.924188,1705.05,0.06038603,-1
80027.318427,1705.04,1.17303449,1
80027.318427,1705.04,0.00000051,1
80027.26362,1705.04,0.99999949,1
80027.26362,1705.04,1.17303533,1
80027.26362,1705.04,0.26815218,1
80028.727193,1705.04,0.00055741,-1
80034.284962,1705.04,0.029003,-1
80036.338743,1705.04,0.029309,-1
80036.718999,1705.03,0.00075367,1
80036.718999,1705.03,1.17303533,1
80036.808715,1705.03,1.172936,1
80037.432137,1705.02,0.00126097,1
80037.45692,1705.03,0.04989209,-1
80037.45692,1705.03,0.0585873,-1
80038.627728,1705.12,0.00678627,-1
80038.627728,1705.1,0.001,-1
80038.706461,1705.1,0.01768308,1
80039.797752,1705.1,0.11124376,1
80040.356012,1705.11,0.01112386,-1
80040.793302,1705.1,0.11123973,1
80040.793302,1705.1,0.00126,1
80040.793302,1705.1,0.88749527,1
80041.785444,1705.08,1,1
80041.785444,1705.1,0.99999,1
80041.785444,1705.1,0.00000027,1
80044.02192,1705.03,0.00566093,-1
80044.521871,1705.03,0.00001172,-1
80044.870086,1705.14,0.05806349,-1
80045.347256,1705.3,0.22971655,-1
80045.347256,1705.3,0.001,-1
80045.347256,1705.29,0.0585873,-1
80045.347256,1705.2,0.001,-1
80045.702167,1705.29,0.05699479,-1
80045.9848,1705.29,0.00174182,-1
80047.81394,1705.28,0.14661561,1
80047.81394,1705.28,0.14661639,1
80047.81394,1705.28,1,1
80048.125274,1705.29,0.11854824,-1
80048.116666,1705.29,0.05862932,-1
80048.297575,1705.29,0.01424878,-1
80048.740149,1705.29,0.01424811,-1
80051.183286,1705.24,1,1
80051.16321,1705.28,0.00000083,1
80051.132325,1705.28,0.14659922,1
80051.132325,1705.28,1,1
80051.132325,1705.28,0.00000078,1
80051.303099,1705.17,0.14661595,1
80051.303099,1705.17,0.14660005,1
80051.244313,1705.19,0.00111395,1
80051.244313,1705.19,0.14660005,1
80052.361897,1705.16,0.00000542,1
80052.361897,1705.17,0.00000044,1
80052.958623,1705.16,0.14659911,1
80052.958623,1705.16,0.14660005,1
80052.958623,1705.16,0.89937984,1
80052.946418,1705.16,0.10061474,1
80053.134025,1705.12,1,1
80053.266333,1705,0.62074533,1
80053.266333,1705,0.001,1
80054.972152,1705.03,0.149509,-1
80056.575178,1705.03,0.00556163,-1
80058.00816,1705.03,0.02780817,-1
80058.238438,1705.03,0.00152764,-1
80058.340149,1705.03,0.05562215,-1
80058.922155,1705.02,0.14659907,1
80058.922155,1705.02,0.05857693,1
80058.922155,1705.02,1,1
80059.080398,1705.03,0.023649,-1
80064.225102,1705.04,0.01835968,-1
80065.065822,1705.19,1.1729362,1
80065.065822,1705.19,0.0671774,1
80065.065822,1705.19,0.0671774,1
80065.804899,1705.18,1.172936,1
80065.804899,1705.18,1,1
80067.635469,1705.18,0.02903175,-1
80067.595635,1705.18,0.0111249,-1
80068.587573,1705.18,0.00580632,-1
80071.293349,1705.02,1.172936,1
80071.293349,1705.02,0.1,1
80071.255126,1705.14,1,1
80071.254601,1705.16,1,1
80071.254601,1705.17,0.00000024,1
80071.237042,1705.17,0.00105159,1
80071.237042,1705.17,0.14662241,1
80071.3978,1704.97,1.172936,1
80071.356221,1704.97,1.172936,1
80073.821784,1705.08,0.00882351,1
80074.045664,1705.22,0.05653916,-1
80074.045664,1705.21,0.05857693,-1
80074.045664,1705.2,0.001,-1
80074.268375,1705.26,0.01449022,-1
80074.778454,1705.25,0.05863069,-1
80074.759403,1705.25,0.58655498,1
80074.88374,1705.25,0.00000586,1
80074.871433,1705.25,0.00260372,1
80076.449039,1705.26,0.01112399,-1
80078.187103,1705.38,0.05462574,-1
80078.187103,1705.3,0.001,-1
80078.311703,1705.37,0.01025664,-1
80078.396306,1705.34,1.17273107,1
80078.396306,1705.34,0.05857693,1
80078.333957,1705.36,1,1
80078.434501,1705.34,1.1727318,1
80078.434501,1705.34,0.0907762,1
80078.901615,1705.34,0.00002814,-1
80079.948841,1705.34,0.01243806,1
80080.876401,1705.35,0.0050044,-1
80082.023379,1705.35,0.01451392,-1
80082.302546,1705.31,1.17273192,1
80082.302546,1705.32,1,1
80082.302546,1705.34,0.00075047,1
80082.302546,1705.34,1,1
80082.302546,1705.34,0.05857693,1
80084.252569,1705.16,0.00000586,1
80084.240568,1705.16,0.00577658,1
80085.626154,1705.09,0.05807903,1
80085.623069,1705.09,0.01769819,1
80085.623069,1705.1,0.001,1
80085.623069,1705.14,0.05857693,1
80085.619717,1705.14,1,1
80085.619371,1705.16,1.17273192,1
80085.619371,1705.16,1,1
80085.619371,1705.16,0.03210617,1
80085.651886,1704.95,1.17273192,1
80085.651886,1704.96,0.15155444,1
80085.651886,1705,0.001,1
80086.125727,1704.9,1,1
80086.125727,1704.9,0.001,1
80086.131999,1704.88,1,1
80086.275516,1704.71,0.00000586,1
80086.264438,1704.8,1.17073451,1
80086.263528,1704.8,0.00199741,1
80086.263528,1704.8,0.001,1
80087.999381,1704.9,0.23252957,-1
80087.999381,1704.81,0.87986344,-1
80089.180513,1704.87,0.00058059,-1
80089.811967,1704.87,0.08896339,-1
80090.268035,1704.86,0.00000586,1
80090.256546,1704.86,0.00261605,1
80090.674941,1704.93,0.00000586,1
80092.570805,1704.9,1,1
80092.570805,1704.92,1,1
80093.166793,1704.9,0.58068944,-1
80098.445324,1704.98,0.045983,-1
80098.822874,1704.98,0.02225111,-1
80098.744722,1704.98,0.05863998,-1
80099.263516,1704.98,0.48777513,-1
80099.263516,1704.98,0.3878848,-1
80099.263516,1704.98,0.03632582,-1
80099.823276,1704.99,0.00108281,1
80099.823276,1704.99,0.0141957,1
80099.823276,1704.99,0.0047319,1
80099.823276,1704.99,0.01892759,1
80099.90913,1704.98,1,1
80100.234041,1704.95,1.173003,1
80100.419436,1704.94,1,1
80100.620751,1704.92,0.07494621,-1
80100.862823,1704.92,0.00410194,-1
80103.132909,1704.92,0.2574174,-1
80103.132533,1704.92,0.61828733,-1
80103.257454,1705,0.001,-1
80103.254833,1704.98,0.00900652,-1
80103.254833,1704.98,0.03745753,-1
80103.254833,1704.98,0.00812527,-1
80103.353406,1705.21,0.01225012,-1
80103.353406,1705.2,0.001,-1
80103.353406,1705.1,0.001,-1
80104.693961,1705.2,0.99999977,1
80104.693961,1705.2,1.17300323,1
80105.085471,1705.21,0.00001172,-1
80105.743389,1705.21,0.00001522,-1
80106.872933,1705.21,0.00028448,-1
80107.991211,1705.21,0.00580672,-1
80107.968232,1705.21,0.02613026,-1
80108.703519,1705.21,0.02902868,-1
80108.911008,1705.2,1.01353864,1
80108.910112,1705.2,0.15946459,1
80108.910112,1705.2,0.38536792,1
80108.909889,1705.2,0.61462208,1
80108.909889,1705.2,0.00000023,1
80108.883158,1705.21,0.001016,-1
80109.076582,1705.09,1.173003,1
80108.963848,1705.16,1,1
80109.246848,1705.08,1.173003,1
80109.234028,1705.08,0.65776479,1
80109.601014,1705.04,1.1730024,1
80109.601014,1705.04,0.0585866,1
80109.601014,1705.04,1,1
80109.594567,1705.05,0.0142497,-1
80109.580554,1705.05,0.00275819,-1
80112.075886,1705.22,0.00055745,-1
80112.496372,1705.22,0.02819767,-1
80112.496372,1705.22,0.05802915,-1
80112.958925,1705.22,0.02495306,-1
80114.105793,1705.21,0.05562476,-1
80114.254398,1705.2,0.01504951,1
80114.665188,1705.2,0.01503919,1
80114.665188,1705.2,0.00084132,1
80114.665188,1705.2,0.98495049,1
80114.754831,1705.2,0.00000081,1
80115.114199,1705.1,0.05805737,-1
80119.466265,1705.21,0.01112379,-1
80122.049896,1705.21,0.00587541,-1
80122.328488,1705.2,0.00000586,1
80122.317716,1705.2,0.00421651,1
80123.710652,1705.21,0.05562476,-1
80124.928704,1705.2,0.02428438,1
80126.135877,1705.21,0.02780948,-1
80127.649023,1705.24,0.16548514,-1
80127.647711,1705.24,0.29421949,-1
80128.136626,1705.42,0.59383623,-1
80128.136626,1705.4,0.001,-1
80128.133044,1705.3,0.001,-1
80128.615036,1705.49,1.172473,1
80128.701624,1705.48,0.9999991,1
80128.701624,1705.48,0.0000009,1
80128.673893,1705.48,1.172473,1
80128.731107,1705.48,1.1724731,1
80128.731107,1705.48,0.0000009,1
80133.325537,1705.48,0.139059,-1
80134.793429,1705.48,0.00009778,-1
80137.970929,1705.47,0.00580574,-1
80138.525287,1705.44,1.1724739,1
80138.525287,1705.44,1,1
80138.525287,1705.46,0.00141585,1
80138.525287,1705.46,1,1
80139.26361,1705.22,1,1
80140.378533,1705.3,0.00004272,-1
80140.378533,1705.29,0.0585866,-1
80140.344524,1705.23,0.32949191,-1
80140.344225,1705.23,0.32949191,-1
80141.25668,1705.29,0.058586,1
80142.054741,1705.29,0.08064052,-1
80147.400624,1705.3,0.04354251,-1
80151.285809,1705.29,0.00075037,1
80151.285809,1705.29,1.11917528,1
80151.285809,1705.29,1.17259835,1
80152.10298,1705.29,0.01326158,1
80157.824036,1705.29,0.98252686,1
80157.824036,1705.29,0.5683722,1
80157.824036,1705.29,1.12279417,1
80157.824036,1705.29,1.15933677,1
80157.909922,1705.28,0.14660263,1
80157.863962,1705.29,1.17272307,1
80157.863962,1705.29,0.00000093,1
80158.163278,1705.28,0.853397,1
80158.305232,1705.13,0.71190305,1
80158.305232,1705.2,0.001,1
80160.679191,1705.17,0.0055616,-1
80163.118096,1705.11,1.4999355,1
80163.118096,1705.21,0.00075119,1
80163.118096,1705.21,1.17272356,1
80163.118096,1705.21,0.0585866,1
80165.556136,1705.2,0.00001172,-1
80166.009466,1705.19,0.11172333,1
80166.599981,1705.2,0.00116115,-1
80168.109227,1705.19,0.015,1
80170.357755,1705.2,0.05863241,-1
80171.252325,1705.56,3.59225123,-1
80171.252325,1705.55,0.3,-1
80171.252325,1705.53,0.967,-1
80171.252325,1705.52,0.88025328,-1
80171.252325,1705.52,0.3,-1
80171.252325,1705.51,1.17281073,-1
80171.252325,1705.51,0.3,-1
80171.252325,1705.5,0.3,-1
80171.252325,1705.5,0.571,-1
80171.252325,1705.5,0.001,-1
80171.252325,1705.49,0.3,-1
80171.252325,1705.46,1.17276246,-1
80171.252325,1705.4,0.001,-1
80171.252325,1705.4,0.571,-1
80171.252325,1705.39,0.88025328,-1
80171.252325,1705.38,1.575,-1
80171.252325,1705.33,0.17833399,-1
80171.252325,1705.3,0.571,-1
80171.252325,1705.29,0.0585866,-1
80171.252325,1705.2,0.81985692,-1
80171.855259,1705.2,1.1727624,1
80171.855259,1705.2,0.0585866,1
80172.214226,1705.2,0.00116115,-1
80172.134402,1705.2,0.00290289,-1
80172.24283,1705.2,0.05698944,-1
80172.696311,1705.2,0.00566063,-1
80173.105904,1705.2,0.00580577,-1
80173.060239,1705.2,0.01451443,-1
80173.347289,1705.2,0.00116115,-1
80173.977811,1705.2,0.00290289,-1
80178.75036,1704.96,4.0153208,1
80178.75036,1704.99,1.22567921,1
80178.75036,1704.99,0.1,1
80178.75036,1704.99,0.2,1
80178.75036,1705,0.05,1
80178.75036,1705,0.001,1
80178.749685,1705.03,0.94200001,1
80178.748944,1705.08,1.14495682,1
80178.748829,1705.08,0.27600001,1
80178.748434,1705.05,0.29300001,1
80178.745061,1705.05,0.09651973,1
80178.745061,1705.07,1.52454063,1
80178.745061,1705.08,0.76762627,1
80178.744905,1705.08,0.66803569,1
80178.744905,1705.1,1.46618966,1
80178.744905,1705.1,0.001,1
80178.744023,1705.19,0.00075326,1
80178.744023,1705.19,0.0585866,1
80178.744023,1705.19,1.17276246,1
80178.858785,1704.75,0.01668578,-1
80178.853524,1704.7,0.32421177,1
80178.853524,1704.7,0.001,1
80178.853524,1704.8,0.001,1
80178.853524,1704.84,1.17278823,1
80178.853524,1704.9,0.001,1
80179.005615,1704.6,0.001,1
80179.005615,1704.6,0.05,1
80179.003328,1704.67,1.17278823,1
80178.967433,1704.7,0.571,1
80178.967433,1704.7,0.001,1
80179.446136,1704.45,0.005867,1
80179.446136,1704.5,0.001,1
80179.566292,1704.4,0.571,1
80179.566292,1704.4,0.001,1
80179.750675,1704.38,0.01449207,-1
80180.269849,1704.4,0.00000586,1
80180.254057,1704.41,0.0046937,1
80183.790221,1704.38,0.035718,-1
80184.8652,1704.38,0.16761245,-1
80185.488142,1704.38,0.12746966,-1
80185.462592,1704.38,0.03855032,-1
80189.785316,1704.2,0.001,1
80189.785316,1704.2,0.05,1
80189.785316,1704.24,0.2,1
80189.785316,1704.24,0.1,1
80189.785316,1704.3,0.001,1
80189.785316,1704.37,0.00075209,1
80190.766363,1704.1,0.571,1
80190.766363,1704.1,0.001,1
80190.893027,1704.14,0.01971808,-1
80194.267785,1704.02,0.43060417,1
80194.267785,1704.02,1.03826983,1
80194.254648,1704.02,0.00716442,1
80194.252721,1704.02,0.00004149,1
80196.860271,1704.01,0.058586,1
80197.581788,1704.01,0.00559221,-1
80200.854751,1704.04,1,-1
80200.854751,1704.02,1,-1
80201.605608,1704.12,0.08953416,-1
80201.800296,1704.14,1,-1
80201.797987,1704.13,0.0585866,-1
80201.797987,1704.12,1,-1
80202.073603,1704.29,0.00081424,1
80202.073603,1704.29,1.17354876,1
80202.367081,1704.07,0.00000586,1
80202.355233,1704.12,1.173548,1
80203.491017,1704.12,0.0585866,-1
80203.491017,1704.12,1,-1
80203.491017,1704.1,1,-1
80203.723945,1704.37,0.00001671,-1
80203.723945,1704.3,0.001,-1
80206.329022,1704.4,0.02961197,-1
80206.329022,1704.4,0.001,-1
80209.457682,1704.4,0.05701619,-1
80211.267535,1704.31,0.00592587,1
80212.08678,1704.32,0.02547647,-1
80212.204613,1704.31,0.00293332,1
80212.977559,1704.31,0.05841297,1
80213.192452,1704.31,1,1
80214.446523,1704.32,0.046614,-1
80216.725775,1704.34,1,-1
80216.725775,1704.32,0.04662,-1
80216.725775,1704.32,0.02547,-1
80216.725775,1704.32,0.92790953,-1
80218.615425,1704.68,0.76582496,-1
80218.615425,1704.61,0.87997001,-1
80218.615425,1704.6,0.001,-1
80218.615425,1704.5,0.001,-1
80219.129127,1704.6,0.146675,1
80220.094439,1704.56,0.00105301,1
80220.094439,1704.56,0.06670899,1
80220.94761,1704.56,0.01138283,1
80222.573434,1704.55,0.146675,1
80222.705122,1704.4,1.173312,1
80222.705122,1704.4,0.001,1
80222.950549,1704.4,1.173312,1
80225.474352,1704.31,0.01446964,-1
80226.391893,1704.31,0.00001173,-1
80226.381512,1704.31,0.00290418,-1
80226.764922,1704.31,0.00058084,-1
80226.907589,1704.31,0.00290418,-1
80229.32615,1704.31,0.04355125,-1
80229.272542,1704.31,0.0029044,-1
80230.258489,1704.31,0.15903087,1
80232.137781,1704.32,0.0656635,-1
80233.48626,1704.32,0.00043566,-1
80233.932853,1704.31,1.10417811,1
80233.932853,1704.31,0.0007527,1
80233.932853,1704.31,1.17331219,1
80234.866672,1704.32,0.0285096,-1
80235.514016,1704.31,1.173312,1
80235.732839,1704.31,0.0029044,-1
80236.20043,1704.31,0.00275918,-1
80236.933041,1704.3,1.1733114,1
80236.933041,1704.3,0.0585866,1
80236.933041,1704.3,0.001,1
80238.374618,1704.29,0.00000586,1
80239.077713,1704.32,0.88011641,-1
80239.077713,1704.32,0.02894,-1
80239.077713,1704.32,0.06566,-1
80239.077713,1704.32,0.90539124,-1
80239.074711,1704.3,1,-1
80240.416456,1704.48,0.08208997,1
80241.024048,1704.47,0.018864,1
80240.965664,1704.47,0.01886455,1
80240.965664,1704.47,0.01886485,1
80240.965664,1704.47,0.0585866,1
80241.763907,1704.48,0.11617537,-1
80242.585987,1704.48,0.01640977,-1
80245.104322,1704.48,0.08713204,-1
80245.483802,1704.48,0.01568386,-1
80252.163484,1704.38,0.058599,1
80252.157301,1704.39,0.5053154,-1
80252.28651,1704.37,0.00120251,1
80252.28651,1704.37,0.00000049,1
80252.234277,1704.37,0.146683,1
80252.419417,1704.38,0.05564858,-1
80254.274668,1704.21,0.058599,1
80254.56239,1704.2,0.001,1
80254.633233,1704.19,0.08263944,1
80254.633233,1704.19,0.10638356,1
80255.009542,1704.2,0.01502587,-1
80255.1385,1704.19,0.00000093,1
80256.139989,1704.11,0.05898831,-1
80256.420295,1704.1,0.001,1
80256.581716,1703.8,0.001,1
80256.581716,1703.8,0.05,1
80256.581353,1703.87,0.14666886,1
80256.581353,1703.9,0.001,1
80256.58076,1704,0.001,1
80256.587989,1703.76,0.05859911,1
80256.587989,1703.77,0.01862864,1
80257.382096,1703.7,0.146668,1
80257.382096,1703.7,0.001,1
80257.710448,1703.61,0.01466143,1
80257.710448,1703.7,0.00000086,1
80258.281811,1703.6,0.146668,1
80258.281811,1703.6,0.001,1
80259.69223,1703.54,0.01452056,-1
80260.729321,1703.53,0.000005,1
80262.19043,1703.53,0.058594,1
80262.30571,1703.5,0.001,1
80262.30571,1703.51,0.14666886,1
80262.497681,1702.74,0.03456538,1
80262.497681,1702.75,0.24652489,1
80262.497681,1702.78,1.70775777,1
80262.497681,1702.8,5,1
80262.497681,1702.8,0.00114688,1
80262.497681,1702.8,1,1
80262.497681,1702.8,0.05,1
80262.497681,1702.8,0.001,1
80262.496903,1702.81,0.28189126,1
80262.496903,1702.85,1.575,1
80262.496903,1702.86,0.00088057,1
80262.495771,1702.89,4.04998588,1
80262.495771,1702.9,0.001,1
80262.495134,1702.97,0.70236022,1
80262.494387,1702.99,0.88080088,1
80262.494387,1702.99,0.00061702,1
80262.494387,1703,0.001,1
80262.494387,1703,0.05,1
80262.494387,1703.04,0.07047281,1
80262.494255,1703.05,0.14094563,1
80262.494255,1703.05,1,1
80262.481834,1703.06,1.45092645,1
80262.481834,1703.1,0.03523641,1
80262.481834,1703.1,0.001,1
80262.481834,1703.13,1.45775194,1
80262.481834,1703.18,0.14674289,1
80262.481834,1703.2,0.001,1
80262.481834,1703.27,0.14674289,1
80262.481834,1703.3,0.05859911,1
80262.481834,1703.3,1,1
80262.481834,1703.3,0.001,1
80262.481834,1703.31,0.20000031,1
80262.481834,1703.4,0.001,1
80262.500701,1702.66,0.09999999,1
80262.499001,1702.67,0.70236022,1
80262.499001,1702.67,1.575,1
80262.499001,1702.68,4.9908476,1
80262.499001,1702.68,0.09999942,1
80262.499001,1702.7,0.001,1
80262.499001,1702.7,0.09999837,1
80262.499001,1702.73,4.03786,1
80262.499001,1702.73,0.19999998,1
80262.511465,1702.86,0.17916734,1
80262.732856,1703.02,0.03575356,-1
80262.649578,1702.93,0.967,-1
80262.593739,1703.37,1.22682642,-1
80262.593739,1703.37,2.77317358,-1
80262.592553,1703.37,2.78898473,-1
80262.592553,1703.3,0.569,-1
80262.592553,1703.25,1.25030059,-1
80262.592553,1703.2,0.569,-1
80262.592553,1703.19,1.575,-1
80262.592553,1703.19,2.87438535,-1
80262.592553,1703.19,0.86520421,-1
80262.592553,1703.15,0.096,-1
80262.592553,1703.12,1.05031976,-1
80262.592553,1703.1,0.569,-1
80262.592553,1703.03,0.048,-1
80262.585169,1702.86,0.2860285,-1
80262.585169,1702.86,0.28602852,-1
80262.579467,1702.85,1.449951,1
80262.893268,1703.26,0.05704263,-1
80262.819728,1703.21,0.39834597,-1
80262.819728,1703.15,0.967,-1
80262.819728,1703.14,0.26815174,-1
80262.965697,1703.22,0.23296194,1
80262.965697,1703.22,0.23296206,1
80263.125645,1703.11,0.36703786,-1
80263.083914,1703.1,0.569,1
80263.39832,1703.16,0.06973714,-1
80263.439647,1703.2,1,-1
80263.439647,1703.18,1,-1
80263.439647,1703.17,0.14674289,-1
80263.569499,1703.42,0.096,-1
80263.569499,1703.4,0.001,-1
80263.569499,1703.3,0.048,-1
80263.853582,1703.5,0.569,1
80264.393617,1703.56,1.174566,1
80268.055581,1703.39,1.17456645,1
80268.055581,1703.39,0.000878,1
80268.505979,1703.25,0.00000587,1
80268.489854,1703.24,0.00126036,1
80268.489854,1703.3,0.001,1
80269.147972,1703.28,0.05902086,-1
80270.122907,1703.11,0.03421476,1
80270.122907,1703.2,0.001,1
80272.082652,1703.14,0.011067,-1
80273.449981,1703,0.00487,1
80273.449981,1703.1,0.001,1
80274.149324,1702.93,0.0053642,1
80274.149324,1703,0.001,1
80276.06017,1702.7,0.16208541,1
80276.06017,1702.8,0.001,1
80276.06017,1702.8,0.05,1
80276.06017,1702.9,0.001,1
80277.17864,1702.77,0.42472742,1
80277.17864,1702.77,0.45134669,1
80277.958444,1702.61,0.05859911,1
80277.953337,1702.7,0.001,1
80279.387941,1702.61,0.01002624,-1
80279.484274,1702.6,0.569,1
80279.484274,1702.6,0.001,1
80279.617673,1702.62,1,-1
80280.36566,1702.5,0.000788,1
80280.36566,1702.5,0.001,1
80281.111918,1702.3,0.001,1
80281.111918,1702.3,0.38706054,1
80281.1107,1702.3,0.30646973,1
80281.110297,1702.3,0.30646973,1
80281.107738,1702.4,0.001,1
80281.410672,1702.2,0.569,1
80281.410672,1702.2,0.001,1
80281.384337,1702.21,0.03899111,-1
80282.380244,1702.13,0.00063449,1
80282.445527,1702.13,0.00000587,1
80283.139581,1702.14,0.0058139,-1
80283.60324,1702.14,0.0058099,-1
80283.60324,1702.14,0.9941861,-1
80283.912288,1702.14,0.9999899,-1
80283.912288,1702.14,0.0000001,-1
80285.29281,1702.14,0.08562426,-1
80285.25055,1702.14,0.1476121,-1
80285.25055,1702.14,0.0000001,-1
80286.176285,1702,0.00099945,1
80286.176285,1702,0.09782355,1
80286.146057,1702,0.68806155,1
80286.145819,1702,0.56803292,1
80286.14569,1702,3.09019483,1
80286.14565,1702,0.60122481,1
80286.14565,1702.02,0.88130077,1
80286.14565,1702.05,0.48915531,1
80286.145573,1702.05,0.51084469,1
80286.145573,1702.1,0.001,1
80286.271575,1702.01,0.00001175,-1
80287.1273,1702.01,0.00001174,-1
80289.115822,1701.8,0.001,1
80289.115822,1701.8,0.05,1
80289.115822,1701.8,1,1
80289.115454,1701.82,0.20012295,1
80289.115454,1701.83,0.09999862,1
80289.114305,1701.89,0.88137151,1
80289.114305,1701.9,0.001,1
80289.111579,1701.95,0.88025328,1
80289.111579,1702,0.00000055,1
80290.935468,1701.72,0.766753,-1
80290.935468,1701.72,0.23324,-1
80291.39746,1701.74,0.13621673,-1
80291.39746,1701.72,0.99999,-1
80291.39746,1701.72,0.00000064,-1
80291.965252,1701.71,0.01454411,-1
80292.702618,1701.72,0.00348999,-1
80293.88611,1701.71,0.01541162,1
80295.014297,1701.72,0.02854813,-1
80295.00818,1701.72,0.02854813,-1
80295.176716,1701.72,0.01671706,-1
80295.79529,1701.88,1.46618966,-1
80295.79529,1701.88,0.05859911,-1
80295.787972,1701.74,1,-1
80295.787972,1701.72,0.07382,-1
80295.787972,1701.72,0.00348,-1
80295.787972,1701.72,0.86378327,-1
80295.787972,1701.72,0.05890669,-1
80296.525508,1701.92,0.00820925,1
80296.875286,1701.93,0.00232666,-1
80297.102531,1701.92,0.15464135,1
80297.102531,1701.92,0.13867331,1
80297.061837,1701.93,0.00581764,-1
80297.1583,1701.89,0.03418769,1
80297.1583,1701.92,0.00093629,1
80297.305369,1701.94,0.048,-1
80297.244332,1701.92,1,-1
80297.781355,1702,0.00176338,-1
80297.781355,1702,0.001,-1
80297.906979,1702,0.998236,-1
80298.094136,1702,0.00000062,-1
80298.152273,1702.04,0.99999,-1
80298.34451,1702.29,0.0054175,-1
80298.34451,1702.2,0.001,-1
80298.34451,1702.1,0.001,-1
80299.627457,1702.15,0.00219,-1
80301.054409,1702.16,0.06108525,-1
80301.450205,1702.15,0.01950656,-1
80302.251184,1702.15,0.09396939,-1
80303.027642,1702.01,0.16721652,-1
80303.067689,1702.02,0.24022795,-1
80303.938802,1701.97,0.06037303,1
80303.938802,1701.97,0.66238569,1
80303.938802,1701.97,0.68236228,1
80304.443734,1702.32,3.12687827,-1
80304.443734,1702.31,0.88025328,-1
80304.443734,1702.3,0.001,-1
80304.443734,1702.3,0.569,-1
80304.443734,1702.29,1.75391208,-1
80304.443734,1702.28,4.07768011,-1
80304.443734,1702.24,0.88025328,-1
80304.443734,1702.22,1.52656839,-1
80304.443734,1702.2,0.001,-1
80304.443734,1702.2,0.598,-1
80304.443734,1702.19,1.575,-1
80304.443734,1702.16,5.10226523,-1
80304.443734,1702.14,1.75932958,-1
80304.443734,1702.14,0.88025328,-1
80304.443734,1702.11,1.17487826,-1
80304.443734,1702.1,0.88126793,-1
80304.443734,1702.1,0.598,-1
80304.443734,1702.05,0.19285234,-1
80304.443734,1702.04,0.88025328,-1
80304.443734,1702.03,0.05859911,-1
80304.443734,1701.96,0.967,-1
80304.443734,1701.94,0.30131,-1
80304.443734,1701.94,0.6986868,-1
80305.280784,1701.93,0.00000414,1
80305.280784,1702.02,0.00000086,1
80305.254664,1702.02,0.159343,1
80306.48562,1701.73,1.17505406,1
80306.48562,1701.76,0.05859911,1
80306.48562,1701.76,0.88143939,1
80306.48562,1701.8,0.001,1
80306.48562,1701.9,0.001,1
80308.218042,1701.76,0.00037221,-1
80308.34302,1701.78,1,-1
80308.34302,1701.76,0.99962779,-1
80309.555937,1701.89,0.03905815,-1
80309.753614,1701.88,0.01701911,1
80309.753614,1701.88,0.00078327,1
80309.968738,1701.88,0.00008225,1
80310.393726,1701.9,0.99523331,-1
80310.393726,1701.89,1.84,-1
80310.393726,1701.89,0.01954096,-1
80311.328505,1701.89,0.02854981,-1
80312.121019,1701.89,0.00290843,-1
80312.812516,1701.92,1,-1
80312.812516,1701.9,0.99523,-1
80312.812516,1701.9,0.00476669,-1
80312.812516,1701.89,0.05859911,-1
80314.240068,1702,0.01880403,-1
80314.240068,1702,0.05859911,-1
80314.240068,1702,0.001,-1
80314.942249,1702,0.0008143,-1
80316.826217,1701.99,0.00544101,1
80318.445701,1702,0.00404286,-1
80320.775154,1701.89,0.015166,-1
80321.877829,1701.94,0.08916398,-1
80321.956624,1701.94,0.01466874,-1
80325.234119,1701.91,0.01393096,-1
80326.007776,1701.91,0.04365037,-1
80328.253624,1701.91,0.14688302,1
80328.253624,1701.91,0.00102398,1
80329.103719,1701.8,1.175037,1
80329.797709,1701.6,0.00475477,1
80329.797709,1701.6,0.001,1
80329.797709,1701.7,0.001,1
80338.244352,1701.65,0.14689607,1
80338.244352,1701.65,0.96112993,1
80338.463057,1701.66,0.05573917,-1
80340.349725,1701.66,0.03947005,-1
80340.482948,1701.65,0.14689587,1
80340.482948,1701.65,0.00075813,1
80343.037453,1701.59,0.058599,1
80344.186485,1701.5,0.598,1
80344.186485,1701.5,0.001,1
80344.549431,1701.48,0.00759229,-1
80346.273134,1701.42,0.0159479,-1
80346.273134,1701.42,0.05573,-1
80347.102683,1701.42,0.00116369,-1
80347.044265,1701.42,0.00001175,-1
80347.377613,1701.41,0.00001175,-1
80347.647553,1701.41,0.02786749,-1
80348.723676,1701.3,1,1
80348.723676,1701.3,0.001,1
80348.64941,1701.4,0.001,1
80349.857774,1701.28,0.00101812,-1
80349.94814,1701.28,0.00759,-1
80349.94814,1701.28,0.99138959,-1
80350.565416,1701.17,1.10134846,1
80350.565416,1701.17,3.03537272,1
80350.565416,1701.17,3.00099279,1
80350.565416,1701.18,0.14693954,1
80350.565416,1701.19,0.2,1
80350.565416,1701.19,0.1,1
80350.565416,1701.2,0.598,1
80350.565416,1701.2,0.001,1
80350.565416,1701.21,1.46954226,1
80350.565416,1701.21,0.88025328,1
80350.565416,1701.26,0.88169723,1
80350.565416,1701.27,0.14693954,1
80350.565416,1701.28,1.4694818,1
80350.565416,1701.28,1.17552404,1
80350.565416,1701.32,0.22941597,1
80350.565416,1701.32,0.22941597,1
80351.844567,1701.17,0.00336757,-1
80353.885739,1701.18,0.0027641,-1
80354.351699,1701.18,0.08195062,-1
80354.476091,1701.18,0.01454719,-1
80354.544022,1701.18,0.00567364,-1
80354.723645,1701.35,1.17544403,1
80354.723645,1701.35,0.22941597,1
80354.642829,1701.2,1,-1
80354.642829,1701.18,0.00276,-1
80354.642829,1701.18,0.07875434,-1
80354.642083,1701.18,0.81631011,-1
80355.300684,1701.32,0.00093659,1
80355.300684,1701.32,1.12698941,1
80355.28573,1701.32,0.0484554,1
80355.727498,1701.32,0.00043643,-1
80356.847752,1701.22,0.01114916,-1
80356.931346,1701.22,0.01059004,-1
80357.092817,1701.21,0.00587,-1
80357.397874,1701.05,0.28538076,1
80357.397666,1701.05,0.71461924,1
80357.397666,1701.1,0.001,1
80357.397666,1701.14,0.00000098,1
80357.364301,1701.14,0.716329,1
80357.418531,1701.03,0.07240774,1
80357.418223,1701.04,0.71408459,1
80357.930615,1701.01,0.00567404,-1
80358.640724,1701.01,0.01020574,-1
80359.874413,1701.01,0.00183881,-1
80361.556689,1701.01,0.058599,-1
80362.207929,1701.02,0.01745815,-1
80362.207929,1701.01,0.00000011,-1
80365.284501,1701.01,0.02856491,-1
80365.275056,1701.01,0.03027103,-1
80366.569887,1701,0.001,1
80366.769557,1700.8,1,1
80366.769557,1700.8,0.001,1
80366.769557,1700.8,0.05,1
80366.769557,1700.9,0.001,1
80367.010839,1700.74,0.1469685,1
80367.010839,1700.74,0.0005885,1
80367.530459,1700.7,0.000753,1
80367.530459,1700.7,0.001,1
80367.593823,1700.67,0.146968,1
80368.233384,1700.66,0.20008802,1
80368.233384,1700.66,0.20002898,1
80368.213135,1700.67,0.01672689,-1
80368.283944,1700.66,0.27696932,1
80368.283944,1700.66,0.00000068,1
80370.450565,1700.65,0.00686308,1
80370.875829,1700.65,0.00017049,1
80372.237176,1700.66,0.03020229,-1
80372.749928,1700.62,0.88203078,1
80372.749928,1700.64,0.05859911,1
80372.749928,1700.65,0.19296618,1
80373.480562,1700.61,0.02787814,-1
80373.593977,1700.6,0.146997,1
80373.593977,1700.6,0.001,1
80373.813431,1700.44,0.85293904,1
80373.813431,1700.45,0.14706096,1
80373.787739,1700.4,0.47074886,1
80373.787739,1700.4,0.001,1
80373.787739,1700.41,0.88025328,1
80373.787739,1700.5,0.001,1
80373.787739,1700.51,0.14699743,1
80373.787739,1700.6,0.00000043,1
80375.604765,1700.3,0.498,1
80375.604765,1700.3,1,1
80375.604765,1700.3,0.001,1
80375.604765,1700.4,0.001,1
80375.862787,1700.27,0.08172142,1
80375.862787,1700.27,0.74288828,1
80375.862787,1700.27,0.7580843,1
80376.063683,1700.27,0.0000008,1
80377.229832,1700.21,0.60165921,1
80377.229832,1700.21,0.07353048,1
80377.280913,1700.26,1,-1
80377.280913,1700.26,0.968,-1
80377.263972,1700.22,1,-1
80377.943543,1700.36,0.000005,1
80378.087869,1700.37,0.02910635,-1
80379.966631,1700.32,0.005881,1
80380.402964,1700.33,0.00000587,-1
80380.392343,1700.33,0.00001175,-1
80380.378891,1700.33,0.02910035,-1
80380.818112,1700.31,0.65884016,1
80380.818112,1700.31,0.00075584,1
80380.803735,1700.32,0.01096759,-1
80382.947335,1700.26,0.98904,-1
80382.947335,1700.26,0.01096,-1
80383.318323,1700.33,0.8670613,1
80383.318323,1700.33,0.0329387,1
80383.717822,1700.34,1,-1
80383.78364,1700.38,1,-1
80383.901548,1700.7,0.001,-1
80383.898226,1700.67,0.048,-1
80383.898226,1700.66,0.6,-1
80383.898226,1700.6,0.001,-1
80383.898226,1700.5,0.001,-1
80384.09469,1700.82,1,-1
80384.091286,1700.8,1,-1
80384.091286,1700.8,0.001,-1
80385.733352,1700.92,1,-1
80385.733352,1700.9,1,-1
80385.733352,1700.9,0.001,-1
80387.957679,1701.6,0.0005775,-1
80387.957679,1701.6,0.001,-1
80387.957679,1701.5,0.001,-1
80387.957679,1701.4,0.001,-1
80387.957679,1701.3,0.001,-1
80387.957679,1701.2,0.001,-1
80390.868363,1701.49,0.00114073,-1
80399.106,1701.58,0.049978,1
80399.074832,1701.62,0.20118698,-1
80399.074832,1701.62,0.048,-1
80399.074832,1701.5,0.001,-1
80399.186836,1701.58,0.99999932,1
80399.186836,1701.58,1.17520368,1
80399.142689,1701.58,1.175203,1
80400.224128,1701.36,3.69158878,1
80400.224128,1701.39,0.19435515,1
80400.224128,1701.4,0.88025328,1
80400.224128,1701.41,0.05859911,1
80400.224128,1701.44,1.17520368,1
80400.20953,1701.45,1.175203,1
80400.159352,1701.41,0.24771792,1
80400.159352,1701.44,0.2,1
80400.159352,1701.44,0.1,1
80400.159352,1701.45,0.88160098,1
80400.159352,1701.45,0.01249471,1
80400.159352,1701.5,0.65818639,1
80400.15621,1701.5,0.22206689,1
80400.15621,1701.56,0.98493311,1
80400.152469,1701.56,0.19027057,1
80400.14907,1701.53,0.18950996,1
80400.14907,1701.56,0.7826052,1
80400.148727,1701.56,0.2173948,1
80400.148727,1701.58,0.6396052,1
80400.146577,1701.58,0.3603848,1
80400.146577,1701.58,0.00111903,1
80400.146577,1701.58,1.17520368,1
80400.146577,1701.58,0.00000068,1
80400.146577,1701.59,0.02498941,1
80400.313874,1701.38,1.175203,1
80400.411556,1701.38,1.57499932,1
80400.411556,1701.38,1.17520368,1
80400.360645,1701.38,1.575,1
80400.59377,1701.49,0.05876026,-1
80400.559796,1701.39,1.09093081,-1
80402.482582,1701.5,0.00000587,1
80407.864692,1701.58,0.00116367,-1
80407.848123,1701.58,0.00001175,-1
80408.114077,1701.56,0.01393704,-1
80408.822078,1701.4,0.18950996,1
80408.822078,1701.41,0.05859911,1
80408.82134,1701.43,0.88161036,1
80408.820877,1701.46,1.17523413,1
80408.820877,1701.49,0.18950996,1
80409.322521,1701.1,0.001,1
80409.322521,1701.2,0.001,1
80409.322521,1701.3,0.001,1
80409.335178,1700.83,0.06392404,1
80409.335178,1700.83,0.16299643,1
80409.335178,1700.84,0.7725948,1
80409.335178,1700.84,0.01380358,1
80409.335178,1700.84,0.66768115,1
80409.335178,1700.9,0.659,1
80409.335178,1701,0.659,1
80409.335178,1701.1,0.001,1
80409.322521,1700.83,0.03700357,1
80409.322521,1700.83,0.1,1
80409.322521,1700.83,0.70236022,1
80409.322521,1700.85,0.88191089,1
80409.322521,1700.9,0.001,1
80409.322521,1700.9,0.659,1
80409.322521,1700.91,1.17534004,1
80409.322521,1701,0.001,1
80411.552267,1700.94,0.0349037,-1
80414.829159,1700.94,0.00166983,-1
80416.006473,1700.94,0.02856609,-1
80417.04499,1700.94,0.01115139,-1
80417.566463,1700.94,0.0056729,-1
80418.011645,1700.94,0.00625683,-1
80418.46938,1700.91,0.01428304,-1
80418.883639,1700.91,0.05819045,-1
80419.295671,1700.92,0.00057039,-1
80420.715975,1700.92,0.032556,-1
80420.698971,1700.92,0.00043652,-1
80423.851346,1700.92,0.05820311,-1
80424.590101,1700.92,0.0582,-1
80424.590101,1700.92,0.03356,-1
80424.590101,1700.92,0.90823398,-1
80425.91754,1700.86,0.70612642,1
80425.91754,1701,0.00153919,1
80426.007257,1700.8,0.001,1
80425.959683,1700.82,1.67696524,1
80425.959437,1700.82,0.80202978,1
80425.959437,1700.82,0.0008816,1
80426.05541,1700.7,0.00000049,1
80426.054284,1700.7,5.035174,1
80426.054284,1700.7,0.001,1
80427.257974,1700.62,0.04461321,-1
80429.039473,1700.61,0.05576506,-1
80430.031868,1700.62,0.1126762,-1
80431.473235,1700.61,0.01004021,-1
80432.739244,1700.62,0.05576211,-1
80432.970108,1700.61,0.12654683,1
80432.970108,1700.61,0.04815864,1
80433.380502,1700.62,0.00873216,-1
80433.873561,1700.64,1,-1
80433.873561,1700.62,0.00873,-1
80433.873561,1700.62,0.05577,-1
80433.873561,1700.62,0.11267,-1
80433.873561,1700.62,0.04461,-1
80433.873561,1700.62,0.77821632,-1
80434.294535,1700.91,0.01529994,-1
80434.294535,1700.9,0.001,-1
80437.4687,1700.7,0.2401784,1
80437.4687,1700.7,0.001,1
80437.4687,1700.7,0.659,1
80437.4687,1700.72,0.43058812,1
80437.4687,1700.73,0.14700262,1
80437.4687,1700.79,0.05859911,1
80437.4687,1700.82,0.01203965,1
80437.4687,1700.82,0.01203967,1
80443.945931,1700.94,0.13661011,-1
80443.945931,1700.94,0.05859911,-1
80444.227225,1700.93,0.00043073,-1
80444.269706,1700.93,0.1829382,-1
80445.441646,1700.93,0.00291016,-1
80448.350541,1700.91,0.00123806,1
80448.350541,1700.91,0.14698792,1
80448.441602,1700.73,0.14700262,1
80448.441602,1700.75,0.05550312,1
80448.441602,1700.75,0.40956384,1
80448.441602,1700.77,0.05859911,1
80449.001851,1700.6,0.01463583,1
80449.001851,1700.6,0.001,1
80449.001851,1700.7,0.001,1
80450.810919,1700.65,0.11325877,-1
80457.512624,1700.68,1,-1
80457.512624,1700.66,1,-1
80459.90276,1700.87,0.09648811,-1
80462.543664,1701.07,1.82937816,-1
80462.543664,1701.05,0.18703253,-1
80462.543664,1701,0.659,-1
80462.543664,1701,0.001,-1
80462.543664,1700.99,0.05859911,-1
80462.543664,1700.94,1.17569315,-1
80462.543664,1700.93,0.88187208,-1
80462.543664,1700.9,0.001,-1
80462.543664,1700.89,0.46302589,-1
80465.28735,1700.9,0.00470513,1
80465.565858,1700.91,0.01394194,-1
80467.509566,1700.91,0.02620994,-1
80468.590111,1700.9,0.000012,1
80469.032474,1700.91,0.00087306,-1
80469.016749,1700.9,0.000012,1
80475.946101,1700.9,0.00469902,1
80475.946101,1700.9,0.00099511,1
80475.946101,1700.9,0.99527087,1
80476.33981,1700.9,0.2899448,1
80476.33981,1700.9,0.00078433,1
80476.33981,1700.9,0.00000098,1
80476.35378,1700.9,0.710045,1
80478.223165,1700.91,0.012315,-1
80478.33273,1700.88,1,1
80478.33273,1700.9,0.99999,1
80478.33273,1700.9,0.0000002,1
80478.575894,1700.68,0.05033429,1
80478.575894,1700.68,0.3315573,1
80478.575894,1700.7,0.001,1
80478.671781,1700.58,1,1
80478.641128,1700.6,1,1
80478.641128,1700.6,0.001,1
80480.258936,1700.5,0.00000588,1
80480.24503,1700.5,0.0047042,1
80480.24503,1700.5,0.001,1
80481.080958,1700.56,0.05859911,-1
80484.294286,1700.69,0.04348362,1
80485.145869,1700.77,0.00191021,-1
80485.145869,1700.7,0.001,-1
80487.485173,1700.63,0.058599,1
80488.28509,1700.51,0.0064146,-1
80489.123445,1700.5,0.000757,1
80489.123445,1700.5,0.001,1
80496.227675,1700.4,0.001,1
80500.733871,1700.05,1,1
80500.688233,1700.1,0.001,1
80500.688233,1700.2,0.001,1
80500.688233,1700.3,0.001,1
80500.795065,1700,0.0000001,1
80500.795065,1700,0.0009999,1
80500.795065,1700,0.2,1
80500.795065,1700,0.58587941,1
80500.795065,1700,0.00116705,1
80500.795065,1700,0.00011623,1
80500.795065,1700,0.01452941,1
80500.795065,1700,0.05,1
80500.845023,1699.92,0.880253,1
80501.217725,1699.94,1,-1
80506.747707,1699.93,0.43979057,1
80506.747707,1699.93,0.00087522,1
80508.99294,1699.94,0.038585,-1
80509.222162,1699.94,0.02510066,-1
80511.224755,1699.94,0.06368,-1
80511.224755,1699.94,0.93631434,-1
80511.793393,1700,0.03042222,-1
80511.793393,1700,0.00863757,-1
80511.992154,1700,0.58125882,-1
80512.986695,1700,0.05903414,-1
80513.297793,1699.99,0.16781546,1
80514.10134,1699.96,0.05859911,1
80514.10134,1699.96,1.1763044,1
80514.10134,1699.97,0.2,1
80514.10134,1699.97,0.1,1
80514.10134,1699.99,1.575,1
80515.576482,1699.93,0.09588236,1
80517.914293,1699.93,0.26807202,1
80517.914293,1699.93,0.00075598,1
80519.394342,1699.92,0.058599,1
80519.562825,1699.92,1.93429989,1
80519.562825,1699.92,0.00000011,1
80521.604855,1699.86,0.00002352,-1
80521.575085,1699.81,0.74819712,1
80521.575085,1699.9,0.001,1
80521.575085,1699.9,0.01464469,1
80521.575085,1699.91,0.05859911,1
80521.90402,1699.88,0.00285945,-1
80524.5045,1699.88,0.08331955,-1
80524.5045,1699.88,0.05617055,-1
80524.573087,1699.9,1,-1
80524.573087,1699.88,0.00285,-1
80524.573087,1699.88,0.32928482,-1
80524.573087,1699.88,0.52836045,-1
80524.80295,1700.09,0.346757,1
80526.341078,1699.93,0.00195965,1
80526.464251,1699.94,0.00320888,-1
80527.574329,1699.94,0.02286479,-1
80528.916243,1699.94,0.00058237,-1
80529.110896,1699.94,0.00291187,-1
80531.847035,1699.93,0.00116153,1
80531.847035,1699.93,0.00075447,1
80532.268586,1699.92,0.00293913,1
80532.268586,1699.93,0.00000087,1
80532.646719,1699.93,0.17471822,-1
80533.848106,1699.87,0.0011539,1
80534.276158,1699.87,0.00000588,1
80534.263248,1699.87,0.0008177,1
80534.548247,1699.99,0.03407417,-1
80534.548247,1699.99,0.88236076,-1
80534.548247,1699.9,0.0032,-1
80534.548247,1699.9,0.00349,-1
80534.548247,1699.9,0.02287,-1
80534.548247,1699.9,0.97043209,-1
80534.548247,1699.88,1,-1
80535.088301,1699.93,1.06370189,1
80535.088301,1699.93,0.05859911,1
80535.855458,1699.94,0.05823701,-1
80536.768691,1699.93,0.02800308,1
80536.768691,1699.93,0.00000084,1
80537.300219,1699.94,0.00291182,-1
80538.49568,1699.94,0.09317976,-1
80538.693636,1699.94,0.01673741,-1
80539.926485,1699.94,0.05823735,-1
80540.031853,1699.94,0.03618308,-1
80540.020285,1699.93,0.00241774,1
80540.096723,1699.94,0.05716578,-1
80540.32752,1699.94,0.1429195,-1
80540.880527,1699.94,0.02911867,-1
80541.803317,1699.94,0.025215,-1
80541.934279,1699.94,0.00626052,-1
80542.425808,1699.94,0.00276627,-1
80542.384654,1699.94,0.00349414,-1
80542.699578,1699.94,0.00291187,-1
80543.477374,1699.96,1,-1
80543.477374,1699.94,0.00917,-1
80543.477374,1699.94,0.03147,-1
80543.477374,1699.94,0.02912,-1
80543.477374,1699.94,0.29451,-1
80543.477374,1699.94,0.10992,-1
80543.477374,1699.94,0.00291,-1
80543.477374,1699.94,0.05823,-1
80543.477374,1699.94,0.46466182,-1
80544.016593,1700.25,1.17633881,-1
80544.016593,1700.2,0.001,-1
80544.012119,1700.14,0.88228341,-1
80544.007023,1700.14,0.45986037,-1
80544.007023,1700.12,1,-1
80544.007023,1700.1,0.45467264,-1
80544.006979,1700.1,0.54532736,-1
80544.006979,1700.1,0.001,-1
80544.006979,1700.09,0.05859911,-1
80544.006979,1700.09,0.42761023,-1
80544.082988,1700.41,0.6,-1
80544.082988,1700.4,0.001,-1
80544.082988,1700.3,0.001,-1
80546.693235,1700.49,0.26877082,1
80546.693235,1700.49,0.27750682,1
80546.693235,1700.49,1.17624036,1
80547.899152,1700.49,0.32552732,1
80549.110927,1700.49,0.00120964,1
80549.110927,1700.49,1.17624036,1
80549.14048,1700.49,0.15542564,1
80549.14048,1700.49,1.17624036,1
80549.386241,1700.48,1.17624036,1
80549.444093,1700.33,0.667851,1
80553.458652,1700.28,0.02858289,-1
80555.068449,1700.28,0.01115418,-1
80555.749473,1700.3,1,-1
80555.749208,1700.28,0.01115,-1
80555.749208,1700.28,0.02858,-1
80555.749208,1700.28,0.64032248,-1
80555.749036,1700.28,0.31994045,-1
80557.436009,1700.38,0.01455643,-1
80557.517498,1700.37,0.03475215,1
80557.507599,1700.38,0.03434735,-1
80559.728171,1700.38,0.005881,-1
80561.463768,1700.37,0.42990453,1
80562.547791,1700.38,0.01746771,-1
80562.869647,1700.4,1,-1
80562.869647,1700.39,0.05859911,-1
80562.869647,1700.38,0.01747,-1
80562.869647,1700.38,0.00588,-1
80562.869647,1700.38,0.0489,-1
80562.869647,1700.38,0.92774751,-1
80564.984431,1700.45,0.00093665,1
80566.523836,1700.37,1.17595218,1
80566.523836,1700.37,0.66570282,1
80566.551043,1700.37,1.17595236,1
80566.551043,1700.37,0.66540564,1
80567.516107,1700.38,0.73768015,-1
80567.516107,1700.37,0.39394485,-1
80570.17975,1700.38,0.02788847,-1
80571.82803,1700.38,0.06693343,-1
80575.068517,1700.73,0.88197432,-1
80575.068517,1700.7,0.001,-1
80575.067726,1700.66,0.048,-1
80575.067726,1700.6,0.001,-1
80575.067726,1700.56,0.09482,-1
80575.067726,1700.54,0.05859911,-1
80575.067726,1700.5,0.001,-1
80575.039083,1700.38,0.06694,-1
80575.039083,1700.38,0.02788,-1
80575.039083,1700.38,0.73768,-1
80575.039083,1700.38,0.16749795,-1
80575.161852,1700.97,0.03335,-1
80575.148928,1701,0.05,-1
80575.148928,1701,0.001,-1
80575.148928,1700.97,0.048,-1
80575.132637,1700.93,0.88187427,-1
80575.132637,1700.9,0.001,-1
80575.129964,1700.82,0.096,-1
80575.129964,1700.81,0.6,-1
80575.129964,1700.8,0.001,-1
80575.293742,1701.23,0.50416009,-1
80575.293742,1701.23,4.04998588,-1
80575.243846,1701.2,0.001,-1
80575.243846,1701.15,0.19996163,-1
80575.234264,1701.1,0.001,-1
80575.234264,1701.09,0.19697243,-1
80575.234264,1701.09,0.54886727,-1
80575.393112,1701.4,0.5,-1
80575.393112,1701.4,0.001,-1
80575.346078,1701.3,0.5,-1
80575.346078,1701.3,0.001,-1
80575.676821,1701.45,0.58327,1
80575.585893,1701.45,0.000132,1
80576.038172,1701.45,0.501513,1
80576.285994,1701.53,0.88156202,-1
80576.285994,1701.5,0.001,-1
80576.613731,1701.59,0.68283772,1
80576.613731,1701.59,0.25075728,1
80577.924456,1701.43,0.05859874,1
80577.924456,1701.43,0.59278326,1
80577.846445,1701.56,1,1
80577.846445,1701.57,0.10877596,1
80577.841311,1701.57,0.03824827,1
80577.841311,1701.57,0.29272636,1
80577.841172,1701.57,0.30427364,1
80577.841172,1701.58,1,1
80579.393598,1701.48,0.05020507,-1
80580.671363,1701.48,0.02193233,-1
80580.991267,1701.6,0.02025697,-1
80580.991267,1701.6,0.001,-1
80582.62223,1701.65,0.11729507,1
80582.674931,1701.83,1.1751587,-1
80582.674931,1701.81,0.88141827,-1
80582.674931,1701.8,0.001,-1
80582.674931,1701.79,0.05859911,-1
80582.674931,1701.7,0.001,-1
80582.674396,1701.66,0.19999959,-1
80584.32837,1701.89,0.00111787,-1
80585.07203,1701.89,0.05711404,-1
80585.1766,1701.74,0.001208,1
80585.1359,1701.86,0.36849146,1
80585.133541,1701.86,0.63150854,1
80585.133541,1701.87,0.14692918,1
80585.133541,1701.87,0.597,1
80585.133541,1701.88,1,1
80585.733878,1701.78,0.00907029,1
80587.334428,1701.84,0.88140016,-1
80587.333648,1701.79,0.05859911,-1
80587.340758,1701.89,0.77995908,-1
80587.340758,1701.88,0.1012942,-1
80588.763433,1702.2,0.001,-1
80588.759321,1702.1,0.001,-1
80588.759321,1702,0.001,-1
80588.728694,1701.9,0.001,-1
80589.16311,1702.29,0.02967481,1
80589.94842,1702.3,0.562,-1
80589.94842,1702.3,0.001,-1
80590.162462,1702.31,0.13934911,-1
80591.269089,1702.7,0.001,-1
80591.265192,1702.69,0.05859911,-1
80591.265192,1702.64,1.16710515,-1
80591.265015,1702.64,0.6699326,-1
80591.264892,1702.6,0.001,-1
80591.264892,1702.6,0.05,-1
80591.264892,1702.5,0.001,-1
80591.264892,1702.4,0.001,-1
80591.453951,1702.78,0.146892,1
80591.453951,1702.78,1,1
80591.839579,1702.78,0.00039827,1
80592.285132,1702.79,0.20999595,-1
80593.375484,1702.8,0.00185605,-1
80593.375484,1702.8,0.001,-1
80598.485013,1702.91,0.00218829,1
80598.443659,1702.93,0.00242442,-1
80598.443659,1702.9,0.001,-1
80599.004051,1702.92,0.06499229,-1
80599.267861,1702.92,0.00355697,-1
80599.639488,1702.92,0.02906891,-1
80602.726862,1702.88,1,1
80602.726422,1702.9,0.99999173,1
80602.726422,1702.91,0.00081309,1
80602.761156,1702.79,0.335857,1
80606.983655,1702.74,1,1
80607.090851,1702.52,0.23667429,1
80607.090851,1702.58,0.05866194,1
80607.090851,1702.58,0.33583781,1
80607.090851,1702.58,0.14680235,1
80607.090851,1702.6,0.001,1
80607.090851,1702.67,0.14680235,1
80607.090851,1702.7,0.001,1
80610.877486,1702.49,0.01013476,1
80610.877486,1702.5,0.001,1
80612.654649,1702.4,0.000814,1
80612.654649,1702.4,0.001,1
80613.493225,1702.2,0.001,1
80613.493225,1702.3,0.001,1
80614.013051,1702.1,0.001,1
80614.058654,1701.88,0.12771758,1
80614.058654,1701.9,0.001,1
80614.021474,1702,0.001,1
80614.249569,1701.74,0.045113,1
80614.223616,1701.8,0.001,1
80614.497459,1701.7,0.001,1
80614.554815,1701.6,0.00000587,1
80614.763307,1701.6,0.56099987,1
80614.763307,1701.6,0.00099413,1
80619.705257,1701.51,0.00351386,-1
80621.656724,1701.51,0.03733051,-1
80622.092384,1701.51,0.01778965,-1
80622.092384,1701.51,0.02133143,-1
80622.347826,1701.45,0.12364666,1
80622.347826,1701.5,0.001,1
80622.542138,1701.41,0.02906273,-1
80623.592415,1701.41,0.05849009,-1
80624.584855,1701.59,1.80931128,-1
80624.584855,1701.58,0.4,-1
80624.584855,1701.57,0.86702047,-1
80624.584855,1701.57,0.88025328,-1
80624.584855,1701.5,0.88157508,-1
80624.584855,1701.48,0.14692659,-1
80624.584855,1701.47,0.05866194,-1
80624.584855,1701.44,1,-1
80624.584855,1701.42,1,-1
80624.584855,1701.41,0.02924504,-1
80624.584855,1701.41,1.14035058,-1
80624.584855,1701.41,0.36079414,-1
80624.979849,1701.42,0.02095565,1
80625.561985,1701.46,1,-1
80625.561624,1701.44,1,-1
80626.339246,1701.57,0.62414196,1
80626.339246,1701.59,0.19725128,1
80626.339246,1701.59,0.19725129,1
80626.593622,1701.62,1,-1
80628.175631,1701.64,0.0901846,-1
80629.06907,1701.66,0.6561302,-1
80629.068788,1701.66,0.3438698,-1
80629.068788,1701.64,0.09018,-1
80629.068788,1701.64,0.9098154,-1
80629.380434,1701.7,0.594204,-1
80629.380434,1701.7,0.001,-1
80631.98952,1701.7,0.17600252,-1
80631.98952,1701.7,0.405796,-1
80632.105759,1701.7,0.13936467,-1
80634.272686,1701.72,1,-1
80634.272686,1701.71,0.05866194,-1
80634.272686,1701.7,0.34213221,-1
80634.272538,1701.7,0.37902779,-1
80634.272538,1701.7,0.27883281,-1
80635.485708,1701.79,0.2492816,1
80636.234597,1701.79,0.00371373,1
80636.24659,1701.79,0.00000587,1
80636.555147,1702,0.34656246,-1
80636.555147,1701.98,0.10348956,-1
80636.555147,1701.9,0.001,-1
80636.555147,1701.89,0.05866194,-1
80636.555147,1701.82,1,-1
80636.555147,1701.8,1,-1
80636.555147,1701.8,0.001,-1
80637.120039,1701.93,0.03376307,1
80637.17872,1701.93,0.08955076,1
80637.754226,1701.94,0.00147964,1
80637.754226,1701.94,0.14691536,1
80637.983612,1701.9,0.657721,1
80638.796976,1701.83,0.13211016,1
80641.479896,1701.88,0.110811,1
80642.590621,1701.86,0.22203654,1
80643.233209,1701.91,0.02906656,-1
80644.482692,1701.86,0.00293209,1
80649.924032,1701.95,1.175017,1
80649.864184,1701.96,0.00075235,1
80649.864184,1701.96,0.15012765,1
80650.167663,1701.96,0.00001174,-1
80650.153899,1701.96,0.00290834,-1
80650.713519,1701.94,1.92956413,1
80650.713519,1701.94,0.07652387,1
80651.014564,1701.86,1.175017,1
80651.057672,1701.86,1.175017,1
80651.919865,1701.77,0.26099994,-1
80651.896124,1701.83,1.175017,1
80651.896124,1701.83,0.5,1
80651.961993,1701.88,0.1186587,-1
80652.126789,1701.84,1.33120267,-1
80652.101041,1701.83,0.40224488,-1
80652.100258,1701.96,0.88000947,-1
80652.100258,1701.9,0.618,-1
80652.100258,1701.88,0.88138186,-1
80652.100258,1701.87,0.05866194,-1
80652.100258,1701.78,0.21980381,-1
80652.650458,1701.78,1.03635215,-1
80654.417081,1701.8,0.45640759,-1
80654.417081,1701.8,0.66371351,-1
80654.41669,1701.8,0.33393855,-1
80654.41669,1701.8,0.3925068,-1
80654.65122,1701.81,1.12012111,-1
80654.650752,1701.81,1.90224488,-1
80655.783077,1701.8,0.02331073,1
80659.285371,1701.78,0.588,-1
80659.284965,1701.78,1.75031,-1
80659.636978,1701.78,1.90224488,-1
80659.635191,1701.78,0.95785708,-1
80659.662511,1701.8,0.39594843,-1
80659.662511,1701.77,0.63762228,-1
80660.472071,1701.83,0.02701376,-1
80665.125789,1701.82,0.01503689,1
80666.094265,1701.82,0.64932635,1
80666.094265,1701.82,0.00075556,1
80666.094265,1701.82,0.63740531,1
80666.150682,1701.83,0.03337497,-1
80666.150682,1701.83,0.20050943,-1
80666.150276,1701.83,0.6538844,-1
80666.232069,1701.97,0.11661164,-1
80666.995491,1701.91,0.00835941,-1
80667.780377,1701.91,0.01393236,-1
80674.45553,1701.97,0.0194924,-1
80683.573906,1701.97,0.00542706,-1
80685.927922,1701.97,0.11986199,-1
80685.923493,1701.96,0.10424376,1
80685.923493,1701.96,0.00075624,1
80688.306363,1701.99,1.1750947,1
80688.306363,1701.99,0.00075284,1
80688.306363,1701.99,1.10234346,1
80688.363294,1701.98,0.146886,1
80688.50302,1701.91,1.175095,1
80688.473357,1701.91,1.175095,1
80691.055054,1701.92,1.175095,1
80691.6088,1701.91,0.13459014,1
80696.520056,1701.9,0.40374581,1
80696.520056,1701.9,1.05047119,1
80696.504927,1701.9,0.12462395,1
80699.700197,1701.92,0.02528632,-1
80700.033444,1701.91,1.17501932,1
80700.033444,1701.91,0.20187368,1
80700.038672,1701.81,0.26419363,1
80700.038672,1701.82,1.46901552,1
80700.038672,1701.82,0.88025328,1
80700.038672,1701.82,0.00585255,1
80700.037079,1701.87,1.44102596,1
80700.35735,1701.58,0.0994443,1
80700.357062,1701.58,0.04744431,1
80700.357062,1701.6,0.05,1
80700.357062,1701.6,0.001,1
80700.357062,1701.7,0.001,1
80707.650482,1701.58,0.968,-1
80707.650482,1701.56,0.88154848,-1
80707.650295,1701.54,1,-1
80707.649228,1701.52,1,-1
80707.649228,1701.51,0.06614265,-1
80707.83242,1701.9,0.001,-1
80707.83242,1701.8,0.001,-1
80708.318068,1702.07,0.05611303,-1
80708.318068,1702,0.001,-1
80708.363113,1702,0.11033558,1
80708.363113,1702.04,0.10093684,1
80708.597719,1702.03,0.05585627,-1
80712.998637,1701.82,0.058692,1
80715.358478,1701.8,0.00037561,1
80715.358478,1701.8,0.001,1
80715.526535,1701.79,0.04389509,1
80716.606951,1701.79,0.00128,1
80716.606951,1701.79,0.058692,1
80719.389033,1702,0.0004363,-1
80719.608401,1701.98,1,1
80719.713406,1701.85,0.058692,1
80719.653551,1701.94,1,1
80720.717684,1701.82,0.7102143,1
80720.717684,1701.84,1,1
80724.370425,1701.84,0.00001175,1
80725.963056,1701.92,0.023543,-1
80725.963056,1701.91,0.058692,-1
80726.222963,1701.9,0.00115876,1
80726.222963,1701.91,0.028515,1
80727.814083,1701.9,0.00114976,1
80727.814083,1701.9,0.99884124,1
80727.874013,1701.89,0.146884,1
80728.269685,1701.71,0.00392661,-1
80728.924958,1701.7,0.000755,1
80728.924958,1701.7,0.001,1
80729.237606,1701.64,0.0029086,-1
80730.492826,1701.61,0.00802637,1
80730.492826,1701.62,0.0157118,1
80730.56378,1701.64,0.04181074,-1
80731.567922,1701.4,0.05,1
80731.567922,1701.4,0.001,1
80731.567901,1701.5,0.001,1
80731.56499,1701.6,0.001,1
80731.75392,1701.31,0.0199879,-1
80731.973203,1701.29,0.50159459,1
80731.973113,1701.29,0.50059459,1
80731.973113,1701.3,0.001,1
80733.41782,1701.13,0.2066586,1
80733.41782,1701.18,0.14690846,1
80733.41782,1701.2,0.001,1
80736.442298,1701.19,0.00947588,-1
80736.811573,1701.2,0.88173054,-1
80737.942053,1701.28,0.14690846,1
80737.942053,1701.3,1,1
80737.942053,1701.32,1,1
80737.942053,1701.32,1.17554784,1
80737.942053,1701.32,0.04349316,1
80739.297385,1701.22,0.01812499,1
80742.295017,1701.24,0.0020004,-1
80742.979669,1701.23,0.05463887,-1
80743.233826,1701.21,0.000816,1
80743.233826,1701.21,0.058692,1
80745.313366,1701.15,0.03903109,-1
80746.410124,1701.19,0.01672512,-1
80747.669467,1701.1,0.001,1
80748.375336,1701.02,0.731933,-1
80748.351551,1701.02,0.26806641,-1
80750.788507,1701.02,0.99999,-1
80750.788507,1701.02,0.00000059,-1
80752.640774,1701.09,0.00521123,1
80753.322389,1701.12,1,-1
80753.322389,1701.1,1,-1
80753.658299,1701.29,1.17544158,1
80753.658299,1701.29,0.058692,1
80753.658299,1701.29,1.02292742,1
80754.37302,1701.28,0.00000588,-1
80754.491013,1701.28,0.07081447,-1
80755.807478,1701.28,0.00567177,-1
80757.806949,1701.28,0.00761995,-1
80759.995197,1701.26,0.39984529,-1
80761.381981,1701.25,0.01212617,1
80764.033422,1701.25,1.17549619,1
80764.033422,1701.25,0.00102498,1
80764.033422,1701.25,0.04656583,1
80764.996828,1701.4,0.001,-1
80764.996828,1701.39,0.88025328,-1
80764.996828,1701.38,0.058692,-1
80764.993068,1701.33,0.88166357,-1
80764.993068,1701.33,0.969,-1
80764.993068,1701.3,0.001,-1
80764.991515,1701.28,0.00762,-1
80764.991515,1701.28,0.00567,-1
80764.991515,1701.28,0.07082,-1
80764.991515,1701.28,0.91588793,-1
80764.991431,1701.26,0.39984,-1
80764.991431,1701.26,0.60015471,-1
80765.095452,1701.7,0.00408955,-1
80765.095452,1701.61,0.00088179,-1
80765.095452,1701.6,0.001,-1
80765.095452,1701.5,0.001,-1
80765.393367,1701.64,1.175498,1
80767.430604,1701.56,0.01781054,1
80767.411448,1701.56,0.00207462,1
80768.818174,1701.57,0.88153881,-1
80771.028249,1701.75,0.00714542,-1
80771.028249,1701.7,0.001,-1
80772.550234,1701.75,0.17454469,-1
80775.502726,1701.74,0.0982016,1
80781.91334,1701.79,1.175077,1
80781.883428,1701.79,0.00111679,1
80781.883428,1701.79,0.99761328,1
80781.883428,1701.79,1.17514751,1
80781.883428,1701.79,1.46904142,1
80783.003367,1701.78,0.0981996,1
80783.003367,1701.78,0.9017984,1
80784.982864,1701.76,0.00581702,-1
80786.331364,1701.75,0.00000587,1
80786.32064,1701.75,0.00065226,1
80788.353506,1701.72,0.00000587,1
80789.332816,1701.76,0.81477512,1
80789.332179,1701.77,0.78922229,1
80789.332179,1701.78,0.02896805,1
80789.332179,1701.78,0.02896806,1
80790.107035,1701.7,0.0058174,-1
80790.291429,1701.69,0.058692,-1
80790.291429,1701.68,0.56812323,-1
80791.378744,1701.72,1,-1
80791.378666,1701.7,0.36174535,-1
80791.378627,1701.7,0.63825465,-1
80791.450646,1701.97,0.01513256,-1
80791.450646,1701.9,0.001,-1
80791.450646,1701.8,0.001,-1
80793.248381,1702.08,0.00649174,-1
80793.248381,1702.08,0.00357957,-1
80793.248381,1702,0.001,-1
80793.248381,1702,0.0005637,-1
80793.561855,1702.06,0.02715214,-1
80795.341614,1701.75,7.2700969,-1
80795.3382,1701.76,5.10226523,1
80795.3382,1701.77,3.52566834,1
80795.3382,1701.78,6.46981618,1
80795.3382,1701.8,0.001,1
80795.3382,1701.8,0.557,1
80795.3382,1701.81,0.88025328,1
80795.3382,1701.89,0.1469076,1
80795.3382,1701.89,1.52814556,1
80795.3382,1701.9,1.47285323,1
80795.3382,1701.9,0.557,1
80795.3382,1701.91,1.46893784,1
80795.3382,1701.91,0.88025328,1
80795.3382,1701.96,0.76670783,1
80795.3382,1701.96,0.85852725,1
80795.3382,1701.98,0.1469076,1
80795.3382,1701.99,0.058692,1
80795.3382,1702.02,1.17506989,1
80795.3382,1702.04,0.00099649,1
80795.3382,1702.04,0.73655585,1
80795.3382,1702.05,0.32951444,1
80795.626921,1701.94,0.0017101,-1
80796.127055,1701.93,1.11682618,1
80796.128413,1701.93,0.058692,1
80796.128413,1701.93,0.05824371,1
80801.233118,1701.8,0.146907,1
80801.233118,1701.8,0.001,1
80801.733193,1701.71,0.058692,1
80802.364773,1701.72,0.01058584,-1
80804.583393,1701.85,0.01199195,-1
80805.409067,1701.85,0.00142525,-1
80805.783887,1701.84,0.0854524,1
80805.783887,1701.84,0.0854526,1
80806.01461,1701.41,0.29782238,1
80806.014273,1701.41,0.5205547,1
80806.014273,1701.47,0.058692,1
80806.014273,1701.47,0.14476378,1
80806.014273,1701.5,0.001,1
80806.014273,1701.6,0.07238189,1
80806.014273,1701.6,0.001,1
80806.014273,1701.66,0.03619095,1
80806.014273,1701.7,0.001,1
80805.972856,1701.8,0.1468981,1
80805.972856,1701.81,1.17519164,1
80806.030704,1701.5,0.001,1
80806.169129,1701.46,0.001,1
80806.169129,1701.48,1.84,1
80807.519567,1701.38,0.25727365,-1
80807.519567,1701.37,1.17526316,-1
80807.519567,1701.36,0.25727365,-1
80807.509719,1701.42,0.88025328,-1
80807.509719,1701.41,2.55541414,-1
80807.509719,1701.41,0.969,-1
80807.509719,1701.41,0.058692,-1
80807.482033,1701.4,0.000753,1
80807.482033,1701.4,0.001,1
80807.615588,1701.4,0.99219435,1
80807.615588,1701.4,0.62525465,1
80807.615588,1701.4,0.557,1
80807.61057,1701.41,1.17526316,-1
80807.61057,1701.41,0.17136301,-1
80807.61057,1701.41,0.25727364,-1
80807.584348,1701.4,0.02948847,1
80807.584348,1701.4,0.14187436,1
80807.584348,1701.4,0.17136317,1
80807.646582,1701.4,0.557,1
80807.646582,1701.4,0.00000091,1
80818.483356,1701.59,1.175344,1
80822.219273,1701.6,0.001,-1
80823.017113,1701.77,0.05611001,-1
80823.017113,1701.7,0.001,-1
80823.454133,1701.79,0.09464357,1
80823.995305,1701.77,0.08727132,-1
80824.232589,1701.79,0.00582915,1
80824.331506,1701.79,0.03525699,1
80824.246353,1701.79,0.00000587,1
80824.500131,1701.79,0.00000587,1
80824.490189,1701.79,0.00107265,1
80824.490189,1701.79,0.00096637,1
80826.111398,1701.8,0.00016376,-1
80826.111398,1701.8,0.001,-1
80828.269646,1701.8,0.02508163,-1
80828.447766,1701.8,0.21410437,-1
80829.99866,1701.8,0.11147776,-1
80830.16215,1701.8,0.1142066,-1
80831.32623,1701.8,0.01427583,-1
80832.855196,1701.79,0.310476,1
80832.855196,1701.79,0.058692,1
80833.711124,1701.75,0.05573622,-1
80834.420194,1701.75,0.02908685,-1
80835.688233,1701.76,0.031624,-1
80836.691845,1701.75,0.00224175,1
80836.691845,1701.75,0.00075492,1
80836.691845,1701.75,1.17506648,1
80836.691845,1701.75,1.16604577,1
80836.691845,1701.75,1.12037437,1
80836.691845,1701.75,0.058692,1
80836.691845,1701.75,0.42360971,1
80836.678912,1701.75,0.00448349,1
80840.10564,1701.72,0.07280179,-1
80840.10564,1701.72,0.03162,-1
80840.306835,1701.71,0.00383947,1
80842.750337,1701.72,0.13042345,-1
80845.072277,1701.7,0.45904864,-1
80845.072237,1701.68,0.13042,-1
80845.072237,1701.68,0.76515076,-1
80845.072237,1701.68,0.10442,-1
80845.19035,1701.72,0.54095136,-1
80845.300176,1702,0.01138058,-1
80845.300176,1702,0.001,-1
80845.300176,1701.9,0.001,-1
80846.318396,1701.97,0.00000587,1
80846.305954,1701.97,0.00011751,1
80848.666265,1701.87,0.00581778,-1
80851.144983,1701.88,0.01114687,-1
80855.629839,1701.88,0.01114,-1
80855.629839,1701.88,0.98885313,-1
80861.431644,1701.93,0.06130638,-1
80865.334156,1701.91,0.08618149,1
80865.34706,1701.91,0.00166207,1
80865.34706,1701.91,1.08878693,1
80865.493474,1701.91,1.174968,1
80868.014629,1701.84,0.01816615,-1
80868.403565,1701.83,1.17496819,1
80868.403565,1701.83,0.058692,1
80868.403565,1701.83,0.24648781,1
80871.915577,1701.79,0.00475499,1
80872.758254,1701.82,1,-1
80872.757964,1701.8,0.98183385,-1
80872.757964,1701.8,0.01816,-1
80872.965684,1701.92,0.19701913,-1
80872.965684,1701.92,0.00526381,-1
80874.321855,1701.87,0.34976737,1
80874.321855,1701.87,0.1232439,1
80878.268114,1701.88,0.05710062,-1
80880.121303,1701.88,0.2228903,-1
80880.892651,1701.88,0.1454037,-1
80882.426716,1701.87,0.00138647,1
80882.623903,1701.87,0.0007521,1
80882.623903,1701.87,1.17486237,1
80882.623903,1701.87,0.05730553,1
80882.653595,1701.87,1.174918,1
80882.809853,1701.9,0.37009054,-1
80882.809853,1701.88,0.1454,-1
80882.809853,1701.88,0.22289,-1
80882.809853,1701.88,0.0571,-1
80882.809853,1701.88,0.57460538,-1
80882.809853,1701.86,1,-1
80882.809853,1701.85,0.53837804,-1
80884.192064,1701.85,0.51783578,1
80884.192064,1701.85,0.14689465,1
80884.192064,1701.86,0.96468291,1
80884.192064,1701.89,0.058692,1
80884.192064,1701.89,0.33081097,1
80891.077879,1701.9,0.02735748,-1
80892.475641,1701.96,0.88132935,-1
80892.461588,1701.96,0.00001175,-1
80892.624822,1702,0.001,-1
80892.653391,1702.01,1.1749769,1
80892.653391,1702.01,0.25011947,1
80892.63443,1702.02,0.00290851,-1
80893.688768,1701.91,0.009174,-1
80894.220493,1701.92,1,-1
80894.294278,1702.3,0.001,-1
80894.290512,1702.25,0.969,-1
80894.290512,1702.2,0.001,-1
80894.290512,1702.1,0.001,-1
80894.237403,1702.05,0.03958562,-1
80894.237403,1702.03,0.058692,-1
80894.234048,1701.96,1,-1
80895.148033,1702.26,1.575,1
80895.148033,1702.29,0.058692,1
80895.146911,1702.39,1.17479095,1
80895.146911,1702.39,0.29378584,1
80895.304128,1702.16,1,-1
80895.28777,1702.14,1,-1
80895.28777,1702.14,0.4300075,-1
80896.633481,1702.3,0.00206405,-1
80896.633481,1702.3,0.528,-1
80896.633481,1702.28,1,-1
80896.633481,1702.27,0.21500375,-1
80897.613669,1702.29,0.01114543,-1
80899.58247,1702.28,0.05708988,-1
80899.754776,1702.28,0.01671814,-1
80901.49759,1702.28,0.05290445,-1
80904.90993,1702.28,0.00801616,-1
80905.086793,1702.28,0.00833561,-1
80905.451596,1702.05,1.75381026,1
80905.451596,1702.1,1.46872209,1
80905.451596,1702.1,0.02782231,1
80905.451216,1702.1,0.17217769,1
80905.451216,1702.1,0.1,1
80905.451216,1702.1,0.001,1
80905.450867,1702.16,0.14689292,1
80905.450202,1702.17,0.68212949,1
80905.450202,1702.17,1.52288307,1
80905.450202,1702.25,0.01070866,1
80905.449976,1702.25,0.13618426,1
80905.449976,1702.27,1.17484341,1
80905.449976,1702.27,0.02349803,1
80905.449976,1702.27,0.00129877,1
80905.449976,1702.27,0.058692,1
80906.180994,1701.9,0.001,1
80906.175068,1702,0.001,1
80906.850919,1701.81,0.00001324,-1
80907.003238,1701.81,0.01385888,-1
80907.907617,1701.7,0.01116051,1
80907.907617,1701.7,0.001,1
80907.907617,1701.8,0.001,1
80910.705783,1701.78,0.01427574,-1
80911.376846,1701.78,0.01114294,-1
80912.803985,1701.78,0.03622036,-1
80913.071667,1701.78,0.00290867,-1
80913.221915,1701.78,0.03231801,-1
80915.883473,1701.78,0.01163467,-1
80919.213662,1701.68,0.42410487,-1
80919.213662,1701.66,0.89149961,-1
80920.831861,1701.74,0.00881433,-1
80922.195639,1701.73,0.17632123,1
80922.143141,1701.73,0.1160422,1
80922.143141,1701.73,0.0012658,1
80922.143141,1701.73,0.058692,1
80922.340407,1701.74,0.01396161,-1
80922.447525,1701.76,1,-1
80922.447525,1701.74,0.00881,-1
80922.447525,1701.74,0.97722406,-1
80923.670388,1701.8,0.13705687,-1
80925.222987,1701.8,0.08726362,-1
80926.391431,1701.35,0.03365758,1
80926.391257,1701.4,0.05,1
80926.391257,1701.4,0.001,1
80926.391049,1701.41,0.5,1
80926.391049,1701.5,0.001,1
80926.383852,1701.59,0.73579731,1
80926.383744,1701.59,0.73479732,1
80926.383744,1701.6,0.001,1
80927.065099,1701.32,1,-1
80927.233534,1701.44,0.49807,1
80928.295321,1701.42,1,-1
80928.294111,1701.4,1,-1
80933.617496,1701.32,0.01112705,-1
80933.770393,1701.31,0.10359712,1
80933.770393,1701.31,0.24903583,1
80934.244138,1701.32,0.0058089,-1
80935.007021,1701.32,0.2852684,-1
80935.603956,1701.32,0.28526935,-1
80935.603956,1701.32,0.00581,-1
80935.603956,1701.32,0.01112,-1
80935.603956,1701.32,0.69779565,-1
80936.285864,1701.31,0.00000587,1
80936.273292,1701.31,0.00202635,1
80936.273292,1701.31,0.00075386,1
80936.492279,1701.32,0.00278653,-1
80936.492279,1701.32,0.00000065,-1
80936.83334,1701.73,3.45584484,-1
80936.83334,1701.71,0.88025328,-1
80936.83334,1701.71,3.81918229,-1
80936.83334,1701.7,0.001,-1
80936.83334,1701.7,0.501,-1
80936.83334,1701.69,3.10525704,-1
80936.83334,1701.68,0.969,-1
80936.83334,1701.61,0.88025328,-1
80936.83334,1701.6,0.501,-1
80936.83334,1701.6,0.001,-1
80936.83334,1701.59,1.17539709,-1
80936.83334,1701.59,3.81918229,-1
80936.83334,1701.56,1.575,-1
80936.83334,1701.54,0.88025328,-1
80936.83334,1701.5,0.501,-1
80936.83334,1701.48,0.14692918,-1
80936.83334,1701.47,0.88025328,-1
80936.83334,1701.47,0.8815936,-1
80936.83334,1701.46,1.87579403,-1
80936.83334,1701.45,0.058692,-1
80936.83334,1701.4,0.501,-1
80936.83334,1701.39,0.14692918,-1
80936.83334,1701.34,1,-1
80936.83334,1701.32,0.00279,-1
80936.83334,1701.32,0.99720347,-1
80936.91345,1701.46,0.0197584,-1
80937.675842,1701.37,0.00557317,-1
80937.774984,1701.3,0.039891,1
80937.774984,1701.3,0.001,1
80939.527835,1701.32,0.011724,-1
80940.198072,1701.32,0.01035364,-1
80940.621354,1701.31,1.17539619,1
80940.621354,1701.31,0.61009202,1
80940.621354,1701.31,0.00000079,1
80940.584027,1701.31,0.05869121,1
80940.584027,1701.31,1.17539709,1
80940.584027,1701.31,0.1371837,1
80948.199176,1701.31,0.11638091,-1
80950.216895,1701.31,0.02903627,-1
80950.381356,1701.1,0.001,1
80950.381356,1701.11,1.17542234,1
80950.381356,1701.13,0.00530385,1
80950.381356,1701.2,0.001,1
80950.381356,1701.3,0.00099818,1
80950.381356,1701.3,0.00000014,1
80950.898062,1701,0.5,1
80950.898062,1701,0.001,1
80950.898062,1701.1,0.001,1
80950.953429,1700.9,0.61118404,1
80950.953429,1700.9,0.501,1
80950.953429,1700.9,0.001,1
80950.953429,1700.91,0.14130044,1
80952.835583,1700.92,1,-1
80952.834883,1700.9,1,-1
80952.834883,1700.89,0.52934977,-1
80952.867926,1701.1,0.00390458,-1
80955.270448,1700.98,0.04527878,-1
80963.257652,1701.06,1,-1
80963.257652,1701.04,0.04527,-1
80963.257652,1701.04,0.95472122,-1
80963.721704,1701.22,0.048,-1
80963.721704,1701.2,0.001,-1
80965.025122,1701.3,0.001,-1
80965.232167,1701.39,0.05576309,-1
80965.18426,1701.35,0.06011133,1
80971.350698,1701.18,0.02486175,-1
80971.925484,1701.1,0.18715565,1
80971.925484,1701.1,0.001,1
80971.925484,1701.15,0.14697237,1
80971.925484,1701.17,0.00114703,1
80971.925484,1701.17,0.058692,1
80972.741789,1701.18,0.85685744,-1
80974.187942,1701.55,0.0122594,-1
80974.187942,1701.5,0.001,-1
80974.187942,1701.4,0.001,-1
80974.187942,1701.18,0.00002171,-1
80974.23761,1701.5,0.00581949,-1
80974.373548,1701.51,0.00000588,-1
80975.044631,1701.5,1,1
80976.099342,1701.45,0.04284384,-1
80976.713026,1701.46,0.00349176,-1
80978.063429,1701.4,1,1
80978.003877,1701.44,0.058692,1
80978.003877,1701.44,1,1
80979.581095,1701.4,0.0349114,-1
80981.006969,1701.4,0.01541866,-1
80981.967698,1701.39,0.83633637,-1
80982.898263,1701.38,0.81493348,1
80982.898263,1701.39,0.00078392,1
80982.898263,1701.39,0.35748265,1
80985.430742,1701.39,0.03712376,-1
80985.78838,1701.38,0.81492948,1
80985.78838,1701.38,0.18439652,1
80985.775659,1701.38,0.00067,1
80986.376087,1701.38,0.00000535,1
80986.376087,1701.38,0.00000052,1
80988.645981,1701.38,0.999984,1
80989.956276,1701.39,0.17135119,-1
80990.914676,1701.38,0.05869135,1
80990.914676,1701.38,0.99999,1
80990.914676,1701.38,0.00000065,1
80991.019092,1701.39,1.7686544,-1
80991.019092,1701.39,0.2313456,-1
80991.254705,1701.36,0.00058723,1
80991.254705,1701.38,0.00000065,1
80992.377448,1701.37,0.00000587,1
80993.808245,1701.31,0.01951275,-1
81000.446591,1701.61,0.0714728,-1
81000.446591,1701.6,0.001,-1
81000.70883,1701.61,0.50453325,-1
81000.70883,1701.61,0.05118039,-1
81004.138312,1701.7,0.001,-1
81006.295244,1701.79,1.46904052,1
81006.295244,1701.79,0.058692,1
81006.295244,1701.79,0.00129766,1
81006.295244,1701.79,1.01887771,1
81006.295244,1701.79,1.52758937,1
81006.295244,1701.79,1.17506874,1
81010.641508,1701.8,0.00899529,-1
81010.641508,1701.8,0.001,-1
81013.403162,1701.93,0.00756317,-1
81013.403162,1701.9,0.001,-1
81015.051421,1701.93,0.04458835,-1
81016.215292,1701.93,0.08180048,-1
81017.395817,1701.93,0.00159593,-1
81023.257211,1701.9,1,1
81023.257211,1701.92,0.00075398,1
81023.257211,1701.92,1,1
81024.809301,1701.7,0.001,1
81030.609489,1701.68,0.01528265,-1
81031.813998,1701.68,0.0137538,-1
81033.628574,1701.61,0.05710766,-1
81033.857002,1701.61,0.03065334,-1
81033.989718,1701.61,0.00058178,-1
81034.254863,1701.61,0.0114203,-1
81034.367883,1701.61,0.05710766,-1
81035.672444,1701.61,0.00278673,-1
81035.646778,1701.61,0.01427683,-1
81036.008316,1701.61,0.01713336,-1
81036.113303,1701.61,0.00129155,-1
81037.544926,1701.61,0.0581778,-1
81038.19016,1701.63,0.00276346,-1
81038.597831,1701.7,0.969,-1
81038.89927,1701.89,0.17808002,1
81039.117034,1701.9,0.00176345,-1
81039.117034,1701.9,0.001,-1
81039.804997,1701.9,0.01114687,-1
81040.735107,1701.93,0.04702927,-1
81040.735107,1701.93,0.06445169,-1
81041.814151,1701.93,0.01163556,-1
81046.827173,1701.93,0.00290846,-1
81047.515574,1701.91,0.02940174,-1
81047.486852,1701.92,0.00163,1
81047.486852,1701.92,1,1
81047.434882,1701.93,0.00981837,-1
81047.5736,1701.88,1,1
81047.679468,1701.78,0.10067419,-1
81047.679468,1701.78,0.1006742,-1
81047.831871,1701.83,0.00000588,-1
81049.026209,1701.83,0.01203522,-1
81050.086887,1701.78,1.1751832,1
81050.086465,1701.8,0.14689292,1
81050.086465,1701.8,1,1
81050.086465,1701.82,1,1
81050.086465,1701.82,0.058692,1
81050.318236,1701.5,1.15315407,1
81050.318236,1701.5,0.001,1
81050.318236,1701.6,0.001,1
81050.318236,1701.7,0.001,1
81050.357894,1701.5,0.001,1
81050.871593,1701.41,0.139327,-1
81051.867648,1701.49,0.00336238,-1
81054.419878,1701.42,0.01454676,-1
81055.441285,1701.54,0.07866961,-1
81057.144313,1701.51,0.01114713,-1
81062.832616,1701.42,0.11422607,-1
81063.999269,1701.3,0.001,1
81063.994149,1701.4,0.00114905,1
81063.994149,1701.4,0.001,1
81064.05282,1700.93,0.91656743,1
81064.051113,1700.93,0.03474106,1
81064.051113,1701.01,0.88025328,1
81064.043407,1700.98,0.00293949,1
81064.043407,1701,0.05,1
81064.043407,1701,1.575,1
81064.043407,1701,0.001,1
81064.041584,1701.1,0.001,1
81064.041584,1701.2,0.001,1
81064.240965,1700.66,0.88152337,1
81064.237375,1700.6,0.001,1
81064.237375,1700.6,0.05,1
81064.237375,1700.61,0.88025328,1
81064.236825,1700.7,0.001,1
81064.236825,1700.8,0.001,1
81064.236825,1700.9,0.001,1
81066.301023,1700.51,0.14691705,-1
81066.301023,1700.51,0.60785172,-1
81066.518363,1700.51,0.0142791,-1
81068.500497,1700.52,0.02285605,-1
81070.364914,1700.52,0.05790981,-1
81071.739011,1700.54,0.058692,-1
81071.739011,1700.54,1,-1
81071.734236,1700.52,0.05791,-1
81071.734236,1700.52,0.02285,-1
81071.734236,1700.52,0.91923414,-1
81072.70937,1700.7,0.00557261,-1
81075.332843,1700.67,0.00557727,-1
81076.773775,1700.68,1,-1
81077.903202,1700.74,1,-1
81077.895721,1700.72,1,-1
81079.733665,1700.79,0.00087553,1
81079.733665,1700.79,1.17581647,1
81080.246548,1700.85,0.24648281,-1
81080.246548,1700.8,0.001,-1
81080.246548,1700.75,0.08614175,-1
81083.87577,1700.81,0.00557664,-1
81084.143025,1700.81,0.00201826,1
81085.304815,1700.77,0.02118945,-1
81085.304815,1700.76,1.06612552,-1
81085.304815,1700.76,0.04129168,-1
81086.403173,1700.73,0.05869173,1
81086.403173,1700.73,1.17577127,1
81092.23729,1700.89,0.13234335,1
81093.021374,1701.06,0.04093895,-1
81093.021374,1701,0.001,-1
81093.021374,1700.9,0.001,-1
81094.673537,1701.06,0.000937,1
81094.673537,1701.06,1,1
81097.619312,1701.01,0.18303481,1
81097.619312,1701.02,0.28967707,1
81097.619312,1701.02,0.28967708,1
81097.783616,1701.03,0.00101858,-1
81100.919582,1701.05,0.02910493,-1
81101.161697,1701.03,0.0029958,1
81102.274839,1701,0.00000587,1
81102.261542,1700.99,0.00936513,1
81104.857328,1700.96,0.058692,1
81105.235695,1700.97,0.01372442,1
81106.365927,1700.99,0.00000587,1
81108.100444,1701.02,0.01672679,-1
81109.331191,1700.97,0.00101849,-1
81109.450971,1700.97,0.02315727,-1
81109.747308,1700.96,0.000873,1
81109.747308,1700.96,0.058692,1
81112.564369,1700.95,0.30846,1
81116.102471,1700.97,0.00582024,-1
81117.493397,1700.96,1.17566927,1
81117.493397,1700.96,0.15423073,1
81117.554673,1700.93,0.910478,1
81117.554673,1700.93,0.058692,1
81120.825407,1700.94,0.05869155,1
81120.825407,1700.94,1.17566945,1
81121.819942,1700.94,0.01672738,-1
81122.693192,1700.93,0.00075555,1
81122.693192,1700.93,0.058692,1
81122.693192,1700.93,1.17566945,1
81123.249192,1700.94,0.42487522,-1
81125.203065,1700.92,0.06133918,-1
81126.514249,1700.92,0.02910138,-1
81127.673906,1700.91,0.058692,1
81127.730522,1700.81,0.85445821,1
81127.730522,1700.82,0.07711536,1
81127.72865,1700.88,1.17564471,1
81127.85174,1700.74,0.00019592,1
81127.85174,1700.8,0.001,1
81128.169295,1700.7,1.175707,1
81128.169295,1700.7,0.001,1
81128.715136,1700.58,0.07398748,1
81128.715103,1700.58,0.07298748,1
81128.715103,1700.6,0.001,1
81130.447202,1700.51,0.00000587,-1
81130.434644,1700.51,0.00002351,-1
81130.425361,1700.51,0.05758909,-1
81130.878235,1700.48,0.02859735,1
81130.878235,1700.5,0.001,1
81131.764955,1700.41,0.02899645,-1
81132.057502,1700.41,0.15973426,-1
81132.893639,1700.44,1,-1
81132.893639,1700.42,1,-1
81134.689959,1700.41,0.00291106,-1
81134.646499,1700.41,0.00001175,-1
81135.809958,1700.42,0.03066758,-1
81136.386438,1700.42,0.00000587,-1
81140.035749,1700.41,0.000816,1
81140.035749,1700.41,0.058692,1
81140.772837,1700.3,0.14700521,1
81140.772837,1700.3,0.001,1
81140.769854,1700.35,1.17591849,1
81140.769854,1700.36,0.05873958,1
81140.769854,1700.38,0.09999828,1
81140.769854,1700.4,0.001,1
81140.842696,1700.24,0.018665,1
81141.59932,1700.2,0.001,1
81143.732128,1700.11,0.00057056,-1
81149.223525,1700.1,0.000755,1
81149.223525,1700.1,0.001,1
81149.692716,1700,0.578,1
81149.692716,1700,0.001,1
81149.86414,1699.98,0.05873898,1
81149.86414,1699.98,0.88020402,1
81149.851025,1699.98,0.29620054,1
81151.603208,1700.02,1,-1
81151.603208,1700,0.063,-1
81151.599424,1700,0.937,-1
81152.431988,1700.12,0.01562067,-1
81153.397833,1700.1,0.02039318,1
81153.517096,1700.14,0.48494237,-1
81153.517096,1700.13,0.969,-1
81153.517096,1700.12,0.00781033,-1
81153.517096,1700.12,1,-1
81153.517096,1700.12,0.44999488,-1
81154.322991,1700.1,0.038346,1
81154.654647,1700.06,0.058739,1
81155.416656,1699.92,0.19999995,1
81155.358977,1700.02,1.17630854,1
81155.358977,1700.03,0.05873958,1
81155.358977,1700.04,0.37109738,1
81155.675107,1699.9,0.001,1
81155.783691,1699.8,0.001,1
81156.59699,1699.71,0.08008297,-1
81157.633582,1699.72,0.01153903,-1
81157.867295,1699.72,0.02857986,-1
81158.129944,1699.71,0.01004494,-1
81158.83445,1699.7,1,1
81158.83445,1699.7,0.001,1
81159.562603,1699.61,0.02858071,-1
81159.919084,1699.61,0.033043,-1
81160.20926,1699.6,0.000755,1
81160.20926,1699.6,0.001,1
81160.275849,1699.55,0.221383,1
81160.33856,1699.59,0.27315497,-1
81160.33856,1699.59,0.37861697,-1
81160.425922,1699.54,1.176563,1
81160.393792,1699.54,1.176563,1
81161.513503,1699.53,1.17656333,1
81161.513503,1699.53,0.00059767,1
81161.741857,1699.51,0.01455762,-1
81162.39201,1699.5,0.00000588,1
81163.216502,1699.51,0.00276595,-1
81163.585445,1699.52,0.04011,-1
81163.585445,1699.52,0.95988111,-1
81163.681634,1699.56,1,-1
81164.229042,1699.78,0.01143354,-1
81166.570591,1699.66,1.17656348,1
81168.195747,1699.56,0.00146508,-1
81171.544208,1699.5,0.00099988,1
81171.544208,1699.5,0.00099412,1
81171.672771,1699.4,0.05873958,1
81171.672771,1699.4,0.001,1
81171.672771,1699.41,0.14708218,1
81171.672771,1699.42,0.00061123,1
81171.672771,1699.5,0.00000012,1
81171.729523,1699.32,0.199999,1
81171.891499,1699.3,1,1
81171.891499,1699.3,0.001,1
81171.891499,1699.32,0.00000099,1
81172.921478,1699.2,0.000757,1
81172.921478,1699.2,0.001,1
81173.008815,1699.24,1,-1
81172.999247,1699.22,1,-1
81173.927807,1699.4,0.058739,1
81173.983669,1699.39,0.058739,1
81174.080797,1699.4,1.001019,1
81174.894267,1699.38,0.058739,1
81175.621474,1699.38,0.01455822,-1
81178.732822,1699.38,0.0111611,-1
81180.222318,1699.2,0.982084,1
81180.222318,1699.2,0.001,1
81180.46001,1699.16,0.29401908,1
81180.46001,1699.2,0.00000087,1
81181.648252,1699.2,1,-1
81181.648252,1699.18,1,-1
81181.789156,1699.38,0.00582384,-1
81181.91788,1699.64,0.969,-1
81181.91788,1699.64,0.096,-1
81181.91788,1699.63,0.88025328,-1
81181.91788,1699.6,0.001,-1
81181.91788,1699.53,0.048,-1
81181.91788,1699.5,0.001,-1
81181.91788,1699.4,0.001,-1
81182.147053,1699.69,0.2913382,-1
81182.146382,1699.62,0.96854803,-1
81182.143032,1699.62,0.03145197,-1
81182.143032,1699.6,1,-1
81182.143032,1699.6,0.001,-1
81183.328097,1699.8,0.00078848,-1
81183.328097,1699.7,0.001,-1
81184.144589,1699.79,0.02377631,1
81185.514312,1700,1.3,-1
81185.514312,1700,0.001,-1
81185.514312,1699.9,0.001,-1
81185.49734,1699.8,0.00021152,-1
81186.424596,1700.08,0.058763,1
81186.424596,1700.08,1,1
81186.818632,1700.09,0.01097527,-1
81186.893984,1700.04,1,1
81186.836215,1700.08,0.00000001,1
81186.834526,1700.08,0.50000002,1
81186.834217,1700.08,0.49999997,1
81186.834217,1700.08,0.00000005,1
81189.813964,1700.03,0.00568001,-1
81189.991141,1699.93,1.17634438,1
81189.991141,1699.93,0.05876305,1
81189.991141,1699.93,0.14711161,1
81189.989904,1700,1,1
81189.989692,1700.02,1,1
81189.989692,1700.03,0.00099996,1
81189.989692,1700.03,0.46265853,1
81190.770212,1699.6,0.05,1
81190.770212,1699.6,0.001,1
81190.768966,1699.65,0.14711161,1
81190.768966,1699.7,0.001,1
81190.768966,1699.8,0.001,1
81192.231741,1699.5,0.14705882,1
81192.231741,1699.5,0.001,1
81192.60489,1699.34,0.14705882,1
81192.60489,1699.4,0.001,1
81195.489133,1699.31,0.00001176,-1
81196.004835,1699.31,0.02789487,-1
81198.436079,1699.3,0.00000588,1
81198.568367,1699.31,0.00293539,-1
81200.665649,1699.23,0.71451014,1
81200.665649,1699.24,0.05876305,1
81200.665649,1699.27,0.14705882,1
81200.665649,1699.3,0.00099412,1
81202.177774,1699.48,0.00291295,-1
81208.322018,1699.49,0.00000588,1
81208.308467,1699.49,0.00545457,1
81209.78537,1699.58,0.00428889,-1
81209.78537,1699.5,0.001,-1
81210.178521,1699.59,0.00349494,-1
81211.714012,1699.59,0.00124,1
81211.817008,1699.54,0.08870361,1
81212.993938,1699.57,0.0697647,-1
81214.479493,1699.7,0.23040216,-1
81214.479493,1699.7,0.001,-1
81214.479493,1699.68,0.05876935,-1
81214.479493,1699.6,0.001,-1
81215.649992,1699.81,0.13300066,-1
81215.649992,1699.8,0.001,-1
81215.649992,1699.77,1.575,-1
81215.649992,1699.75,0.969,-1
81215.649992,1699.74,0.88249111,-1
81215.649992,1699.73,0.88025328,-1
81215.649992,1699.71,4.11642424,-1
81215.649992,1699.7,2.35129756,-1
81215.649992,1699.7,0.40459784,-1
81215.649992,1699.66,0.05876935,-1
81215.649992,1699.66,0.3654494,-1
81216.334236,1699.71,0.00000588,-1
81216.323994,1699.71,0.00232887,-1
81217.644439,1699.72,0.058769,-1
81217.897304,1699.71,0.05993642,1
81218.327114,1699.65,0.00509516,1
81218.66692,1699.65,0.00254687,1
81218.66692,1699.65,0.41218013,1
81219.516774,1699.47,0.26476536,1
81219.516774,1699.48,0.85354537,1
81219.516774,1699.5,0.14710122,1
81219.516774,1699.5,0.001,1
81219.516774,1699.51,1.47101223,1
81219.516774,1699.52,0.05876935,1
81219.516774,1699.53,1.17656443,1
81219.516774,1699.57,0.20736421,1
81220.107564,1699.66,0.00873704,-1
81220.893329,1699.84,4.14771527,-1
81220.893329,1699.82,1.17656443,-1
81220.893329,1699.8,0.001,-1
81220.893329,1699.8,0.603,-1
81220.893329,1699.79,0.969,-1
81220.893329,1699.78,0.20247206,-1
81220.893329,1699.78,0.88025328,-1
81220.893329,1699.78,3.53006587,-1
81220.893329,1699.7,0.603,-1
81220.893329,1699.68,0.88251978,-1
81220.893329,1699.65,0.05876935,-1
81220.893329,1699.65,0.49631788,-1
81222.067853,1699.78,0.0142938,-1
81223.111885,1699.7,0.00857365,-1
81223.332484,1699.68,0.00276673,-1
81223.363827,1699.82,0.35528229,-1
81223.363827,1699.8,0.969,-1
81223.363827,1699.74,0.8824879,-1
81223.363827,1699.73,0.05876935,-1
81223.363827,1699.68,0.00138336,-1
81223.363827,1699.68,0.23395849,-1
81223.527635,1699.74,0.00390837,-1
81224.264166,1699.67,0.05950202,-1
81224.264166,1699.66,0.11571674,-1
81232.954167,1699.54,0.001301,1
81234.219867,1699.4,0.001,1
81234.215018,1699.5,0.001,1
81237.500219,1699.06,0.79327673,1
81237.500219,1699.1,0.001,1
81237.500219,1699.15,0.09999999,1
81237.500219,1699.2,0.001,1
81237.500219,1699.3,0.001,1
81238.532782,1699.19,0.00176276,-1
81238.532782,1699.18,0.01446459,-1
81238.532782,1699.18,0.01446459,-1
81238.471047,1699.12,0.16035112,-1
81238.471047,1699.11,0.02892918,-1
81238.471047,1699.11,0.02892919,-1
81239.118651,1699.11,0.585535,1
81240.12863,1698.91,0.63754293,1
81240.12863,1698.92,0.88291114,1
81240.128601,1698.93,0.88025328,1
81240.128601,1698.95,0.1,1
81240.128601,1698.95,0.08894996,1
81240.127609,1699,1.17659874,1
81240.127609,1699,0.001,1
81240.127609,1699,0.03518982,1
81240.127609,1699,0.4787522,1
81240.127609,1699.02,0.1536,1
81240.127609,1699.02,0.01431642,1
81240.127609,1699.03,0.05876935,1
81240.127367,1699.05,1,1
81240.127367,1699.1,0.001,1
81240.107444,1699.11,0.292767,1
81240.173046,1698.57,0.01829805,1
81240.169816,1698.61,0.0365961,1
81240.169102,1698.65,0.0731922,1
81240.15248,1698.39,3.13105,1
81240.15248,1698.4,0.001,1
81240.15248,1698.4,0.05,1
81240.148653,1698.5,0.001,1
81240.146319,1698.53,1.575,1
81240.143582,1698.84,0.00153668,-1
81240.142285,1698.56,0.7054765,1
81240.142161,1698.56,0.17477678,1
81240.142161,1698.59,0.05887236,1
81240.141901,1698.6,0.00114688,1
81240.141901,1698.6,0.05,1
81240.141901,1698.6,0.001,1
81240.141602,1698.64,1.30136976,1
81240.141182,1698.7,0.001,1
81240.141182,1698.71,0.14096402,1
81240.141182,1698.71,1.575,1
81240.140217,1698.78,0.87114432,1
81240.139534,1698.8,0.001,1
81240.139534,1698.8,0.05,1
81240.139534,1698.81,1,1
81240.139534,1698.84,0.07048201,1
81240.139534,1698.9,0.035241,1
81240.139534,1698.9,0.001,1
81240.258042,1698.82,1.590724,-1
81240.237602,1698.69,0.05567818,-1
81240.237602,1698.69,0.18611665,-1
81240.237602,1698.69,0.06230022,-1
81240.237602,1698.69,0.02744708,-1
81240.237602,1698.69,0.18611664,-1
81240.237602,1698.69,0.05876935,-1
81240.231776,1698.56,0.0205853,1
81240.231776,1698.58,0.06690224,1
81240.231776,1698.65,1.575,1
81240.231776,1698.66,0.01029266,1
81240.231776,1698.66,0.6228012,1
81240.231776,1698.67,0.6258012,1
81240.417412,1698.83,0.07307012,1
81240.417412,1698.83,1.575,1
81240.417412,1698.83,0.07307014,1
81240.417412,1698.83,0.13908327,1
81240.407797,1698.83,0.00705697,1
81240.606845,1698.85,1.575,1
81240.606845,1698.85,0.35904,1
81240.576421,1698.85,1.57499975,1
81240.576421,1698.85,0.14614025,1
81240.755383,1698.83,1.575,1
81241.185359,1698.9,1,-1
81241.172957,1698.87,0.05876935,-1
81241.172957,1698.86,1,-1
81241.172957,1698.86,0.048,-1
81241.239291,1698.93,0.096,-1
81241.407524,1699.09,0.82148066,1
81242.772223,1699.02,0.01953192,-1
81242.908846,1699.01,0.9999994,1
81242.908846,1699.01,1.0571446,1
81243.711533,1698.92,0.04200385,1
81243.711533,1699.01,0.0000006,1
81245.28722,1698.6,0.00075791,1
81245.28722,1698.6,0.001,1
81245.28722,1698.6,0.05,1
81245.28722,1698.7,0.001,1
81245.28722,1698.8,0.001,1
81245.352206,1698.4,0.08279852,1
81245.352206,1698.4,0.001,1
81245.352206,1698.5,0.001,1
81246.198858,1698.34,1,-1
81246.270022,1698.42,0.6,-1
81247.003423,1698.6,0.00472258,-1
81247.003423,1698.6,0.001,-1
81247.410343,1698.57,1.17729774,1
81247.410343,1698.58,1.58715496,1
81247.410343,1698.59,1.575,1
81247.410343,1698.59,0.35904,1
81247.410343,1698.59,0.07307013,1
81248.001127,1698.45,0.15694094,1
81248.001127,1698.45,1.00465946,1
81248.001127,1698.45,0.98204315,1
81248.001127,1698.45,0.03653506,1
81248.001127,1698.45,1.575,1
81248.72939,1698.46,0.28660761,-1
81248.72939,1698.46,0.00472,-1
81251.134538,1698.48,0.86158688,-1
81251.134538,1698.46,0.05876935,-1
81251.134538,1698.46,0.29133,-1
81251.134538,1698.46,0.70866981,-1
81251.218229,1698.69,0.018267,1
81251.218229,1698.69,0.35904,1
81251.203775,1698.7,0.01742721,-1
81251.283892,1698.68,0.35904,1
81251.253434,1698.69,0.35904,1
81255.002466,1698.61,0.058769,-1
81255.121571,1698.6,0.00001201,1
81257.786519,1698.4,0.000756,1
81257.786519,1698.4,0.001,1
81258.703604,1698.31,0.05876903,-1
81258.703604,1698.31,0.88323097,-1
81259.552332,1698.31,0.11767094,-1
81260.325327,1698.32,0.17657668,-1
81260.325327,1698.31,0.05876935,-1
81260.651091,1698.3,0.00000588,1
81261.570974,1698.2,0.07450588,1
81261.570974,1698.2,0.001,1
81261.570974,1698.3,0.00099412,1
81262.66449,1698.35,0.058769,-1
81264.070629,1698.21,0.00298932,1
81264.070629,1698.28,0.01359,1
81265.960896,1698.23,0.00093965,1
81266.258805,1698.41,0.969,-1
81266.258805,1698.31,0.05876935,-1
81267.075555,1698.19,3.56813636,1
81267.075555,1698.2,0.001,1
81267.075555,1698.2,0.601,1
81267.075555,1698.21,3.40544634,1
81267.075555,1698.22,0.88025328,1
81267.075555,1698.26,4.71057908,1
81267.075555,1698.27,0.1,1
81267.075555,1698.27,0.2,1
81267.075555,1698.3,1.06055,1
81267.075555,1698.32,1.575,1
81267.075555,1698.33,0.88025328,1
81267.075555,1698.37,1.17749231,1
81267.075555,1698.4,0.601,1
81267.075555,1698.41,0.05876935,1
81267.075555,1698.46,1,1
81267.075555,1698.48,1,1
81267.075555,1698.49,0.79816,1
81267.075555,1698.49,0.31056,1
81267.075555,1698.49,0.0718,1
81269.358828,1698.49,0.883137,-1
81273.402582,1698.61,0.02741342,-1
81273.402582,1698.6,0.001,-1
81273.402582,1698.5,0.001,-1
81273.402582,1698.49,0.00000037,-1
81273.598641,1698.6,1,1
81273.598641,1698.6,0.315,1
81273.598641,1698.6,0.06525,1
81273.934125,1698.58,0.18945928,1
81273.934125,1698.58,0.94733972,1
81273.921315,1698.58,0.05266028,1
81273.921315,1698.58,0.2,1
81276.32488,1698.58,0.00000588,1
81276.310123,1698.58,0.00606316,1
81276.310123,1698.58,0.00000072,1
81276.444266,1698.74,0.88025328,-1
81276.444266,1698.73,0.17541984,-1
81276.444266,1698.7,0.001,-1
81276.444266,1698.7,0.03057279,-1
81276.4392,1698.67,2.51443096,-1
81276.4392,1698.67,0.88025328,-1
81276.439044,1698.59,0.05876935,-1
81276.439044,1698.59,0.88308538,-1
81279.287854,1698.79,0.01185697,1
81279.783282,1698.85,0.88295034,-1
81279.783282,1698.84,0.05876935,-1
81279.783282,1698.8,0.001,-1
81291.578505,1698.88,1,1
81291.578295,1698.89,0.00157429,1
81291.578295,1698.89,0.75006,1
81291.578295,1698.89,0.368,1
81291.659273,1698.88,0.2,1
81293.209128,1698.84,0.2,1
81293.179959,1698.84,1,1
81293.179959,1698.86,1,1
81293.179959,1698.86,0.2,1
81298.401368,1698.74,0.00000588,1
81300.855596,1698.75,0.96899934,-1
81300.855596,1698.75,0.05879666,-1
81307.187428,1698.89,0.9149,1
81307.187428,1698.89,0.49688,1
81307.187428,1698.89,0.32734,1
81307.187428,1698.89,0.06167,1
81313.324596,1698.88,0.00058766,1
81313.915327,1698.77,0.32376,1
81313.915327,1698.77,0.14716703,1
81313.915327,1698.78,0.30838,1
81313.915327,1698.86,0.2,1
81313.910064,1698.86,1,1
81313.910064,1698.88,0.00082241,1
81313.910033,1698.88,0.19940759,1
81313.910033,1698.88,0.00118007,1
81313.910033,1698.88,0.99941234,1
81313.993989,1698.52,0.0446594,1
81313.993989,1698.6,0.001,1
81313.993989,1698.62,0.01359,1
81313.941363,1698.78,0.06167,1
81314.13118,1698.6,0.3259804,-1
81314.13118,1698.57,0.53203048,-1
81314.831409,1698.59,0.49635411,-1
81314.831409,1698.59,0.88308538,-1
81316.034923,1698.58,0.6007352,1
81316.361282,1698.59,0.00066789,-1
81316.613377,1698.59,0.01144121,-1
81317.499117,1698.59,0.02791277,-1
81321.259489,1698.59,0.01451845,-1
81324.378008,1698.58,0.00000588,1
81325.687487,1698.59,0.1834385,-1
81325.687264,1698.59,0.64510656,-1
81325.760685,1698.69,0.969,-1
81326.242428,1698.79,0.00000588,1
81326.230764,1698.79,0.00698732,1
81326.523707,1698.79,0.02492039,1
81326.523707,1698.79,0.0485368,1
81327.683003,1698.82,0.05188644,-1
81327.683003,1698.82,0.05879666,-1
81327.683003,1698.8,0.001,-1
81327.827874,1698.85,0.85394926,-1
81327.835935,1698.91,0.88292415,-1
81327.835935,1698.9,0.001,-1
81328.727688,1699.01,0.0054112,-1
81328.727688,1699,0.001,-1
81329.26382,1699,0.12911,1
81329.26382,1699,0.03339,1
81329.26382,1699,0.09427,1
81329.26382,1699,0.03331,1
81329.26382,1699,1,1
81329.630278,1698.93,0.03070404,-1
81329.724821,1698.93,0.00233135,-1
81336.113048,1698.92,0.001782,1
81336.113048,1698.92,1,1
81336.163953,1698.88,1,1
81336.475436,1698.8,0.82846202,1
81336.47189,1698.8,0.17153798,1
81336.47189,1698.8,0.001,1
81336.68686,1698.71,0.03852337,-1
81337.06775,1698.71,0.00284564,-1
81337.885922,1698.71,0.02791226,-1
81342.127085,1698.71,0.02860359,-1
81342.789097,1698.71,0.11441435,-1
81343.070138,1698.74,0.0007819,-1
81345.279011,1698.96,1.1837928,-1
81345.279011,1698.83,0.8829625,-1
81345.279011,1698.81,0.05879666,-1
81345.279011,1698.81,0.969,-1
81346.633444,1698.87,0.00174839,-1
81346.889114,1698.87,0.00276828,-1
81347.516199,1698.87,0.0116559,-1
81347.942559,1698.84,1,1
81347.942559,1698.86,0.62723411,1
81347.942009,1698.86,0.37276589,1
81349.365017,1698.71,0.11167521,-1
81350.108587,1698.71,0.07146817,-1
81350.83155,1698.88,8.66663823,-1
81350.83155,1698.87,0.1553216,-1
81350.827006,1698.88,14.33803167,-1
81350.827006,1698.88,0.97,-1
81350.790865,1698.71,0.05879666,-1
81350.842855,1698.88,0.56582542,-1
81350.943773,1699,0.001,-1
81351.14322,1699.02,0.048,-1
81351.314459,1699.09,0.04661962,1
81352.803807,1699.08,1,1
81352.883735,1699.04,1,1
81357.509212,1699.02,0.00457718,1
81360.122932,1699.04,0.58725416,-1
81360.122932,1699.03,0.16596632,-1
81360.517426,1699.07,0.00000588,1
81361.211435,1699.08,0.05582512,-1
81361.606997,1699.07,0.01485545,-1
81362.665514,1699.04,1,1
81362.665514,1699.06,0.00163068,1
81362.665514,1699.06,0.99542282,1
81362.665514,1699.06,0.00457,1
81366.319567,1698.82,1,1
81366.254204,1698.86,1,1
81366.834119,1698.81,0.02791326,-1
81367.178659,1698.81,0.014644,-1
81371.2262,1698.87,0.29725641,1
81372.655145,1698.87,0.084504,-1
81374.255051,1698.91,0.97,-1
81376.339037,1699.01,0.00572248,-1
81377.269649,1699.01,0.38732457,-1
81377.269649,1699.01,0.18363983,-1
81382.279199,1699.01,0.22721059,-1
81382.279199,1699.01,0.05879666,-1
81382.406136,1699.02,0.25,-1
81382.762336,1699.06,0.96999934,-1
81382.762336,1699.06,0.05879666,-1
81384.571629,1699.1,0.00002365,-1
81386.027606,1699.08,0.001418,1
81386.027606,1699.08,1,1
81386.07724,1699.04,1,1
81391.592413,1699.12,0.97,-1
81391.592413,1699.1,0.00097635,-1
81391.569815,1699.04,2.49230959,-1
81391.569815,1699.04,1.08287083,-1
81391.569815,1699.02,0.88025328,-1
81391.569815,1698.96,0.88289306,-1
81391.569815,1698.95,0.05879666,-1
81393.101016,1699.19,0.23779393,1
81396.206471,1699.18,1,1
81398.731339,1699.16,0.05582939,-1
81399.276662,1699.14,0.76580214,1
81399.276662,1699.15,0.00075729,1
81399.276662,1699.15,1.17710466,1
81400.255298,1699.21,0.03085782,-1
81400.255298,1699.2,0.001,-1
81401.596178,1699.21,0.05917161,-1
81402.376943,1699.2,0.00000588,1
81403.747356,1699.25,0.03300563,-1
81403.747356,1699.21,0.10997022,-1
81404.210874,1699.37,0.15806092,-1
81404.210874,1699.36,0.90445132,-1
81404.210874,1699.36,0.18180715,-1
81404.210874,1699.3,0.601,-1
81404.210874,1699.3,0.001,-1
81404.210874,1699.29,1.00789031,-1
81404.210874,1699.27,0.05879666,-1
81404.68376,1699.3,0.00873936,-1
81404.902175,1699.34,0.00568058,-1
81406.443957,1699.32,0.08588425,1
81407.491532,1699.33,0.00335009,-1
81408.080687,1699.33,0.01165247,-1
81408.355304,1699.33,0.02287381,-1
81408.54228,1699.33,0.00055932,-1
81409.35658,1699.33,0.00582624,-1
81409.826434,1699.37,0.02913118,-1
81409.848398,1699.37,0.044504,-1
81410.106373,1699.43,0.01329759,-1
81410.106373,1699.4,0.001,-1
81411.052643,1699.45,0.01,-1
81411.620793,1699.45,0.00582624,-1
81413.348657,1699.46,0.048,-1
81414.782031,1699.48,0.65298782,1
81417.444434,1699.5,0.001,-1
81417.444434,1699.49,0.1553216,-1
81417.444434,1699.49,0.05879666,-1
81417.444434,1699.49,0.88261885,-1
81419.420649,1699.59,0.00165284,-1
81419.444304,1699.58,0.001267,1
81419.444304,1699.58,1,1
81419.854499,1699.67,0.01965097,-1
81419.854499,1699.6,0.001,-1
81423.414506,1699.66,0.65297982,1
81423.414506,1699.66,0.08589,1
81423.414506,1699.66,0.26112218,1
81423.824405,1699.64,0.00060156,1
81423.824405,1699.66,0.00000018,1
81425.454919,1699.73,0.00402139,-1
81425.454919,1699.7,0.001,-1
81427.181957,1699.73,0.02790061,-1
81427.827675,1699.73,0.85057483,-1
81429.138146,1700.15,0.88227856,-1
81429.138146,1700.1,0.001,-1
81429.138146,1700,0.001,-1
81429.138146,1699.9,0.001,-1
81429.137894,1699.8,0.001,-1
81433.832457,1700.2,0.00513959,-1
81433.832457,1700.2,0.001,-1
81433.942958,1700.2,0.02789914,-1
81434.460404,1700.2,0.00088226,-1
81434.460222,1700.2,0.00088226,-1
81434.460058,1700.2,0.00088226,-1
81434.459975,1700.2,0.00088226,-1
81434.459815,1700.2,0.00088226,-1
81434.4597,1700.2,0.00088226,-1
81434.564656,1700.28,1.17620273,1
81434.564656,1700.28,0.40183627,1
81434.752921,1700.27,0.00558022,-1
81436.248635,1700.26,0.24682897,1
81437.071137,1700.27,0.03069122,-1
81437.40589,1700.27,0.05765475,-1
81437.40589,1700.27,0.05879666,-1
81437.451032,1700.28,0.67131714,-1
81437.451032,1700.27,0.1553216,-1
81437.451032,1700.27,0.11497807,-1
81437.789174,1700.3,0.10965299,-1
81437.789174,1700.3,0.001,-1
81437.759784,1700.29,0.44076602,1
81437.867974,1700.36,0.00058226,-1
81438.362284,1700.38,0.12837687,-1
81438.362284,1700.38,1.00311055,-1
81438.362284,1700.37,0.05879666,-1
81438.362284,1700.35,0.19400993,-1
81440.413155,1700.36,69.35991592,1
81440.412017,1700.36,1.233,1
81440.412012,1700.36,1.093,1
81440.411918,1700.36,1.48,1
81440.411894,1700.36,2.16828017,1
81440.402545,1700.36,3.18702348,1
81440.402207,1700.36,0.55162042,1
81440.402149,1700.36,0.16548575,1
81440.397965,1700.36,0.12634,1
81440.397305,1700.36,0.05824,1
81440.396496,1700.36,0.35238024,1
81440.395688,1700.36,3.54502297,1
81440.395417,1700.36,0.0214,1
81440.395114,1700.36,5.71274003,1
81440.393882,1700.36,0.14499,1
81440.393349,1700.36,8.64728213,1
81440.393096,1700.36,5.93168677,1
81440.392852,1700.36,4.16620378,1
81440.392301,1700.36,3.82929822,1
81440.390559,1700.36,0.04324684,1
81440.390477,1700.36,0.27581015,1
81440.390241,1700.36,8.05324684,1
81440.389891,1700.36,5.03081233,1
81440.389653,1700.36,9.74765162,1
81440.389564,1700.36,0.68365162,1
81440.389193,1700.36,3.79434407,1
81440.38749,1700.36,1.9462995,1
81440.387198,1700.36,26.80577423,1
81440.386299,1700.36,0.0471744,1
81440.385958,1700.36,63.641128,1
81440.384762,1700.36,4.6920996,1
81440.383624,1700.36,6.52521465,1
81440.382487,1700.36,4.47330397,1
81440.379901,1700.36,2.70173281,1
81440.37972,1700.36,0.98601607,1
81440.379493,1700.36,2.21854169,1
81440.379159,1700.36,9.15786025,1
81440.378952,1700.36,1.80115489,1
81440.378864,1700.36,2.21854169,1
81440.378739,1700.36,2.25144854,1
81440.37855,1700.36,1.0896618,1
81440.378392,1700.36,5.687252,1
81440.378387,1700.36,8.82354909,1
81440.3783,1700.36,1.23252285,1
81440.377678,1700.36,0.22064835,1
81440.370193,1700.36,0.33097203,1
81440.369487,1700.36,7.3041618,1
81440.366762,1700.36,0.39472556,1
81440.366762,1700.36,1,1
81440.527726,1700.19,10.2003866,1
81440.525376,1700.19,2.0342572,1
81440.522413,1700.19,1.21254826,1
81440.518747,1700.19,0.23146863,1
81440.496957,1700.19,1.7972702,1
81440.486988,1700.19,6.83798755,1
81440.485833,1700.19,2.46495096,1
81440.442246,1700.2,1.47041524,1
81440.442246,1700.22,0.00000001,1
81440.44078,1700.22,0.00117848,1
81440.44078,1700.22,0.14707613,1
81440.549334,1700.19,0.19781551,1
81440.545784,1700.19,0.85733279,1
81440.543109,1700.19,0.10108665,1
81440.539117,1700.19,0.75957135,1
81440.536322,1700.19,2.36367056,1
81440.533354,1700.19,3.69170482,1
81440.530487,1700.19,3.85868148,1
81440.700797,1700.19,3.85997533,1
81440.778438,1700.19,3.42908303,1
81440.868293,1700.19,4.01858354,1
81440.97177,1700.19,5.05757361,1
81441.0466,1700.19,3.33073924,1
81441.205512,1700.19,6.46200352,1
81441.30675,1700.19,4.45092791,1
81441.379843,1700.19,3.24199667,1
81441.461742,1700.19,3.61889392,1
81441.554365,1700.19,3.16416719,1
81441.699311,1700.2,0.88224914,-1
81441.635183,1700.2,0.11226426,-1
81441.635183,1700.2,0.97,-1
81441.635183,1700.2,0.18184359,-1
81441.635183,1700.2,0.1553216,-1
81441.635183,1700.2,0.05879666,-1
81441.635183,1700.2,0.88224914,-1
81441.635183,1700.2,1.17618637,-1
81441.635183,1700.2,5.10226523,-1
81444.102289,1700.44,0.005515,1
81444.059382,1700.4,0.1999989,-1
81444.059382,1700.4,0.001,-1
81444.059382,1700.34,0.8821765,-1
81444.059382,1700.34,0.05879666,-1
81444.747913,1700.45,0.11157275,-1
81445.403925,1700.48,0.1536,-1
81445.403925,1700.47,0.70222843,-1
81445.403925,1700.47,1.37357981,-1
81445.403925,1700.45,0.16918151,-1
81445.403925,1700.45,0.88211943,-1
81445.403925,1700.45,0.05879666,-1
81445.423534,1700.5,0.3975935,-1
81445.423274,1700.5,0.4845,-1
81445.423274,1700.5,0.001,-1
81446.794887,1700.6,0.01294514,-1
81446.794887,1700.6,0.001,-1
81448.643365,1700.61,0.048,-1
81448.643365,1700.6,0.19373144,-1
81448.643365,1700.6,0.01506696,-1
81448.643365,1700.6,0.18261535,-1
81448.643365,1700.6,0.1553216,-1
81448.643365,1700.6,0.19390768,-1
81448.643365,1700.6,0.88204163,-1
81448.643365,1700.6,0.05879666,-1
81449.682143,1700.64,0.0471744,1
81449.68063,1700.65,0.02285713,-1
81449.732993,1700.64,0.9528256,1
81450.653121,1700.61,0.58793609,-1
81451.354009,1700.61,0.00582147,-1
81452.269393,1700.61,0.14060694,-1
81452.82435,1700.66,0.14702596,-1
81452.82435,1700.62,0.88203125,-1
81452.818185,1700.61,0.1553216,-1
81452.818185,1700.61,0.17799456,-1
81452.818185,1700.61,0.05879666,-1
81453.465032,1700.7,0.2168808,-1
81453.465032,1700.7,0.001,-1
81456.86235,1700.68,0.00592694,1
81458.029184,1700.69,0.00917416,-1
81458.805989,1700.69,0.01222503,-1
81460.2233,1700.8,0.14700348,-1
81460.2233,1700.8,0.001,-1
81460.2233,1700.79,0.05849045,-1
81460.223001,1700.74,0.5220109,-1
81460.219958,1700.74,0.4479891,-1
81460.219958,1700.7,0.55720919,-1
81460.217156,1700.7,0.32478057,-1
81460.217156,1700.69,0.19031005,-1
81460.217156,1700.69,0.01688571,-1
81460.217156,1700.69,0.18116441,-1
81460.217156,1700.69,0.1553216,-1
81460.217156,1700.69,0.03739747,-1
81460.245724,1700.89,0.51348457,-1
81460.245724,1700.89,3.45,-1
81460.245724,1700.87,0.1536,-1
81460.38575,1700.99,1.84,1
81460.349145,1700.91,0.048,-1
81460.345486,1700.9,0.12110451,-1
81460.345486,1700.9,0.001,-1
81460.989091,1701,0.001,-1
81460.989091,1700.99,0.97,-1
81460.989091,1700.98,0.88184458,-1
81460.989091,1700.98,0.05879666,-1
81460.989091,1700.98,0.87957766,-1
81461.445242,1701,0.25072643,1
81461.445242,1701.02,1,1
81461.445242,1701.04,1.575,1
81461.445242,1701.04,1,1
81461.445242,1701.04,0.85634838,1
81461.445242,1701.04,0.11261296,1
81461.445242,1701.04,0.11261298,1
81467.275485,1701,10.786318,1
81467.274129,1701,1.13394309,1
81467.274129,1701,1,1
81467.274129,1701,0.22306849,1
81467.272946,1701,0.60120508,1
81467.526895,1701,0.18687117,1
81467.526895,1701,1.20453615,1
81467.495286,1701,0.66846517,1
81467.479856,1701,0.43861847,1
81467.470087,1701,0.17728289,1
81467.465882,1701,0.59083623,1
81467.6279,1701,0.08011124,1
81467.545321,1701,0.24976226,1
81467.540202,1701,0.27190061,1
81467.533015,1701,0.14354599,1
81467.529995,1701,0.14280873,1
81469.130407,1700.92,0.88187569,-1
81469.127086,1700.91,0.17469203,-1
81469.127086,1700.91,0.05879666,-1
81469.127086,1700.91,0.48738702,-1
81469.170333,1700.99,0.44383265,1
81469.16912,1700.99,0.05186411,1
81469.168812,1700.99,0.07057283,1
81469.166425,1700.99,0.07057283,1
81469.164744,1700.99,0.20153695,1
81469.164744,1700.99,0.02282069,1
81469.163543,1700.99,0.27387607,1
81469.163543,1700.99,0.29182069,1
81469.162037,1700.99,0.07103588,1
81469.160577,1700.99,0.20284019,1
81469.157696,1700.98,0.09729029,1
81469.157696,1700.98,1.36187771,1
81469.157247,1700.98,0.09729029,1
81469.154594,1700.97,1.04470736,1
81471.328916,1701.13,0.7025021,1
81471.328916,1701.19,1.84,1
81471.327548,1701.1,0.46246965,1
81471.327548,1701.1,0.4,1
81471.326783,1701.12,0.17046965,1
81471.326783,1701.13,0.045,1
81471.326783,1701.13,0.647,1
81471.325935,1701.14,1.7249393,1
81471.325729,1701.15,0.20187688,-1
81471.32485,1701.13,0.86246965,1
81471.321537,1701.28,1.24872222,-1
81471.321537,1701.27,0.88025328,-1
81471.321537,1701.25,0.72972014,-1
81471.321537,1701.23,0.5,-1
81471.321537,1701.21,4.45265273,-1
81471.321392,1701.21,0.6496125,-1
81471.321392,1701.2,0.89345755,-1
81471.321392,1701.2,0.88025328,-1
81471.321392,1701.2,3.13381084,-1
81471.321392,1701.2,0.001,-1
81471.321392,1701.19,5.29883985,-1
81471.321392,1701.18,1.575,-1
81471.321392,1701.18,0.048,-1
81471.321392,1701.17,0.20000091,-1
81471.321392,1701.15,0.14699916,-1
81471.321392,1701.15,3.45,-1
81471.321392,1701.14,0.1553216,-1
81471.321392,1701.14,1.17515201,-1
81471.321237,1701.14,0.86346965,-1
81471.320466,1701.14,4.09740048,-1
81471.320466,1701.13,0.4,-1
81471.320466,1701.1,0.001,-1
81471.320466,1701.1,0.0008821,-1
81471.320466,1701.09,5.10226523,-1
81471.320466,1701.08,1.17572643,-1
81471.320466,1701.08,0.88025328,-1
81471.320466,1701.06,0.14699916,-1
81471.320466,1701.05,0.97,-1
81471.320466,1701.04,5.14029008,-1
81471.320466,1701.01,2.5151226,-1
81471.319955,1700.94,0.88186532,-1
81471.319955,1700.94,0.05879666,-1
81471.319955,1700.94,0.85478172,-1
81471.375951,1701.2,0.07308466,-1
81471.337758,1701.17,0.88174613,-1
81471.334621,1701.15,0.80809026,-1
81471.334621,1701.15,0.04095487,-1
81471.334269,1701.15,0.84904513,-1
81471.642983,1701.19,0.00088174,-1
81471.642396,1701.19,0.00088174,-1
81471.642013,1701.19,0.00088174,-1
81471.641413,1701.19,0.00088174,-1
81471.641028,1701.19,0.00088174,-1
81471.640875,1701.19,0.00088174,-1
81471.85942,1701.19,0.00582007,-1
81472.039614,1701.19,0.11711564,-1
81472.039614,1701.19,0.18674664,-1
81472.039614,1701.19,0.00088174,-1
81472.039614,1701.19,0.00088174,-1
81472.039614,1701.19,0.00088174,-1
81472.039614,1701.19,0.14616932,-1
81472.039614,1701.19,0.13505882,-1
81473.944848,1701.19,0.01455095,-1
81474.445074,1701.2,0.88173054,-1
81474.445074,1701.19,0.969,-1
81474.445074,1701.19,0.1553216,-1
81474.445074,1701.19,0.04424571,-1
81476.324024,1701.22,1,1
81476.320409,1701.24,0.08392924,1
81476.280821,1701.24,0.91607076,1
81477.861118,1701.07,0.18262032,-1
81477.861118,1701.07,0.05879666,-1
81477.861118,1701.07,0.87448286,-1
81477.832114,1701.07,0.00731506,-1
81479.556962,1701.21,0.03713358,-1
81481.679442,1701.1,0.00238834,1
81481.679442,1701.1,1.075,1
81481.662133,1701.17,0.14697928,1
81481.662133,1701.18,1,1
81481.661816,1701.2,1,1
81483.659113,1701.04,0.1998035,-1
81483.659113,1701.04,0.88181347,-1
81483.85595,1701.28,2.31323616,-1
81483.85595,1701.28,0.21522292,-1
81483.852384,1701.28,0.33094272,-1
81483.851793,1701.28,0.62965825,-1
81483.851793,1701.28,0.969,-1
81483.8512,1701.2,1.37318686,-1
81483.8512,1701.14,0.05879666,-1
81483.8512,1701.14,0.88176164,-1
81485.055918,1701.14,1,-1
81485.055918,1701.12,0.881772,-1
81485.055918,1701.12,1,-1
81485.055918,1701.11,0.05879666,-1
81485.055918,1701.11,0.12627993,-1
81487.332475,1701.2,0.12928063,1
81488.990928,1701.2,3.70308528,1
81488.988974,1701.2,1.29691472,1
81490.631208,1701.11,0.18357811,-1
81490.631208,1701.11,0.05879666,-1
81490.631208,1701.11,0.88177719,-1
81490.631208,1701.11,0.06313996,-1
81491.445713,1701.04,0.22123122,1
81491.445713,1701.04,1.46968913,1
81492.610749,1701.03,5.17409008,1
81492.60207,1701.03,3.87258522,1
81492.600045,1701.03,3.06445544,1
81494.869422,1701.04,0.00000587,-1
81496.652161,1701.13,3.32209223,1
81496.646223,1701.05,0.597,-1
81496.646021,1701.06,1,-1
81496.642612,1701.05,0.597,-1
81496.642612,1701.05,0.88180829,-1
81496.642612,1701.04,0.969,-1
81496.642612,1701.04,1,-1
81496.642612,1701.04,0.18486229,-1
81496.642612,1701.04,0.05879666,-1
81496.642612,1701.04,0.03156411,-1
81497.078313,1701.12,0.11327299,1
81498.587871,1701.13,0.0028576,-1
81503.475935,1701.14,0.50957063,-1
81503.475935,1701.13,0.969,-1
81503.475935,1701.13,0.05879666,-1
81503.475935,1701.13,0.1553216,-1
81503.475935,1701.13,0.18865145,-1
81503.903348,1701.13,0.88185309,1
81512.862066,1701.06,0.22428832,-1
81512.85857,1701.06,0.77571168,-1
81512.85857,1701.05,0.05879666,-1
81512.85857,1701.05,0.19677869,-1
81513.80555,1701.08,0.33271693,-1
81513.80555,1701.08,0.01578499,-1
81515.573038,1701.12,0.1553216,-1
81515.573038,1701.1,1,-1
81515.573038,1701.08,0.33271,-1
81515.573038,1701.08,0.88179274,-1
81515.573038,1701.08,0.05879666,-1
81515.573038,1701.08,0.66728307,-1
81518.011411,1701.12,0.09203031,1
81525.56648,1701.08,0.11874809,1
81528.991582,1701.09,0.18670122,-1
81528.991582,1701.09,0.05879666,-1
81528.991582,1701.09,0.88178755,-1
81530.528604,1701.1,0.05879666,-1
81530.528604,1701.1,0.88178237,-1
81530.528604,1701.1,1,-1
81532.241476,1701.12,0.04519851,1
81533.314746,1701.09,3.82304035,1
81533.311327,1701.09,3.10170054,1
81533.310055,1701.09,3.88586404,1
81533.30857,1701.09,5.03526749,1
81533.307055,1701.09,5.31511753,1
81533.306976,1701.09,0.0471744,1
81533.299994,1701.09,3.88379655,1
81533.293223,1701.09,3.30865496,1
81533.261033,1701.1,0.00319825,1
81533.261033,1701.1,1.46963729,1
81533.533054,1701.09,3.12264499,1
81533.699411,1701.09,7.19593065,1
81533.797657,1701.09,3.2961539,1
81533.895196,1701.09,3.55247655,1
81534.002074,1701.09,4.66350785,1
81534.071492,1701.09,3.2008892,1
81534.204215,1701.09,5.85091914,1
81534.304796,1701.09,4.45010929,1
81534.429911,1701.13,0.23475416,1
81534.429911,1701.13,0.15347859,1
81534.422832,1701.13,0.65326482,1
81534.419744,1701.13,0.15291406,1
81534.416844,1701.13,0.06652239,1
81534.414677,1701.13,0.05920795,1
81534.413449,1701.13,0.00973604,1
81534.413449,1701.13,0.08442109,1
81534.411567,1701.13,0.12382475,1
81534.408985,1701.13,0.11727557,1
81534.405678,1701.13,0.09985802,1
81534.403799,1701.13,0.11367689,1
81534.40087,1701.13,0.04868786,1
81534.400366,1701.13,0.04658268,1
81534.398948,1701.13,0.13006625,1
81534.395921,1701.13,0.052132,1
81534.394845,1701.13,0.21347489,1
81534.374689,1701.12,2.89985307,1
81534.371469,1701.12,1,-1
81534.371469,1701.11,4.13269947,-1
81534.371469,1701.11,8.31119313,-1
81534.371469,1701.1,1.17561501,-1
81534.371469,1701.1,0.1553216,-1
81534.371469,1701.1,1.10141693,-1
81534.371469,1701.1,0.05879666,-1
81534.371469,1701.1,0.88178237,-1
81534.371469,1701.1,0.0078925,-1
81534.371469,1701.1,1,-1
81534.371469,1701.1,1.075,-1
81534.371469,1701.1,0.92518833,-1
81534.371469,1701.1,1.575,-1
81534.513561,1701.14,0.00031103,-1
81534.513561,1701.14,0.88176164,-1
81534.513561,1701.14,0.969,-1
81534.506613,1701.13,0.63078294,1
81534.499945,1701.13,1.17561501,-1
81534.499945,1701.13,0.00394625,-1
81534.499945,1701.13,1.16774682,-1
81534.494236,1701.12,3.48905492,1
81534.555773,1701.18,0.77232985,-1
81534.555773,1701.15,3.45,-1
81534.694083,1701.2,0.56366848,-1
81534.694083,1701.2,0.05879666,-1
81534.694083,1701.2,0.57256177,-1
81535.183014,1701.18,0.05378636,-1
81535.183014,1701.18,0.00098656,-1
81535.183014,1701.18,0.00098656,-1
81535.50506,1701.18,0.06110788,-1
81535.896679,1701.18,0.0056743,-1
81535.993241,1701.17,0.00322147,1
81537.089608,1701.18,0.05588039,-1
81538.052832,1701.17,0.0020751,1
81538.40395,1701.45,0.99279805,1
81538.40395,1701.45,1.03701569,1
81538.40395,1701.45,1.601301,1
81538.402479,1701.4,0.17311752,1
81538.401764,1701.4,0.62871814,1
81538.400544,1701.4,0.83624092,1
81538.399518,1701.4,0.83624092,1
81538.398316,1701.44,0.83624092,1
81538.397325,1701.44,0.83624092,1
81538.396638,1701.41,0.55559698,-1
81538.396638,1701.39,2.93877359,-1
81538.396638,1701.39,0.00098656,-1
81538.396625,1701.38,1.84,1
81538.393137,1701.41,3.45,-1
81538.393137,1701.4,0.001,-1
81538.392296,1701.34,0.1536,-1
81538.39038,1701.38,0.096,-1
81538.39038,1701.36,1.17561501,-1
81538.39038,1701.36,0.642372,-1
81538.39038,1701.36,0.048,-1
81538.39038,1701.3,0.001,-1
81538.384771,1701.2,0.969,-1
81538.384771,1701.2,1,-1
81538.384771,1701.19,0.88173572,-1
81538.384771,1701.18,0.05588,-1
81538.384771,1701.18,0.18483679,-1
81538.384771,1701.18,0.1553216,-1
81538.384771,1701.18,0.00567,-1
81538.384771,1701.18,0.06111,-1
81538.384771,1701.18,0.05378,-1
81538.384771,1701.18,0.05879666,-1
81538.384771,1701.18,0.82355107,-1
81538.45577,1701.46,0.8815958,-1
81539.0307,1701.5,0.03811825,-1
81539.0307,1701.5,0.969,-1
81539.0307,1701.5,0.39380105,-1
81539.0307,1701.5,0.88157508,-1
81539.0307,1701.5,0.001,-1
81541.155685,1701.52,0.27311015,1
81542.992013,1701.7,1.06094618,-1
81542.992013,1701.7,1.075,-1
81542.992013,1701.7,0.001,-1
81542.992013,1701.64,0.969,-1
81542.992013,1701.6,0.001,-1
81542.992013,1701.58,0.14696373,-1
81542.992013,1701.57,0.05879666,-1
81542.992013,1701.53,0.18743653,-1
81542.992013,1701.53,0.88155953,-1
81543.237994,1701.64,0.3746335,1
81543.214162,1701.65,1.00170625,1
81543.207405,1701.64,0.23571739,1
81543.207405,1701.64,0.5995067,1
81543.254213,1701.64,0.02019784,1
81543.251546,1701.64,0.08250841,1
81543.251546,1701.64,0.23570625,1
81543.251546,1701.64,0.28807275,1
81543.248372,1701.65,0.29097108,-1
81545.822637,1701.61,0.97933341,1
81546.910932,1701.63,0.15460334,-1
81546.910932,1701.63,0.00009666,-1
81546.909668,1701.63,0.0587,-1
81546.903561,1701.64,0.0367784,-1
81546.903561,1701.63,0.0000216,-1
81546.900025,1701.63,0.1553,-1
81546.879217,1701.54,0.88155435,-1
81547.021367,1701.64,1.30943276,1
81547.0198,1701.64,0.06858121,1
81547.018013,1701.64,0.09115694,1
81547.013559,1701.65,0.43936501,1
81547.012189,1701.63,0.26130972,1
81547.010666,1701.63,0.26130972,1
81546.981895,1701.67,0.52261944,1
81546.979521,1701.66,1.84718,1
81546.972606,1701.67,0.00644858,-1
81546.972606,1701.65,0.03688272,-1
81546.972606,1701.63,0.00015775,-1
81547.09227,1701.62,1.37828699,1
81548.229874,1701.61,0.30019217,1
81548.307096,1701.61,3.76653343,1
81548.241357,1701.61,0.00000587,1
81548.425367,1701.61,3.76503727,1
81549.333178,1701.61,2.96789068,1
81549.271929,1701.61,4.14115239,1
81549.268628,1701.61,3.00340628,1
81549.412988,1701.61,3.03910853,1
81549.501051,1701.61,2.97025315,1
81549.63629,1701.61,5.85650649,1
81549.736835,1701.61,4.45979573,1
81549.807163,1701.61,3.09538501,1
81549.934405,1701.61,3.91568844,1
81550.012571,1701.61,3.22394507,1
81550.080811,1701.61,3.20167799,1
81550.292848,1701.61,0.003172,1
81551.39393,1701.62,0.00581785,-1
81551.799259,1701.61,3.11820681,1
81551.875642,1701.67,12.03128183,1
81551.871401,1701.65,0.0000004,-1
81551.871284,1701.65,0.9689996,-1
81551.871284,1701.62,1.84,-1
81551.871284,1701.62,0.0332013,-1
81551.871284,1701.62,0.3374381,-1
81551.871284,1701.62,0.38273431,-1
81551.871284,1701.62,0.1553216,-1
81551.871284,1701.62,0.88151291,-1
81551.871284,1701.62,0.05879666,-1
81551.871284,1701.62,1.07667052,-1
81552.006715,1701.67,0.77390734,1
81551.988574,1701.67,0.85579393,1
81551.981351,1701.68,1.30583726,1
81551.977995,1701.68,0.16329912,1
81551.977995,1701.68,0.85192637,1
81551.955009,1701.68,0.87002563,1
81552.081463,1701.67,1.51679872,1
81552.080606,1701.67,1.28392408,1
81552.051724,1701.67,1.13384011,1
81552.230357,1701.67,1.92320714,1
81552.156637,1701.67,1.27132623,1
81552.128113,1701.67,3.50806595,1
81552.319278,1701.67,0.67515945,1
81552.315297,1701.67,1.39087389,1
81552.290609,1701.67,0.71802278,1
81552.274031,1701.67,0.99226456,1
81552.358577,1701.67,1.75783628,1
81552.560333,1701.67,2.25371981,1
81552.667132,1701.67,0.28540809,1
81552.660952,1701.67,3.38763374,1
81552.660952,1701.67,1.0523715,1
81552.775524,1701.67,0.6042649,1
81552.762013,1701.67,4.16293334,1
81552.899688,1701.67,1.73621219,1
81552.862449,1701.67,1.73823995,1
81552.96325,1701.67,0.99197276,1
81553.08038,1701.67,0.78911177,1
81553.064448,1701.67,1.29191747,1
81553.230378,1701.67,4.27805075,1
81553.164682,1701.67,1.35939633,1
81554.765084,1701.67,1.49757782,1
81554.76426,1701.67,2.91282649,1
81555.207531,1701.67,2.35662505,1
81555.20642,1701.67,0.51993509,1
81555.201722,1701.67,0.36192432,1
81555.196801,1701.67,0.3975078,1
81555.194109,1701.67,0.54259887,1
81555.193805,1701.67,0.36787158,1
81555.193805,1701.67,2.57680977,1
81555.190937,1701.67,0.29578909,1
81555.188617,1701.67,4.98875009,1
81555.187702,1701.67,4.02377415,1
81555.186758,1701.67,3.76536311,1
81555.185954,1701.67,0.0471744,1
81555.18508,1701.67,2.8948659,1
81555.183192,1701.67,0.00088149,1
81555.175642,1701.67,0.287168,1
81555.175642,1701.67,0.01056859,1
81555.175642,1701.67,0.03894733,1
81555.175642,1701.67,10.81319753,1
81555.171568,1701.67,1.45672876,1
81555.17147,1701.67,14.31486149,1
81555.171306,1701.67,3.12155963,1
81555.171275,1701.67,0.20957659,1
81555.171275,1701.67,1.6633624,1
81555.326066,1701.67,1.61838161,1
81555.323233,1701.67,2.02452169,1
81555.323233,1701.67,2.83811305,1
81555.32201,1701.67,0.08936437,1
81555.308582,1701.67,0.81990647,1
81555.305946,1701.67,2.32688861,1
81555.303253,1701.67,5.15018819,1
81555.303019,1701.67,1.97711089,1
81555.300465,1701.67,0.53655828,1
81555.300206,1701.67,1.72679479,1
81555.297646,1701.67,0.0764896,1
81555.288063,1701.67,0.52432019,1
81555.287914,1701.67,1.01422646,1
81555.285175,1701.67,0.47957499,1
81555.282449,1701.67,3.42133601,1
81555.279816,1701.67,0.27648253,1
81555.276863,1701.67,0.74856472,1
81555.255033,1701.67,1.52978755,1
81555.253841,1701.67,0.4324275,1
81555.251783,1701.67,0.3346667,1
81555.239724,1701.67,0.53665539,1
81555.432648,1701.67,1.99622809,1
81555.3876,1701.67,1.16450192,1
81555.386485,1701.67,0.17586941,1
81555.383471,1701.67,0.87452165,1
81555.382547,1701.67,0.69545636,1
81555.366856,1701.67,0.3559953,1
81555.36375,1701.67,4.89079302,1
81555.346317,1701.67,0.50721698,1
81555.534863,1701.67,0.55422597,1
81555.523022,1701.67,1.15661059,1
81555.49655,1701.67,0.71828833,1
81555.483003,1701.67,0.64698584,1
81555.610805,1701.67,1.16244077,1
81555.584288,1701.67,1.63973698,1
81555.5473,1701.67,0.56110579,1
81555.729087,1701.67,1.75878268,1
81555.689535,1701.67,0.34481443,1
81555.684956,1701.67,0.96700509,1
81555.663128,1701.67,2.27023169,1
81555.663128,1701.67,0.0405047,1
81555.833427,1701.67,1.18711148,1
81555.786168,1701.67,2.51674458,1
81555.934752,1701.67,16.05908565,1
81555.934507,1701.67,2.03096686,1
81555.928975,1701.67,0.42610644,1
81555.919711,1701.67,0.8031333,1
81555.903438,1701.67,0.98327496,1
81555.881053,1701.67,0.55242349,1
81555.877148,1701.67,0.75672996,1
81555.869106,1701.67,0.36613763,1
81555.859727,1701.67,0.34936004,1
81555.859019,1701.67,0.52976663,1
81555.856444,1701.67,0.94180073,1
81555.854964,1701.67,0.97845895,1
81555.852589,1701.67,0.85860696,1
81555.849934,1701.67,4.65693437,1
81555.849934,1701.67,0.90369387,1
81555.847279,1701.67,6.88191919,1
81555.847202,1701.67,9.43726434,1
81555.841133,1701.67,1.14937565,1
81555.948108,1701.52,0.26316,1
81555.94481,1701.61,293.73652011,1
81555.94481,1701.61,242.02700845,1
81555.94481,1701.62,0.68340571,1
81555.941543,1701.67,1.73667123,1
81555.938094,1701.67,0.3777568,1
81556.415596,1701.52,3.10212482,1
81556.34537,1701.52,3.06822405,1
81556.862015,1701.52,5.28472857,1
81556.955818,1701.52,3.2774337,1
81557.037638,1701.52,3.60981049,1
81557.187377,1701.52,4.43522711,1
81558.982092,1701.53,0.01163659,-1
81562.266316,1701.53,0.50760705,-1
81562.266316,1701.53,0.88155953,-1
81562.93481,1701.53,0.03475848,-1
81563.468779,1701.53,0.02229373,-1
81565.99434,1701.53,0.00836089,-1
81570.240021,1701.53,0.16165545,-1
81571.939535,1701.56,1,-1
81571.939535,1701.54,0.19357108,-1
81571.936404,1701.54,0.80642892,-1
81571.936404,1701.53,0.88155953,-1
81571.936404,1701.53,0.16171768,-1
81571.936404,1701.53,0.1553216,-1
81571.936404,1701.53,0.05879666,-1
81576.2505,1701.59,0.05574506,-1
81578.883296,1701.58,0.00124004,1
81582.212685,1701.58,0.12066783,1
81583.201729,1701.59,0.03151076,-1
81584.683512,1701.58,1.003302,1
81585.676693,1701.59,0.10288612,-1
81587.707194,1701.52,0.04447506,1
81590.250519,1701.53,0.02855517,-1
81590.398343,1701.53,0.01427809,-1
81590.535449,1701.53,0.12820738,-1
81591.155929,1701.53,0.00276359,-1
81591.336369,1701.53,0.01427759,-1
81591.576593,1701.53,0.03130943,-1
81592.665336,1701.52,15.142778,1
81593.386435,1701.53,0.00618463,-1
81593.842345,1701.56,0.43281665,-1
81593.842345,1701.55,0.05879666,-1
81593.842345,1701.54,1,-1
81593.842345,1701.53,0.02845199,-1
81593.842345,1701.53,0.25406695,-1
81593.842345,1701.53,0.29108176,-1
81593.842345,1701.53,0.88155953,-1
81593.842345,1701.53,0.19293974,-1
81593.842345,1701.53,0.10078636,-1
81594.098303,1701.55,0.0278693,-1
81594.263629,1701.55,0.11752952,-1
81594.911486,1701.55,0.07803932,-1
81595.066997,1701.55,0.00581829,-1
81606.291296,1701.52,0.00000587,1
81606.279894,1701.52,0.04092223,1
81606.560278,1701.53,0.05711236,-1
81607.065018,1701.52,139.22822,1
81607.222416,1701.55,0.32702587,-1
81607.222416,1701.55,0.05879666,-1
81607.222416,1701.55,0.88154917,-1
81607.222416,1701.54,0.43281,-1
81607.222416,1701.54,0.56718335,-1
81607.222416,1701.53,0.17622402,-1
81607.222416,1701.53,0.09820924,-1
81607.264168,1701.58,1.17545878,-1
81607.264168,1701.56,1,-1
81607.264168,1701.55,0.20180939,-1
81607.264168,1701.53,1.575,-1
81607.347382,1701.58,1.17545878,-1
81607.347382,1701.55,1.575,-1
81607.347382,1701.55,0.08867923,-1
81607.347382,1701.55,0.08867923,-1
81607.347382,1701.55,0.17735845,-1
81610.688247,1701.82,1.38164031,-1
81610.688247,1701.82,5.10226523,-1
81610.688247,1701.81,0.53634665,-1
81610.688121,1701.81,2.48286727,-1
81610.68783,1701.81,2.56512876,-1
81610.68783,1701.8,1.17582389,-1
81610.68783,1701.8,0.001,-1
81610.68783,1701.79,0.86679319,-1
81610.68783,1701.79,0.048,-1
81610.68783,1701.77,0.54112803,-1
81610.68783,1701.74,0.14693004,-1
81610.68726,1701.69,0.969,-1
81610.68726,1701.69,0.1536,-1
81610.686149,1701.62,0.5626258,-1
81610.685001,1701.62,2.8873742,-1
81610.679484,1701.58,1.17545878,-1
81610.678738,1701.56,1,-1
81610.678738,1701.55,0.058712,-1
81610.674129,1701.54,0.60362698,-1
81610.674129,1701.54,1,-1
81610.674129,1701.53,0.1553216,-1
81610.674129,1701.53,0.08867922,-1
81610.674129,1701.53,0.04433962,-1
81610.674129,1701.53,0.04433961,-1
81610.735114,1701.82,0.54099565,-1
81610.735114,1701.82,0.17798883,-1
81612.1662,1701.72,1.17582389,1
81612.310822,1701.52,3.16869221,1
81612.291871,1701.52,3.18052674,1
81612.28986,1701.52,8.14965772,1
81612.281271,1701.52,2.46533525,1
81612.272533,1701.52,23.41880373,1
81612.227744,1701.52,7.62648859,1
81612.772541,1701.52,3.11017432,1
81612.927547,1701.52,3.14029172,1
81612.854474,1701.52,3.09825081,1
