81620.044463,1701.8,0.485,-1
81620.044392,1701.8,0.484,-1
81620.044392,1701.8,0.001,-1
81619.961343,1701.67,0.08984392,-1
81619.960823,1701.67,0.08984393,-1
81619.895917,1701.55,0.38612763,-1
81619.895852,1701.55,0.24443233,-1
81619.895852,1701.54,0.88155435,-1
81619.895852,1701.53,0.01427809,-1
81619.895852,1701.53,0.06012305,-1
81619.234726,1701.53,0.02855618,-1
81618.999285,1701.55,0.21413502,-1
81618.999285,1701.53,1.84,-1
81618.999285,1701.53,0.57943544,-1
81618.999285,1701.53,0.1553216,-1
81618.999285,1701.53,0.18687162,-1
81618.999285,1701.53,0.78543544,-1
81617.718337,1701.52,0.59597349,1
81612.927547,1701.52,3.14029172,1
81612.854474,1701.52,3.09825081,1
81612.772541,1701.52,3.11017432,1
81612.310822,1701.52,3.16869221,1
81612.291871,1701.52,3.18052674,1
81612.28986,1701.52,8.14965772,1
81612.281271,1701.52,2.46533525,1
81612.272533,1701.52,23.41880373,1
81612.227744,1701.52,7.62648859,1
81612.1662,1701.72,1.17582389,1
81610.735114,1701.82,0.54099565,-1
81610.735114,1701.82,0.17798883,-1
81610.688247,1701.82,1.38164031,-1
81610.688247,1701.82,5.10226523,-1
81610.688247,1701.81,0.53634665,-1
81610.688121,1701.81,2.48286727,-1
81610.68783,1701.81,2.56512876,-1
81610.68783,1701.8,1.17582389,-1
81610.68783,1701.8,0.001,-1
81610.68783,1701.79,0.86679319,-1
81610.68783,1701.79,0.048,-1
81610.68783,1701.77,0.54112803,-1
81610.68783,1701.74,0.14693004,-1
81610.68726,1701.69,0.969,-1
81610.68726,1701.69,0.1536,-1
81610.686149,1701.62,0.5626258,-1
81610.685001,1701.62,2.8873742,-1
81610.679484,1701.58,1.17545878,-1
81610.678738,1701.56,1,-1
81610.678738,1701.55,0.058712,-1
81610.674129,1701.54,0.60362698,-1
81610.674129,1701.54,1,-1
81610.674129,1701.53,0.1553216,-1
81610.674129,1701.53,0.08867922,-1
81610.674129,1701.53,0.04433962,-1
81610.674129,1701.53,0.04433961,-1
81607.347382,1701.58,1.17545878,-1
81607.347382,1701.55,1.575,-1
81607.347382,1701.55,0.08867923,-1
81607.347382,1701.55,0.08867923,-1
81607.347382,1701.55,0.17735845,-1
81607.264168,1701.58,1.17545878,-1
81607.264168,1701.56,1,-1
81607.264168,1701.55,0.20180939,-1
81607.264168,1701.53,1.575,-1
81607.222416,1701.55,0.32702587,-1
81607.222416,1701.55,0.05879666,-1
81607.222416,1701.55,0.88154917,-1
81607.222416,1701.54,0.43281,-1
81607.222416,1701.54,0.56718335,-1
81607.222416,1701.53,0.17622402,-1
81607.222416,1701.53,0.09820924,-1
81607.065018,1701.52,139.22822,1
81606.560278,1701.53,0.05711236,-1
81606.291296,1701.52,0.00000587,1
81606.279894,1701.52,0.04092223,1
81595.066997,1701.55,0.00581829,-1
81594.911486,1701.55,0.07803932,-1
81594.263629,1701.55,0.11752952,-1
81594.098303,1701.55,0.0278693,-1
81593.842345,1701.56,0.43281665,-1
81593.842345,1701.55,0.05879666,-1
81593.842345,1701.54,1,-1
81593.842345,1701.53,0.02845199,-1
81593.842345,1701.53,0.25406695,-1
81593.842345,1701.53,0.29108176,-1
81593.842345,1701.53,0.88155953,-1
81593.842345,1701.53,0.19293974,-1
81593.842345,1701.53,0.10078636,-1
81593.386435,1701.53,0.00618463,-1
81592.665336,1701.52,15.142778,1
81591.576593,1701.53,0.03130943,-1
81591.336369,1701.53,0.01427759,-1
81591.155929,1701.53,0.00276359,-1
81590.535449,1701.53,0.12820738,-1
81590.398343,1701.53,0.01427809,-1
81590.250519,1701.53,0.02855517,-1
81587.707194,1701.52,0.04447506,1
81585.676693,1701.59,0.10288612,-1
81584.683512,1701.58,1.003302,1
81583.201729,1701.59,0.03151076,-1
81582.212685,1701.58,0.12066783,1
81620.375392,1701.9,0.44118394,-1
81620.375387,1701.9,0.44018394,-1
81620.375387,1701.9,0.001,-1
81622.286575,1701.87,0.33741939,-1
81622.286575,1701.87,1.35856456,-1
81622.286575,1701.87,0.18461561,-1
81623.580318,1701.93,0.03232807,-1
81625.120054,1701.93,0.00821543,-1
81627.90773,1701.93,0.23508323,-1
81631.862576,1701.93,0.57098941,-1
81632.264012,1701.92,0.23505561,1
81632.253271,1701.93,0.5232926,-1
81632.253271,1701.93,1.35737327,-1
81634.104688,1702.02,0.49897335,-1
81634.104688,1702.02,0.20261811,-1
81634.104688,1702,0.058712,-1
81634.104688,1702,0.001,-1
81634.104688,1701.96,0.969,-1
81634.104688,1701.95,0.1499204,-1
81634.099003,1701.93,0.47014989,-1
81635.375804,1701.92,0.23505,1
81635.375804,1701.92,0.09054718,1
81635.374837,1701.92,0.67439721,1
81635.373542,1701.94,1,1
81637.138032,1701.95,0.23724715,-1
81637.138032,1701.95,1.349,-1
81637.138032,1701.95,0.29435241,-1
81638.533,1701.95,0.76845272,-1
81638.533,1701.95,0.058712,-1
81638.533,1701.95,1.05305914,-1
81639.055019,1701.95,0.00053214,-1
81639.055019,1701.95,0.12154728,-1
81639.206799,1701.97,0.00639119,-1
81639.204368,1701.97,0.87494283,-1
81639.204368,1701.95,0.16458781,-1
81640.777798,1702.09,0.005875,1
81642.428628,1701.95,3.4365096,-1
81642.428479,1701.95,3.4365096,-1
81642.425387,1701.95,0.07743651,1
81642.425387,1701.99,1.17582389,1
81642.425387,1701.99,6.1709349,1
81642.425387,1702,1.075,1
81642.425387,1702.03,1.17502787,1
81642.425387,1702.06,1,1
81642.425387,1702.08,1,1
81642.425387,1702.09,0.49897335,1
81642.425387,1702.09,0.058712,1
81643.954529,1701.94,0.20576946,1
81644.039085,1701.95,0.03024766,-1
81645.943859,1701.95,0.23502798,-1
81647.183252,1701.93,0.05871199,1
81647.183252,1701.94,0.0066374,1
81647.183252,1701.94,0.39554705,1
81647.180306,1701.94,0.60445295,1
81648.057045,1701.87,0.0111451,-1
81649.550259,1701.86,0.1201563,1
81650.993483,1701.88,0.05115991,-1
81650.993483,1701.87,0.18798409,-1
81651.112587,1701.95,5.07660508,-1
81651.11247,1701.95,20.55319156,-1
81651.046917,1701.88,0.8301,-1
81651.199797,1702.02,0.8813,-1
81652.008428,1702.16,0.15,-1
81652.008428,1702.1,0.001,-1
81652.519347,1702.2,0.28450477,-1
81652.519347,1702.2,0.001,-1
81652.577073,1702.2,0.01427524,-1
81652.549421,1702.2,0.04282572,-1
81653.015947,1702.2,0.08461967,1
81653.253767,1702.21,0.05817131,-1
81655.272227,1702.21,0.03140669,-1
81655.508858,1702.21,0.05817131,-1
81657.287328,1702.21,0.01141903,-1
81657.462554,1702.21,0.05573393,-1
81657.999382,1702.1,0.058712,1
81657.98519,1702.18,0.26836815,1
81657.981966,1702.18,0.73163185,1
81657.981966,1702.2,0.08461,1
81657.981966,1702.2,0.21430178,1
81657.981796,1702.2,0.70107855,1
81658.273288,1701.9,0.001,1
81658.273288,1701.92,0.00000001,1
81658.270328,1701.92,0.03901412,1
81658.270328,1702,0.00080918,1
81658.270328,1702,0.001,1
81658.586617,1701.83,0.27863926,-1
81659.600633,1701.86,0.01427524,-1
81660.977127,1701.83,0.02786406,-1
81661.3725,1701.83,0.47007254,-1
81662.367244,1701.99,0.00336809,-1
81662.367244,1701.89,0.0244904,-1
81663.411406,1701.81,0.01713145,-1
81664.898061,1701.81,0.01671509,-1
81667.975033,1701.84,0.00002549,-1
81667.97208,1701.84,0.8012,-1
81667.971958,1701.84,0.19877451,-1
81667.971958,1701.82,0.00002549,-1
81667.971951,1701.82,0.99997451,-1
81667.971951,1701.81,0.00002549,-1
81667.971487,1701.81,0.881389,-1
81667.971487,1701.81,0.149211,-1
81669.313601,1702.03,0.01283186,-1
81669.313601,1702.03,0.0061226,-1
81669.313601,1702.03,0.0061226,-1
81670.369035,1701.98,0.00000587,1
81670.948435,1702,0.02731915,-1
81670.948435,1701.99,0.0061226,-1
81671.312947,1701.98,1.313424,1
81671.449793,1701.97,0.0437354,1
81671.449793,1701.98,0.02688503,1
81672.490404,1701.99,0.02548532,-1
81672.490404,1701.99,0.0030613,-1
81677.176002,1701.96,0.14688256,-1
81677.176002,1701.96,0.05869174,-1
81677.176002,1701.95,0.18307003,-1
81677.176002,1701.87,0.14688256,-1
81677.172967,1701.81,0.79615821,-1
81677.153364,1701.81,0.08525628,-1
81679.196206,1702.04,0.06236425,-1
81679.196206,1702.04,0.00153065,-1
81679.458486,1702.04,0.02831827,-1
81679.458486,1702.03,0.00076533,-1
81680.215808,1702.04,0.00111681,-1
81681.423282,1702.03,0.01267,1
81682.85138,1702.1,0.51287046,-1
81682.85138,1702.1,0.001,-1
81682.85138,1702.04,0.88017857,-1
81683.512975,1702.03,0.00875556,1
81683.46249,1702.06,0.11763234,-1
81688.597347,1702.04,0.01608173,1
81688.597347,1702.04,0.00172054,1
81689.928859,1702.05,0.05408888,-1
81690.04269,1702.05,0.50994303,-1
81691.082851,1702.06,0.05572771,-1
81693.155619,1702.06,0.06398167,-1
81697.012751,1701.91,0.00006698,-1
81696.937205,1701.91,0.00290826,-1
81697.220859,1701.86,0.05869752,1
81697.220859,1701.9,0.001,1
81699.2091,1701.8,0.001,1
81699.220224,1701.7,0.001,1
81699.362553,1701.52,3.44806159,1
81699.362553,1701.6,0.001,1
81700.423946,1701.53,0.00021858,-1
81701.955989,1701.52,0.00075483,1
81701.955989,1701.52,2.46046044,1
81701.955181,1701.52,5.36624659,1
81701.940724,1701.52,6.02196222,1
81701.937015,1701.52,6.673712,1
81701.936519,1701.52,1.31929852,1
81701.936414,1701.52,14.13226197,1
81701.936347,1701.52,1.37226197,1
81701.934643,1701.52,0.35482059,1
81701.933276,1701.52,1.00236519,1
81701.933146,1701.52,1.72553438,1
81701.932913,1701.52,0.24650203,1
81701.932894,1701.52,12.05582718,1
81701.929658,1701.52,1.2240167,1
81701.928846,1701.52,0.89742113,1
81704.237047,1701.5,0.00628467,1
81704.235513,1701.5,0.07823965,1
81704.233826,1701.5,0.097449,1
81704.231864,1701.5,0.10678528,1
81704.2291,1701.5,0.7862414,1
81704.2291,1701.5,0.001,1
81704.806195,1701.48,0.15584531,-1
81704.805748,1701.48,0.15584532,-1
81704.78987,1701.48,0.68830937,-1
81704.78987,1701.46,0.05869063,-1
81704.78987,1701.46,0.081,-1
81704.789025,1701.46,0.919,-1
81707.599862,1701.4,0.18233758,1
81707.599862,1701.4,0.001,1
81710.759627,1701.36,0.00571397,-1
81711.994543,1701.35,0.03197195,1
81714.075861,1701.36,0.07139759,-1
81714.358273,1701.42,0.88162029,-1
81714.358273,1701.4,1,-1
81714.327517,1701.37,0.05871526,-1
81714.327517,1701.36,0.16805585,-1
81714.327517,1701.36,0.02234454,-1
81714.327517,1701.36,0.00571,-1
81714.327517,1701.36,0.88164762,-1
81714.327517,1701.36,0.92288844,-1
81715.204718,1701.58,0.07060028,1
81715.495832,1701.56,0.00290944,-1
81715.644365,1701.56,0.02855904,-1
81716.081928,1701.56,0.01142245,-1
81717.512916,1701.56,0.00290944,-1
81718.017105,1701.55,0.00207465,1
81719.620676,1701.33,0.00117522,-1
81719.905963,1701.37,0.02018977,-1
81719.905963,1701.36,1,-1
81719.905963,1701.34,1,-1
81719.860751,1701.33,0.88048794,-1
81720.05067,1701.42,0.18396434,-1
81720.05067,1701.41,0.05871526,-1
81720.05067,1701.39,0.29387909,-1
81720.135842,1701.8,0.001,-1
81720.130881,1701.79,0.13424182,-1
81720.130881,1701.79,0.02018472,-1
81720.123802,1701.7,0.59098185,-1
81720.123802,1701.7,0.001,-1
81720.123802,1701.6,0.001,-1
81720.2311,1701.9,1,-1
81720.2311,1701.9,0.001,-1
81720.373639,1701.93,0.00000587,1
81720.363805,1701.99,0.07008266,1
81721.595017,1701.98,0.11422473,-1
81721.884718,1701.98,0.01895207,-1
81723.159558,1701.98,0.01427809,-1
81724.104444,1701.98,0.57119077,-1
81724.297007,1701.98,0.05574408,-1
81724.642057,1701.97,0.01938929,1
81725.098384,1701.97,0.10211258,1
81726.081706,1701.98,0.01454189,-1
81726.75888,1701.97,0.14835749,1
81727.442813,1701.98,0.05964227,-1
81729.591738,1701.97,0.01762076,1
81731.249545,1702,0.05871526,-1
81731.249545,1702,0.88131929,-1
81731.249545,1702,0.10597508,-1
81731.248614,1702,0.89402492,-1
81731.248614,1702,0.001,-1
81731.247391,1701.98,0.05964,-1
81731.247391,1701.98,0.01455,-1
81731.247391,1701.98,0.62693,-1
81731.247391,1701.98,0.01428,-1
81731.247391,1701.98,0.13317,-1
81731.247391,1701.98,0.1514261,-1
81731.503971,1702.22,1,-1
81731.503971,1702.2,0.001,-1
81731.503971,1702.1,0.001,-1
81732.139685,1702.3,0.2066355,-1
81732.139685,1702.3,0.88116078,-1
81732.139685,1702.3,0.02586008,-1
81732.139685,1702.3,0.001,-1
81734.28198,1702.4,0.88110902,-1
81734.28198,1702.4,0.001,-1
81734.350707,1702.6,0.001,-1
81734.344909,1702.53,0.02781539,-1
81734.344909,1702.5,0.001,-1
81734.93376,1702.72,0.15225403,-1
81734.93376,1702.7,0.001,-1
81736.174216,1702.79,0.01969308,1
81741.271548,1702.8,0.14434884,-1
81741.271548,1702.8,0.001,-1
81741.710721,1702.8,0.0055714,-1
81745.212208,1702.79,0.00527651,1
81745.787363,1702.8,0.01426744,-1
81746.290781,1702.79,0.00000587,1
81746.277161,1702.79,0.0104593,1
81752.772375,1702.79,0.2,1
81754.489173,1702.79,0.01067838,1
81758.07881,1702.73,0.016575,-1
81758.614973,1702.73,0.86436429,-1
81758.67603,1702.9,0.001,-1
81758.629698,1702.8,0.22643593,-1
81758.629698,1702.8,0.842175,-1
81760.462673,1702.87,0.01712209,-1
81766.210465,1702.87,0.0362093,-1
81769.327144,1702.86,0.17273799,1
81769.327144,1702.86,0.00353468,1
81769.327144,1702.86,0.29352382,1
81769.323267,1702.86,0.70647618,1
81769.323267,1702.86,1.17437761,1
81771.694719,1702.87,0.052,-1
81772.401152,1702.86,0.00000587,1
81775.538852,1702.86,0.03435788,1
81778.481918,1702.84,0.38614,1
81778.481918,1702.84,0.10777702,1
81778.461311,1702.84,0.3861388,1
81778.461135,1702.84,0.38613879,1
81778.460813,1702.84,0.11994539,1
81778.460813,1702.85,0.05871526,1
81778.460813,1702.86,0.03436,1
81778.460813,1702.86,0.00075017,1
81778.460813,1702.86,0.96563625,1
81778.997889,1702.35,0.07724798,1
81778.996172,1702.4,0.05,1
81778.996172,1702.4,0.001,1
81778.996172,1702.42,0.03862399,1
81778.996172,1702.5,0.001,1
81778.996172,1702.6,0.001,1
81780.408167,1702.41,0.00000587,-1
81781.590804,1702.52,0.18255404,-1
81781.590804,1702.52,0.16646106,-1
81781.590804,1702.51,0.05871526,-1
81781.575039,1702.44,1,-1
81781.575039,1702.42,0.88109867,-1
81781.575039,1702.42,1,-1
81783.779098,1702.62,0.00612766,-1
81788.715824,1702.58,0.02731097,-1
81790.692264,1702.57,0.00566927,-1
81790.650609,1702.54,0.40702933,-1
81791.717548,1702.5,0.01395864,1
81791.717548,1702.5,0.00111569,1
81791.717548,1702.5,0.05871526,1
81791.733474,1702.51,0.29004622,-1
81793.576619,1702.47,0.0059951,-1
81794.77536,1702.42,0.03267431,-1
81794.77536,1702.41,0.00723165,-1
81795.186131,1702.42,0.11141875,-1
81796.707787,1702.42,0.04361131,-1
81796.885139,1702.42,0.13927381,-1
81796.969083,1702.41,0.20763339,1
81798.292087,1702.41,0.01342968,1
81798.426986,1702.42,0.06741146,-1
81798.80418,1702.42,0.00581484,-1
81798.953468,1702.41,0.14036355,1
81799.512514,1702.41,0.0294281,1
81801.56216,1702.42,0.031964,-1
81802.033296,1702.42,0.03196,-1
81802.033296,1702.42,0.00582,-1
81802.033296,1702.42,0.06741,-1
81802.033296,1702.42,0.18288,-1
81802.033296,1702.42,0.11142,-1
81802.033296,1702.42,0.03267,-1
81802.033296,1702.42,0.12740271,-1
81802.033243,1702.42,0.75369596,-1
81802.033243,1702.42,0.56783152,-1
81802.297347,1702.5,0.00001174,-1
81802.577764,1702.5,0.0394387,1
81803.389767,1702.42,0.0125378,-1
81803.389767,1702.41,0.00361583,-1
81803.818891,1702.42,0.00989959,-1
81810.828659,1702.41,0.00073272,-1
81812.086565,1702.41,0.32762126,1
81812.086565,1702.41,0.00120655,1
81815.869956,1702.48,0.88106892,-1
81815.86824,1702.44,1,-1
81815.86824,1702.42,0.0006275,-1
81815.867882,1702.42,0.9940841,-1
81815.828597,1702.42,0.00088111,-1
81815.828203,1702.42,0.00088111,-1
81815.828148,1702.42,0.00088111,-1
81815.828089,1702.42,0.00088111,-1
81815.827949,1702.42,0.00088111,-1
81815.827891,1702.42,0.00088111,-1
81817.449014,1702.65,0.05708251,-1
81831.154331,1702.64,0.1815289,1
81837.757189,1702.42,0.02325786,-1
81837.861563,1702.42,0.03139654,-1
81839.012062,1702.42,0.02854125,-1
81839.010528,1702.42,0.06119033,-1
81839.206592,1702.42,0.03342736,-1
81839.995586,1702.42,0.00566987,-1
81840.370725,1702.42,0.00334377,-1
81843.639137,1702.42,0.04902838,-1
81843.85972,1702.42,0.00560055,-1
81844.183325,1702.42,0.00581525,-1
81844.703404,1702.41,0.05308834,1
81844.703404,1702.41,0.05867283,1
81845.399317,1702.42,0.067184,-1
81846.18138,1702.42,0.00276224,-1
81848.98474,1702.42,0.17412859,-1
81860.25177,1702.34,0.01120347,1
81860.25177,1702.4,0.00244515,1
81860.25177,1702.4,0.001,1
81861.430563,1702.35,0.01058376,-1
81862.884235,1702.35,0.01141541,-1
81863.888431,1702.49,0.968,-1
81863.871428,1702.44,0.88109303,-1
81863.870876,1702.38,0.69213,-1
81863.870876,1702.38,0.17413,-1
81863.870876,1702.38,0.06718,-1
81863.870876,1702.38,0.05462,-1
81863.870876,1702.38,0.00277,-1
81863.870876,1702.38,0.00335,-1
81863.870876,1702.38,0.00582,-1
81863.870726,1702.36,0.30231613,-1
81863.870486,1702.36,0.69768387,-1
81866.435401,1702.61,0.01898202,-1
81866.435401,1702.6,0.001,-1
81868.57372,1702.61,0.01003137,-1
81869.970647,1702.58,0.0180571,-1
81869.970647,1702.57,0.00144155,-1
81870.867835,1702.57,0.03395665,-1
81875.100465,1702.6,0.0013713,1
81875.188266,1702.61,0.02602035,-1
81878.966575,1702.53,0.05814602,-1
81879.55363,1702.53,0.00278519,-1
81881.854751,1702.75,1.17474445,-1
81881.854751,1702.68,0.17404885,-1
81881.845944,1702.7,0.001,-1
81881.845944,1702.65,0.05867283,-1
81881.840741,1702.53,0.05862949,-1
81881.840046,1702.53,0.76148433,-1
81881.969394,1702.84,0.048,-1
81881.948739,1702.8,1.17474445,-1
81881.948739,1702.8,0.001,-1
81881.990194,1703,0.001,-1
81881.988539,1702.96,0.6,-1
81881.988539,1702.9,0.001,-1
81882.28435,1702.94,0.0058076,-1
81882.941977,1702.95,0.11141941,-1
81884.592594,1702.99,0.0557097,-1
81884.824512,1702.99,0.04268352,-1
81884.824512,1702.99,0.00296313,-1
81884.972436,1702.99,0.05180811,-1
81886.683917,1703.04,0.02785325,-1
81890.837065,1703.03,0.01392663,-1
81891.823535,1703.02,0.02729172,1
81893.051123,1703.02,0.34024158,1
81893.202889,1703.02,0.09990435,1
81894.189805,1703.02,0.03092407,1
81894.189805,1703.02,0.02729,1
81894.189805,1703.02,0.00228418,1
81894.189805,1703.02,0.53256235,1
81894.263109,1703.02,0.00000587,1
81894.248106,1703.02,0.01199633,1
81894.961562,1703.03,0.00570867,-1
81895.982001,1703.02,0.01713798,1
81898.414961,1703.02,0.00280029,1
81901.017585,1703.03,0.01426551,-1
81901.159614,1703.03,0.00813844,-1
81901.267444,1703.02,0.03095095,1
81902.045748,1703.03,0.05569597,-1
81904.103057,1703.02,0.00205548,1
81905.014775,1703.03,0.00043599,-1
81906.32566,1703.03,0.00465053,-1
81907.93553,1703.03,0.00855698,-1
81908.470714,1703.03,0.0041606,-1
81908.854486,1703.03,0.00501095,-1
81908.944737,1703.03,0.06161958,-1
81910.529554,1703.03,0.34237236,-1
81911.41281,1703.02,0.14954963,1
81913.5535,1703.03,0.02679087,-1
81914.756877,1703.02,0.29159315,1
81914.756877,1703.02,0.1947194,1
81918.011115,1703.03,0.02506057,-1
81918.297788,1703.02,0.048923,1
81920.425874,1703.02,0.04892,1
81920.425874,1703.02,0.48631,1
81920.425874,1703.02,0.14955,1
81920.425874,1703.02,0.00206,1
81920.425874,1703.02,0.03095,1
81920.425874,1703.02,0.0028,1
81920.425874,1703.02,0.01714,1
81920.425874,1703.02,0.26226385,1
81920.525999,1702.98,1,1
81920.525999,1703,0.00171815,1
81922.575709,1702.78,0.64108185,1
81922.575323,1702.78,0.35891815,1
81922.574185,1702.8,1,1
81922.574185,1702.8,0.001,1
81922.660316,1702.5,0.001,1
81922.61935,1702.6,0.001,1
81922.613108,1702.61,0.23135275,1
81922.613108,1702.7,0.001,1
81922.903415,1702.41,0.05813237,-1
81923.129058,1702.41,0.03480925,-1
81923.295957,1702.34,0.39795823,1
81923.261871,1702.38,0.13961013,1
81923.260914,1702.38,0.86038987,1
81923.260914,1702.4,0.13989114,1
81923.246279,1702.4,0.86010886,1
81923.246279,1702.4,0.001,1
81923.572107,1702.28,0.2861365,1
81923.571857,1702.28,0.7138635,1
81923.571857,1702.3,0.52117827,1
81923.571586,1702.3,0.47882173,1
81923.571586,1702.3,0.001,1
81924.849632,1702.21,0.05813919,-1
81926.61385,1702.21,0.00566725,-1
81927.915007,1702.2,1,1
81927.915007,1702.2,0.001,1
81927.930278,1702.16,1,1
81928.07525,1702.1,0.001,1
81928.316639,1702,1.19325626,1
81928.316639,1702,0.001,1
81930.101271,1701.91,0.02854477,-1
81934.090654,1701.94,0.88135225,-1
81934.090654,1701.93,0.05867283,-1
81935.125765,1702.14,0.00571229,-1
81937.237035,1702.18,0.02953886,1
81937.335872,1702.19,0.04180092,-1
81937.792785,1702.19,0.00581597,-1
81938.317362,1702.78,4.18671842,-1
81938.317362,1702.7,0.70236022,-1
81938.317362,1702.7,2.28459287,-1
81938.317362,1702.7,0.001,-1
81938.317362,1702.7,1.17582389,-1
81938.317362,1702.69,1.17494883,-1
81938.317362,1702.67,0.2,-1
81938.317362,1702.67,5.10226523,-1
81938.317362,1702.66,1.06913482,-1
81938.317362,1702.66,5.58184901,-1
81938.317362,1702.66,0.19999944,-1
81938.317362,1702.65,0.1,-1
81938.317362,1702.64,1.04073673,-1
81938.317362,1702.63,0.1553216,-1
81938.317362,1702.63,0.2,-1
81938.317362,1702.63,0.1,-1
81938.317362,1702.63,0.4,-1
81938.317362,1702.63,1.17582389,-1
81938.317362,1702.62,0.02170738,-1
81938.317362,1702.62,0.13388394,-1
81938.317362,1702.62,0.192,-1
81938.317362,1702.6,0.001,-1
81938.317362,1702.6,0.05,-1
81938.317362,1702.59,1.575,-1
81938.317362,1702.56,0.17768,-1
81938.317362,1702.56,1.17582389,-1
81938.317362,1702.55,5.10226523,-1
81938.317362,1702.55,0.00088132,-1
81938.317362,1702.55,0.88746812,-1
81938.317362,1702.5,0.001,-1
81938.317362,1702.5,1.075,-1
81938.317362,1702.49,5.58184901,-1
81938.317362,1702.49,1.17582389,-1
81938.317362,1702.46,3.45,-1
81938.317362,1702.46,0.2350479,-1
81938.317362,1702.46,0.14174041,-1
81938.317362,1702.45,1.52678006,-1
81938.317362,1702.42,0.096,-1
81938.317362,1702.41,0.5,-1
81938.317362,1702.4,0.968,-1
81938.317362,1702.4,0.001,-1
81938.317362,1702.4,1.075,-1
81938.317362,1702.39,0.5,-1
81938.317362,1702.39,0.19999298,-1
81938.317362,1702.38,0.6,-1
81938.317362,1702.38,0.5,-1
81938.317362,1702.37,0.5,-1
81938.317362,1702.37,1.17582389,-1
81938.317362,1702.36,0.5,-1
81938.317362,1702.35,0.14689033,-1
81938.317362,1702.34,0.5,-1
81938.317362,1702.32,0.048,-1
81938.317362,1702.3,0.001,-1
81938.317362,1702.3,1.075,-1
81938.317362,1702.29,0.14689033,-1
81938.317362,1702.28,2.93721986,-1
81938.317362,1702.28,0.5,-1
81938.317362,1702.23,1.17494883,-1
81938.317362,1702.2,0.001,-1
81938.317362,1702.19,0.02171281,-1
81938.317362,1702.19,0.13391741,-1
81938.317362,1702.19,0.19234357,-1
81938.317362,1702.19,0.05867283,-1
81938.317362,1702.19,1.575,-1
81938.317362,1702.19,0.83360083,-1
81943.371438,1702.1,0.00029667,1
81946.725994,1702.11,0.16644957,-1
81946.725994,1702.11,0.00072078,-1
81947.690181,1702,0.00099999,1
81947.690181,1702.01,0.04130527,1
81947.636602,1702.1,0.00102862,1
81947.818241,1701.9,0.001,1
81947.818241,1701.93,0.08261055,1
81947.818241,1702,0.00000001,1
81948.143927,1701.75,0.00000001,1
81948.141422,1701.75,0.04089221,1
81948.141422,1701.8,0.001,1
81949.289239,1701.71,0.0581631,-1
81952.096891,1701.71,0.10277933,-1
81953.794743,1701.71,0.00624996,-1
81956.626235,1701.71,0.42429055,-1
81956.626235,1701.71,0.16958961,-1
81958.448748,1701.72,0.8814611,-1
81958.448748,1701.72,0.29381001,-1
81960.704537,1701.89,0.00278089,-1
81960.718345,1701.89,0.87638024,-1
81961.44972,1701.96,0.05710599,-1
81962.188602,1702.13,0.19018614,-1
81962.188602,1702.13,0.969,-1
81962.187748,1702.1,0.001,-1
81962.187748,1702.05,0.14689119,-1
81962.187638,1702,0.001,-1
81962.187638,1701.99,0.05867283,-1
81962.183587,1701.96,0.01770516,-1
81962.183587,1701.96,0.08170226,-1
81962.183587,1701.96,0.88133681,-1
81962.183587,1701.96,0.14288278,-1
81962.412271,1702.26,0.85085255,-1
81962.412271,1702.2,0.001,-1
81963.252643,1702.21,0.05751511,-1
81963.668811,1702.21,0.00174529,-1
81964.045904,1702.21,0.00276338,-1
81964.314173,1702.21,0.00856357,-1
81964.67612,1702.21,0.003954,-1
81965.052307,1702.2,0.01018761,1
81966.644386,1702.19,0.11146655,-1
81967.147053,1702.18,0.50159364,-1
81967.301071,1702.23,0.18702422,1
81970.860144,1702.24,0.14272387,-1
81973.90618,1702.23,0.0654534,1
81973.953075,1702.23,0.00189962,1
81973.953075,1702.23,0.00000001,1
81974.249004,1702.13,0.06707113,-1
81975.695629,1702.21,0.027858,-1
81975.806845,1702.19,0.02382645,-1
81977.028334,1702.19,0.03398852,-1
81977.960245,1702.18,0.00017871,1
81979.38478,1702.19,0.09330933,-1
81979.38478,1702.19,0.00085786,-1
81984.034481,1702.19,0.00001174,-1
81984.134305,1702.19,0.00293739,-1
81985.458142,1702.19,0.21063787,-1
81985.458142,1702.19,0.0911557,-1
81987.518365,1702.14,0.06397641,-1
81988.536167,1702.16,0.02966784,1
81989.778189,1702.17,0.05990518,-1
81989.922113,1702.17,0.01422021,-1
81990.344888,1702.17,0.00603934,-1
81992.268343,1702.16,0.00593357,1
81994.333231,1702.17,0.05572345,-1
81995.174476,1702.16,0.04178197,1
81996.877287,1702.17,0.05237966,-1
81997.213488,1702.16,0.05813919,1
81998.685648,1701.91,0.31639119,1
81998.685648,1701.91,1.46873072,1
81998.685648,1701.91,0.07931438,1
81998.685648,1701.92,1.17582389,1
81998.685648,1701.92,1.17489874,1
81998.685648,1702,0.001,1
81998.685648,1702.02,0.05867283,1
82001.355664,1701.9,0.07706117,1
82001.355664,1701.9,0.00147777,1
82001.355664,1701.9,0.001,1
82001.829656,1701.91,0.03280165,-1
82001.829656,1701.91,0.01740297,-1
82002.388097,1701.81,0.00761554,-1
82004.375766,1701.81,0.05572411,-1
82006.368808,1701.81,0.09472691,-1
82008.310602,1701.82,0.43090551,-1
82013.366689,1701.98,0.20554874,-1
82013.366689,1701.89,0.14687825,-1
82013.366689,1701.84,1,-1
82013.366689,1701.82,0.05867283,-1
82013.366689,1701.82,0.88140931,-1
82013.366689,1701.82,0.4309,-1
82013.366689,1701.82,0.56909449,-1
82013.52612,1701.9,0.65849515,1
82017.707469,1701.82,0.05874886,-1
82017.684082,1701.81,0.0350047,-1
82017.684082,1701.81,0.03770644,-1
82018.611059,1701.82,0.12562463,-1
82020.292464,1701.82,0.02006387,-1
82020.448323,1701.84,1,-1
82020.448323,1701.82,0.12563,-1
82020.448323,1701.82,0.05874,-1
82020.448323,1701.82,0.88140931,-1
82020.448323,1701.82,0.79556264,-1
82021.090092,1701.96,0.28948235,-1
82021.090092,1701.96,0.01885323,-1
82023.473079,1701.96,0.01221633,-1
82024.794807,1701.96,0.0174519,-1
82025.379746,1701.96,0.0222919,-1
82028.320066,1701.81,0.03199516,-1
82028.360493,1701.81,0.00290865,-1
82028.331883,1701.81,0.0056714,-1
82029.637194,1701.6,0.00000001,1
82029.636065,1701.6,0.04999999,1
82029.636065,1701.6,0.001,1
82029.636065,1701.7,0.001,1
82029.636065,1701.8,0.00165639,1
82029.636065,1701.8,0.001,1
82030.105613,1701.51,0.11749982,-1
82030.724653,1701.51,0.0066956,-1
82032.775095,1701.51,0.22841187,-1
82033.267273,1701.51,0.05710297,-1
82034.056049,1701.51,0.00835877,-1
82042.754218,1701.51,0.09197666,-1
82044.509805,1701.52,0.00290918,-1
82046.935303,1701.51,0.26318469,1
82047.31807,1701.68,1.14746207,-1
82047.31801,1701.68,0.0278635,-1
82047.317372,1701.65,0.969,-1
82047.316905,1701.62,0.00725768,-1
82047.316905,1701.59,0.14692573,-1
82047.316905,1701.58,0.05867283,-1
82047.31468,1701.54,1,-1
82047.314538,1701.52,0.0029,-1
82047.314538,1701.52,0.88156471,-1
82047.314538,1701.52,0.99709082,-1
82048.883449,1701.8,0.01014798,-1
82048.883449,1701.8,0.001,-1
82050.37405,1701.8,0.01570958,-1
82051.984037,1701.95,0.13637248,-1
82051.984037,1701.9,0.001,-1
82051.984037,1701.89,0.05867283,-1
82051.98393,1701.82,0.73536515,-1
82051.983767,1701.82,0.14604531,-1
82051.983767,1701.82,1,-1
82051.983742,1701.8,0.01571,-1
82051.983742,1701.8,0.01014,-1
82051.983742,1701.8,0.97414244,-1
82054.942674,1702,0.02686979,-1
82054.942674,1702,0.001,-1
82056.102144,1702,0.00554783,-1
82057.281537,1702,0.05874265,-1
82058.099286,1702.05,0.00585227,-1
82059.388181,1702.05,0.04180362,-1
82063.484842,1702.07,0.37233553,-1
82063.484842,1702.05,0.18192225,-1
82063.484842,1702.05,0.01686921,-1
82064.48292,1702.05,0.01153903,1
82064.676626,1702.06,0.05338529,-1
82064.676626,1702.06,0.00942661,-1
82065.150515,1702.15,0.1682977,-1
82065.150515,1702.1,0.001,-1
82065.149693,1702.07,0.88127985,-1
82065.149639,1702.06,0.01538528,-1
82065.149639,1702.06,0.06575183,-1
82065.149639,1702.06,0.00528754,-1
82065.799626,1702.23,0.07397231,-1
82065.799225,1702.23,0.07297231,-1
82065.799225,1702.2,0.001,-1
82065.907191,1702.36,0.01352597,-1
82065.907191,1702.3,0.001,-1
82066.452961,1702.35,0.0678,1
82069.959677,1702.35,0.17798925,1
82072.327767,1702.36,0.07270562,-1
82073.518171,1702.36,0.0445756,-1
82074.255994,1702.36,0.01183721,-1
82074.255994,1702.36,0.06918679,-1
82074.905176,1702.35,1.1235,1
82076.376904,1702.35,0.47098801,1
82076.376904,1702.35,0.00286824,1
82076.376904,1702.35,1.14150328,1
82076.376904,1702.35,0.00004047,1
82076.915161,1702.36,0.28542259,-1
82077.857139,1702.39,0.1177,1
82079.325169,1702.39,1.1511,1
82080.685552,1702.4,0.05867283,-1
82080.685552,1702.4,0.88110902,-1
82080.685552,1702.4,0.001,-1
82080.798629,1702.65,0.88097981,-1
82080.798629,1702.6,0.001,-1
82080.798629,1702.5,0.001,-1
82081.3813,1702.7,0.88095377,-1
82081.3813,1702.7,0.001,-1
82081.44656,1702.8,0.001,-1
82081.583508,1702.9,0.00028187,-1
82081.99589,1703,0.001,-1
82081.99589,1702.97,1,-1
82081.99589,1702.9,0.00071813,-1
82082.100962,1703.04,0.19993785,-1
82082.100962,1703.04,0.17212832,-1
82083.748601,1703.09,0.17600257,1
82085.069036,1703.28,0.15608144,-1
82085.069036,1703.28,0.19993795,-1
82085.069036,1703.27,0.20000675,-1
82085.068342,1703.23,0.8806826,-1
82085.068342,1703.21,0.11845263,-1
82085.068342,1703.2,0.001,-1
82085.068342,1703.1,0.001,-1
82085.207359,1703.97,0.34262498,-1
82085.207359,1703.94,1.75968927,-1
82085.207359,1703.9,0.001,-1
82085.207359,1703.85,0.05867283,-1
82085.207359,1703.8,0.832,-1
82085.207359,1703.8,0.001,-1
82085.207359,1703.7,0.832,-1
82085.207359,1703.7,0.001,-1
82085.207359,1703.63,0.11842302,-1
82085.207359,1703.62,0.5525899,-1
82085.207359,1703.6,0.001,-1
82085.116603,1703.55,0.2348941,-1
82085.116603,1703.54,0.03009976,-1
82085.11639,1703.52,0.02360062,-1
82085.116228,1703.5,0.001,-1
82085.116228,1703.4,0.001,-1
82085.116228,1703.3,0.001,-1
82086.175782,1703.86,0.02853206,-1
82087.152098,1703.91,0.01392769,-1
82088.315825,1703.91,0.00566994,-1
82088.819788,1703.91,0.00581532,-1
82088.852165,1703.9,0.46993723,1
82090.113582,1703.91,0.02227452,-1
82091.092576,1703.9,0.06322079,1
82091.092576,1703.9,0.53006277,1
82092.108598,1703.91,0.0058126,-1
82092.028986,1703.91,0.0010175,-1
82099.555989,1703.91,0.0174305,-1
82100.420227,1703.91,0.0145383,-1
82100.904795,1703.91,0.59839768,-1
82100.904795,1703.91,0.05867283,-1
82100.904795,1703.91,0.88032818,-1
82100.924651,1703.91,0.50890966,-1
82100.924487,1703.91,0.49109034,-1
82100.924487,1703.91,0.01781932,-1
82101.173904,1703.97,0.04980468,-1
82101.173772,1703.97,0.04980468,-1
82101.168242,1703.97,0.45019532,-1
82101.167847,1703.97,0.45019532,-1
82101.291126,1704.22,0.13206617,-1
82101.286885,1704.22,0.86724891,-1
82101.286885,1704.2,0.001,-1
82101.286885,1704.1,0.001,-1
82101.241162,1704.02,0.88027436,-1
82101.241162,1704,0.001,-1
82101.772189,1704.22,0.01402807,-1
82101.772189,1704.22,0.01956823,-1
82101.771969,1704.22,0.03359631,-1
82102.798882,1704.3,0.001,-1
82102.798711,1704.27,1,-1
82102.798711,1704.27,0.07275829,-1
82102.798711,1704.27,0.88014535,-1
82103.124468,1704.32,1,1
82104.732511,1704.25,0.00285219,-1
82104.959326,1704.25,0.58089387,-1
82105.863297,1704.24,0.06393805,1
82107.304104,1704.24,0.00593821,1
82107.718651,1704.25,0.06797687,-1
82107.965924,1704.25,0.05861153,-1
82108.078846,1704.26,0.01272702,-1
82108.078846,1704.26,0.04274375,-1
82108.607508,1704.4,0.00734921,-1
82108.607508,1704.4,0.001,-1
82110.104123,1704.49,0.02913285,-1
82110.104123,1704.49,0.01895498,-1
82111.987095,1704.48,0.00594,1
82111.987095,1704.48,0.06393,1
82111.987095,1704.48,0.93012374,1
82112.107133,1704.43,0.06790148,-1
82115.307747,1704.41,0.02152989,-1
82115.307747,1704.41,0.18731977,-1
82115.307747,1704.41,0.05867283,-1
82115.307747,1704.41,0.87951227,-1
82115.213367,1704.41,0.00055766,-1
82117.246327,1704.43,0.02704504,-1
82117.548201,1704.42,0.20739463,1
82124.57331,1704.43,0.56928122,-1
82125.301094,1704.33,0.00295586,1
82125.301094,1704.33,0.05867283,1
82125.285074,1704.4,1,1
82125.282769,1704.42,0.20739,1
82125.282769,1704.42,0.79260537,1
82125.350734,1704.33,0.00072755,-1
82125.701786,1704.2,0.03187749,1
82125.701786,1704.2,0.001,1
82130.708613,1704.2,0.03187,1
82130.708613,1704.2,0.96812251,1
82130.802543,1704.16,1,1
82131.66529,1704.11,0.05809143,-1
82132.758533,1704.06,1,1
82132.724452,1704.1,1,1
82132.724452,1704.1,0.001,1
82134.533009,1704,0.01791431,1
82134.533009,1704,0.001,1
82134.680547,1704,0.0000176,1
82137.656997,1703.8,0.001,1
82137.656997,1703.9,0.001,1
82137.656997,1703.9,0.00293297,1
82137.62797,1703.98,1,1
82137.62797,1704,0.00075193,1
82137.62797,1704,0.01793,1
82137.62797,1704,0.98206809,1
82137.858362,1703.71,0.44017,-1
82140.987281,1703.91,0.85917585,-1
82140.955097,1703.91,0.02115233,-1
82143.578895,1704.19,0.00202711,-1
82143.832594,1704.19,0.01452456,-1
82144.126913,1704.19,0.00290461,-1
82145.739114,1704.19,0.00275938,-1
82146.61307,1704.19,0.18535666,-1
82147.167332,1704.19,0.05810166,-1
82147.370865,1704.18,0.06014588,1
82147.963043,1704.49,0.88289333,-1
82147.963043,1704.44,0.1998846,-1
82147.963043,1704.4,0.001,-1
82147.963043,1704.4,0.79,-1
82147.963043,1704.39,1.52524091,-1
82147.963043,1704.39,0.5,-1
82147.963043,1704.39,1.575,-1
82147.963043,1704.38,0.5,-1
82147.963043,1704.37,0.967,-1
82147.963043,1704.36,0.5,-1
82147.963043,1704.36,0.14671878,-1
82147.963043,1704.35,0.5,-1
82147.963043,1704.35,1.17582389,-1
82147.963043,1704.34,2.88043186,-1
82147.963043,1704.3,0.001,-1
82147.963043,1704.27,0.14671878,-1
82147.963043,1704.26,0.05867283,-1
82147.963043,1704.24,1.17368719,-1
82147.963043,1704.2,0.001,-1
82147.963043,1704.19,0.88018354,-1
82147.963043,1704.19,0.11621567,-1
82151.1675,1704.27,0.00072758,-1
82154.679408,1704.27,0.00116183,-1
82155.64962,1704.27,0.05565805,-1
82156.151741,1704.28,0.88013706,-1
82156.151741,1704.27,0.01158243,-1
82156.151741,1704.27,0.03448072,-1
82156.151741,1704.27,1.17368719,-1
82156.151741,1704.27,0.18494413,-1
82156.151741,1704.27,0.00185295,-1
82157.715835,1704.32,0.40354633,1
82157.707095,1704.32,1.51828631,1
82157.705914,1704.32,2.15276101,1
82157.703772,1704.32,3.12640943,1
82157.703263,1704.33,0.00000001,1
82157.700537,1704.33,1.46685206,1
82157.801931,1704.32,0.76195419,1
82157.72895,1704.32,0.58701382,1
82157.875941,1704.32,0.90096949,1
82157.855891,1704.32,2.16108372,1
82157.833898,1704.32,1.01519189,1
82157.949407,1704.32,0.00717316,1
82157.931007,1704.32,2.42253023,1
82158.117647,1704.32,1.63366262,1
82158.08067,1704.32,2.13106983,1
82158.032164,1704.32,1.24941506,1
82158.005531,1704.32,2.25380048,1
82161.47217,1704.34,0.85920414,-1
82161.46835,1704.34,0.02090194,-1
82161.46835,1704.34,0.967,-1
82161.46835,1704.33,1.17368719,-1
82161.46835,1704.33,0.05867283,-1
82161.531118,1704.53,1.18763054,-1
82161.531118,1704.52,0.1999925,-1
82161.531118,1704.5,0.001,-1
82161.514748,1704.4,1.17368719,-1
82161.514748,1704.4,0.88007509,-1
82161.514748,1704.4,0.001,-1
82164.609212,1704.57,0.03402546,-1
82164.609212,1704.57,0.18486972,-1
82164.609212,1704.57,0.87998732,-1
82164.609212,1704.57,0.1999488,-1
82164.675669,1704.6,0.001,-1
82164.675669,1704.59,0.879977,-1
82164.85047,1704.7,0.02465718,-1
82164.85047,1704.7,0.001,-1
82165.396879,1704.7,0.01161583,-1
82169.312423,1704.68,0.40931464,1
82169.312423,1704.68,0.06014,1
82169.445912,1704.78,0.08868528,-1
82169.445852,1704.78,1.08360104,-1
82169.441919,1704.78,0.00100374,-1
82169.441919,1704.78,0.19999626,-1
82169.434365,1704.76,1.17329006,-1
82169.424045,1704.7,0.05730807,-1
82169.424045,1704.7,0.0104989,-1
82169.424045,1704.7,0.02767907,-1
82169.424045,1704.7,0.84364721,-1
82169.424045,1704.69,0.05867283,-1
82169.424045,1704.69,0.19180629,-1
82170.151199,1704.92,0.04253529,-1
82170.151199,1704.9,0.001,-1
82170.151199,1704.88,0.00555343,-1
82170.151199,1704.8,0.001,-1
82171.378521,1705.44,4.04291059,-1
82171.378521,1705.43,1.10371873,-1
82171.378521,1705.43,0.048,-1
82171.378521,1705.42,0.1,-1
82171.378521,1705.42,0.2,-1
82171.378521,1705.42,0.1,-1
82171.378521,1705.42,0.2,-1
82171.378521,1705.42,0.4,-1
82171.378521,1705.41,1.17582389,-1
82171.378521,1705.4,0.001,-1
82171.378521,1705.4,0.05,-1
82171.378521,1705.35,1.575,-1
82171.378521,1705.31,0.1553216,-1
82171.378521,1705.3,0.001,-1
82171.378521,1705.29,6.46213045,-1
82171.378521,1705.29,1.17582389,-1
82171.378521,1705.26,1.52524269,-1
82171.378521,1705.2,0.001,-1
82171.378521,1705.19,1.17582389,-1
82171.378521,1705.18,0.05867283,-1
82171.378521,1705.1,0.001,-1
82171.378521,1705.1,0.00088131,-1
82171.378521,1705.09,1.17297862,-1
82171.378521,1705.09,0.967,-1
82171.378521,1705.06,0.16637532,-1
82171.378521,1705.03,1.52242579,-1
82171.378521,1705,0.001,-1
82171.378521,1704.99,0.87977414,-1
82171.498718,1705.26,0.72811784,1
82171.494869,1705.26,0.27188216,1
82171.491443,1705.26,0.13594107,1
82171.491443,1705.26,0.13594109,1
82171.491443,1705.26,0.27188214,1
82171.526476,1705.24,0.63258543,1
82172.061097,1705.18,0.02011239,1
82172.060229,1705.18,0.05313592,1
82172.05825,1705.18,0.06635092,1
82172.05653,1705.18,0.06987661,1
82172.055092,1705.18,0.06461257,1
82172.053399,1705.18,0.35849159,1
82172.053399,1705.18,0.36741457,1
82172.560788,1705.01,0.13314218,-1
82172.560788,1705.01,0.32811784,-1
82173.204953,1705.18,1.17582389,-1
82173.204953,1705.17,1.52469911,-1
82173.204953,1705.11,2.11793106,-1
82173.204953,1705.11,0.05867283,-1
82173.204953,1705.01,0.87976023,-1
82173.204953,1705.01,1.17297862,-1
82173.204953,1705.01,0.15945026,-1
82173.208744,1705.21,18.69238539,1
82173.420975,1705.21,4.99224851,1
82173.462515,1705.21,3.88801122,1
82173.598091,1705.21,2.94429618,1
82173.564112,1705.21,4.43366097,1
82173.664527,1705.21,2.91958228,1
82173.762224,1705.21,4.29747229,1
82173.724063,1705.21,0.55616311,1
82173.865952,1705.21,3.44431737,1
82173.948105,1705.21,3.80393482,1
82174.056277,1705.21,4.96858217,1
82174.133287,1705.21,3.19605934,1
82174.270018,1705.21,6.00850789,1
82174.327997,1705.21,3.4234335,1
82174.572455,1705.21,4.43861449,1
82174.471526,1705.21,6.30895645,1
82174.721382,1705.21,3.17637855,1
82174.636405,1705.21,2.71995751,1
82174.813286,1705.21,4.67174565,1
82174.804301,1705.21,0.11734163,1
82174.976239,1705.21,7.17001192,1
82175.076133,1705.21,4.07928363,1
82175.174334,1705.21,4.29464191,1
82175.25994,1705.21,3.59051049,1
82175.378799,1705.21,4.65201978,1
82175.480234,1705.21,4.42610228,1
82175.581575,1705.21,4.77242508,1
82175.682501,1705.21,3.50887429,1
82175.76458,1705.21,3.13908626,1
82175.920012,1705.21,2.96422608,1
82175.848331,1705.21,3.36870384,1
82176.080722,1705.21,3.31594057,1
82176.005131,1705.21,3.67124902,1
82176.186935,1705.21,4.67355484,1
82176.271809,1705.21,3.64537276,1
82176.38851,1705.21,5.12702871,1
82176.466302,1705.21,3.47406971,1
82176.544224,1705.21,3.41479318,1
82176.791651,1705.21,2.90468292,1
82176.725596,1705.21,3.37896637,1
82176.859214,1705.21,2.96713164,1
82176.927383,1705.21,3.23318509,1
82177.078875,1705.21,2.98774985,1
82177.029637,1705.21,2.96723591,1
82177.15926,1705.21,2.90445746,1
82177.509104,1705.23,0.06034403,-1
82177.509012,1705.23,0.06034404,-1
82177.498397,1705.23,0.87999693,-1
82177.498397,1705.22,0.49982748,-1
82177.498155,1705.22,0.37982441,-1
82177.498155,1705.22,1,-1
82177.595613,1705.32,0.60081162,1
82177.567172,1705.3,0.49182635,1
82177.567172,1705.3,0.10898527,1
82177.55273,1705.3,0.001,-1
82177.55273,1705.3,0.483,-1
82177.552611,1705.3,0.484,-1
82177.548043,1705.28,0.05867283,-1
82177.544943,1705.28,0.66492423,-1
82177.544642,1705.28,0.66492423,-1
82177.537719,1705.27,0.16487055,1
82177.534082,1705.27,0.21797053,1
82177.53293,1705.27,0.21797054,1
82177.51983,1705.24,0.87964157,-1
82177.516596,1705.24,0.19021635,-1
82177.516574,1705.24,0.19021635,-1
82177.685188,1705.34,0.1536,-1
82177.685188,1705.34,0.4067,-1
82177.684553,1705.34,0.5603,-1
82177.647188,1705.33,0.09427302,-1
82177.646469,1705.33,0.09427302,-1
82177.638838,1705.32,0.21826104,-1
82177.638223,1705.32,0.21826105,-1
82177.739579,1705.35,0.15588277,-1
82177.739254,1705.35,0.15588277,-1
82177.732164,1705.35,0.2370228,-1
82177.731944,1705.35,0.2370228,-1
82179.347849,1705.4,0.87955904,-1
82179.347849,1705.4,0.967,-1
82179.347849,1705.4,0.001,-1
82179.347849,1705.39,1.575,-1
82179.347849,1705.39,0.72222009,-1
82179.347849,1705.39,0.18422867,-1
82179.347849,1705.39,1.17294239,-1
82179.347849,1705.39,0.21826104,-1
82179.347849,1705.39,0.05867283,-1
82179.711278,1705.41,0.85594771,1
82179.711278,1705.42,1,1
82179.711278,1705.43,1.17582389,1
82180.055097,1705.4,4.16606041,1
82180.43134,1705.4,0.93890928,1
82180.91437,1705.4,0.02888208,1
82181.890275,1705.4,4.80600356,1
82181.848377,1705.4,3.21552986,1
82181.937014,1705.4,2.96475555,1
82182.080488,1705.4,3.24165347,1
82182.008185,1705.4,3.06310269,1
82182.23293,1705.4,4.84802539,1
82182.366634,1705.4,3.14212809,1
82182.337785,1705.4,4.61864709,1
82182.438706,1705.4,3.17208317,1
82182.540079,1705.4,4.43624244,1
82182.741161,1705.4,4.19656185,1
82184.277209,1705.4,0.00000586,1
82184.26676,1705.4,0.00304327,1
82184.645307,1705.44,0.4835,-1
82184.645151,1705.44,0.4835,-1
82184.638977,1705.41,0.1536,-1
82184.638977,1705.41,0.44687862,-1
82184.638715,1705.41,0.43267527,-1
82184.638715,1705.41,0.05867283,-1
82184.638715,1705.41,0.10913052,-1
82184.814317,1705.45,0.01140093,-1
82184.763822,1705.44,0.11844729,1
82185.171898,1705.45,1.17277282,-1
82185.171898,1705.45,0.00570047,-1
82185.171898,1705.45,0.04316433,-1
82185.205157,1705.47,0.05867283,-1
82185.205157,1705.47,0.967,-1
82185.205157,1705.46,0.8795281,-1
82185.345012,1705.59,0.5,-1
82185.336744,1705.57,0.4835,-1
82185.336397,1705.57,0.4835,-1
82185.311489,1705.5,0.16758197,-1
82185.311489,1705.5,0.001,-1
82185.97182,1705.6,0.09079335,-1
82185.971115,1705.6,0.08979335,-1
82185.971115,1705.6,0.001,-1
82186.775345,1705.64,1,1
82186.994294,1705.56,0.00410415,1
82186.94027,1705.6,0.02760499,1
82186.938905,1705.6,0.17730372,1
82186.934584,1705.6,0.08521805,1
82186.932296,1705.6,0.04760121,1
82186.931385,1705.6,0.04945458,1
82186.930136,1705.6,0.04411839,1
82186.929402,1705.6,0.0509682,1
82186.9285,1705.6,0.07416114,1
82186.926433,1705.6,0.51856972,1
82186.920768,1705.61,0.5,1
82188.448031,1705.56,0.23472732,1
82191.042739,1705.57,0.03483033,-1
82195.2916,1705.59,0.99048814,-1
82195.28782,1705.59,0.18212411,-1
82195.28782,1705.57,0.05867283,-1
82195.28782,1705.57,0.17809681,-1
82195.28782,1705.57,0.84464104,-1
82195.353875,1705.65,0.0674406,-1
82195.353066,1705.65,0.0674406,-1
82195.674335,1705.62,0.94030175,1
82195.674335,1705.64,0.00000001,1
82195.609774,1705.64,0.00409999,1
82195.609774,1705.64,0.99179585,1
82195.609774,1705.64,0.0041,1
82196.42875,1705.53,0.05397945,-1
82197.777699,1705.52,0.00544379,1
82201.011239,1705.52,0.0017126,1
82201.017486,1705.53,0.11124353,-1
82201.017486,1705.53,0.16681577,-1
82202.146087,1705.5,1,1
82202.141619,1705.52,1,1
82202.141619,1705.52,0.00349003,1
82202.141619,1705.52,0.05151644,1
82202.262169,1705.41,1.465923,1
82202.373035,1705.4,0.07943017,1
82202.487202,1705.4,1.016,1
82202.48671,1705.4,0.13042,1
82202.483968,1705.4,5.707999,1
82202.483015,1705.4,0.875,1
82202.482878,1705.4,0.854,1
82202.476734,1705.4,0.826,1
82202.471642,1705.4,3.00778019,1
82202.47116,1705.4,19.256354,1
82202.449837,1705.4,2.92365766,1
82202.447986,1705.4,7.6466703,1
82202.446729,1705.4,3.25240319,1
82202.44587,1705.4,4.04484933,1
82202.443717,1705.4,4.1493287,1
82202.442792,1705.4,3.50991003,1
82202.442733,1705.4,5.37545701,1
82202.43978,1705.4,84.873646,1
82202.439543,1705.4,3.12448955,1
82202.436137,1705.4,4.40282788,1
82202.434962,1705.4,5.76410496,1
82202.429879,1705.4,0.915,1
82202.429791,1705.4,0.88,1
82202.429287,1705.4,1.779,1
82202.427579,1705.4,6.65566474,1
82202.426761,1705.4,0.68962604,1
82202.426016,1705.4,3.81718311,1
82202.425815,1705.4,2.95807322,1
82202.425788,1705.4,3.94409762,1
82202.425204,1705.4,0.86048331,1
82202.534988,1705.4,2.43627476,1
82202.529033,1705.4,5.363837,1
82202.526703,1705.4,1.35086938,1
82202.526575,1705.4,0.49645882,1
82202.526156,1705.4,3.14509293,1
82202.523675,1705.4,0.40825993,1
82202.777288,1705.4,5.30690431,1
82202.910695,1705.4,2.95691953,1
82202.854801,1705.4,3.43955606,1
82203.085966,1705.4,3.65995529,1
82203.011538,1705.4,4.42778103,1
82203.162631,1705.4,3.31911656,1
82203.314154,1705.4,3.18297213,1
82203.224581,1705.4,3.04521805,1
82203.463701,1705.4,2.92284754,1
82204.161476,1705.42,0.87954873,-1
82204.161476,1705.41,0.17637078,-1
82204.161476,1705.41,0.05867283,-1
82204.313551,1705.5,0.11609294,-1
82206.263261,1705.49,0.00095297,-1
82206.38109,1705.49,0.01749671,-1
82206.379094,1705.49,0.0091191,-1
82208.509169,1705.57,0.87947636,-1
82208.509169,1705.57,0.967,-1
82208.508003,1705.53,0.10582993,-1
82208.508003,1705.53,0.89790495,-1
82208.552297,1705.65,0.20090452,-1
82208.552297,1705.65,0.99915896,-1
82208.552297,1705.65,0.20019038,-1
82208.552297,1705.65,1.06511299,-1
82209.390571,1705.7,0.05768636,-1
82209.390571,1705.7,0.001,-1
82210.099819,1705.7,0.01451162,-1
82210.396745,1705.7,0.00055729,-1
82211.9742,1705.7,0.00580478,-1
82212.058786,1705.7,0.00101584,-1
82214.089338,1705.7,0.00870718,-1
82215.266939,1705.7,0.01265867,-1
82215.827836,1705.69,0.00337251,-1
82215.827836,1705.69,0.0244324,-1
82222.912616,1705.69,0.04339258,-1
82222.912616,1705.69,0.0122162,-1
82223.817663,1705.69,0.01304533,-1
82223.817663,1705.69,0.00305405,-1
82223.817663,1705.69,0.00305405,-1
82224.262375,1705.68,0.00000586,1
82224.249096,1705.68,0.00096149,1
82225.888626,1705.69,0.01424327,-1
82227.085379,1705.69,0.04170804,-1
82227.684256,1705.69,0.05560878,-1
82229.560551,1705.66,0.95505083,1
82229.55927,1705.66,0.04494917,1
82229.557109,1705.68,0.00096,1
82229.557109,1705.68,0.99903265,1
82229.84595,1705.21,12.79547764,1
82229.834056,1705.3,0.001,1
82229.787945,1705.4,0.001,1
82229.787945,1705.4,1.25549618,1
82229.787272,1705.4,0.55165318,1
82229.786743,1705.4,0.49303842,1
82229.786609,1705.4,1.08972621,1
82229.786059,1705.4,3.60252839,1
82229.785965,1705.4,1.12914152,1
82229.785729,1705.4,1.22630769,1
82229.785519,1705.4,0.76344377,1
82229.783994,1705.4,1.57036121,1
82229.719111,1705.5,1.075,1
82230.279574,1705.21,3.81157468,1
82230.38512,1706,0.001,-1
82230.38512,1706,0.05,-1
82230.38512,1705.99,0.19998399,-1
82230.38512,1705.97,1,-1
82230.379287,1705.9,0.001,-1
82230.379287,1705.77,1.575,-1
82230.370853,1705.85,1.64709305,-1
82230.370853,1705.84,1.03888389,-1
82230.370741,1705.84,2.99897611,-1
82230.370741,1705.84,0.17768,-1
82230.370741,1705.84,0.5,-1
82230.369773,1705.81,0.14975947,-1
82230.369773,1705.8,0.05,-1
82230.369773,1705.8,0.001,-1
82230.369769,1705.77,1.06242271,-1
82230.369682,1705.77,0.40353983,-1
82230.369682,1705.51,0.2,-1
82230.369682,1705.51,0.1,-1
82230.369682,1705.48,0.00152703,-1
82230.369682,1705.48,2.10302874,-1
82230.369311,1705.38,0.32702842,1
82230.368966,1705.48,2.99923649,-1
82230.368966,1705.48,0.00076351,-1
82230.368064,1705.77,1.21136048,-1
82230.367978,1705.77,1.35905207,-1
82230.367978,1705.45,1.17582389,-1
82230.367825,1705.77,0.58887537,-1
82230.367825,1705.74,0.096,-1
82230.367825,1705.72,1,-1
82230.367825,1705.7,0.001,-1
82230.367825,1705.69,0.04623684,-1
82230.367825,1705.69,0.00955346,-1
82230.367825,1705.69,0.01971307,-1
82230.367825,1705.69,0.86314826,-1
82230.367825,1705.39,0.00152702,-1
82230.367411,1705.69,0.71185174,-1
82230.367411,1705.68,0.5,-1
82230.367411,1705.67,1.17582389,-1
82230.367411,1705.67,0.5,-1
82230.367411,1705.66,0.08451888,-1
82230.367393,1705.66,0.97918995,-1
82230.367383,1705.66,2.74699155,-1
82230.367383,1705.49,1.575,-1
82230.367383,1705.38,0.61092827,-1
82230.367192,1705.38,0.56489562,-1
82230.367192,1705.37,2.70618757,-1
82230.366946,1705.37,0.77847102,-1
82230.366921,1705.37,0.44844726,-1
82230.366897,1705.37,0.75697997,-1
82230.3667,1705.37,0.41217941,-1
82230.3667,1705.31,1.17582389,-1
82230.365997,1705.66,1.29156485,-1
82230.365997,1705.66,7.03735959,-1
82230.365997,1705.64,0.048,-1
82230.365997,1705.6,0.05,-1
82230.365997,1705.6,1.17582389,-1
82230.365997,1705.56,0.295272,-1
82230.365994,1705.56,0.104728,-1
82230.365994,1705.56,0.2,-1
82230.365994,1705.56,0.1,-1
82230.365994,1705.49,0.06077304,-1
82230.364217,1705.49,2.13057181,-1
82230.362862,1705.49,4.84601474,-1
82230.362862,1705.49,5.10226523,-1
82230.362862,1705.48,1.17582389,-1
82230.362862,1705.43,0.1553216,-1
82230.362862,1705.4,1.17582389,-1
82230.362862,1705.4,0.50426589,-1
82230.362408,1705.4,1.07073411,-1
82230.362408,1705.31,0.33949924,-1
82230.362059,1705.31,1.18469554,-1
82230.362059,1705.29,0.32675496,-1
82230.362059,1705.24,0.41187313,-1
82230.362029,1705.24,0.58812687,-1
82230.362029,1705.22,4.12534,-1
82230.362029,1705.22,1.17283462,-1
82230.362029,1705.22,1.575,-1
82230.362029,1705.22,0.05857011,-1
82230.362029,1705.22,0.13759033,-1
82230.361743,1705.22,0.04525738,-1
82230.361743,1705.22,0.967,-1
82230.361743,1705.22,1,-1
82230.361743,1705.22,0.87965189,-1
82230.412863,1706.09,0.25198399,-1
82230.734264,1705.87,0.04078405,1
82230.85029,1705.79,0.0815681,1
82232.112619,1705.5,0.14656481,1
82232.112619,1705.5,0.00207668,1
82234.191111,1705.41,0.00911825,-1
82234.19,1705.4,0.00874501,1
82236.246232,1705.3,0.001,1
82237.636459,1705.23,0.01835451,-1
82238.234639,1705.22,0.00000586,1
82238.224577,1705.22,0.01429141,1
82239.206259,1705.21,4.9370109,1
82239.202937,1705.21,12.20460947,1
82239.202777,1705.21,5.63129389,1
82239.202693,1705.21,10.48014967,1
82239.201336,1705.21,2.58991777,1
82239.201336,1705.22,1.45172043,1
82239.295612,1705.21,0.7264452,1
82239.292586,1705.21,1.63450168,1
82239.292358,1705.21,0.86684605,1
82239.286906,1705.21,0.72644643,1
82240.901547,1705.21,0.0471744,1
82240.843705,1705.21,2.08104041,1
82240.837617,1705.21,5.51894341,1
82240.95333,1705.09,0.6,1
82240.95333,1705.1,0.001,1
82240.932916,1705.12,0.6,1
82240.932094,1705.2,0.001,1
82240.930597,1705.21,5.00263986,1
82240.929738,1705.21,2.9134573,1
82240.929266,1705.21,1.45672943,1
82240.929208,1705.21,4.23962985,1
82240.92912,1705.21,0.86310587,1
82240.928863,1705.21,3.08737525,1
82240.928824,1705.21,6.82169542,1
82240.91457,1705.21,1.43502843,1
82240.914567,1705.21,12.52302843,1
82241.016908,1705,0.001,1
82242.570803,1704.91,0.02224367,-1
82245.833578,1704.9,0.00074984,1
82245.833578,1704.9,0.001,1
82245.929722,1704.81,0.1172745,-1
82246.462264,1704.91,0.91135262,-1
82246.449056,1704.9,0.87981699,-1
82246.449056,1704.84,1,-1
82246.449056,1704.82,1,-1
82246.449056,1704.81,0.967,-1
82246.449056,1704.81,0.1553216,-1
82246.449056,1704.81,0.05857011,-1
82246.449056,1704.81,1.1726718,-1
82246.623199,1705.1,0.13092578,-1
82246.623037,1705.1,0.12992578,-1
82246.623037,1705.1,0.001,-1
82247.283247,1705.14,1,1
82247.26709,1705.18,0.9981447,1
82247.252585,1705.18,0.0018553,1
82247.434547,1704.94,1.31585858,-1
82247.434351,1704.94,1.31585858,-1
82248.739184,1704.94,0.002433,-1
82249.868402,1704.98,0.01829036,1
82250.791166,1705.05,0.09402978,-1
82251.703989,1705.04,1,1
82251.79277,1705,0.98169936,1
82251.79277,1705,0.01829,1
82251.79277,1705,0.00000064,1
82251.748012,1705,0.981709,1
82251.748012,1705,0.01829,1
82251.748012,1705,1.075,1
82254.109773,1705.11,0.16479867,1
82255.089536,1705.27,0.00178139,-1
82255.089536,1705.2,0.001,-1
82257.72158,1705.22,0.02781388,-1
82259.512342,1705.27,0.01161263,-1
82259.781928,1705.3,0.01525798,-1
82259.781928,1705.3,0.001,-1
82259.848625,1705.3,0.02903379,-1
82259.977909,1705.3,0.03004346,-1
82262.227508,1705.28,0.03170922,-1
82264.374768,1705.21,0.00000586,1
82264.35906,1705.21,0.00215809,1
82264.562949,1705.62,4.47608299,-1
82264.562949,1705.62,0.87949975,-1
82264.562949,1705.61,3.45,-1
82264.562949,1705.61,0.1553216,-1
82264.562949,1705.61,0.00087977,-1
82264.562949,1705.6,0.05,-1
82264.562949,1705.6,0.001,-1
82264.562949,1705.59,0.048,-1
82264.562949,1705.58,7.62233109,-1
82264.562949,1705.55,0.87949975,-1
82264.562949,1705.54,0.5,-1
82264.562949,1705.54,0.967,-1
82264.562949,1705.53,0.5,-1
82264.562949,1705.5,0.05857011,-1
82264.562949,1705.5,1.075,-1
82264.562949,1705.5,0.001,-1
82264.562949,1705.49,0.8795172,-1
82264.562949,1705.49,0.5,-1
82264.562949,1705.48,0.5,-1
82264.562949,1705.48,0.87949975,-1
82264.562949,1705.47,0.5,-1
82264.562949,1705.46,0.5,-1
82264.562949,1705.45,1.575,-1
82264.562949,1705.44,0.5,-1
82264.562949,1705.42,1.17270533,-1
82264.562949,1705.4,2.93186349,-1
82264.562949,1705.4,1.075,-1
82264.562949,1705.4,0.14662929,-1
82264.562949,1705.4,0.001,-1
82264.562949,1705.34,0.73916222,-1
82264.562949,1705.3,0.14660521,-1
82264.562949,1705.22,1.47462031,-1
82267.345399,1705.34,0.02666274,-1
82267.345399,1705.34,0.00114527,-1
82268.268097,1705.34,0.02849439,-1
82268.531079,1705.34,0.0056605,-1
82268.930977,1705.34,0.10826429,-1
82271.185328,1705.34,0.01112249,-1
82271.753725,1705.34,0.01451264,-1
82272.254438,1705.34,0.02902528,-1
82272.603943,1705.31,0.001628,1
82272.78615,1705.32,0.00391841,-1
82273.06567,1705.31,0.04843738,-1
82273.162965,1705.31,0.01424561,-1
82273.942155,1705.31,0.03615537,-1
82274.230658,1705.31,0.08547865,-1
82274.388039,1705.31,0.00556145,-1
82274.967483,1705.31,0.0177983,-1
82276.198023,1705.31,0.00580529,-1
82276.306743,1705.31,0.61181413,-1
82276.947945,1705.32,0.01623137,1
82279.897511,1705.46,0.33372124,-1
82280.634783,1705.42,0.05857,1
82280.876658,1705.25,0.05857,1
82280.817231,1705.29,0.5,1
82280.986909,1705.22,0.05857,1
82280.935501,1705.22,0.05857,1
82282.453178,1705.45,0.599427,1
82284.24952,1705.46,0.00000586,1
82284.238741,1705.46,0.02734159,1
82284.22921,1705.47,0.0556215,-1
82286.323097,1705.4,0.23172014,1
82286.323097,1705.43,0.87949975,1
82286.323097,1705.45,0.05857011,1
82286.977432,1705.44,0.00290243,-1
82288.273907,1705.37,0.05857,1
82289.538887,1705.49,0.08342641,-1
82290.164951,1705.46,0.0057004,-1
82290.703689,1705.44,0.058573,1
82291.406029,1705.45,0.03134094,-1
82292.217539,1705.41,0.00126304,1
82292.217539,1705.41,0.00000096,1
82292.1855,1705.41,0.058573,1
82294.282932,1705.49,0.02224419,-1
82294.325083,1705.43,0.058573,1
82295.07758,1705.48,0.343176,1
82295.428756,1705.43,0.058573,1
82295.424811,1705.44,0.00038893,-1
82296.095961,1706,2.05137526,-1
82296.095961,1706,0.001,-1
82296.095961,1706,0.05,-1
82296.095961,1705.99,1.55445622,-1
82296.095961,1705.99,5.10226523,-1
82296.095961,1705.98,0.87949975,-1
82296.095961,1705.96,8.20919372,-1
82296.095961,1705.93,0.048,-1
82296.095961,1705.91,2.24585995,-1
82296.095961,1705.9,0.00865657,-1
82296.095961,1705.9,0.015329,-1
82296.095961,1705.9,0.001,-1
82296.095961,1705.9,1.075,-1
82296.095961,1705.88,5.10226523,-1
82296.095961,1705.87,1.09393133,-1
82296.095961,1705.87,0.87949975,-1
82296.095961,1705.84,1.06371523,-1
82296.095961,1705.83,1.575,-1
82296.095961,1705.8,0.05,-1
82296.095961,1705.8,0.001,-1
82296.095961,1705.77,5.10226523,-1
82296.095961,1705.76,0.87949975,-1
82296.095961,1705.75,8.20919372,-1
82296.095961,1705.74,0.86381862,-1
82296.095961,1705.71,0.5168748,-1
82296.095961,1705.71,0.72162008,-1
82296.095961,1705.7,0.5,-1
82296.095961,1705.7,1.075,-1
82296.095961,1705.7,0.001,-1
82296.095961,1705.69,0.5,-1
82296.095961,1705.69,1.52447625,-1
82296.095961,1705.69,0.87949975,-1
82296.095961,1705.69,0.1553216,-1
82296.095961,1705.68,0.5,-1
82296.095961,1705.65,3.45,-1
82296.095961,1705.65,1.575,-1
82296.095961,1705.64,0.5,-1
82296.095961,1705.62,0.14658458,-1
82296.095961,1705.61,0.5,-1
82296.095961,1705.6,0.05857396,-1
82296.095961,1705.6,1.075,-1
82296.095961,1705.6,0.001,-1
82296.095961,1705.59,0.5,-1
82296.095961,1705.53,0.87949585,-1
82296.095961,1705.52,0.14658888,-1
82296.095961,1705.51,0.967,-1
82296.095961,1705.5,1.17267403,-1
82296.095961,1705.5,0.001,-1
82296.095961,1705.47,0.00865874,-1
82296.095961,1705.47,0.01533284,-1
82296.095961,1705.44,1.44589931,-1
82296.204541,1705.63,1.388552,1
82296.157103,1705.63,0.08579347,1
82296.157103,1705.63,1.3887761,1
82296.157103,1705.63,0.08579443,1
82296.240831,1705.63,0.8794988,1
82296.240831,1705.63,0.0000002,1
82297.849416,1705.64,0.45421302,-1
82297.848811,1705.64,0.51278698,-1
82298.057,1705.88,0.08448438,-1
82298.053908,1705.88,0.12377343,-1
82298.053751,1705.88,0.12377343,-1
82298.050519,1705.88,0.08448438,-1
82298.050104,1705.88,0.08348438,-1
82298.050104,1705.7,0.001,-1
82298.611673,1705.89,0.12855127,-1
82298.61167,1705.89,0.12855127,-1
82298.537515,1705.89,0.25710254,-1
82298.537157,1705.89,0.25710255,-1
82298.618444,1705.89,0.06427564,-1
82298.618366,1705.89,0.06427563,-1
82298.618366,1705.89,0.00000001,-1
82298.731228,1705.89,0.03213782,-1
82298.730369,1705.89,0.03213782,-1
82299.443547,1705.71,0.058573,1
82301.553282,1705.8,1.075,1
82303.319418,1705.78,0.10510272,-1
82303.31897,1705.78,0.10510272,-1
82303.313016,1705.78,0.26574688,-1
82303.312788,1705.78,0.26574688,-1
82303.309612,1705.78,0.1291504,-1
82303.309371,1705.78,0.1291504,-1
82303.285953,1705.77,0.09223606,-1
82303.285295,1705.77,0.09223607,-1
82305.084973,1705.82,0.05688821,-1
82312.836476,1705.76,0.09340626,-1
82312.836476,1705.72,0.19678527,-1
82313.36834,1705.8,0.1669631,1
82314.772309,1705.81,0.01706847,-1
82314.772309,1705.81,0.00704542,-1
82314.772309,1705.81,0.00925135,-1
82316.177205,1705.8,0.14656224,-1
82316.177205,1705.76,0.94311179,-1
82316.177205,1705.74,0.90659374,-1
82316.177205,1705.74,0.0934,-1
82316.177205,1705.72,0.87939494,-1
82316.177205,1705.68,0.03213782,-1
82317.02113,1705.81,0.10932416,-1
82317.974959,1705.81,0.00685301,-1
82317.974959,1705.81,0.05857396,-1
82318.439409,1705.81,0.87934764,-1
82318.439409,1705.81,0.17980209,-1
82318.77866,1705.92,0.18315994,-1
82318.77866,1705.9,0.001,-1
82321.110406,1705.99,0.0556052,-1
82321.973706,1705.98,0.01789182,1
82322.503134,1706,0.001,-1
82322.503134,1705.99,0.05857396,-1
82322.503134,1705.99,0.18676936,-1
82322.579589,1706.22,0.72358273,-1
82322.579589,1706.2,0.001,-1
82322.579589,1706.19,0.7992977,-1
82322.579429,1706.19,0.33093149,-1
82322.576494,1706.19,2.31977081,-1
82322.576494,1706.1,0.001,-1
82322.519167,1706.07,0.1553216,-1
82322.642551,1706.22,0.27641727,-1
82323.77276,1706.29,0.058573,1
82323.876881,1706.29,0.96456604,1
82323.876881,1706.29,0.00000096,1
82324.882245,1706.3,0.16027394,-1
82324.882245,1706.3,0.55670095,-1
82324.881695,1706.3,0.71597489,-1
82324.881695,1706.3,0.001,-1
82326.904336,1706.35,0.1723502,-1
82327.163084,1706.35,0.00080132,-1
82327.163084,1706.35,0.00637721,-1
82327.163084,1706.35,0.00741598,-1
82327.965926,1706.35,0.13012038,-1
82327.965926,1706.35,0.0330274,-1
82329.043088,1706.38,1,1
82329.405509,1706.24,0.12898178,-1
82329.405509,1706.23,0.00803446,-1
82329.405509,1706.23,0.00803445,-1
82329.898532,1706.24,0.08847032,-1
82329.942575,1706.23,0.41042657,1
82329.942575,1706.23,0.05857396,1
82330.256219,1706.21,0.00206295,1
82330.656038,1706.22,0.53873997,-1
82331.143291,1706.28,0.0004115,1
82331.785106,1706.23,0.00096506,1
82332.033409,1706.23,0.002323,1
82332.198051,1706.01,0.00275588,-1
82332.134603,1706.05,0.04052053,1
82332.134603,1706.1,0.001,1
82332.24958,1706,0.00000586,1
82332.239469,1706,0.0046014,1
82333.062966,1706.01,0.00487298,-1
82333.062966,1706.01,0.0065158,-1
82333.888272,1706,0.00000001,1
82333.88779,1706,1.07499999,1
82333.88779,1706,0.001,1
82333.959722,1706.01,0.15170366,-1
82333.959722,1706,0.18759737,-1
82333.959722,1706,1,-1
82333.959722,1706,1.4066567,-1
82333.959722,1705.99,1.17212885,-1
82333.959722,1705.94,1,-1
82333.959722,1705.91,0.00463584,-1
82333.959722,1705.91,0.87929609,-1
82334.497569,1706,0.63942555,1
82336.116944,1706.01,0.05463278,-1
82336.116944,1706.01,0.00231792,-1
82338.572148,1706.01,0.02847735,-1
82339.535882,1706,0.0275274,1
82339.924631,1706.01,0.01105028,-1
82340.247467,1706,0.00000586,1
82340.234264,1706,0.00719812,1
82341.603256,1706.01,0.05803014,-1
82342.382524,1706,0.0007368,1
82342.668908,1706.01,0.06281496,-1
82343.239285,1706.1,0.14650469,-1
82343.238308,1706.07,0.966,-1
82343.238308,1706.06,0.05857396,-1
82343.238157,1706.02,0.87923939,-1
82343.69015,1706.06,1,1
82344.100351,1706,0.00567534,1
82344.303638,1706.01,0.05893541,-1
82344.581194,1705.96,1,1
82344.556271,1706,1,1
82344.556271,1706,0.00075058,1
82346.109403,1705.91,0.00119372,-1
82346.630472,1705.9,0.02105555,1
82346.630472,1705.9,0.001,1
82347.850824,1705.91,0.14976356,-1
82347.850824,1705.91,0.05857396,-1
82349.424492,1705.9,0.0471744,1
82349.602883,1705.9,0.9528256,1
82349.64221,1705.86,1,1
82350.035127,1705.82,0.05696573,-1
82350.400963,1705.8,0.84,1
82350.397297,1705.8,1.57549392,1
82350.397297,1705.81,1.4655794,1
82350.397297,1705.81,0.14653732,1
82350.462192,1705.8,3.00561301,1
82350.45335,1705.8,2.274,1
82350.453102,1705.8,1.304,1
82350.452096,1705.8,0.33097421,1
82350.439247,1705.8,3.16939166,1
82350.417154,1705.8,5.43531152,1
82350.414759,1705.8,4.50397296,1
82350.599714,1705.8,3.32762453,1
82350.517158,1705.8,3.31721536,1
82351.669283,1705.8,0.21154909,1
82352.20336,1705.8,0.04440471,1
82352.142979,1705.81,0.05745249,-1
82352.142979,1705.81,0.00115896,-1
82353.814124,1705.81,0.00204698,-1
82353.814124,1705.81,0.00112147,-1
82354.080712,1705.81,0.7293506,-1
82355.035156,1705.81,0.01139265,-1
82356.32487,1705.81,0.01111857,-1
82361.975023,1705.8,3.09937197,1
82362.093722,1705.8,3.39036403,1
82362.078889,1705.8,9.055716,1
82362.065423,1705.8,3.40597788,1
82362.062145,1705.8,4.3985,1
82362.058781,1705.8,5.59785172,1
82362.035182,1705.8,3.20265064,1
82362.236859,1705.8,4.61308132,1
82362.374539,1705.8,3.46480397,1
82362.475377,1705.8,4.42634013,1
82362.55281,1705.8,3.41302375,1
82362.67754,1705.8,3.12438889,1
82362.778375,1705.8,4.43472674,1
82364.489527,1705.8,0.0471744,1
82364.487285,1705.8,0.02960488,1
82364.610258,1705.81,0.28484532,-1
82366.359202,1705.81,0.80596236,-1
82366.359202,1705.81,1.1678333,-1
82366.359202,1705.81,0.05857396,-1
82366.359202,1705.81,0.1536,-1
82366.359202,1705.81,1.52408425,-1
82366.359202,1705.81,0.1553216,-1
82366.359202,1705.81,1.17249894,-1
82366.359202,1705.81,1.575,-1
82366.359202,1705.81,0.87934764,-1
82366.359202,1705.81,1.84,-1
82366.359202,1705.81,1.11144551,-1
82366.511535,1705.85,1.36602653,1
82366.504474,1705.85,1.81090374,1
82366.504474,1705.86,1.614872,1
82366.621237,1705.85,0.72418198,1
82366.596551,1705.85,2.91630222,1
82366.529731,1705.85,2.18781085,1
82366.713311,1705.85,4.71861884,1
82366.814927,1705.85,0.26406842,1
82366.808825,1705.85,0.28270623,1
82366.802309,1705.85,0.32606932,1
82366.794922,1705.85,0.38058839,1
82366.786527,1705.85,0.36245767,1
82366.77814,1705.85,0.29409756,1
82366.771599,1705.85,2.48895978,1
82366.771599,1705.85,0.08867228,1
82366.87042,1705.85,1.51808292,1
82366.836264,1705.85,0.92001049,1
82367.015323,1705.85,2.78028229,1
82366.952007,1705.85,1.93025393,1
82367.108053,1705.85,1.38605868,1
82367.216839,1705.85,0.90415231,1
82367.197343,1705.85,1.10601155,1
82367.195004,1705.85,1.81725257,1
82367.314308,1705.85,0.48806523,1
82367.302584,1705.85,2.50319587,1
82367.406483,1705.85,0.4108863,1
82367.397032,1705.85,0.75284832,1
82367.397032,1705.85,0.17771801,1
82367.375656,1705.85,1.15362992,1
82367.33643,1705.85,0.48880175,1
82367.325385,1705.85,0.52225211,1
82367.419127,1705.85,0.53993726,1
82368.237346,1705.85,2.90352685,1
82368.223592,1705.85,0.07317703,1
82368.848338,1705.85,1.13156408,1
82368.847402,1705.85,1.70636194,1
82368.843618,1705.85,2.03619673,1
82368.840193,1705.85,1.5246173,1
82368.853458,1705.85,0.49271723,1
82368.974736,1705.85,0.79019751,1
82368.956446,1705.85,0.61897484,1
82368.931438,1705.85,0.59737631,1
82368.917986,1705.85,2.06626901,1
82368.87116,1705.85,0.77915515,1
82369.286306,1705.85,3.12858955,1
82369.284578,1705.85,2.73633684,1
82369.283247,1705.85,0.47983714,1
82369.283247,1705.85,0.39001038,1
82369.2767,1705.85,1.38402034,1
82369.253266,1705.85,3.90124642,1
82369.980349,1705.85,0.66595101,1
82370.026463,1705.85,0.66595101,1
82370.008579,1705.85,0.66595101,1
82371.697161,1705.6,0.05642072,1
82371.695859,1705.6,0.93744352,1
82371.681713,1705.62,0.17399,1
82371.681603,1705.62,0.62272415,1
82371.681603,1705.64,0.00120585,1
82371.681603,1705.7,0.001,1
82371.678254,1705.8,198.57860838,1
82371.678254,1705.8,0.05857396,1
82371.678254,1705.8,0.001,1
82371.678254,1705.8,204.74107768,1
82371.677591,1705.8,0.22960212,1
82371.675027,1705.85,4.76125292,1
82371.674927,1705.85,1.45288296,1
82371.674869,1705.85,1.81610422,1
82371.674845,1705.85,3.2689823,1
82371.6747,1705.85,0.90057863,1
82371.67465,1705.85,1.0896603,1
82371.674553,1705.85,0.72644093,1
82371.674432,1705.85,0.90057993,1
82371.673871,1705.85,0.90057993,1
82371.673569,1705.85,0.48236378,1
82371.673469,1705.85,4.60532923,1
82371.673375,1705.85,0.98297787,1
82371.654303,1705.85,0.06620805,1
82371.654303,1705.85,1.89743869,1
82371.650302,1705.85,1.57764827,1
82371.650193,1705.85,3.95012603,1
82371.649788,1705.85,0.87893372,1
82371.648965,1705.85,1.09009432,1
82371.648713,1705.85,1.11947093,1
82371.648531,1705.85,3.41996001,1
82371.647009,1705.84,4.64343403,-1
82371.646363,1705.85,0.05783225,1
82371.64567,1705.85,3.25315719,1
82371.644592,1705.85,4.64203655,1
82371.643427,1705.85,5.23075414,1
82371.642736,1705.85,1.11229633,1
82371.642724,1705.85,0.09971354,1
82371.642724,1705.85,5.060937,1
82371.640702,1705.85,0.2356772,1
82371.640161,1705.85,0.76500057,1
82371.636767,1705.85,0.70580593,1
82371.634638,1705.85,0.87043386,1
82371.633054,1705.85,0.74997117,1
82371.632315,1705.85,1.07231231,1
82371.624525,1705.85,0.0471744,1
82371.718676,1705.6,0.001,1
82374.176603,1705.5,0.0471744,1
82374.404624,1705.51,0.05862176,-1
82375.371576,1705.4,0.001,1
82375.371576,1705.4,1.075,1
82375.371576,1705.5,0.001,1
82377.18981,1705.3,0.0123831,1
82377.18981,1705.3,0.001,1
82377.345982,1705.3,0.0471744,1
82377.722693,1705.31,0.00285012,-1
82379.459215,1705.31,0.09841617,-1
82379.531634,1705.31,0.00111431,-1
82380.215958,1705.31,1.1726804,-1
82380.215958,1705.31,0.05857396,-1
82380.215958,1705.31,0.96588569,-1
82380.323947,1705.5,0.30452791,-1
82380.321476,1705.4,0.877,-1
82380.317219,1705.4,0.29516378,-1
82380.317219,1705.37,0.91621563,-1
82382.645969,1705.55,0.0070348,-1
82382.921491,1705.55,0.1536,-1
82382.95363,1705.91,0.01184542,1
82382.930278,1705.9,0.001,-1
82382.930278,1705.9,2.21738167,-1
82382.930278,1705.85,0.199978,-1
82382.93006,1705.82,0.096,-1
82382.93006,1705.8,0.17768,-1
82382.93006,1705.8,0.001,-1
82382.928876,1705.77,0.6331544,-1
82382.927772,1705.77,0.015,-1
82382.927208,1705.77,0.33362217,-1
82382.927088,1705.77,0.03589762,-1
82382.927088,1705.76,0.14659747,-1
82382.922701,1705.77,0.50675337,-1
82382.922701,1705.76,1.2723154,-1
82382.922554,1705.76,2.1776846,-1
82382.922554,1705.72,0.14659747,-1
82382.922554,1705.72,0.048,-1
82382.922426,1705.7,0.001,-1
82382.922426,1705.69,0.72395299,-1
82382.922426,1705.67,0.62540072,-1
82382.921913,1705.67,0.2752131,-1
82382.921913,1705.66,0.58844105,-1
82382.921913,1705.65,0.19996531,-1
82382.921913,1705.63,0.14659747,-1
82382.921913,1705.62,0.87944597,-1
82382.921491,1705.61,0.70103342,-1
82382.921491,1705.6,1.1726804,-1
82382.921491,1705.6,2.32160432,-1
82382.921491,1705.6,0.001,-1
82382.921491,1705.55,0.967,-1
82382.921491,1705.55,0.05857396,-1
82382.921491,1705.55,0.1553216,-1
82389.062515,1705.93,0.02103863,1
82389.377498,1705.98,0.4835,-1
82389.377332,1705.98,0.4835,-1
82389.328801,1705.94,0.1553216,-1
82390.765663,1706.08,0.00455952,-1
82390.765663,1706,0.001,-1
82392.58371,1706.1,0.05703252,-1
82392.58371,1706.1,0.001,-1
82393.315558,1706.1,0.04352439,-1
82394.349301,1706.1,0.00638304,-1
82395.407034,1706.09,0.0027563,-1
82395.514342,1706.09,0.01424118,-1
82395.681278,1706.09,0.00759923,-1
82398.10848,1706.08,0.35520023,1
82399.98377,1706.09,0.01450685,-1
82400.220318,1706.08,0.00139501,1
82400.229881,1706.08,0.00000586,1
82400.776105,1706.08,0.00000586,1
82400.764722,1706.08,0.00642408,1
82401.713042,1706.08,0.00642904,1
82401.713042,1706.08,0.0014,1
82401.713042,1706.08,0.3552,1
82401.713042,1706.08,0.63696896,1
82401.945767,1706.09,0.00555899,-1
82402.506484,1705.93,0.00000017,1
82402.503778,1705.93,0.001804,1
82402.434078,1706.06,1,1
82402.434078,1706.08,0.27376975,1
82402.433951,1706.08,0.72622025,1
82402.433951,1706.08,0.00000096,1
82402.564846,1705.8,0.001,1
82402.564846,1705.8,1.075,1
82402.83188,1705.75,0.01,1
82403.040018,1705.76,0.18492103,-1
82403.040018,1705.76,0.01021586,-1
82403.039817,1705.76,0.1951369,-1
82403.024387,1705.76,0.33425897,-1
82403.024196,1705.76,0.33425897,-1
82403.012435,1705.76,0.06306465,-1
82403.012291,1705.76,0.06306465,-1
82404.634558,1705.81,0.00036557,-1
82406.899685,1705.81,0.148939,1
82408.047971,1705.82,0.00580369,-1
82409.140745,1705.82,0.01945659,-1
82410.10734,1705.81,1.70686268,1
82410.10734,1705.81,0.05856147,1
82410.10734,1705.81,0.00075185,1
82410.166627,1705.8,1.075,1
82410.29412,1705.8,0.00000586,1
82410.28453,1705.8,0.02710165,1
82410.256978,1705.8,1.075,1
82410.225842,1705.8,1.075,1
82410.675538,1705.81,0.00058027,-1
82412.910351,1705.81,0.0494881,-1
82414.753998,1705.8,0.022,1
82418.92305,1705.8,0.05856049,1
82418.92305,1705.8,1.70572602,1
82418.92305,1705.8,1.02589249,1
82420.904845,1705.83,0.20421899,-1
82420.904645,1705.83,0.76278101,-1
82420.904645,1705.82,0.93467103,-1
82420.891421,1705.78,0.19546983,-1
82420.891421,1705.78,0.1553216,-1
82420.891421,1705.78,0.98054341,-1
82420.891421,1705.78,0.01945,-1
82422.228487,1705.99,1.16143541,1
82422.228487,1705.99,0.97884459,1
82422.228487,1705.99,1.84,1
82423.533414,1705.99,1.687123,1
82425.829798,1706,0.13801009,-1
82425.829798,1706,0.001,-1
82426.246394,1706,0.0083265,-1
82426.246394,1706,0.04971147,-1
82426.644003,1706,0.11121235,-1
82427.583395,1706.02,0.87923954,-1
82427.583395,1706,0.07650921,-1
82427.843899,1706.1,0.001,-1
82427.843899,1706.1,0.04602267,-1
82427.843492,1706.1,0.04702267,-1
82428.247229,1706.19,1.67224606,1
82428.247229,1706.19,0.59942051,1
82428.247229,1706.19,0.86761362,1
82428.24603,1706.19,0.00000586,1
82428.234835,1706.19,0.01188027,1
82428.335248,1706.2,0.00730966,-1
82428.335248,1706.2,0.001,-1
82431.354395,1706.19,0.04878252,1
82432.937612,1706.2,0.83396586,-1
82433.499855,1706.23,0.12766706,-1
82433.767981,1706.23,0.01465034,-1
82434.175605,1706.23,0.00569793,-1
82435.079112,1706.23,0.1450762,-1
82435.330373,1706.23,0.05695604,-1
82435.65755,1706.23,0.01389675,-1
82438.373609,1706.22,0.00162636,1
82438.373609,1706.22,1.66727464,1
82438.373609,1706.22,1,1
82439.579198,1706.21,0.05559249,-1
82441.002745,1706.21,0.019455,-1
82441.12925,1706.21,0.00056862,-1
82441.413115,1706.2,0.94754874,1
82441.413115,1706.2,1.075,1
82441.413115,1706.2,1,1
82441.413115,1706.2,0.29971026,1
82441.8669,1706.21,0.01834676,-1
82442.598333,1706.35,0.01579509,-1
82442.598333,1706.34,0.75034085,-1
82442.598333,1706.34,0.20000864,-1
82442.598037,1706.32,0.0234692,-1
82442.597835,1706.32,0.85561852,-1
82442.597835,1706.31,0.05856147,-1
82442.597835,1706.3,0.001,-1
82442.597835,1706.26,0.19996314,-1
82442.597835,1706.23,0.03600145,-1
82442.597517,1706.21,0.02714409,-1
82442.597517,1706.21,0.00577853,-1
82442.597517,1706.21,0.00595064,-1
82442.619946,1706.4,0.001,-1
82442.619946,1706.35,0.0915382,-1
82442.61937,1706.35,0.0925382,-1
82443.633018,1706.49,1.13088778,1
82443.633018,1706.49,1.17485222,1
82446.859425,1706.49,0.02223428,-1
82448.783461,1706.49,0.44709774,1
82448.783461,1706.49,0.07237824,1
82448.783461,1706.49,0.45609802,1
82448.783461,1706.49,1.84,1
82450.222255,1706.5,0.001,-1
82450.222255,1706.5,0.02800554,-1
82450.400495,1706.49,1.57499972,1
82450.400495,1706.49,0.00000028,1
82450.585147,1706.6,0.001,-1
82450.547547,1706.57,0.07492755,1
82450.545959,1706.56,0.03746378,1
82450.5455,1706.56,0.03746379,1
82450.541295,1706.56,1.07374488,1
82450.541295,1706.57,0.07492755,1
82450.541295,1706.57,0.03746379,1
82450.541295,1706.57,0.03746378,1
82450.707316,1706.69,1.39135323,1
82450.753969,1706.72,1,-1
82450.753969,1706.7,0.001,-1
82450.736431,1706.69,1.15248483,1
82450.736431,1706.69,0.2388684,1
82451.698785,1706.67,0.81420899,-1
82451.698604,1706.67,0.81420899,-1
82451.957141,1706.6,0.1534661,1
82451.957141,1706.61,0.05853201,1
82451.957141,1706.61,0.03746379,1
82452.075698,1706.63,0.018731,1
82452.174604,1706.6,0.0585316,1
82452.174604,1706.6,0.004683,1
82452.174604,1706.6,0.0000004,1
82452.1343,1706.6,0.009366,1
82452.222419,1706.61,0.002341,1
82452.413635,1706.61,1.17195,1
82452.363281,1706.61,1.17195024,1
82452.363281,1706.61,0.00000076,1
82452.305066,1706.61,0.05853125,1
82452.305066,1706.61,1.17195075,1
82452.469544,1706.61,1.17195,1
82452.559142,1706.61,1.17195,1
82453.995511,1706.61,1.17181808,1
82453.995511,1706.61,1.46489238,1
82453.995511,1706.61,0.0011712,1
82453.964343,1706.61,0.05853125,1
82453.964343,1706.61,1.17195075,1
82455.382952,1706.75,0.04270055,-1
82455.595443,1706.72,0.058532,1
82457.450376,1706.73,0.04060658,-1
82458.058609,1706.73,0.00565592,-1
82458.613541,1706.7,0.058532,1
82458.732455,1706.72,0.20024552,-1
82458.725032,1706.7,1.07499999,1
82458.725032,1706.7,0.00000001,1
82458.903934,1706.68,0.266182,1
82458.964181,1706.67,0.05853112,1
82458.964181,1706.67,0.02088888,1
82459.073074,1706.69,0.58009399,-1
82459.015647,1706.68,0.010444,1
82459.133737,1706.68,0.05853156,1
82459.133737,1706.68,0.29526944,1
82459.234102,1706.69,0.00565592,-1
82459.666731,1706.69,0.01138724,-1
82459.946543,1706.69,0.00166487,-1
82460.512806,1706.63,0.001506,1
82460.576135,1706.62,0.058532,1
82460.957582,1706.61,0.05694203,-1
82461.64542,1706.6,1.17178027,1
82461.64542,1706.6,0.14763472,1
82461.64542,1706.6,0.05853201,1
82462.051237,1706.59,0.72528323,-1
82462.187232,1706.48,0.00000001,1
82462.186019,1706.48,0.04155531,1
82462.186019,1706.5,0.001,1
82462.152656,1706.59,0.05853201,1
82462.152656,1706.59,1.17178089,1
82462.250784,1706.41,0.00000001,1
82462.247709,1706.41,0.08311063,1
82463.96373,1706.4,1.617756,1
82463.96373,1706.4,0.001,1
82465.188191,1706.32,0.011053,-1
82466.75489,1706.32,0.0055573,-1
82466.962324,1706.32,0.05694903,-1
82468.259112,1706.32,0.02847602,-1
82469.333361,1706.31,1.11262099,1
82469.333361,1706.31,0.05853201,1
82469.441897,1706.29,0.00005841,1
82469.441897,1706.3,0.001,1
82469.441897,1706.31,0.00000094,1
82470.364019,1706.31,1.17203099,1
82470.364019,1706.31,0.05853201,1
82471.131758,1706.32,0.05398275,-1
82471.131758,1706.31,0.52618263,-1
82471.612269,1706.31,0.05853123,1
82471.612269,1706.31,1.17203177,1
82471.955662,1705.95,0.028,1
82471.955662,1706,0.001,1
82471.955662,1706.1,0.001,1
82471.925177,1706.19,0.04113977,1
82471.925177,1706.2,0.001,1
82472.024869,1705.96,0.12573692,-1
82472.3984,1706.09,0.01389496,-1
82472.69351,1706.04,0.064512,1
82473.619046,1705.98,0.031903,-1
82473.973074,1705.97,1.07002417,1
82473.973074,1705.97,0.00075435,1
82473.973074,1705.97,0.52902448,1
82474.066697,1705.96,1.60007299,1
82474.066697,1705.96,0.00000001,1
82474.022933,1705.96,0.058532,1
82474.022933,1705.96,0.03,1
82475.505108,1705.8,1.172031,1
82475.505108,1705.8,0.001,1
82475.48377,1705.9,0.001,1
82478.954452,1706.25,1.74662424,-1
82478.954452,1706.25,0.87949975,-1
82478.954452,1706.24,1.17203177,-1
82478.954452,1706.24,5.10226523,-1
82478.954452,1706.23,0.1,-1
82478.954452,1706.23,0.2,-1
82478.954452,1706.2,0.05,-1
82478.954452,1706.2,0.001,-1
82478.954452,1706.2,1.075,-1
82478.954452,1706.18,0.87949975,-1
82478.954452,1706.17,0.048,-1
82478.954452,1706.15,0.1553216,-1
82478.954452,1706.14,0.69722347,-1
82478.954452,1706.13,1.06706549,-1
82478.954452,1706.12,0.87268186,-1
82478.954452,1706.12,8.79437864,-1
82478.954452,1706.12,0.966,-1
82478.954452,1706.11,5.10226523,-1
82478.954452,1706.1,0.001,-1
82478.954452,1706.1,1.075,-1
82478.954452,1706.09,0.87949975,-1
82478.954452,1706.08,1.52364131,-1
82478.954452,1706,0.001,-1
82478.954452,1706,1.075,-1
82478.954452,1705.99,8.79437864,-1
82478.954452,1705.99,0.87949975,-1
82478.954452,1705.94,1.575,-1
82478.954452,1705.92,0.02181319,-1
82478.954452,1705.92,0.00478037,-1
82478.954452,1705.92,0.00524584,-1
82478.954452,1705.9,1.075,-1
82478.954452,1705.89,0.5,-1
82478.954452,1705.89,0.87949975,-1
82478.954452,1705.89,0.26627322,-1
82478.954452,1705.88,0.5,-1
82478.954452,1705.85,1.17203177,-1
82478.954452,1705.84,0.57355799,-1
82478.954452,1705.84,0.26627322,-1
82478.954452,1705.8,1.075,-1
82478.954452,1705.75,0.05853201,-1
82478.954452,1705.75,0.87937857,-1
82478.954452,1705.74,0.968097,-1
82478.954452,1705.74,0.0319,-1
82478.954452,1705.72,1,-1
82478.954452,1705.71,0.18905032,-1
82478.954452,1705.71,0.05814612,-1
82478.954452,1705.71,1.14332812,-1
82478.954452,1705.71,0.78944326,-1
82478.954452,1705.71,0.5,-1
82478.954452,1705.71,1.84,-1
82479.315159,1705.78,1.84,1
82480.628317,1705.71,0.0250124,-1
82480.72704,1705.7,1.075,1
82480.72704,1705.7,0.001,1
82481.40448,1705.61,0.07121342,-1
82483.829305,1705.61,0.0389215,-1
82485.337685,1705.3,0.04061726,1
82485.336698,1705.3,0.04061726,1
82485.33336,1705.3,0.001,1
82485.322302,1705.34,0.00000001,1
82485.321274,1705.34,0.03961725,1
82485.29391,1705.37,1.46595753,1
82485.293809,1705.4,0.001,1
82485.290107,1705.4,0.05,1
82485.290107,1705.4,0.001,1
82485.290107,1705.5,0.001,1
82485.290107,1705.6,0.001,1
82485.601114,1705.2,0.000754,1
82485.601114,1705.2,0.001,1
82485.57404,1705.21,0.02886698,-1
82485.632002,1705.2,8.794378,1
82489.535577,1705.18,1,-1
82489.535519,1705.16,1,-1
82489.67246,1705.25,0.09236382,-1
82489.672195,1705.25,0.09236383,-1
82489.894647,1705.28,0.00382838,-1
82489.894647,1705.28,0.53846113,-1
82489.894487,1705.28,0.46153887,-1
82489.894487,1705.28,0.00474488,-1
82489.894487,1705.28,0.01747375,-1
82489.894487,1705.28,0.05853201,-1
82489.955929,1705.35,0.4397929,-1
82489.955289,1705.35,0.43979291,-1
82489.930861,1705.3,0.2583,-1
82489.930861,1705.3,0.24169922,-1
82489.93036,1705.3,0.01660078,-1
82489.93036,1705.3,0.48339844,-1
82489.914644,1705.3,0.25830078,-1
82489.914454,1705.3,0.25830078,-1
82489.90972,1705.29,0.483,-1
82489.909681,1705.29,0.483,-1
82490.090498,1705.49,0.01223562,-1
82490.002066,1705.41,0.44027795,-1
82490.00179,1705.41,0.43927796,-1
82490.00179,1705.4,0.001,-1
82490.824996,1705.42,0.01711967,1
82491.296175,1705.35,0.16530839,-1
82491.296031,1705.35,0.16530839,-1
82491.290843,1705.35,1.44402008,-1
82491.290246,1705.35,1.44402008,-1
82491.392616,1705.32,0.05264464,1
82491.392616,1705.32,0.10528953,1
82491.392616,1705.32,0.05264477,1
82491.392616,1705.32,0.21057905,1
82491.392616,1705.32,0.05853201,1
82491.865814,1705.3,0.06231577,-1
82492.661561,1705.25,0.12290184,-1
82495.735653,1705.25,0.00896177,1
82497.008103,1705.26,0.05561824,-1
82498.330341,1705.26,0.03059132,-1
82500.77133,1705.23,0.87964673,-1
82500.77133,1705.22,0.03059,-1
82500.77133,1705.22,0.05561,-1
82500.77133,1705.22,0.91379044,-1
82503.567412,1705.26,0.02321947,-1
82504.749549,1705.23,0.00334095,-1
82505.856984,1705.24,0.06118486,-1
82507.474182,1705.24,0.00580557,-1
82507.799751,1705.15,0.00006708,1
82507.799751,1705.2,0.001,1
82507.74351,1705.22,0.00129499,1
82507.74351,1705.22,0.05853201,1
82509.228033,1705.17,0.25501045,1
82509.228033,1705.17,0.27370051,1
82512.384221,1705.17,0.04822682,1
82513.597372,1705.18,0.01,-1
82513.664917,1705.22,0.87965592,-1
82513.664233,1705.2,0.00581,-1
82513.664233,1705.2,0.06118,-1
82513.664233,1705.2,0.90979957,-1
82513.664233,1705.2,0.02321,-1
82513.664233,1705.18,0.99,-1
82514.154766,1705.35,1.84,1
82514.275287,1705.25,1.84,1
82514.336946,1705.18,0.058532,1
82514.451845,1705.17,0.11611133,-1
82516.529613,1705.17,0.00108106,1
82519.170597,1705.18,0.00566069,-1
82519.220906,1705.18,0.05562607,-1
82520.104389,1705.17,0.00075405,1
82520.104389,1705.17,0.05745095,1
82520.215575,1705.16,0.12650168,-1
82520.165987,1705.16,0.0027807,-1
82520.297901,1705.16,0.20045239,-1
82522.004333,1705.16,0.04172076,-1
82523.795769,1705.34,0.45743264,-1
82523.791943,1705.33,2.82651272,-1
82523.79156,1705.33,0.10433719,-1
82523.791442,1705.26,0.05853201,-1
82523.791442,1705.26,0.18545908,-1
82523.790933,1705.25,0.26449324,-1
82523.790933,1705.2,0.87966543,-1
82523.790933,1705.18,1,-1
82523.790933,1705.16,0.04172,-1
82523.790933,1705.16,0.20045,-1
82523.790933,1705.16,0.75782685,-1
82524.371915,1705.68,0.02601542,-1
82524.371915,1705.6,0.001,-1
82524.371915,1705.5,0.001,-1
82524.371915,1705.4,0.001,-1
82524.63255,1705.6,1.075,1
82525.010803,1705.59,0.06118773,-1
82527.282306,1705.51,0.01,1
82527.488803,1705.52,0.12237547,-1
82527.896782,1705.36,0.167444,1
82528.632792,1705.37,0.05840742,-1
82529.231104,1705.37,0.0170984,-1
82530.941734,1705.37,0.18399334,-1
82530.941734,1705.37,0.04047612,-1
82530.941091,1705.37,0.822,-1
82531.324142,1705.53,1.17263017,1
82531.324142,1705.53,0.05646291,1
82531.324142,1705.53,0.05646292,1
82534.270866,1705.52,0.16683906,-1
82539.506343,1705.31,0.05920775,-1
82539.713243,1705.3,0.001112,1
82539.713243,1705.3,0.001,1
82539.806199,1705.25,1.273,1
82539.743762,1705.25,0.01,1
82541.812092,1705.25,0.00327964,-1
82542.413169,1705.24,0.058532,1
82545.372887,1705.4,0.79396225,-1
82545.372887,1705.33,0.18308695,-1
82545.372887,1705.33,0.14659403,-1
82545.372887,1705.25,0.87635677,-1
82546.443657,1705.26,0.058532,1
82546.694366,1705.27,0.01946549,-1
82548.422298,1705.27,0.058532,1
82548.784891,1705.25,0.058532,1
82549.307886,1705.25,1.46605999,1
82549.307886,1705.25,0.00000001,1
82550.8753,1705.24,0.058532,1
82551.055228,1705.25,0.0333764,-1
82552.143641,1705.25,0.00075199,1
82552.143641,1705.25,0.05853201,1
82552.204528,1705.23,0.039701,1
82554.50334,1705.27,0.00677312,1
82555.591676,1705.25,0.016399,1
82555.810343,1705.27,0.00232223,-1
82558.407915,1705.38,0.00055733,-1
82558.39811,1705.38,0.03134425,-1
82559.465487,1705.34,0.058532,1
82559.526458,1705.31,0.058532,1
82559.904947,1705.31,1.46600899,1
82559.904947,1705.31,0.00000001,1
82562.156791,1705.32,0.00039923,1
82564.58153,1705.33,0.00556173,-1
82565.407642,1705.33,0.87403342,-1
82565.526135,1705.5,0.02402604,-1
82565.526135,1705.5,0.001,-1
82565.841902,1705.49,0.06431636,1
82565.841902,1705.49,0.00081329,1
82566.204363,1705.49,0.05624313,1
82566.204363,1705.49,0.05624387,1
82566.563724,1705.4,1.075,1
82568.371962,1705.39,0.00000586,1
82570.859771,1705.4,0.11670701,-1
82575.811181,1705.39,0.024123,-1
82576.973957,1705.39,0.22246845,-1
82579.238843,1705.38,0.06109275,1
82579.238843,1705.38,0.00075266,1
82579.793555,1705.38,0.06009275,1
82579.793555,1705.38,1.41990725,1
82580.873174,1705.38,0.00058051,-1
82580.871088,1705.38,0.00069662,-1
82580.980239,1705.37,0.01,1
82582.435331,1705.39,0.04994658,-1
82582.435331,1705.39,0.00703651,-1
82582.682452,1705.39,0.27713895,-1
82583.512415,1705.37,0.35857325,1
82583.512415,1705.37,0.05187987,1
82583.554241,1705.39,0.01112262,-1
82584.65018,1705.4,0.01139546,-1
82586.175694,1705.36,0.04853201,1
82586.174446,1705.36,0.01,1
82587.70595,1705.38,0.11123778,-1
82587.754777,1705.41,0.031501,1
82587.993226,1705.37,1.475092,1
82588.09872,1705.36,0.05857165,1
82588.09872,1705.37,0.00000075,1
82591.024191,1705.38,0.00580512,-1
82591.452087,1705.37,0.58424925,-1
82591.853968,1705.38,0.70182724,-1
82592.105208,1705.37,0.87957452,-1
82592.100162,1705.38,0.29212462,-1
82592.223373,1705.44,0.453937,1
82592.829656,1705.44,0.01102974,-1
82593.173158,1705.43,0.01439875,1
82595.264209,1705.3,0.00275747,-1
82595.231113,1705.43,0.00084414,1
82595.230105,1705.43,0.83106195,1
82595.673987,1705.24,0.05839989,-1
82599.519844,1705.24,0.027853,-1
82601.951048,1705.16,0.03453907,1
82601.951048,1705.2,0.001,1
82601.951048,1705.23,0.00000009,1
82603.30693,1705.22,0.14862517,-1
82603.30693,1705.22,1,-1
82605.258159,1705.36,0.02196852,-1
82606.925924,1705.36,0.0055618,-1
82608.504752,1705.36,0.022,-1
82609.653056,1705.36,0.03939652,-1
82610.391951,1705.36,0.02902817,-1
82610.543667,1705.35,0.11794271,1
82610.543667,1705.35,0.00075301,1
82612.074186,1705.35,0.958252,1
82613.900506,1705.36,0.08832651,-1
82615.954062,1705.36,0.02074316,-1
82617.150356,1705.33,0.03416999,1
82617.150356,1705.34,0.05853201,1
82617.150356,1705.35,0.00000007,1
82617.263776,1705.33,1.138434,1
82617.908485,1705.34,0.0111236,-1
82617.827793,1705.34,0.02279132,-1
82618.898041,1705.34,0.06118128,-1
82619.234534,1705.34,0.20885461,-1
82619.642595,1705.33,0.03347804,1
82619.642595,1705.33,0.00075415,1
82619.642595,1705.33,0.00000046,1
82621.164452,1705.49,0.038,-1
82621.155952,1705.49,0.77470577,-1
82621.155952,1705.49,0.36204655,-1
82621.770572,1705.49,0.005875,-1
82622.853729,1705.5,0.00541785,-1
82622.853729,1705.5,0.05853201,-1
82622.853729,1705.5,0.001,-1
82622.853729,1705.5,0.07409691,-1
82625.12433,1705.56,1.17263917,-1
82625.12433,1705.54,1,-1
82625.123755,1705.52,1,-1
82625.123755,1705.5,0.05853201,-1
82625.123755,1705.5,0.18628961,-1
82625.123755,1705.5,0.87408962,-1
82625.35394,1705.82,5.64162512,1
82625.35394,1705.82,1.17260445,1
82625.349866,1705.83,1.17259142,1
82625.281749,1705.9,0.001,-1
82625.281749,1705.88,0.52507816,-1
82625.281749,1705.8,0.001,-1
82625.281749,1705.78,0.048,-1
82625.22499,1705.76,0.68914265,-1
82625.22499,1705.7,0.001,-1
82625.22499,1705.69,0.1172762,-1
82625.22499,1705.68,0.79160179,-1
82625.224345,1705.68,0.17539821,-1
82625.224345,1705.64,0.95914174,-1
82625.223712,1705.64,0.04085459,-1
82625.223712,1705.6,1.17263917,-1
82625.222673,1705.59,0.18102328,-1
82625.218129,1705.62,0.16452929,-1
82625.218129,1705.61,0.11732226,-1
82625.218129,1705.61,1.00011507,-1
82625.218129,1705.6,1.17263917,-1
82625.218129,1705.6,0.001,-1
82625.472447,1705.55,0.87948576,-1
82625.472447,1705.54,0.09051163,-1
82625.598024,1705.53,0.879492,-1
82625.59432,1705.52,0.0124408,1
82625.665595,1705.52,0.93822084,1
82625.665595,1705.6,0.00000023,1
82625.653345,1705.6,5.102265,1
82628.744923,1705.53,0.0103647,-1
82628.744923,1705.53,0.04525582,-1
82628.979339,1705.54,0.87948684,-1
82637.843195,1705.61,0.02811457,-1
82638.664282,1705.45,0.54191438,1
82638.664282,1705.46,0.05853201,1
82638.659807,1705.58,1,1
82638.654138,1705.6,0.00075285,1
82638.654138,1705.6,1,1
82638.629515,1705.61,0.00284995,-1
82638.69326,1705.41,0.07229688,-1
82639.083506,1705.29,0.03895869,1
82639.083506,1705.3,0.001,1
82639.055206,1705.4,0.07582227,1
82639.051656,1705.4,0.92417773,1
82639.051656,1705.4,0.001,1
82639.206063,1705.15,0.0002848,1
82639.182935,1705.2,0.001,1
82641.026224,1705.11,0.00181654,-1
82642.303769,1705.11,0.01424394,-1
82642.570471,1705.11,0.00290253,-1
82642.783239,1705.11,0.00122183,-1
82644.091952,1705.1,0.119,1
82644.091952,1705.1,0.001,1
82644.441496,1705.11,0.05561172,-1
82647.506552,1705.11,0.00580437,-1
82647.726176,1705.11,0.05562802,-1
82652.974186,1705.1,0.19547241,1
82654.445611,1705.11,0.05840913,-1
82656.397103,1705.11,0.03279272,-1
82661.186523,1705.1,0.04734795,1
82672.030502,1705.11,0.02279466,-1
82673.210416,1705.11,0.13612253,-1
82673.210416,1705.11,0.00294463,-1
82675.875983,1705.11,0.00126385,-1
82676.71802,1705.1,0.06146003,1
82677.035673,1705.11,0.05532946,-1
82677.035673,1705.11,0.87844479,-1
82677.173478,1705.19,0.11529613,-1
82677.173478,1705.19,0.05853201,-1
82677.36026,1705.33,1.29779296,-1
82677.357132,1705.33,0.54220704,-1
82677.706956,1705.24,0.87964157,-1
82678.557381,1705.35,0.1310838,-1
82681.019702,1705.34,1.87671727,1
82681.674201,1705.35,0.05853201,-1
82681.674201,1705.35,0.20001981,-1
82683.442122,1705.39,0.01958628,1
82683.797028,1705.38,0.72323694,1
82683.797028,1705.39,1.15301817,1
82684.008914,1705.37,0.66132049,1
82684.008914,1705.38,0.27676306,1
82687.393748,1705.37,0.00527827,-1
82687.89462,1705.37,0.0417166,-1
82689.42868,1705.37,0.01709599,-1
82693.320492,1705.47,0.17669185,-1
82693.305566,1705.43,0.87954452,-1
82693.305566,1705.4,0.001,-1
82693.273439,1705.37,0.05853201,-1
82693.410151,1705.54,0.52752942,-1
82693.410151,1705.5,0.001,-1
82694.156387,1705.65,1.17251282,-1
82694.152061,1705.6,0.8794559,-1
82694.152061,1705.6,0.001,-1
82694.868,1705.7,0.87940435,-1
82694.868,1705.7,0.001,-1
82695.113616,1705.78,1.87671727,1
82695.211479,1705.79,0.87935795,-1
82695.633307,1705.9,0.001,-1
82695.622559,1705.82,0.87934502,-1
82695.622559,1705.8,0.001,-1
82696.527742,1705.93,0.03021033,-1
82696.527742,1705.93,0.02262791,-1
82698.898776,1705.92,0.23458966,1
82698.92743,1705.9,0.17294829,1
82698.92743,1705.92,0.76541034,1
82699.111227,1705.91,0.00067308,1
82700.270264,1705.9,0.46498512,1
82700.270264,1705.91,0.00412267,1
82700.366149,1705.9,0.23455389,1
82700.349607,1705.9,0.23458966,1
82701.425196,1705.9,0.07776573,1
82701.425196,1705.9,0.06587133,1
82701.839106,1705.88,0.17294,1
82701.839106,1705.88,0.82705171,1
82701.839106,1705.9,0.14364,1
82701.839106,1705.9,0.08185334,1
82701.83726,1705.9,0.77450093,1
82702.076722,1705.71,0.00290164,-1
82702.285838,1705.71,0.00965754,-1
82702.627214,1705.71,0.00290164,-1
82703.142374,1705.71,0.22273412,-1
82704.29928,1705.79,0.00401173,-1
82704.769199,1705.76,0.23458966,1
82704.756752,1705.76,0.43105334,1
82704.756752,1705.77,1.3838795,1
82704.756752,1705.78,0.06178443,1
82704.743988,1705.78,0.93821557,1
82705.123797,1705.74,0.00290164,-1
82707.000923,1705.74,0.00854287,-1
82707.951776,1705.6,0.08356216,1
82707.950772,1705.6,0.99143784,1
82707.950772,1705.6,0.001,1
82707.922073,1705.7,0.66564,1
82707.922073,1705.7,0.099767,1
82707.922073,1705.7,0.23459,1
82707.922073,1705.7,0.05853201,1
82707.922073,1705.7,0.001,1
82707.922073,1705.72,1,1
82707.922073,1705.72,0.56499708,1
82707.921348,1705.72,1.45673602,1
82707.919745,1705.72,3.08053213,1
82708.025234,1705.51,1.375759,1
82708.481224,1705.52,0.05696539,-1
82709.037143,1705.52,0.03192219,-1
82709.21401,1705.52,0.20362879,-1
82709.290843,1705.52,0.02501826,-1
82710.33768,1705.52,0.00056886,-1
82714.556697,1705.52,0.020553,-1
82717.204467,1705.51,0.28569693,1
82718.793963,1705.5,0.05853201,1
82718.793963,1705.5,0.001,1
82718.793963,1705.51,0.00074936,1
82718.793963,1705.51,4.8165683,1
82722.124803,1705.41,0.00130417,-1
82722.381027,1705.41,0.03089451,-1
82729.979419,1705.41,0.17399368,-1
82731.497886,1705.41,0.69765709,-1
82731.497762,1705.41,0.45438081,-1
82731.497762,1705.41,0.18474427,-1
82731.497762,1705.41,0.05853201,-1
82732.314968,1705.42,0.22980028,-1
82732.256101,1705.42,0.01424561,-1
82732.884703,1705.42,0.02849121,-1
82737.368643,1705.41,0.0056599,-1
82737.601165,1705.41,0.02279051,-1
82737.66632,1705.41,0.00116101,-1
82738.034967,1705.32,0.07017651,1
82738.034967,1705.4,0.00132249,1
82738.034967,1705.4,0.001,1
82738.836026,1705.34,0.03510972,-1
82740.589091,1705.17,0.00000001,1
82740.587868,1705.17,0.0780982,1
82740.587868,1705.2,0.001,1
82740.587868,1705.3,0.001,1
82744.308053,1705.11,0.01844802,1
82744.226171,1705.12,0.02031769,-1
82744.419409,1705.12,0.00113798,-1
82745.946251,1705.2,0.78000002,-1
82745.946251,1705.18,1.1728393,-1
82745.946251,1705.14,1,-1
82745.946251,1705.12,0.02849,-1
82745.946251,1705.12,0.18891834,-1
82745.946251,1705.12,0.24404,-1
82745.946251,1705.12,0.7274629,-1
82745.946251,1705.12,0.85824781,-1
82763.571769,1705.11,0.00580608,-1
82769.674174,1705.01,0.01678362,1
82769.674174,1705.1,0.00087516,1
82769.674174,1705.1,0.001,1
82771.162221,1705.01,0.02849623,-1
82773.368434,1705.01,0.46401492,-1
82773.368434,1705.01,0.05853201,-1
82778.848512,1705.01,0.033032,-1
82780.61975,1705.01,0.011398,-1
82781.095436,1705.02,0.00285095,-1
82783.383542,1705.01,0.01448671,-1
82784.361472,1705.05,0.79254198,-1
82784.351897,1705.05,0.0872011,-1
82784.340474,1705.06,1,-1
82784.340474,1705.05,0.05859315,-1
82784.312773,1705.02,1,-1
82784.312773,1705.02,0.87690412,-1
82784.528455,1705.12,0.967,-1
82788.263462,1705.14,0.034,1
82788.260276,1705.16,0.16938832,-1
82788.260276,1705.15,0.879688,-1
82788.260276,1705.14,0.19392299,-1
82788.260276,1705.14,1,-1
82788.374964,1705.16,0.38800929,-1
82788.374673,1705.16,0.38800929,-1
82788.371646,1705.16,0.03168725,-1
82788.371436,1705.16,0.03168725,-1
82788.362438,1705.16,0.00860252,-1
82788.362438,1705.16,0.26778412,-1
82788.361992,1705.16,0.27638664,-1
82788.359021,1705.16,0.14322046,-1
82788.35843,1705.16,0.14322046,-1
82789.706112,1705.1,0.02731733,-1
82789.706112,1705.09,0.01415698,-1
82789.706112,1705.09,0.01415698,-1
82792.685655,1705,1.075,1
82792.685655,1705,0.00240967,1
82792.685655,1705,0.001,1
82792.685655,1705.01,1.575,1
82792.685655,1705.01,0.58584301,1
82792.993024,1704.99,0.50131457,-1
82792.936078,1704.98,1,-1
82793.267366,1705,1,-1
82793.267366,1705,0.87976539,-1
82793.267366,1705,0.76074732,-1
82794.374826,1705.01,0.00157131,-1
82795.193332,1705.01,0.055453,-1
82797.708215,1704.97,0.01036803,1
82799.997167,1704.98,0.06964192,-1
82799.994337,1704.98,0.07784179,-1
82799.991592,1704.98,0.08902662,-1
82799.988605,1704.98,0.12743813,-1
82799.98554,1704.98,0.38458302,-1
82800.035295,1704.98,0.06018485,-1
82800.032339,1704.98,0.06216744,-1
82800.029406,1704.98,0.0038642,-1
82800.029406,1704.98,0.05913613,-1
82800.026499,1704.98,0.06119308,-1
82800.02338,1704.98,0.06485546,-1
82800.020493,1704.98,0.06628385,-1
82801.344831,1704.99,0.19407381,-1
82801.344831,1704.99,0.22693255,-1
82801.344831,1704.99,0.87977055,-1
82802.559506,1705,0.98164507,-1
82802.622738,1705,0.24169652,-1
82802.622738,1705,0.01835493,-1
82802.90867,1704.89,0.0390491,1
82802.90867,1704.9,0.001,1
82802.898453,1704.91,0.01,-1
82802.892945,1704.97,1.63151114,1
82802.892945,1705.01,0.0007503,1
82804.622791,1704.6,0.001,1
82804.620253,1704.6,0.00000001,1
82804.619057,1704.6,0.04999999,1
82804.619057,1704.6,0.001,1
82804.619057,1704.7,0.001,1
82804.619057,1704.8,0.001,1
82805.401865,1704.2,0.04762961,1
82805.401865,1704.3,0.001,1
82805.401865,1704.4,0.001,1
82805.34437,1704.5,0.001,1
82806.470926,1704.22,0.14662843,-1
82808.67934,1704.16,1.84,-1
82808.67122,1704.15,1.84,-1
82808.668136,1704.15,4.12534,-1
82808.659414,1704.07,3.82539555,1
82808.659414,1704.1,0.001,1
82808.659414,1704.11,1.17260445,1
82808.659414,1704.2,0.001,1
82809.798993,1704.22,0.05859315,-1
82809.795195,1704.22,0.94140685,-1
82809.795195,1704.2,0.05859315,-1
82809.789691,1704.18,0.1671413,-1
82809.789691,1704.18,1,-1
82810.50475,1704.22,0.88016805,-1
82810.482527,1704.19,0.29489979,-1
82810.479343,1704.19,0.54199621,-1
82810.446706,1704.17,3.14537032,-1
82810.544454,1704.26,0.59320664,-1
82810.544454,1704.24,0.05859315,-1
82810.544454,1704.24,0.34820021,-1
82810.541404,1704.24,0.65179979,-1
82810.721312,1704.28,1.37700364,-1
82810.721312,1704.28,0.40679336,-1
82811.51454,1704.27,0.01224136,-1
82811.684318,1704.22,1,-1
82811.684318,1704.22,0.27856632,-1
82812.139649,1704.16,1,-1
82812.133203,1704.14,1.17200742,-1
82812.133203,1704.13,1.37400742,-1
82812.705023,1704.14,0.88085938,-1
82812.692017,1704.13,0.06964158,-1
82812.708535,1704.14,0.11914062,-1
82813.115472,1704.16,0.24284632,-1
82813.115472,1704.16,0.40818068,-1
82813.112811,1704.16,0.57538662,-1
82813.109719,1704.16,0.18997248,-1
82813.057505,1704.15,0.8802042,-1
82813.129261,1704.16,0.33086644,-1
82813.126509,1704.16,0.09553662,-1
82813.12354,1704.16,0.53900158,-1
82813.12354,1704.16,0.24284632,-1
82813.118625,1704.16,0.51430736,-1
82813.374236,1704.22,1,-1
82813.374236,1704.21,0.32528398,-1
82813.374236,1704.2,0.05859315,-1
82813.685343,1704.42,0.999,-1
82813.681849,1704.42,0.001,-1
82813.681849,1704.4,1,-1
82813.681849,1704.4,0.001,-1
82813.759686,1704.53,0.88001029,-1
82813.759686,1704.5,0.001,-1
82813.879403,1704.57,0.87998732,-1
82813.968584,1704.73,0.87990719,-1
82813.968584,1704.7,0.001,-1
82813.968584,1704.6,0.001,-1
82814.017682,1704.78,0.87987892,-1
82814.012919,1704.78,0.21911719,-1
82814.008608,1704.78,0.56176562,-1
82814.005411,1704.78,0.21911719,-1
82814.005411,1704.78,0.048,-1
82814.120627,1704.79,0.87987376,-1
82814.588189,1704.75,0.10446238,-1
82814.646827,1704.76,1,-1
82815.040415,1704.9,0.001,-1
82815.02437,1704.82,1,-1
82815.024041,1704.8,1,-1
82815.024041,1704.8,0.0198686,-1
82815.023955,1704.8,0.86,-1
82815.023955,1704.8,0.001,-1
82815.337066,1705,0.74779493,-1
82815.337066,1705,0.001,-1
82815.498266,1705,0.25220507,-1
82815.98328,1705.04,0.01669548,-1
82816.658117,1704.93,0.05223118,-1
82817.584897,1704.93,0.26503544,1
82818.748524,1704.94,0.4135846,-1
82819.648198,1704.94,0.33392096,-1
82820.220432,1704.94,0.17100645,-1
82820.416716,1704.94,0.20982784,-1
82820.413514,1704.94,0.10948849,-1
82820.413514,1704.94,0.16925126,-1
82820.410484,1704.94,0.32582133,-1
82820.419636,1704.94,0.12409216,-1
82820.526841,1705,0.17145917,-1
82820.526841,1705,1.17304943,-1
82823.927017,1705.04,1.17304943,-1
82823.927017,1705.04,1,-1
82823.926632,1705.02,1,-1
82823.926632,1705.01,0.87976023,-1
82824.420739,1705.09,0.09893424,1
82824.420739,1705.09,0.02297773,1
82824.420739,1705.09,0.82545699,1
82824.420739,1705.09,1.84,1
82825.694386,1705.54,0.90589172,-1
82825.693992,1705.54,2.32478408,-1
82825.693992,1705.54,0.00305928,-1
82825.693992,1705.54,0.00428174,-1
82825.693992,1705.5,0.1,-1
82825.693992,1705.5,0.29325857,-1
82825.693992,1705.5,0.001,-1
82825.693992,1705.48,1.17260445,-1
82825.693992,1705.4,0.05,-1
82825.693992,1705.4,0.001,-1
82825.693992,1705.39,1.575,-1
82825.693992,1705.37,1.73175485,-1
82825.693767,1705.37,9.99858803,-1
82825.693767,1705.37,0.967,-1
82825.693703,1705.36,1.17260445,-1
82825.693703,1705.33,0.31969294,-1
82825.693695,1705.33,1.20598056,-1
82825.693695,1705.3,0.001,-1
82825.693695,1705.26,0.12193342,-1
82825.693695,1705.2,0.001,-1
82825.693516,1705.19,0.9002605,-1
82825.693422,1705.19,0.25824566,-1
82825.693207,1705.19,0.98391398,-1
82825.693157,1705.19,1.34095546,-1
82825.69302,1705.19,3.39441467,-1
82825.69247,1705.19,2.223,-1
82825.692446,1705.19,2.62955261,-1
82825.692446,1705.19,0.05859315,-1
82825.692446,1705.12,0.00306004,-1
82825.692446,1705.12,0.00428281,-1
82825.692446,1705.1,0.87971379,-1
82825.692446,1705.1,0.001,-1
82825.692446,1705.09,1.575,-1
82825.692446,1705.09,1.17292766,-1
82825.692446,1705.09,0.0261156,-1
82825.798676,1705.46,0.548,-1
82825.748131,1705.49,0.147,-1
82825.723667,1705.6,0.25371959,-1
82825.723667,1705.55,1.08591092,-1
82825.706562,1705.7,1.11043598,-1
82825.706562,1705.7,0.048,-1
82825.706562,1705.7,0.001,-1
82825.706065,1705.6,0.001,-1
82825.873841,1705.45,0.05859255,1
82825.873841,1705.45,1.17260445,1
82826.720193,1705.39,0.152973,-1
82829.913035,1705.49,0.01946892,-1
82830.250669,1705.49,0.00055742,-1
82830.690874,1705.49,0.091779,-1
82831.713852,1705.49,0.00116128,-1
82831.692293,1705.49,0.01567733,-1
82832.170171,1705.49,0.02781258,-1
82832.369697,1705.49,0.00348364,-1
82833.956257,1705.48,0.00006854,1
82836.015227,1705.49,0.14511958,-1
82837.630482,1705.49,0.02278958,-1
82838.546045,1705.48,0.00648035,1
82840.055255,1705.49,0.00359412,-1
82840.055255,1705.49,0.00303154,-1
82840.615419,1705.48,2.28914339,1
82840.615273,1705.48,1.8338175,1
82840.615273,1705.48,0.42212097,1
82840.614978,1705.48,0.57133014,1
82840.626161,1705.35,0.58936077,1
82840.618435,1705.4,0.03352845,1
82840.618273,1705.4,1.06,1
82840.617522,1705.4,0.02328285,1
82840.616392,1705.4,3.98545393,1
82840.616392,1705.41,1.06882892,1
82840.616362,1705.41,0.39709423,1
82840.616362,1705.41,0.05859315,1
82840.616362,1705.43,0.88759547,1
82840.61613,1705.43,0.28500898,1
82840.615718,1705.46,0.36726623,1
82840.615617,1705.46,0.63273377,1
82840.61559,1705.48,0.00654,1
82840.61559,1705.48,0.14658114,1
82840.61559,1705.48,0.00159804,1
82840.61559,1705.48,0.77256043,1
82841.574429,1705.21,0.02780491,-1
82841.964211,1705.21,0.02236583,-1
82844.629202,1705.21,0.01445972,-1
82845.476135,1705.21,0.12072747,-1
82846.488269,1705.21,0.11123126,-1
82847.098561,1705.21,0.0305854,-1
82847.430164,1705.2,0.00074997,1
82847.430164,1705.2,1,1
82847.430164,1705.2,0.001,1
82847.851805,1705.12,1,1
82848.822118,1705.08,1,1
82848.821535,1705.1,1,1
82848.821535,1705.1,0.001,1
82849.130118,1704.98,1,1
82849.129958,1705,1,1
82849.129958,1705,0.001,1
82850.181925,1704.9,0.0004043,1
82850.178995,1704.9,0.9995957,1
82850.178995,1704.9,0.001,1
82850.555442,1704.8,0.04395541,1
82850.552113,1704.8,0.95604459,1
82850.552113,1704.8,0.001,1
82852.497575,1704.74,0.87989957,-1
82852.494489,1704.73,0.16846648,-1
82852.494489,1704.73,0.67508409,-1
82852.602499,1704.87,0.586467,-1
82854.275299,1704.9,0.19585155,-1
82854.275299,1704.9,0.05857316,-1
82854.324191,1705,0.001,-1
82854.324191,1704.98,0.01393756,-1
82854.861776,1705.09,0.11548822,1
82856.739879,1705.1,0.01953874,-1
82856.739879,1705.1,0.001,-1
82857.174413,1705.1,0.000002,-1
82859.847982,1705.2,0.001,-1
82860.252784,1705.29,0.17594328,1
82860.888884,1705.29,0.00094423,1
82862.960316,1705.26,1,1
82862.960316,1705.28,0.0000001,1
82862.955012,1705.28,0.001205,1
82862.955012,1705.28,1,1
82863.205673,1705.11,0.87970864,-1
82863.30723,1705.17,0.16741396,-1
82863.434258,1705.2,0.36695778,-1
82863.434258,1705.2,1.075,-1
82863.667357,1705.21,0.00808225,-1
82863.667357,1705.21,0.0130578,-1
82864.256244,1705.2,0.29323878,1
82864.492009,1705.18,1,1
82864.491535,1705.2,1,1
82864.630832,1705.09,0.02914802,1
82864.975241,1705,0.0217612,1
82864.975241,1705,0.001,1
82865.98838,1705.01,0.11125018,-1
82866.107144,1705.01,0.025693,-1
82866.041444,1705.01,0.018063,-1
82866.429769,1705.01,0.03250807,-1
82867.60507,1705.01,0.05805148,-1
82867.6799,1705.01,0.01915904,-1
82868.586492,1705.01,0.04927455,-1
82868.586492,1705.01,0.08766845,-1
82868.526424,1705.01,0.061133,-1
82868.97153,1705.01,0.05795273,-1
82871.827401,1704.98,0.3510818,1
82871.827038,1704.98,0.6489182,1
82871.827038,1705,0.02176,1
82871.827038,1705,0.3293218,1
82871.807011,1705,0.648917,1
82872.29202,1704.91,0.2710517,-1
82874.261975,1704.9,0.00000586,1
82874.249748,1704.9,0.00161598,1
82874.249748,1704.9,0.001,1
82876.965634,1705.11,0.967,-1
82876.919053,1704.91,0.05858917,-1
82876.919053,1704.91,0.17270263,-1
82877.686399,1705.2,0.0101251,-1
82877.686399,1705.2,0.001,-1
82880.339268,1705.19,0.00000586,1
82880.328306,1705.19,0.00560641,1
82881.987763,1705.2,0.06952991,-1
82881.959424,1705.2,0.01668862,-1
82882.191786,1705.19,0.00166976,-1
82882.191786,1705.19,0.0065289,-1
82882.698397,1705.16,1,1
82882.698375,1705.18,0.00162,1
82882.698375,1705.18,0.99837816,1
82883.281482,1704.95,0.15229853,-1
82883.281482,1704.95,0.00326444,-1
82886.010332,1704.96,0.27816694,-1
82887.054255,1705.06,0.39452272,1
82887.048036,1705.06,0.60547728,1
82887.048036,1705.08,0.00141736,1
82887.048036,1705.08,0.39321252,1
82887.038677,1705.08,0.60678748,1
82887.292092,1704.74,0.08458253,1
82887.292092,1704.8,0.001,1
82887.292092,1704.9,0.001,1
82887.834004,1704.8,1,1
82887.832136,1704.82,0.34205602,1
82887.829899,1704.82,0.65794398,1
82888.648076,1704.7,0.264686,1
82888.634056,1704.7,0.73531356,1
82888.634056,1704.7,0.001,1
82890.192845,1704.71,0.0569978,-1
82890.578092,1704.71,0.01424937,-1
82891.260877,1704.71,0.01741976,-1
82891.914785,1704.71,0.0854962,-1
82892.64068,1704.71,0.08709882,-1
82893.070802,1704.71,0.00056913,-1
82893.366489,1704.71,0.04644616,-1
82895.129343,1704.71,0.00855968,-1
82895.714645,1704.7,0.01523506,1
82895.714645,1704.7,0.00000044,1
82897.013491,1704.77,0.43919112,-1
82897.013167,1704.77,0.03333211,-1
82897.013167,1704.74,0.05859031,-1
82897.010399,1704.74,0.87990091,-1
82897.010399,1704.71,0.16772997,-1
82897.075948,1705.07,0.05599747,-1
82897.075948,1705,0.001,-1
82897.030251,1704.96,0.00183709,-1
82897.030251,1704.96,0.00345117,-1
82897.030251,1704.96,0.01118013,-1
82897.136366,1705.1,0.001,-1
82897.237542,1705.2,0.001,-1
82899.94384,1705.25,0.03990292,-1
82902.335562,1705.25,0.6268597,-1
82902.436201,1705.24,0.0592292,1
82904.076072,1705.25,0.00653443,-1
82904.797087,1705.25,0.1368904,-1
82904.797087,1705.25,0.15799976,-1
82904.897765,1705.25,0.06490363,-1
82905.165418,1705.25,0.00355199,-1
82906.16771,1705.25,0.01112353,-1
82906.706836,1705.25,0.08401623,-1
82908.157311,1705.25,0.01669058,-1
82908.463303,1705.25,0.01112353,-1
82914.270782,1705.24,0.00108414,1
82914.270782,1705.24,0.05922,1
82914.270782,1705.24,0.9407708,1
82914.32573,1705.2,1,1
82914.485402,1705.07,0.43986463,-1
82914.485319,1705.07,0.43986464,-1
82915.198046,1705.22,0.05562346,-1
82916.050018,1705.21,0.00630993,1
82919.260232,1705.22,0.82402843,-1
82919.260232,1705.21,0.16610288,-1
82919.260232,1705.21,0.05859031,-1
82919.385689,1705.3,0.87838882,-1
82919.383687,1705.3,0.0012218,-1
82919.383687,1705.3,0.16672218,-1
82919.383687,1705.3,0.001,-1
82919.362282,1705.26,0.87963125,-1
82919.362282,1705.26,0.14701927,-1
82922.446042,1705.39,0.01314346,1
82924.763159,1705.39,0.00712569,1
82924.528144,1705.4,0.00207554,-1
82924.528144,1705.4,0.001,-1
82924.995109,1705.5,1.17279709,-1
82924.995109,1705.5,0.001,-1
82924.995109,1705.49,0.05857963,-1
82924.987816,1705.4,0.87955904,-1
82925.254567,1705.58,0.169517,-1
82925.494987,1705.64,0.19996223,-1
82925.494987,1705.6,0.001,-1
82925.494987,1705.58,0.00000063,-1
82925.655681,1705.78,0.029,-1
82925.655681,1705.7,0.001,-1
82925.796275,1705.72,1.235035,1
82927.608247,1705.61,0.18260831,-1
82927.608247,1705.61,0.87945075,-1
82927.841394,1705.76,0.87937264,-1
82927.841394,1705.76,0.00147344,-1
82927.841394,1705.76,0.00312334,-1
82927.841394,1705.76,0.00896458,-1
82928.412957,1705.76,0.06411064,-1
82928.412957,1705.76,0.00000077,-1
82928.834447,1705.8,0.001,-1
82928.834447,1705.76,0.81526277,-1
82929.268355,1705.87,0.28691006,1
82930.973777,1705.86,0.93830911,1
82932.88424,1705.86,0.48300911,1
82932.88424,1705.86,0.9383,1
82932.88424,1705.86,0.06169089,1
82934.903805,1705.86,0.0842455,1
82934.903805,1705.86,0.48108007,1
82934.903805,1705.86,0.74606185,1
82935.585678,1705.9,0.58223506,-1
82935.585678,1705.9,0.001,-1
82935.585678,1705.88,0.87931155,-1
82935.585678,1705.87,0.05857963,-1
82935.585678,1705.87,0.18470047,-1
82935.685978,1706,4.89307312,-1
82935.685438,1706,5.28474051,-1
82935.685438,1706,0.001,-1
82935.685438,1705.99,0.87925486,-1
82935.685438,1705.99,2.93084953,-1
82936.203391,1705.98,0.0842395,1
82936.203391,1705.98,0.9157545,1
82936.154181,1705.99,0.451757,1
82936.44164,1705.99,0.01,-1
82936.774823,1705.99,0.17413125,-1
82936.73736,1705.99,0.0111202,-1
82937.100011,1705.99,0.00565877,-1
82937.90787,1705.99,0.00834089,-1
82938.509292,1705.98,0.994104,1
82938.495072,1705.98,0.0058851,1
82938.495072,1705.98,0.0000005,1
82939.410473,1705.98,0.28301177,1
82939.410473,1705.98,0.0000009,1
82939.747267,1705.99,0.08704572,-1
82940.155573,1705.98,0.00207777,1
82940.155573,1705.98,0.28302,1
82940.155573,1705.98,0.71697823,1
82940.369144,1705.9,0.02779856,-1
82941.948444,1705.9,0.084654,-1
82946.894728,1705.99,0.00213553,-1
82948.615733,1705.99,0.01124265,-1
82948.748575,1705.99,0.00580308,-1
82949.185283,1706,6.982191,-1
82949.15583,1706,3.91251215,-1
82949.155702,1706,3.91251215,-1
82949.152562,1706,0.79103519,-1
82949.152562,1705.99,0.18318711,-1
82949.152562,1705.99,0.18399688,-1
82949.152409,1705.99,0.69525798,-1
82949.152409,1705.99,0.4629612,-1
82949.490949,1706,0.00464247,-1
82951.070171,1706,1.8750669,-1
82951.069731,1706,7.12492187,-1
82951.069667,1706,4.58752578,-1
82951.069633,1706,3.63395219,-1
82951.067482,1706,0.65820039,-1
82951.066925,1706,3.48606074,-1
82951.066891,1706,0.94714722,-1
82951.066716,1706,3.48606074,-1
82951.038968,1706,7.21788796,-1
82951.036077,1706,1.24422199,-1
82951.035167,1706,6.20622199,-1
82951.023613,1706,0.8710198,-1
82951.129965,1706.1,0.001,-1
82951.570286,1706.2,0.00282534,-1
82951.570286,1706.2,0.00118166,-1
82951.570286,1706.2,0.001,-1
82952.162403,1706.27,0.00057938,-1
82952.162403,1706.2,0.00000093,-1
82952.446102,1706.27,0.00580308,-1
82953.300526,1706.27,0.00125347,-1
82953.512141,1706.27,0.05696305,-1
82953.627661,1706.27,0.18664378,-1
82953.627661,1706.27,0.81451433,-1
82954.40112,1706.3,0.02748153,-1
82954.40112,1706.3,0.001,-1
82957.354831,1706.31,0.85429979,-1
82958.560183,1706.31,0.03063471,-1
82960.69237,1706.3,0.00120199,1
82960.69237,1706.3,0.60666597,1
82960.69237,1706.3,0.14653904,1
82962.575375,1706.28,0.11382292,-1
82962.575375,1706.28,0.87910542,-1
82962.773641,1706.38,1.172604,1
82962.724679,1706.39,0.11821932,1
82962.724679,1706.39,0.11821968,1
82963.7759,1706.4,0.8790436,-1
82963.7759,1706.4,0.001,-1
82963.7759,1706.39,1.575,-1
82963.7759,1706.39,0.00255754,-1
82963.7759,1706.39,0.0009477,-1
82963.7759,1706.39,0.1826284,-1
82963.7759,1706.39,0.00719663,-1
82963.7759,1706.39,0.05857963,-1
82963.7759,1706.39,0.48178012,-1
82964.25551,1706.4,0.22926257,1
82964.25551,1706.41,0.35910993,1
82964.618973,1706.36,0.11604192,-1
82965.76768,1706.38,0.22235111,-1
82967.05273,1706.5,0.87899208,-1
82967.05273,1706.5,0.001,-1
82967.600662,1706.6,0.001,-1
82969.524274,1706.69,0.01668445,1
82969.860906,1706.7,0.00351259,-1
82969.860906,1706.7,0.00231414,-1
82969.860906,1706.7,0.00076002,-1
82969.860906,1706.7,0.0057691,-1
82969.860906,1706.7,0.001,-1
82971.564382,1706.51,1.231016,1
82971.564382,1706.51,0.5,1
82971.523444,1706.61,0.6,1
82971.810103,1706.28,0.52132475,1
82971.807261,1706.28,0.07867525,1
82971.802752,1706.3,0.03883763,1
82971.802752,1706.3,0.001,1
82971.794686,1706.33,0.00000001,1
82971.791062,1706.33,0.59999999,1
82971.791062,1706.4,0.001,1
82971.791062,1706.5,0.001,1
82971.864719,1706.23,0.542443,1
82972.384645,1706.23,0.00000586,1
82974.338297,1706.2,0.000843,1
82974.338297,1706.2,0.001,1
82975.749502,1705.87,0.09467204,1
82975.746501,1705.9,0.001,1
82975.739537,1705.9,0.001,1
82975.739537,1706,0.001,1
82975.739537,1706.1,0.001,1
82981.182976,1705.81,0.03,-1
82983.378255,1705.72,0.75726728,1
82983.363306,1705.63,0.12827836,1
82983.363306,1705.7,0.001,1
82983.363306,1705.8,0.001,1
82984.816497,1705.6,1.19908,1
82984.816497,1705.6,0.001,1
82984.809101,1705.61,0.0277997,-1
82986.254502,1705.62,0.0277997,-1
82986.412734,1705.64,1,-1
82986.412459,1705.62,0.1818603,-1
82986.412459,1705.62,1,-1
82986.412459,1705.62,0.85164589,-1
82986.643283,1705.75,0.190239,1
82986.802519,1705.66,0.04615107,1
82986.802519,1705.66,0.0475602,1
82986.802519,1705.66,0.0475602,1
82991.828543,1705.6,0.239249,1
82991.828543,1705.6,0.00075375,1
82993.089681,1705.61,0.00058044,-1
82994.674988,1705.34,0.79390047,1
82994.674988,1705.34,5.10226523,1
82994.674988,1705.39,0.03844925,1
82994.674988,1705.4,0.001,1
82994.674988,1705.41,1.17209144,1
82994.674988,1705.5,0.001,1
82994.718561,1705.32,0.07689851,1
82997.6261,1705.3,1.17158757,1
82997.6261,1705.3,1.075,1
82997.6261,1705.3,0.39800517,1
82997.626046,1705.3,0.6764391,1
82997.626046,1705.3,1.1635609,1
82997.626046,1705.3,0.001,1
82997.681421,1705.3,0.04761906,-1
82997.6813,1705.3,0.10619869,-1
82998.386142,1705.23,1.172604,1
82998.327489,1705.38,0.02829144,1
82998.326273,1705.38,0.97170856,1
82998.321907,1705.4,1,1
83000.262137,1705.27,0.053495,-1
83001.802081,1705.27,0.8261311,-1
83002.773246,1705.32,0.000873,1
83002.773246,1705.32,1,1
83002.883475,1705.28,1,1
83003.663707,1705.16,0.04515874,1
83003.662618,1705.16,0.06421302,1
83003.66168,1705.16,0.25622406,1
83003.66168,1705.16,0.06238631,1
83003.660157,1705.16,0.04805853,1
83003.658918,1705.16,0.04500989,1
83003.658038,1705.16,0.06294272,1
83003.656773,1705.16,0.04640661,1
83003.655663,1705.16,0.06193376,1
83003.654133,1705.16,0.67326218,1
83003.630712,1705.2,0.00000001,1
83003.629105,1705.2,0.99999999,1
83003.629105,1705.2,0.001,1
83004.609787,1705.11,0.00292937,-1
83006.410867,1705.1,0.00000001,1
83006.407729,1705.1,0.99999999,1
83006.407729,1705.1,0.001,1
83006.588396,1705.01,0.00586283,-1
83006.779667,1705.01,0.00169425,-1
83008.815677,1705.01,0.01451332,-1
83010.39491,1705,0.00000586,1
83010.957598,1705,1.07499901,1
83010.957598,1705,1.03044636,1
83010.957598,1705,0.66847063,1
83010.945424,1705,0.07137383,1
83010.94339,1705,0.34146354,1
83010.941878,1705,0.00000586,1
83010.941878,1705,1.075,1
83010.941878,1705,0.00099414,1
83012.234388,1705.08,0.00407104,-1
83012.234388,1705.04,0.00060953,-1
83012.234388,1705.04,0.0020939,-1
83012.234388,1705.04,0.00462353,-1
83012.345552,1705.08,0.01741823,-1
83012.805876,1705.11,0.87970864,-1
83012.805876,1705.11,0.40761574,-1
83012.857589,1705.3,0.00092903,-1
83013.640991,1705.29,0.01232381,-1
83013.621121,1705.29,0.02903209,-1
83015.097251,1705.29,0.14647248,-1
83015.280668,1705.3,0.00283207,-1
83015.280668,1705.3,0.00007097,-1
83015.260362,1705.29,0.00566126,-1
83015.79048,1705.29,0.01161284,-1
83018.087189,1705.28,0.03113072,1
83018.295786,1705.24,1,1
83018.252192,1705.28,0.00081455,1
83018.252192,1705.28,0.03009336,1
83018.246711,1705.28,0.93877592,1
83018.342977,1705.03,0.00013916,-1
83018.638619,1705.03,0.87961075,-1
83018.739835,1705.1,1.021,-1
83018.841892,1705.16,0.52595542,-1
83019.852165,1705.18,0.01194811,1
83020.129319,1705.19,0.10570003,-1
83022.362465,1705.18,0.00000586,1
83023.139152,1705.18,0.10250353,1
83026.81971,1705.18,0.1025095,1
83026.81971,1705.18,0.01194,1
83026.81971,1705.18,0.8855425,1
83027.446326,1705.16,1,1
83027.445526,1705.18,0.99999,1
83027.445526,1705.18,0.0000005,1
83027.534243,1705,0.001,1
83027.619657,1704.69,0.5,1
83027.619657,1704.7,0.001,1
83027.619657,1704.8,0.001,1
83027.619657,1704.9,0.001,1
83027.962874,1704.61,0.87996667,-1
83028.065955,1704.62,0.87996151,-1
83028.065955,1704.62,0.16155912,-1
83028.264938,1704.6,1,1
83028.264938,1704.6,0.001,1
83028.207056,1704.62,0.000753,1
83028.207056,1704.62,1,1
83029.225921,1704.7,0.25984374,-1
83029.225921,1704.65,0.87994602,-1
83029.681451,1704.7,0.00064305,-1
83031.503732,1704.68,1,1
83032.067031,1704.52,0.88001314,-1
83032.62101,1704.67,0.04412412,-1
83034.03765,1704.75,0.03059078,-1
83034.66289,1704.77,0.00001054,1
83035.803425,1704.76,0.04450149,-1
83036.777714,1704.75,0.14665595,1
83038.322119,1704.57,0.87998732,-1
83038.322119,1704.57,0.18882036,-1
83039.534473,1704.65,0.87994602,-1
83040.193517,1704.95,0.87979126,-1
83040.193517,1704.9,0.001,-1
83040.193517,1704.8,0.001,-1
83041.513417,1705.09,0.08551576,-1
83042.463743,1705.09,0.00278098,-1
83042.694089,1705.08,1,1
83043.92975,1705.1,0.00189454,-1
83043.92975,1705.1,0.001,-1
83043.92975,1705.09,0.87971895,-1
83044.238295,1705.25,0.87963878,-1
83044.238295,1705.2,0.001,-1
83044.583238,1705.3,0.87961128,-1
83044.583238,1705.3,0.001,-1
83046.669333,1705.34,1,1
83046.657761,1705.38,0.14665079,1
83046.657761,1705.38,1,1
83046.717322,1705.28,0.05860159,1
83048.6215,1705.11,0.03483692,-1
83049.899363,1705.1,0.00124,1
83049.899363,1705.1,0.001,1
83051.103812,1705.02,0.12278053,-1
83051.103812,1705.02,0.15535705,-1
83051.093303,1705.02,0.00434896,1
83051.092432,1705.02,0.05425263,1
83051.178122,1705.01,0.14665,1
83056.714383,1705.01,0.87976023,-1
83057.359764,1705.11,0.00009539,-1
83057.350051,1705.11,0.00527825,-1
83057.651494,1705.11,0.02924737,-1
83058.473615,1705.29,0.13057991,1
83058.473615,1705.29,0.13058036,1
83058.473615,1705.29,0.26116073,1
83058.970558,1705.3,0.84779169,-1
83058.970558,1705.3,0.001,-1
83061.493435,1705.31,1.092988,1
83061.859142,1705.29,0.5,1
83062.352054,1705.22,0.058601,1
83062.548634,1705.15,0.24318071,1
83063.152821,1705.2,0.16851889,-1
83063.152821,1705.2,0.832,-1
83065.877157,1705.23,0.13957,1
83066.555993,1705.27,0.1335476,-1
83073.063563,1705.2,0.001388,1
83073.191846,1705.16,0.46344058,-1
83073.126072,1705.19,8.51,1
83073.599503,1705.18,0.0052251,-1
83073.638217,1705.19,0.00058057,-1
83073.832365,1705.19,0.00290283,-1
83075.822306,1705.36,0.33562492,-1
83075.822306,1705.3,0.05860159,-1
83075.822306,1705.3,1.08197606,-1
83075.822306,1705.3,0.66414915,-1
83075.822306,1705.29,1.08197606,-1
83075.822306,1705.27,1.575,-1
83075.822306,1705.26,0.11368302,-1
83075.822306,1705.26,0.11368302,-1
83075.755473,1705.3,0.16785085,-1
83075.755473,1705.19,0.16587626,-1
83076.218885,1705.27,0.00406397,-1
83076.788114,1705.29,0.05698844,-1
83076.960547,1705.29,0.01390458,-1
83081.198921,1705,0.001,1
83081.18438,1705.09,0.00000001,1
83081.183891,1705.09,0.02898147,1
83081.183891,1705.1,0.001,1
83081.283295,1704.76,0.00087962,1
83081.283295,1704.8,0.001,1
83081.283295,1704.9,0.001,1
83081.894589,1704.64,0.0258861,1
83081.894589,1704.7,0.001,1
83081.937707,1704.64,0.0005749,-1
83082.225749,1704.61,0.05414167,-1
83083.596556,1704.61,0.02881262,-1
83084.85578,1704.62,0.00566053,-1
83087.115504,1704.62,1,-1
83087.115504,1704.62,0.87430098,-1
83089.371629,1704.68,0.04451637,-1
83092.637183,1704.7,1,-1
83092.637183,1704.68,1,-1
83092.637183,1704.68,0.48572947,-1
83092.63667,1704.68,0.3496847,-1
83094.853292,1704.89,0.054,1
83095.286842,1704.74,0.01358263,-1
83095.286842,1704.74,0.0434242,-1
83095.807088,1704.72,0.00603485,-1
83095.807088,1704.71,0.0217121,-1
83096.42007,1704.68,0.09770411,-1
83096.42007,1704.68,0.01358,-1
83098.151171,1704.66,0.11614947,-1
83100.108215,1704.4,1.49456953,1
83100.106154,1704.4,1.76326214,1
83100.106154,1704.4,0.001,1
83099.999933,1704.4,0.04999999,1
83099.999933,1704.4,0.001,1
83099.999933,1704.5,0.001,1
83099.999933,1704.6,0.00159749,1
83099.999933,1704.6,0.001,1
83101.856056,1704.31,0.046315,-1
83101.822948,1704.31,0.11126975,-1
83102.939073,1704.32,0.08798335,-1
83104.107323,1704.32,0.08798,-1
83104.107323,1704.32,0.01207294,-1
83104.107323,1704.32,0.91201665,-1
83104.107323,1704.31,0.88012157,-1
83106.304667,1704.32,0.05952543,-1
83106.351524,1704.32,0.00103266,-1
83109.207645,1704.31,0.01140261,-1
83109.196215,1704.31,0.01696154,-1
83109.196215,1704.31,0.01085606,-1
83112.947891,1703.91,0.1990651,1
83112.94638,1703.96,0.5,1
83112.94638,1703.96,0.07459155,1
83112.94638,1704,0.001,1
83112.916804,1704.02,1.37079803,1
83112.916804,1704.03,0.1536,1
83112.916804,1704.1,0.001,1
83112.916804,1704.12,1.575,1
83112.916804,1704.2,0.001,1
83112.916804,1704.3,0.00075263,1
83112.916804,1704.3,0.001,1
83113.174498,1703.89,0.00062532,1
83113.174498,1703.9,0.001,1
83113.174498,1703.9,0.00073125,1
83113.141762,1704.05,0.59457196,1
83116.646469,1703.84,0.01112967,-1
83117.62823,1703.81,0.0059194,-1
83118.369704,1703.82,0.00041512,-1
83119.046659,1703.81,0.08552881,-1
83119.382892,1703.81,0.00166713,-1
83120.067608,1703.58,0.4431704,1
83120.067608,1703.6,0.713,1
83120.067608,1703.6,0.001,1
83120.067608,1703.6,0.05,1
83120.067608,1703.65,1.46743756,1
83120.067608,1703.65,5.10226523,1
83120.067608,1703.66,1.46742894,1
83120.067608,1703.66,1.17260445,1
83120.067608,1703.7,0.001,1
83120.067608,1703.72,0.09999999,1
83120.067608,1703.73,1.17378553,1
83120.067608,1703.8,0.001,1
83122.299364,1703.76,0.00388501,-1
83122.299364,1703.76,0.01153,-1
83122.640992,1703.75,0.00725861,1
83123.379323,1703.76,0.2,-1
83123.36072,1703.76,0.0182508,-1
83125.321113,1703.6,0.50118908,1
83125.321113,1703.6,0.001,1
83125.321113,1703.65,1.17378553,1
83125.321113,1703.66,0.05860159,1
83125.321113,1703.75,0.0007517,1
83125.645865,1703.66,0.01542,-1
83125.645865,1703.66,0.76632452,-1
83125.645865,1703.66,0.21825,-1
83125.645865,1703.66,0.12955802,-1
83125.645865,1703.66,0.12955802,-1
83125.747357,1703.68,0.12955802,-1
83126.106164,1703.7,0.713,-1
83126.096021,1703.69,0.0022836,-1
83126.533531,1703.74,1,-1
83126.533531,1703.72,1,-1
83126.533531,1703.71,0.32927136,-1
83128.321578,1703.75,0.0296405,1
83129.112836,1703.76,0.56668164,-1
83129.10961,1703.76,0.29734679,-1
83129.10961,1703.76,0.0007189,-1
83129.148898,1703.76,0.13597157,-1
83129.223952,1703.8,1,-1
83129.577098,1703.92,0.67632558,-1
83129.561917,1703.92,0.32367442,-1
83129.561917,1703.9,1,-1
83129.561917,1703.9,0.001,-1
83130.209303,1704,0.02682416,-1
83130.209303,1704,0.001,-1
83130.555401,1704.02,0.25944513,-1
83130.527206,1704.02,0.74055487,-1
83130.527206,1704,0.02682,-1
83130.527206,1704,0.97317584,-1
83130.643219,1704.2,0.001,-1
83130.638339,1704.1,0.001,-1
83132.88224,1704.26,0.08518372,-1
83133.790588,1704.26,0.00174267,-1
83135.020794,1704.26,0.13072183,-1
83135.093921,1704.26,0.0058089,-1
83135.608615,1704.26,0.00113856,-1
83135.969568,1704.26,0.0058089,-1
83136.103436,1704.26,0.04066233,-1
83136.154533,1704.26,0.05667795,-1
83136.694266,1704.26,0.10315,-1
83136.694266,1704.26,0.00114,-1
83136.694266,1704.26,0.13653,-1
83136.694266,1704.26,0.00174,-1
83136.694266,1704.26,0.08518,-1
83136.694266,1704.26,0.67225514,-1
83136.756394,1704.3,1,-1
83136.756394,1704.3,0.001,-1
83136.808695,1704.43,0.88006228,-1
83136.808695,1704.4,0.001,-1
83137.067054,1704.52,1,-1
83137.063976,1704.5,1,-1
83137.063976,1704.5,0.001,-1
83137.576429,1704.6,0.05465512,-1
83137.576429,1704.6,0.001,-1
83138.680309,1704.6,0.00290447,-1
83139.352222,1704.6,0.00306133,-1
83140.107886,1704.6,0.00290449,-1
83141.354635,1704.6,0.12466637,-1
83141.788314,1704.6,0.04730827,-1
83143.543618,1704.62,1,-1
83143.53913,1704.6,0.04731,-1
83143.53913,1704.6,0.12467,-1
83143.53913,1704.6,0.0029,-1
83143.53913,1704.6,0.00307,-1
83143.53913,1704.6,0.0029,-1
83143.53913,1704.6,0.05465,-1
83143.53913,1704.6,0.76449995,-1
83144.888368,1704.72,1,-1
83144.888368,1704.7,0.29228417,-1
83144.885137,1704.7,0.70771583,-1
83144.885137,1704.7,0.001,-1
83145.844081,1704.82,1,-1
83145.844081,1704.81,0.00369551,-1
83145.844081,1704.81,0.00171176,-1
83145.843542,1704.8,1,-1
83145.843542,1704.8,0.001,-1
83146.105733,1704.89,0.81559482,1
83148.382854,1704.9,0.04546251,-1
83148.382854,1704.9,0.001,-1
