66372.407306,1685,0.11162151,-1
66372.407306,1685,0.5642931,-1
66372.407262,1685,0.32591461,-1
66371.789607,1684.92,0.56533958,-1
66371.789354,1684.92,0.32491461,-1
66368.205197,1685,0.18632167,-1
66368.205197,1684.99,0.04340825,-1
66368.102977,1685,0.40591461,1
66368.102977,1685.01,0.40591461,1
66367.523236,1685.07,0.56425612,-1
66367.523164,1685.07,0.32591461,-1
66367.166675,1685.06,0.00862008,1
66367.166675,1685.06,0.00081958,1
66365.45123,1685.15,0.21621761,-1
66365.45105,1685.15,0.67391461,-1
66365.34915,1685.12,0.64153472,-1
66365.337462,1685.01,0.21528782,-1
66365.337067,1685.01,0.67491461,-1
66364.178067,1685.07,0.40291417,1
66364.178067,1685.07,0.00000083,1
66364.145932,1685.07,0.40291378,1
66364.145932,1685.07,0.00000022,1
66364.059963,1685.07,0.40191439,1
66364.059963,1685.07,0.00000061,1
66364.009279,1685.07,0.401914,1
66363.266963,1685.07,0.30807261,-1
66363.266656,1685.07,0.58209812,-1
66363.266656,1685.07,0.08681649,-1
66362.404219,1684.75,1.87149181,1
66362.404219,1684.75,0.07139708,1
66362.404219,1684.76,0.88980374,1
66362.404219,1684.8,0.001,1
66362.404219,1684.81,0.03569854,1
66362.404219,1684.82,1.575,1
66362.404219,1684.83,0.88980374,1
66362.404219,1684.9,0.001,1
66362.404219,1685,0.001,1
66362.404219,1685.02,1.18680509,1
66362.404219,1685.06,1.575,1
66362.404219,1685.1,0.001,1
66362.404219,1685.2,0.001,1
66362.256458,1685.3,0.001,1
66362.24711,1685.34,0.40191461,1
66362.24711,1685.36,0.40191461,1
66362.24711,1685.37,0.40191461,1
66362.24711,1685.38,0.11463662,1
66362.2471,1685.38,0.28727799,1
66362.2471,1685.39,0.40191461,1
66362.2471,1685.4,0.60955871,1
66362.2471,1685.41,0.11202548,1
66362.2471,1685.42,0.14764734,1
66362.246861,1685.42,0.23804368,1
66362.067177,1685.42,0.01522359,1
66362.067177,1685.43,1.03459359,1
66362.067125,1685.43,0.54040641,1
66362.067125,1685.43,0.40091461,1
66362.067125,1685.44,0.10849616,1
66362.066001,1685.44,0.55941845,-1
66362.065953,1685.44,0.33391461,-1
66362.042604,1685.44,0.22541845,-1
66362.042578,1685.44,0.66791461,-1
66361.995412,1685.41,0.55588913,-1
66361.995252,1685.41,0.33391461,-1
66361.985041,1685.4,0.0593559,-1
66361.735674,1685.34,0.33291461,-1
66361.735609,1685.34,0.49528163,-1
66361.735609,1685.33,0.17363298,-1
66361.581223,1685.52,0.26526124,1
66361.218971,1685.53,0.398914,1
66361.187651,1685.54,0.39991382,1
66361.187651,1685.54,0.00000018,1
66361.157431,1685.54,0.39791443,1
66361.157431,1685.54,0.00000057,1
66361.126717,1685.54,0.39891404,1
66361.126717,1685.54,0.00000096,1
66360.990997,1685.54,0.39891365,1
66360.990997,1685.54,0.00000035,1
66360.901212,1685.54,0.39791426,1
66360.901212,1685.54,0.00000074,1
66360.834724,1685.54,0.479938,1
66360.61071,1685.54,0.18497587,-1
66360.599114,1685.54,0.66491461,-1
66360.599027,1685.54,0.33691461,-1
66360.559857,1685.54,0.66491461,-1
66360.559521,1685.54,0.33691461,-1
66360.525043,1685.5,0.001,-1
66360.525043,1685.45,0.39965337,-1
66360.46995,1685.45,0.33591461,-1
66360.469803,1685.45,0.45123711,-1
66360.469803,1685.45,0.0593559,-1
66360.469803,1685.45,0.1553216,-1
66360.421702,1685.45,0.66591461,-1
66360.421583,1685.45,0.33591461,-1
66359.150688,1685.43,0.0593559,-1
66359.138174,1685.4,0.001,-1
66359.138174,1685.39,0.55109109,-1
66359.138172,1685.39,0.33891461,-1
66359.04151,1685.3,0.65456325,-1
66359.04151,1685.3,0.00835136,-1
66359.041489,1685.3,0.33891461,-1
66376.895213,1685,0.00184067,-1
66376.883857,1684.96,0.11157924,-1
66376.883857,1684.92,0.56333537,-1
66376.883802,1684.92,0.32691461,-1
66379.042746,1684.81,0.05088265,1
66379.042746,1684.81,1.48384684,1
66379.042746,1684.81,0.0593559,1
66379.042746,1684.9,0.001,1
66379.042746,1684.96,0.40491461,1
66380.441696,1685.16,0.01527158,1
66380.441696,1685.16,0.00076091,1
66380.738109,1685.15,0.403914,1
66381.524562,1685.06,0.265164,1
66381.51076,1685.06,0.13775046,1
66382.996812,1684.99,0.57829539,1
66382.996812,1684.99,0.40191461,1
66383.473577,1684.96,0.40291461,1
66386.392642,1684.77,11.86971798,1
66386.392642,1684.8,0.001,1
66386.392642,1684.9,0.001,1
66387.299437,1684.71,0.00224815,-1
66387.410334,1684.7,0.41591439,1
66387.410334,1684.7,0.00000061,1
66387.373087,1684.7,0.416914,1
66387.373087,1684.7,0.001,1
66387.767393,1684.71,0.58244634,-1
66387.767268,1684.71,0.30791461,-1
66388.157125,1684.84,0.289148,1
66389.406285,1684.82,0.00421546,-1
66389.406285,1684.81,0.00165993,-1
66389.497571,1684.9,0.41491384,1
66389.497571,1684.9,0.14457416,1
66389.739961,1684.89,0.414914,1
66389.770943,1684.89,0.41391439,1
66389.770943,1684.89,0.00000061,1
66392.39356,1684.79,0.00000593,1
66396.828537,1684.96,0.70653734,-1
66396.828537,1684.95,0.05962958,-1
66396.828537,1684.9,0.116,-1
66396.828537,1684.84,0.7524054,-1
66396.828537,1684.8,0.116,-1
66396.828537,1684.8,0.0593559,-1
66396.828537,1684.8,0.89031339,-1
66397.378765,1684.86,0.01,1
66398.3207,1684.5,1.18723439,1
66398.3207,1684.5,0.41491461,1
66398.3207,1684.5,0.001,1
66398.297191,1684.54,1.54340578,1
66398.297191,1684.6,0.001,1
66398.287431,1684.62,1.575,1
66398.287431,1684.64,1.18723521,1
66398.287431,1684.7,0.001,1
66398.677836,1684.95,0.31391461,-1
66398.677836,1684.9,0.001,-1
66398.645731,1684.58,0.31291461,-1
66398.645688,1684.58,0.62955871,-1
66398.645688,1684.57,0.0593559,-1
66398.639565,1684.54,0.11137842,-1
66398.639565,1684.54,0.20253619,-1
66398.639155,1684.54,0.68791461,-1
66398.944313,1684.98,0.31391461,-1
66399.146541,1685.31,0.68891461,-1
66399.146518,1685.31,0.04506834,-1
66399.146518,1685.3,0.1536,-1
66399.146518,1685.3,0.0593559,-1
66399.146518,1685.3,0.00089037,-1
66399.146518,1685.3,0.001,-1
66399.146518,1685.2,0.05,-1
66399.146518,1685.2,0.001,-1
66399.146518,1685.1,0.001,-1
66399.146518,1685,0.001,-1
66399.417905,1685.2,0.05105668,-1
66399.417905,1685.19,0.26385793,-1
66399.406393,1685.09,0.31491461,-1
66399.342245,1685.25,0.28203138,-1
66399.342245,1685.2,0.19108197,-1
66399.342245,1685.2,0.001,-1
66399.342245,1685.08,0.21280126,-1
66399.34187,1685.08,0.05105668,-1
66399.34187,1685.08,0.26385793,-1
66399.478728,1685.19,0.13192897,-1
66399.478728,1685.18,0.0593559,-1
66399.560153,1685.23,0.24995013,-1
66399.560153,1685.22,0.06596448,-1
66399.556593,1685.21,0.411914,1
66399.668711,1685.3,0.684914,1
66399.668237,1685.31,0.68491461,-1
66399.668011,1685.31,0.1575645,-1
66399.668011,1685.31,0.15935011,-1
66399.639865,1685.29,0.1553216,-1
66399.639865,1685.22,0.03298224,-1
66400.038919,1685.31,0.68491461,-1
66400.038914,1685.31,0.14293366,-1
66400.038914,1685.31,0.17398095,-1
66401.333481,1685.53,0.68291461,-1
66401.333044,1685.53,0.31778729,-1
66401.333044,1685.53,0.00112732,-1
66401.318932,1685.56,0.31891461,-1
66401.318597,1685.56,0.68065996,-1
66401.318597,1685.5,0.00225465,-1
66401.300475,1685.51,0.31791461,-1
66401.300227,1685.51,0.67940532,-1
66401.300227,1685.47,0.00180371,-1
66401.300227,1685.47,0.00090186,-1
66401.300227,1685.47,0.00180372,-1
66401.284057,1685.51,0.67847277,-1
66401.284057,1685.49,0.00644184,-1
66401.283998,1685.51,0.30763835,-1
66401.283998,1685.49,0.00257674,-1
66401.283998,1685.46,0.00257674,-1
66401.283998,1685.45,0.00412278,-1
66401.272518,1685.51,0.30866905,-1
66401.272518,1685.5,0.00824556,-1
66401.271924,1685.51,0.68491461,-1
66401.26207,1685.56,0.31791461,-1
66401.262016,1685.56,0.46081826,-1
66401.262016,1685.51,0.048,-1
66401.262016,1685.5,0.001,-1
66401.262016,1685.41,0.17159922,-1
66401.262016,1685.4,0.001,-1
66401.262016,1685.31,0.00149713,-1
66401.343536,1685.56,0.68291461,-1
66401.343484,1685.56,0.31891461,-1
66402.31835,1685.75,0.67991461,-1
66402.318153,1685.75,0.32191461,-1
66402.308196,1685.75,0.68091461,-1
66402.307988,1685.75,0.32091461,-1
66402.297005,1685.75,0.03699757,-1
66402.297005,1685.72,0.07498833,-1
66402.297005,1685.69,0.20892871,-1
66402.296783,1685.69,0.68091461,-1
66402.278799,1685.72,0.10993838,-1
66402.278799,1685.7,0.001,-1
66402.278799,1685.6,0.20997623,-1
66402.278718,1685.6,0.67991461,-1
66402.278718,1685.6,0.001,-1
66402.425556,1685.73,0.00000532,1
66402.425556,1685.77,0.00000061,1
66402.42539,1685.77,0.679914,1
66402.422312,1685.78,0.32191461,-1
66402.422296,1685.78,0.67991461,-1
66402.377848,1685.78,0.1120334,-1
66402.377848,1685.78,0.20988121,-1
66402.377355,1685.78,0.67991461,-1
66402.340455,1685.79,0.32191461,-1
66402.340452,1685.79,0.67991461,-1
66402.503103,1685.78,0.407914,1
66403.351292,1685.79,0.68391461,-1
66403.350538,1685.79,0.31791461,-1
66404.504386,1685.77,0.00000593,1
66404.491767,1685.77,0.00387299,1
66404.491767,1685.78,0.00000061,1
66405.612529,1685.77,0.406035,1
66405.71024,1685.77,0.4089137,1
66405.71024,1685.77,0.0000003,1
66405.662213,1685.77,0.40891431,1
66405.662213,1685.77,0.00000069,1
66405.788732,1685.6,0.41091461,1
66405.913522,1685.56,0.40991378,1
66405.913522,1685.56,0.00000022,1
66405.881887,1685.56,0.40991439,1
66405.881887,1685.56,0.00000061,1
66405.848152,1685.56,0.410914,1
66405.961875,1685.56,0.41091417,1
66405.961875,1685.56,0.00000083,1
66406.088684,1685.56,0.40991434,1
66406.088684,1685.56,0.00000066,1
66406.053814,1685.56,0.41091395,1
66406.053814,1685.56,0.00000005,1
66406.020751,1685.56,0.41091456,1
66406.020751,1685.56,0.00000044,1
66406.524271,1685.57,0.11192255,-1
66406.524271,1685.57,0.20299206,-1
66406.524145,1685.57,0.68691461,-1
66407.024987,1685.57,0.20434299,-1
66407.024843,1685.57,0.68556368,-1
66407.024843,1685.57,0.00135093,-1
66407.411055,1685.64,0.412914,1
66407.348124,1685.66,0.001673,1
66407.466892,1685.63,0.411914,1
66409.218935,1685.51,0.41291439,1
66409.218935,1685.51,0.00000061,1
66409.178421,1685.51,0.412914,1
66409.280794,1685.51,0.41391417,1
66409.280794,1685.51,0.00000083,1
66409.249722,1685.51,0.41291378,1
66409.249722,1685.51,0.00000022,1
66409.481079,1685.5,0.0000121,1
66410.4654,1685.5,0.00001211,1
66410.58987,1685.51,0.05253497,-1
66410.58987,1685.51,0.0593559,-1
66410.58987,1685.51,0.17802374,-1
66410.589719,1685.51,0.71191461,-1
66411.827222,1685.5,0.42991421,1
66411.827222,1685.5,0.00097579,1
66411.856597,1685.5,0.1159996,1
66411.856597,1685.5,0.0000004,1
66413.881887,1685.46,0.43191375,1
66413.881887,1685.46,0.00000025,1
66413.852223,1685.46,0.429668,1
66413.848661,1685.46,0.00124636,1
66414.009469,1685.46,0.43191453,1
66414.009469,1685.46,0.00000047,1
66413.965784,1685.46,0.43091414,1
66413.965784,1685.46,0.00000086,1
66414.782827,1685.46,0.43191431,1
66414.782827,1685.46,0.00000069,1
66414.747186,1685.46,0.43191392,1
66414.747186,1685.46,0.00000008,1
66415.796576,1685.4,0.440914,1
66415.796576,1685.4,0.001,1
66416.022216,1685.56,0.5,-1
66416.011908,1685.48,0.73891461,-1
66416.085495,1685.66,0.59943539,1
66416.085495,1685.66,0.44391461,1
66416.163365,1685.65,0.44291461,1
66416.129757,1685.65,0.67699939,1
66416.129757,1685.65,0.44291461,1
66416.8223,1685.7,0.001,-1
66416.754885,1685.66,0.76936573,-1
66416.908881,1685.7,0.440914,1
66418.177168,1685.74,0.00928816,-1
66418.55737,1685.73,0.438914,1
66418.729811,1685.73,0.43591439,1
66418.729811,1685.73,0.00000061,1
66418.770702,1685.73,0.43591378,1
66418.770702,1685.73,0.00000022,1
66418.946382,1685.69,0.439914,1
66419.012492,1685.69,0.43591439,1
66419.012492,1685.69,0.00000061,1
66419.951039,1685.68,0.72391461,-1
66420.286757,1685.78,0.43391437,1
66420.286757,1685.78,0.29971863,1
66420.543119,1685.63,0.00000593,1
66420.659025,1685.59,0.0593559,1
66420.817614,1685.41,0.431914,1
66420.760769,1685.5,0.001,1
66420.878565,1685.4,0.392915,1
66420.847597,1685.4,0.03899955,1
66420.847597,1685.4,0.001,1
66420.847597,1685.41,0.00000045,1
66420.847447,1685.41,0.43091416,1
66420.847447,1685.41,0.00079023,1
66420.847447,1685.41,0.00000061,1
66422.631931,1685.3,0.44591461,1
66422.613976,1685.25,0.32054301,1
66422.613976,1685.3,0.00000061,1
66422.603147,1685.3,0.443914,1
66422.575149,1685.3,0.122,1
66422.575149,1685.3,0.001,1
66425.218184,1685.3,0.446914,1
66426.412809,1685.5,0.50005096,-1
66426.412809,1685.49,0.1536,-1
66426.412632,1685.41,0.88999115,-1
66426.517421,1685.62,1.18685135,-1
66426.517405,1685.6,0.0593559,-1
66426.517405,1685.6,0.001,-1
66426.516457,1685.58,0.42737814,-1
66426.515517,1685.58,0.63687986,-1
66426.515517,1685.57,0.45014067,-1
66426.490796,1685.57,0.41699939,1
66426.490796,1685.57,0.44891461,1
66426.490796,1685.57,0.98757,1
66426.535401,1685.7,0.001,-1
66426.535401,1685.67,0.22507034,-1
66426.673287,1685.72,1,1
66426.673053,1685.74,0.28892031,1
66426.669573,1685.74,0.71107969,1
66426.669573,1685.75,1.1867202,1
66426.800411,1685.62,0.487464,1
66426.849455,1685.59,0.44791461,1
66427.716799,1685.63,0.44391439,1
66427.716799,1685.63,0.00000061,1
66427.67861,1685.63,0.444914,1
66428.396963,1685.62,1,1
66428.819389,1685.58,1,1
66428.757109,1685.6,1,1
66430.824717,1685.4,0.451914,1
66430.824717,1685.4,0.001,1
66433.54091,1685.3,0.000763,1
66433.54091,1685.3,0.001,1
66433.907547,1685.2,0.001,1
66433.907547,1685.22,0.03510758,1
66434.015708,1685.1,0.451914,1
66434.015708,1685.1,0.001,1
66434.526017,1685.1,0.00370968,1
66434.507655,1685.1,0.00000593,1
66434.504623,1685.11,0.000985,-1
66434.496687,1685.1,0.00224258,1
66434.496687,1685.1,0.00000061,1
66434.981634,1685.11,0.75291461,-1
66435.151606,1685.5,0.75191461,-1
66435.151606,1685.5,0.001,-1
66435.140707,1685.4,0.001,-1
66435.365974,1685.61,0.5,-1
66435.365974,1685.6,0.001,-1
66436.076422,1685.47,0.74591461,-1
66436.584754,1685.59,0.74491461,-1
66436.890567,1685.69,0.01523288,1
66436.890567,1685.69,0.0913998,1
66436.890567,1685.69,0.0761665,1
66436.890567,1685.69,0.06093321,1
66436.890567,1685.69,0.44691461,1
66437.534808,1685.59,0.23906668,-1
66437.534808,1685.59,0.23906668,-1
66437.608446,1685.82,0.03407033,-1
66437.60812,1685.82,0.20255071,-1
66437.60812,1685.8,0.5363639,-1
66437.608024,1685.8,0.6886441,-1
66437.608024,1685.8,0.001,-1
66437.607867,1685.74,1.1852857,-1
66437.604837,1685.74,0.00147127,-1
66437.604837,1685.74,0.20017283,-1
66437.604765,1685.74,0.6896441,-1
66437.595373,1685.73,0.23662104,-1
66437.595373,1685.7,0.18613869,-1
66437.595373,1685.7,0.001,-1
66437.547788,1685.6,0.73891461,-1
66437.639803,1685.96,0.15243072,-1
66437.639803,1685.95,0.048,-1
66437.639803,1685.92,0.53848389,-1
66437.639803,1685.9,0.001,-1
66437.638943,1685.83,0.05933081,1
66437.637222,1685.84,0.1536,-1
66437.637222,1685.84,1.18675697,-1
66437.911978,1686.04,0.73969681,-1
66437.911978,1686.01,0.0012178,-1
66437.911978,1686,0.001,-1
66438.212877,1686.06,0.018,-1
66438.427497,1686.31,0.55613556,-1
66438.427497,1686.3,0.00088981,-1
66438.427497,1686.3,0.001,-1
66438.427497,1686.29,0.0593559,-1
66438.427497,1686.2,0.001,-1
66438.427497,1686.16,0.11953334,-1
66438.344474,1686.12,0.49884793,-1
66438.344474,1686.1,0.001,-1
66438.344474,1686.09,0.23906668,-1
66438.494575,1686.34,0.71997295,-1
66438.494575,1686.31,0.00747083,-1
66438.494575,1686.31,0.00747083,-1
66438.484692,1686.34,0.50278782,-1
66438.484692,1686.33,0.21718512,-1
66438.484692,1686.32,0.01494167,-1
66438.473968,1686.33,0.67614794,-1
66438.473968,1686.27,0.05976667,-1
66438.603873,1686.34,0.71897294,-1
66438.603873,1686.32,0.00747083,-1
66438.603873,1686.32,0.00747084,-1
66438.677097,1686.3,0.440914,1
66440.507558,1686.34,0.72991461,-1
66440.497655,1686.3,0.73091461,-1
66440.490033,1686.27,0.11357054,1
66440.490033,1686.29,0.44091461,1
66440.490033,1686.3,0.00000061,1
66441.500818,1686.3,0.1187088,1
66441.793692,1686.45,0.72891461,-1
66441.793692,1686.4,0.001,-1
66441.782263,1686.39,0.72991461,-1
66441.750304,1686.31,0.72244377,-1
66441.750304,1686.31,0.00747084,-1
66441.886999,1686.45,0.596264,1
66441.979422,1686.44,0.43591439,1
66441.979422,1686.44,0.00000061,1
66441.948938,1686.44,0.437914,1
66442.099548,1686.44,0.43691417,1
66442.099548,1686.44,0.00000083,1
66442.067177,1686.44,0.43691378,1
66442.067177,1686.44,0.00000022,1
66442.170826,1686.44,0.43691395,1
66442.170826,1686.44,0.00000005,1
66442.136527,1686.44,0.43691456,1
66442.136527,1686.44,0.00000044,1
66442.303205,1686.44,0.43991439,1
66442.303205,1686.44,0.00000061,1
66442.275069,1686.44,0.437914,1
66442.246334,1686.44,0.43791434,1
66442.246334,1686.44,0.00000066,1
66442.384968,1686.44,0.44091417,1
66442.384968,1686.44,0.00000083,1
66442.356837,1686.44,0.44091378,1
66442.356837,1686.44,0.00000022,1
66442.510029,1686.44,0.44191395,1
66442.510029,1686.44,0.00000005,1
66442.460363,1686.44,0.44191456,1
66442.460363,1686.44,0.00000044,1
66442.570814,1686.44,0.44291434,1
66442.570814,1686.44,0.00000066,1
66442.726556,1686.44,0.44391451,1
66442.726556,1686.44,0.00000049,1
66442.680617,1686.44,0.44391412,1
66442.680617,1686.44,0.00000088,1
66442.647011,1686.44,0.44291373,1
66442.647011,1686.44,0.00000027,1
66442.76563,1686.44,0.4449139,1
66442.76563,1686.44,0.0000001,1
66442.927314,1686.42,0.44591439,1
66442.927314,1686.42,0.00000061,1
66442.86738,1686.42,0.437914,1
66442.995275,1686.42,0.44591378,1
66442.995275,1686.42,0.00000022,1
66443.724766,1686.27,0.16696116,-1
66443.713353,1686.27,0.74491461,-1
66444.241273,1686.37,0.41937799,1
66445.808242,1686.26,0.445914,1
66445.763361,1686.23,10.06023863,1
66445.763361,1686.24,0.88980374,1
66445.763245,1686.34,0.00076143,1
66445.919801,1686.26,0.44491417,1
66445.919801,1686.26,0.00000083,1
66445.882682,1686.26,0.44491378,1
66445.882682,1686.26,0.00000022,1
66445.85119,1686.26,0.44491439,1
66445.85119,1686.26,0.00000061,1
66445.963629,1686.26,0.44491456,1
66445.963629,1686.26,0.00000044,1
66446.053159,1686.26,0.44491434,1
66446.053159,1686.26,0.00000066,1
66446.012033,1686.26,0.44491395,1
66446.012033,1686.26,0.00000005,1
66446.346092,1686.24,0.04791215,1
66446.39413,1686.24,0.44691454,1
66446.39413,1686.24,0.00000046,1
66446.357925,1686.24,0.398002,1
66448.031411,1686.24,0.00246747,1
66448.031411,1686.24,0.00000007,1
66448.110599,1686.27,0.74891461,-1
66448.10538,1686.26,0.45035329,1
66448.10538,1686.26,0.68955871,1
66448.095997,1686.25,0.0593559,-1
66448.077065,1686.24,0.69199786,1
66448.077065,1686.24,0.00000014,1
66448.04533,1686.24,0.444447,1
66450.010918,1686.2,0.4449146,1
66450.010918,1686.2,0.001,1
66451.125665,1686.01,0.5969809,-1
66451.125665,1686,0.07546686,-1
66451.125665,1686,0.07546685,-1
66451.125138,1685.99,0.98757,1
66451.114764,1686.01,0.44604719,-1
66451.114764,1686,0.30186742,-1
66451.110714,1686,0.001,1
66451.095155,1686.1,0.00000001,1
66451.094721,1686.1,0.4479146,1
66451.094721,1686.1,0.001,1
66451.231728,1686.08,0.74791461,-1
66451.20794,1686.01,0.74791461,-1
66451.198017,1686.01,0.74791461,-1
66451.187107,1686.01,0.74791461,-1
66451.176416,1686.01,0.74691461,-1
66451.166233,1686,0.68755871,-1
66451.166233,1686,0.0593559,-1
66451.15458,1686,0.74791461,-1
66451.136501,1686.01,0.67244776,-1
66451.136501,1686,0.07546685,-1
66451.24248,1686.19,0.71018118,-1
66451.24248,1686.18,0.03773343,-1
66452.286515,1686.19,0.74291461,-1
66452.276521,1686.15,0.50028713,-1
66452.276521,1686.14,0.0593559,-1
66452.276521,1686.1,0.18327158,-1
66452.36149,1686.16,0.00000593,1
66452.339412,1686.19,0.74191461,-1
66452.587629,1686.18,0.0099215,-1
66453.029845,1686.44,0.74391461,-1
66453.01877,1686.44,0.74391461,-1
66453.005426,1686.44,0.74391461,-1
66452.990286,1686.44,0.74391461,-1
66452.976855,1686.44,0.74391461,-1
66452.963075,1686.42,0.73447977,-1
66452.963075,1686.4,0.00943484,-1
66452.95248,1686.42,0.52895871,-1
66452.95248,1686.4,0.001,-1
66452.95248,1686.39,0.1536,-1
66452.95248,1686.3,0.001,-1
66452.95248,1686.29,0.0593559,-1
66452.942609,1686.18,0.74391461,-1
66453.294261,1686.54,0.74191461,-1
66453.282777,1686.55,0.74091461,-1
66453.282777,1686.5,0.001,-1
66453.384646,1686.55,0.74191461,-1
66455.529791,1686.54,0.74091461,-1
66455.526138,1686.53,0.444914,1
66455.488346,1686.54,0.00000001,1
66455.486471,1686.54,0.4449146,1
66455.61314,1686.53,0.44291417,1
66455.61314,1686.53,0.00000083,1
66455.604504,1686.54,0.73991461,-1
66455.583212,1686.54,0.73991461,-1
66455.582911,1686.53,0.44291378,1
66455.582911,1686.53,0.00000022,1
66455.564444,1686.54,0.73991461,-1
66455.554945,1686.53,0.44391439,1
66455.554945,1686.53,0.00000061,1
66455.541833,1686.54,0.33991461,-1
66455.541833,1686.54,0.4,-1
66455.663359,1686.55,0.72930042,-1
66455.663359,1686.55,0.00353806,-1
66455.663359,1686.55,0.00707613,-1
66455.659485,1686.54,0.739914,1
66456.39906,1686.5,1.5,1
66456.39906,1686.5,0.44591461,1
66456.39906,1686.51,0.44491461,1
66456.39906,1686.52,0.44491461,1
66456.39906,1686.53,0.00000044,1
66456.398123,1686.54,0.44291461,1
66456.398123,1686.54,0.00000061,1
66456.448896,1686.49,0.445914,1
66456.996977,1686.52,0.48945665,-1
66456.996977,1686.5,0.19210206,-1
66456.996977,1686.5,0.0593559,-1
66457.038621,1686.6,0.001,-1
66457.023867,1686.56,0.74091461,-1
66457.01238,1686.52,0.74091461,-1
66457.543666,1686.77,0.67555871,-1
66457.543666,1686.76,0.0593559,-1
66457.543666,1686.7,0.001,-1
66458.733781,1686.71,0.73106945,-1
66458.733781,1686.71,0.00884516,-1
66458.729639,1686.71,0.00000001,1
66458.722906,1686.71,0.4419146,1
66458.936181,1686.51,0.39425008,1
66458.936181,1686.51,0.89333306,1
66458.936181,1686.58,0.88980374,1
66458.933148,1686.46,1.18604867,1
66458.932969,1686.49,0.00076017,1
66458.932969,1686.49,0.88980374,1
66458.932969,1686.5,0.001,1
66458.932509,1686.56,0.88980374,1
66459.022764,1686.38,0.00221129,-1
66459.022764,1686.38,0.00221129,-1
66458.993649,1686.4,0.001,1
66458.993649,1686.42,0.44491461,1
66458.99234,1686.43,0.44391461,1
66458.98823,1686.46,0.44391461,1
66458.952117,1686.45,0.44391461,1
66458.952117,1686.46,0.44391461,1
66458.951148,1686.5,0.44391461,1
66458.950017,1686.51,0.44391461,1
66459.046299,1686.39,0.28372336,1
66459.046299,1686.39,0.5977887,1
66459.482799,1686.38,0.44291461,1
66459.482799,1686.38,0.00000003,1
66459.466834,1686.38,0.733492,1
66459.446935,1686.39,0.15919125,1
66459.563513,1686.04,1.18600046,1
66459.563513,1686.04,0.03523651,1
66459.563513,1686.1,0.00080408,1
66459.561383,1686.1,0.00019592,1
66459.561383,1686.2,0.001,1
66459.561383,1686.3,0.001,1
66459.706012,1686.06,0.443914,1
66459.830617,1686.06,0.67899578,1
66459.830617,1686.06,0.00000022,1
66459.750045,1686.06,0.44291439,1
66459.750045,1686.06,0.00000061,1
66459.860393,1686.06,0.67799184,1
66459.860393,1686.06,1.1719813,1
66459.860393,1686.06,0.00000086,1
66459.953677,1686.22,0.0593559,-1
66459.941852,1686.09,0.43680897,-1
66459.941852,1686.07,0.30110564,-1
66460.227652,1686.2,0.442914,1
66460.186222,1686.21,0.44291461,1
66460.167557,1686.22,0.44291461,1
66460.120731,1686.23,0.44291461,1
66460.102674,1686.24,0.44391461,1
66460.094716,1686.25,0.2421598,1
66460.078236,1686.25,0.43639891,1
66460.078236,1686.26,0.44191461,1
66460.241004,1686.2,0.00000061,1
66460.690888,1686.03,0.442914,1
66461.120515,1686.03,0.44191461,1
66461.120515,1686.03,0.00000061,1
66461.221734,1685.9,0.001,1
66461.206959,1685.93,0.44291461,1
66461.185561,1685.94,0.01450687,1
66461.182877,1685.94,0.39240774,1
66461.179438,1685.94,0.03456377,1
66461.177112,1685.94,0.40835084,1
66461.177112,1685.95,0.44291461,1
66461.14334,1686,0.00000001,1
66461.14208,1686,0.00099999,1
66461.14208,1686.01,0.44391461,1
66461.137392,1686.02,0.44391461,1
66462.003651,1685.8,0.001,1
66462.344447,1685.7,0.001,1
66462.526174,1685.66,0.74291461,-1
66462.515926,1685.65,0.74391461,-1
66462.463217,1685.65,0.74391461,-1
66462.451296,1685.62,0.74391461,-1
66462.594377,1685.41,1.575,1
66462.594377,1685.5,0.001,1
66462.590439,1685.6,0.001,1
66462.539598,1685.68,0.42647332,-1
66462.539598,1685.67,0.0593559,-1
66462.539598,1685.66,0.25708539,-1
66463.207145,1685.55,0.445914,1
66463.425545,1685.55,0.44591378,1
66463.425545,1685.55,0.00000022,1
66463.379898,1685.55,0.44591439,1
66463.379898,1685.55,0.00000061,1
66463.504869,1685.55,0.44691456,1
66463.504869,1685.55,0.00000044,1
66463.454584,1685.55,0.44591417,1
66463.454584,1685.55,0.00000083,1
66463.553673,1685.56,0.59536179,-1
66463.553673,1685.56,0.15055282,-1
66463.549813,1685.55,0.44691395,1
66463.549813,1685.55,0.00000005,1
66464.606026,1685.56,0.3402764,-1
66464.606026,1685.56,0.40463821,-1
66464.712212,1686.01,0.00919088,-1
66464.712212,1685.85,0.54548552,-1
66464.712212,1685.85,0.03763821,-1
66464.712212,1685.85,0.1536,-1
66464.694247,1686.02,0.6716382,-1
66464.694247,1685.85,0.07527641,-1
66464.680335,1686.01,0.14118711,-1
66464.680335,1686,0.05,-1
66464.680335,1686,0.001,-1
66464.680335,1685.92,0.5547275,-1
66464.670139,1685.95,0.74691461,-1
66464.659538,1685.98,0.74591461,-1
66464.659538,1685.9,0.001,-1
66464.649635,1685.86,0.74691461,-1
66464.638694,1685.86,0.74591461,-1
66464.626355,1685.86,0.08555871,-1
66464.626355,1685.8,0.001,-1
66464.626355,1685.67,0.6,-1
66464.626355,1685.66,0.0593559,-1
66464.626243,1685.58,0.69306143,-1
66464.615667,1685.58,0.30693857,-1
66464.615667,1685.56,0.18289244,-1
66464.615667,1685.56,0.2550836,-1
66466.377724,1685.83,0.447914,1
66466.353734,1685.84,0.73891461,-1
66466.65297,1685.84,0.73991461,-1
66466.810448,1685.85,0.443914,1
66466.803893,1685.87,0.73891461,1
66466.766278,1685.9,0.1509892,1
66466.763285,1685.9,0.36043526,-1
66466.763285,1685.85,0.16913425,-1
66466.763285,1685.85,0.0593559,-1
66466.752932,1685.85,0.72009551,-1
66466.752932,1685.85,0.0188191,-1
66466.857696,1685.86,0.72950506,1
66466.854622,1685.85,0.00940955,-1
66466.849926,1685.85,0.00000061,1
66467.175347,1685.85,0.0593559,-1
66469.790567,1685.86,0.00234895,-1
66470.991683,1685.86,0.05626488,-1
66471.330228,1686.06,0.73891461,-1
66471.315912,1686.07,0.19875522,-1
66471.315912,1686.05,0.54015939,-1
66471.300999,1686.05,0.73891461,-1
66471.290933,1686.12,0.00792617,-1
66471.290933,1686.11,0.57313826,-1
66471.290933,1686.09,0.00352858,-1
66471.290933,1686.06,0.1553216,-1
66471.280702,1686.11,0.31677106,-1
66471.280702,1686.1,0.001,-1
66471.280702,1686.07,0.36043526,-1
66471.280702,1686.04,0.0593559,-1
66471.280702,1686,0.00117619,-1
66471.280702,1685.99,0.0011762,-1
66471.266689,1685.93,0.74091461,-1
66471.375952,1686.19,0.00088215,-1
66471.342174,1686.23,0.58431461,-1
66471.342174,1686.2,0.001,-1
66471.342174,1686.09,0.1536,-1
66471.472613,1686.19,0.73703246,1
66471.706709,1686.1,0.442914,1
66472.429974,1686.12,0.44291461,1
66472.424342,1686.13,0.73791461,1
66472.350509,1686.13,0.73659139,-1
66472.350509,1686.13,0.00132322,-1
66472.607349,1686.11,0.44291439,1
66472.607349,1686.11,0.00000061,1
66472.570901,1686.11,0.737914,1
66472.707713,1686.11,0.44291456,1
66472.707713,1686.11,0.00000044,1
66472.676199,1686.11,0.44291417,1
66472.676199,1686.11,0.00000083,1
66472.648157,1686.11,0.44291378,1
66472.648157,1686.11,0.00000022,1
66472.850354,1686.12,0.74091461,-1
66472.950971,1686.2,0.68155871,-1
66472.950971,1686.19,0.0593559,-1
66472.938532,1686.14,0.73991461,-1
66473.223,1686.1,0.00000061,1
66473.223,1686.11,0.44291461,1
66473.223,1686.11,0.00000005,1
66473.257147,1686.08,0.0006616,-1
66473.404635,1686.1,0.73791461,-1
66474.422724,1686.08,0.24446219,1
66474.422724,1686.09,0.44291461,1
66474.421552,1686.1,0.44291461,1
66474.518091,1686.07,0.443914,1
66474.492477,1686.08,0.00088501,1
66474.492477,1686.08,0.49379082,1
66474.558214,1686.07,0.44191439,1
66474.558214,1686.07,0.00000061,1
66474.806692,1686.04,0.44291439,1
66474.806692,1686.04,0.00000061,1
66474.763265,1686.04,0.443914,1
66474.836842,1686.04,0.44391378,1
66474.836842,1686.04,0.00000022,1
66475.887496,1685.94,0.01441081,-1
66477.318855,1685.99,0.74491461,-1
66477.338697,1686.07,0.32104166,-1
66477.338697,1686.03,0.36351705,-1
66477.338697,1686.02,0.0593559,-1
66477.855567,1686.11,1.06898977,-1
66478.400614,1686.1,0.44691439,1
66478.400614,1686.1,0.00000061,1
66478.35718,1686.1,0.446914,1
66478.731574,1686.07,0.44691461,1
66478.731574,1686.08,0.44591461,1
66478.731574,1686.09,0.44691461,1
66478.716956,1686.1,0.44691461,1
66478.716956,1686.1,0.00000022,1
66478.835541,1686.01,0.44691461,1
66478.960651,1686,0.74791461,-1
66478.946292,1685.99,0.0593559,-1
66479.190993,1686.09,0.0593559,-1
66479.153496,1686.06,0.74691461,-1
66479.39232,1686.19,0.74391461,-1
66480.541721,1686.19,0.05764322,-1
66480.821947,1685.94,0.447914,1
66480.767236,1685.96,0.44791461,1
66480.767236,1685.96,0.0593559,1
66480.767236,1685.97,0.44791461,1
66480.765208,1685.98,0.44791461,1
66480.862172,1685.94,0.44591439,1
66480.862172,1685.94,0.00000061,1
66481.219261,1685.7,0.44791461,1
66481.219261,1685.7,0.001,1
66481.219261,1685.71,0.44791461,1
66481.181167,1685.81,0.05763878,-1
66481.178239,1685.8,0.447914,1
66481.178239,1685.8,0.001,1
66481.132298,1685.9,0.001,1
66481.230047,1685.65,0.03059503,1
66481.230047,1685.66,0.44691461,1
66481.398333,1685.69,0.74391461,-1
66481.807204,1685.68,0.445914,1
66481.741348,1685.68,0.44691461,1
66481.741348,1685.69,0.44591461,1
66481.92792,1685.66,0.446914,1
66481.851558,1685.68,0.44391439,1
66481.851558,1685.68,0.00000061,1
66482.198657,1685.6,0.001,1
66483.611052,1685.51,0.77891461,-1
66484.038166,1685.6,0.97095385,-1
66484.038166,1685.6,1.18757386,-1
66484.038166,1685.6,0.88989084,-1
66484.038166,1685.6,0.0593559,-1
66484.286978,1685.6,0.00000593,-1
66484.273541,1685.6,0.00012338,-1
66484.273541,1685.6,0.0012465,-1
66487.137201,1685.5,0.000824,1
66487.137201,1685.5,0.001,1
66487.588948,1685.07,1.18687727,1
66487.58832,1685.09,1.575,1
66487.58832,1685.1,0.0593559,1
66487.58832,1685.1,0.001,1
66487.58832,1685.11,1.38150844,1
66487.58832,1685.12,0.88990932,1
66487.58832,1685.14,0.00088985,1
66487.58832,1685.2,0.001,1
66487.58832,1685.3,0.001,1
66487.58832,1685.4,0.001,1
66487.713019,1685.2,0.03375787,-1
66487.712584,1685.2,0.46006025,-1
66487.712584,1685.2,0.32385436,-1
66487.688837,1685.2,0.67614564,-1
66487.688837,1685.13,1.18699966,-1
66488.232383,1685.25,0.00137071,1
66488.247048,1685.25,0.468537,1
66488.243506,1685.25,0.00000593,1
66488.877053,1685.26,0.78391461,-1
66488.936868,1685.28,0.56782922,-1
66488.936868,1685.26,0.21608539,-1
66489.61873,1685.24,0.05626021,-1
66490.095758,1685.5,0.001,-1
66490.075467,1685.45,0.0452283,-1
66490.075467,1685.38,0.34795817,-1
66490.075467,1685.3,0.16489923,-1
66490.074974,1685.3,0.72515026,-1
66490.074974,1685.3,0.0593559,-1
66490.074974,1685.29,1.186889,-1
66490.074974,1685.26,1,-1
66490.074974,1685.24,0.19608539,-1
66490.074962,1685.24,0.022,-1
66490.073954,1685.24,0.78191461,-1
66490.328811,1685.39,0.03747915,1
66490.328811,1685.39,0.03747932,1
66490.328811,1685.39,0.03747932,1
66490.328811,1685.39,0.03747933,1
66490.328811,1685.39,0.44975188,1
66490.606804,1685.4,0.018,-1
66490.808457,1685.38,1,1
66490.996454,1685.32,1,1
66491.203292,1685.2,0.465914,1
66491.203292,1685.2,0.001,1
66492.40624,1685,0.0593559,1
66492.40624,1685,0.89333306,1
66492.40624,1685,0.001,1
66492.402316,1685.01,0.77666779,1
66492.402171,1685.01,0.07092898,1
66492.402119,1685.01,2.81592898,1
66492.401985,1685.01,0.469,1
66492.401906,1685.01,0.95492898,1
66492.400445,1685.01,0.67164673,1
66492.400322,1685.01,0.16964673,1
66492.399887,1685.02,1.18688653,1
66492.399887,1685.02,0.21826259,1
66492.399733,1685.02,0.67164673,1
66492.399684,1685.03,0.81151346,1
66492.399533,1685.03,0.67164673,1
66492.398554,1685.1,0.001,1
66492.398358,1685.16,1,1
66492.398311,1685.18,0.32835327,1
66492.398291,1685.18,0.67164673,1
66492.494744,1684.9,1.18688653,1
66492.494744,1684.9,0.001,1
66492.440305,1684.93,0.88990932,1
66492.440305,1684.96,0.00000081,1
66492.439516,1684.96,1.18688572,1
66492.439516,1684.96,0.06976828,1
66492.549033,1684.84,0.034884,1
66492.707353,1684.8,1,1
66492.707353,1684.8,0.001,1
66492.738753,1684.78,1,1
66493.160564,1684.7,0.471914,1
66493.160564,1684.7,0.001,1
66493.614434,1685.3,0.21389033,-1
66493.614434,1685.3,0.001,-1
66493.601122,1685.2,0.05,-1
66493.601122,1685.01,0.00003025,-1
66493.581013,1685.01,0.5258,-1
66493.581013,1685,0.115,-1
66493.581013,1685,0.001,-1
66493.559307,1684.81,1.111,-1
66493.559307,1684.8,0.89031393,-1
66493.556536,1684.77,0.0593559,-1
66493.668764,1685.26,1.575,1
66494.210662,1684.9,0.463914,1
66494.210662,1684.9,0.001,1
66494.268303,1684.91,0.05766374,-1
66494.248741,1684.9,0.25765,1
66495.481121,1684.95,0.08649869,-1
66497.705631,1685.03,0.02996695,1
66498.338456,1685.2,0.001,-1
66498.632281,1685.24,0.07781527,1
66499.434649,1685.2,0.03172791,-1
66499.652281,1685.26,0.0839075,1
66499.652281,1685.29,0.00000045,1
66499.639394,1685.29,0.00076249,1
66499.639394,1685.29,0.0593559,1
66499.639394,1685.29,0.44491461,1
66500.369472,1685.39,0.0718559,-1
66500.369472,1685.3,0.001,-1
66502.223163,1685.42,0.11435144,-1
66502.223163,1685.4,0.001,-1
66505.164629,1685.32,0.00279022,-1
66506.308867,1685.37,0.08649767,-1
66508.823016,1685.1,0.001,1
66508.822484,1685.16,1,1
66508.822484,1685.17,0.89011404,1
66508.822484,1685.18,1.18682102,1
66508.822484,1685.18,1,1
66508.822484,1685.2,0.001,1
66508.82148,1685.32,0.43191449,1
66508.82148,1685.32,0.00000051,1
66508.782027,1685.32,0.05935539,1
66508.782027,1685.32,0.43191461,1
66508.921536,1685,0.54329687,1
66508.921536,1685,0.001,1
66508.918833,1685.01,1.18682102,1
66508.990021,1684.9,0.1826238,1
66508.990021,1684.91,0.42891461,1
66508.986905,1684.9,0.42891461,1
66508.967764,1684.89,0.431914,1
66508.932389,1684.9,0.001,1
66509.033021,1684.93,0.35207939,1
66509.033021,1684.95,0.42791461,1
66509.851187,1684.81,0.01153109,-1
66510.349864,1684.81,0.05873663,-1
66511.619959,1684.81,0.80701792,-1
66511.619959,1684.81,1.16892264,-1
66511.619959,1684.81,0.00576554,-1
66511.619959,1684.81,0.67298512,-1
66511.619959,1684.81,0.28239359,-1
66512.204999,1684.81,0.01406434,-1
66512.596896,1684.8,0.000764,1
66512.596896,1684.8,0.001,1
66513.368988,1684.7,0.439914,1
66513.368988,1684.7,0.001,1
66513.700417,1684.72,0.02883598,-1
66513.685597,1684.72,0.02937163,-1
66513.655936,1684.72,0.28830674,-1
66514.351829,1684.72,0.02100682,-1
66514.724072,1684.72,0.00572736,-1
66515.317016,1684.71,0.439914,1
66515.262564,1684.72,0.12947603,-1
66516.458734,1684.72,0.00109894,-1
66516.458734,1684.7,0.12948,-1
66516.458734,1684.7,0.13960539,-1
66516.444309,1684.7,0.73091461,-1
66516.444287,1684.68,0.8903768,-1
66516.444287,1684.68,0.87052,-1
66516.444287,1684.68,0.12948,-1
66516.811102,1684.8,0.438914,1
66516.842856,1684.8,0.43691439,1
66516.842856,1684.8,0.00000061,1
66517.022115,1684.81,0.01857429,-1
66517.295603,1684.71,0.0593559,1
66517.285451,1684.77,0.10663803,1
66517.285451,1684.77,0.21327605,1
66517.285451,1684.77,0.10663803,1
66517.373714,1684.68,0.43591363,1
66517.373714,1684.68,1.18722488,1
66517.373714,1684.68,0.00000049,1
66517.341164,1684.68,0.43691412,1
66517.341164,1684.68,1.18722488,1
66517.61411,1684.6,0.434914,1
66517.61411,1684.6,0.001,1
66518.307552,1684.62,0.62412588,-1
66518.307552,1684.62,0.19714874,-1
66518.305621,1684.62,0.80285126,-1
66518.510387,1684.68,0.01468555,-1
66519.236722,1684.74,0.11256181,-1
66520.576553,1684.68,0.02583511,-1
66522.453631,1684.52,0.73091461,-1
66522.555285,1684.52,0.02927596,-1
66522.910801,1684.52,0.070388,-1
66523.689207,1684.52,0.56849318,-1
66523.689207,1684.52,0.16942143,-1
66523.769674,1684.54,0.52316221,-1
66523.748487,1684.54,0.47683779,-1
66523.748487,1684.52,0.07038,-1
66523.748487,1684.52,0.19169682,-1
66526.386935,1684.69,0.11536719,-1
66526.549062,1684.69,0.00279097,-1
66526.836748,1684.69,0.0011519,-1
66527.838465,1684.68,13.640258,1
66530.185031,1684.7,0.75491461,-1
66530.987852,1684.69,0.00113966,1
66531.523279,1684.75,0.00115178,-1
66531.59737,1684.75,0.01801902,-1
66532.337319,1684.7,0.00184331,-1
66533.621998,1685.2,2.122211,-1
66533.621998,1685.2,0.05,-1
66533.621998,1685.2,0.001,-1
66533.621998,1685.19,0.87461947,-1
66533.621998,1685.18,1.105,-1
66533.621536,1685.11,1.575,-1
66533.621536,1685.1,10,-1
66533.621536,1685.1,0.001,-1
66533.621536,1685.06,0.19999894,-1
66533.621536,1685.03,0.1553216,-1
66533.621141,1685,8.90058037,-1
66533.621111,1685,0.38353519,-1
66533.621038,1685,0.71588444,-1
66533.621038,1685,10,-1
66533.621038,1685,0.05,-1
66533.621038,1685,0.001,-1
66533.620858,1684.98,0.43146236,-1
66533.620858,1684.96,0.0593559,-1
66533.619375,1684.95,0.4,-1
66533.619375,1684.93,1.575,-1
66533.619375,1684.93,0.19986386,-1
66533.619375,1684.9,0.001,-1
66533.619375,1684.88,1.18721759,-1
66533.619375,1684.86,0.15743084,-1
66533.619375,1684.82,0.00099078,-1
66533.619316,1684.81,0.89030857,-1
66533.61922,1684.8,2.15044192,-1
66533.61922,1684.8,0.109,-1
66533.61922,1684.8,0.001,-1
66533.61922,1684.77,0.15743084,-1
66533.61922,1684.77,0.19986429,-1
66533.61922,1684.77,0.19999951,-1
66533.61922,1684.72,0.24508539,-1
66533.61922,1684.72,0.75491,-1
66533.61922,1684.7,1,-1
66533.636193,1685.6,0.05,-1
66533.636193,1685.6,0.115,-1
66533.636193,1685.6,0.001,-1
66533.636193,1685.58,1.12157796,-1
66533.636193,1685.57,0.88990795,-1
66533.636193,1685.56,0.192,-1
66533.636193,1685.51,0.19986432,-1
66533.636193,1685.51,0.19986486,-1
66533.636193,1685.5,0.001,-1
66533.636193,1685.49,0.19986434,-1
66533.636193,1685.49,0.19999906,-1
66533.636193,1685.3,0.88168277,-1
66533.635885,1685.07,0.20742728,-1
66533.634751,1685.07,1.33594175,-1
66533.634751,1685.05,0.14850875,-1
66533.633272,1685.05,0.00152476,-1
66533.632245,1685.45,0.096,-1
66533.632245,1685.4,0.05,-1
66533.632245,1685.4,0.001,-1
66533.632245,1685.39,0.89333306,-1
66533.632245,1685.34,0.048,-1
66533.632245,1685.3,0.001,-1
66533.632245,1685.24,0.00099053,-1
66533.632245,1685.24,0.32993663,-1
66533.632245,1685.23,0.979639,-1
66533.632245,1685.22,0.16381937,-1
66533.632245,1685.22,0.88990932,-1
66533.632245,1685.17,0.32763874,-1
66533.625716,1685.24,0.7606799,-1
66533.625716,1685.23,0.2,-1
66533.625716,1685.23,0.1,-1
66533.625716,1685.07,0.43151103,-1
66533.808839,1685.3,0.07439524,1
66533.802652,1685.35,0.20983214,1
66533.802652,1685.35,0.02290719,1
66533.802493,1685.35,0.07551884,1
66533.75533,1685.35,0.16061912,1
66533.75533,1685.35,0.25904515,1
66534.05917,1685.01,0.07290733,1
66534.05917,1685.01,0.00127754,1
66536.178888,1685.26,1,1
66536.178888,1685.28,1,1
66537.707478,1685.28,1,1
66538.777146,1685.14,0.24054578,1
66538.777146,1685.22,1,1
66538.777146,1685.24,0.43691461,1
66538.777146,1685.24,1,1
66539.280536,1685.26,1,1
66539.280536,1685.28,1,1
66539.280536,1685.29,1.48342421,1
66540.255235,1685.3,0.00079602,-1
66540.255235,1685.3,0.001,-1
66541.649168,1685.3,0.06187084,1
66541.649106,1685.3,0.93812916,1
66541.649106,1685.3,0.0593559,1
66541.646075,1685.32,1,1
66544.011055,1685.26,1,1
66544.407931,1685.16,1,1
66544.347827,1685.18,1,1
66544.716207,1685.1,1,1
66544.716207,1685.1,0.001,1
66544.767665,1685.08,1,1
66545.228559,1685,1,1
66545.228559,1685,0.001,1
66545.72801,1684.98,0.61716,1
66545.763661,1684.98,0.38284,1
66546.307916,1684.94,0.688,-1
66546.849597,1685.25,0.0271141,-1
66546.849597,1685.2,0.001,-1
66546.849597,1685.08,0.0007176,-1
66547.030647,1685.31,1.18704453,-1
66547.030647,1685.3,0.001,-1
66547.03028,1685.24,0.4458709,-1
66547.03028,1685.23,0.23434089,-1
66547.030269,1685.23,0.6557505,-1
66547.030175,1685.19,0.0593559,-1
66547.656909,1685.22,0.000822,1
66547.656909,1685.22,1,1
66548.378316,1685.28,0.00000593,1
66548.713901,1685.34,0.02251001,-1
66548.768309,1685.33,0.02997193,1
66549.402394,1685.36,0.19439882,1
66549.402394,1685.38,1,1
66549.626004,1685.33,0.01406918,-1
66550.365082,1685.39,0.00000593,1
66550.522625,1685.39,0.35491791,1
66551.723786,1685.1,0.001,1
66551.717788,1685.12,0.389,1
66551.713487,1685.24,0.4129663,1
66551.713487,1685.25,0.66701771,1
66551.713487,1685.26,0.0593559,1
66551.713347,1685.3,0.89004529,1
66551.713347,1685.33,1.18674959,1
66551.713347,1685.33,0.4129663,1
66551.713347,1685.36,0.1944,1
66551.713347,1685.36,0.80559525,1
66551.713347,1685.38,0.57107857,1
66551.713047,1685.38,0.42892143,1
66551.713047,1685.39,0.36207857,1
66551.812324,1685.15,0.55992993,1
66551.812324,1685.19,0.15319245,1
66551.812242,1685.19,0.24680755,1
66551.812242,1685.28,0.00189636,1
66551.81087,1685.28,1.18485323,1
66554.565905,1685.23,0.04581436,-1
66555.20904,1685.22,1,1
66555.320582,1685.17,0.004034,-1
66555.497274,1685.14,1,1
66556.760793,1685.02,0.89019714,-1
66557.31684,1685.24,1,1
66557.377016,1685.2,1,1
66561.347473,1685.14,0.000762,1
66561.347473,1685.14,1,1
66561.61518,1685.06,1,1
66563.886001,1685.01,0.01268967,-1
66563.883586,1685.01,0.19975728,-1
66564.386501,1685,0.99999993,1
66564.386501,1685,0.00099407,1
66564.374244,1685,0.00000593,1
66564.506567,1684.98,0.00000593,1
66564.494827,1684.98,0.00563797,1
66564.494827,1685,0.00000007,1
66566.054776,1684.93,0.06055206,-1
66567.020523,1684.94,0.01688311,-1
66567.730727,1685,1,1
66567.730727,1685.02,0.0000001,1
66567.647035,1685.02,0.0056399,1
66567.647035,1685.02,0.9943561,1
66568.365222,1684.84,7.48279057,1
66568.365222,1684.86,0.17877494,1
66568.365222,1684.87,0.03645367,1
66568.365222,1684.88,0.52942771,1
66568.364494,1684.88,0.13478268,1
66568.364038,1684.88,0.33578961,1
66568.364038,1684.9,1,1
66568.364038,1684.9,0.001,1
66568.555621,1684.8,0.104,1
66568.555621,1684.8,0.001,1
66568.469108,1684.81,0.0576723,-1
66571.247337,1684.81,0.01762601,-1
66571.718086,1684.81,0.01468834,-1
66572.839302,1684.93,0.00572913,-1
66574.214015,1684.88,0.01407143,-1
66576.024568,1684.91,0.00587621,-1
66577.833567,1684.83,0.05876208,-1
66580.093088,1684.79,0.001189,1
66580.040933,1684.8,0.01730389,-1
66581.230833,1684.71,0.00142783,-1
66581.147549,1684.75,0.059355,1
66581.417914,1684.7,0.094,1
66581.417914,1684.7,0.001,1
66581.477009,1684.7,0.356914,1
66581.477009,1684.7,0.094,1
66581.447974,1684.7,0.357914,1
66581.447974,1684.7,0.094,1
66582.806718,1684.86,0.00229084,-1
66582.806718,1684.71,0.000647,-1
66584.362849,1684.84,0.00000593,1
66584.604696,1684.87,0.17222693,-1
66585.359553,1684.75,0.34091393,1
66585.359553,1684.75,0.27705007,1
66585.731427,1684.83,0.00000593,-1
66585.709219,1684.83,0.006474,-1
66587.153119,1684.69,0.02814603,-1
66588.84092,1684.68,0.32791405,1
66588.84092,1684.68,0.00000095,1
66588.974888,1684.67,1.813,1
66589.079396,1684.67,0.327914,1
66589.017327,1684.66,0.327914,1
66589.137693,1684.67,0.32591439,1
66589.137693,1684.67,0.00000061,1
66592.450587,1684.67,0.00881494,-1
66593.290034,1684.63,0.00245615,-1
66593.364802,1684.6,0.05834655,1
66593.364802,1684.6,0.001,1
66593.721892,1684.57,0.11752277,-1
66594.515472,1684.53,0.00279112,-1
66594.49702,1684.52,0.059355,1
66594.65428,1684.53,0.01125828,-1
66595.238329,1684.51,0.000884,1
66595.238329,1684.51,0.200027,1
66596.267688,1684.5,0.993408,1
66596.267688,1684.5,0.001,1
66596.545202,1684.51,0.1322241,-1
66598.066217,1684.51,0.50526485,-1
66598.371492,1684.46,0.00000593,1
66598.368436,1684.47,0.57689075,-1
66600.135205,1684.46,0.035354,1
66601.117888,1684,2.33724973,1
66601.117888,1684,0.001,1
66601.117888,1684.01,5.93226881,1
66601.117888,1684.04,0.0593559,1
66601.117888,1684.06,0.19999629,1
66601.117888,1684.07,1,1
66601.117888,1684.1,0.001,1
66601.109479,1684.2,0.001,1
66601.109199,1684.3,0.001,1
66601.100178,1684.4,0.001,1
66601.133853,1684,0.03500646,1
66602.543368,1683.9,0.00000593,1
66602.973137,1683.9,1.06855293,1
66602.973137,1683.9,0.00000007,1
66602.935321,1683.9,0.08899993,1
66602.935321,1683.9,0.00099407,1
66604.2705,1683.72,0.034656,1
66604.252762,1683.78,1.18782146,1
66604.252762,1683.8,0.001,1
66604.250812,1683.82,1,1
66606.269347,1683.7,0.001,1
66606.550557,1683.27,0.0593559,1
66606.550557,1683.27,0.03430983,1
66606.544839,1683.28,1.575,1
66606.544839,1683.3,0.001,1
66606.54477,1683.32,1,1
66606.54477,1683.36,1.18809296,1
66606.54477,1683.4,0.001,1
66606.544022,1683.5,0.001,1
66606.544022,1683.5,0.19620885,1
66606.543979,1683.6,0.001,1
66606.64464,1683,0.001,1
66606.64464,1683.02,0.5,1
66606.644192,1683.07,0.06861966,1
66606.644192,1683.07,0.38359681,1
66606.640552,1683.07,0.61640319,1
66606.640552,1683.1,0.1,1
66606.640552,1683.1,0.2,1
66606.640552,1683.1,0.001,1
66606.640552,1683.12,0.19999889,1
66606.638534,1683.15,1.54332519,1
66606.638534,1683.16,0.1536,1
66606.637081,1683.2,1.18809296,1
66606.637081,1683.2,0.001,1
66606.779848,1683.01,0.43975451,-1
66606.704281,1683,0.093,1
66606.938578,1683.12,0.00296388,1
66607.149548,1683.25,0.05630964,-1
66607.421098,1683.34,0.00293994,-1
66609.327003,1683.31,0.381592,1
66611.667763,1683.1,0.001,1
66612.124186,1683,0.001037,1
66612.124186,1683,0.001,1
66613.341081,1682.95,1,1
66613.678504,1682.8,0.001,1
66613.678504,1682.82,1,1
66613.678399,1682.9,0.001,1
66615.085793,1682.7,0.093,1
66615.085793,1682.7,0.025426,1
66615.03918,1682.7,1.549574,1
66615.03918,1682.7,0.001,1
66616.497434,1682.6,1.188686,1
66616.497434,1682.6,0.001,1
66616.680082,1682.5,1.575,1
66616.680082,1682.5,0.001,1
66617.574509,1682.63,0.04466194,1
66620.515996,1682.68,0.03550356,-1
66622.223549,1682.64,0.12364814,-1
66622.234481,1682.8,0.51635117,-1
66622.234481,1682.8,0.001,-1
66622.339514,1683.08,0.002085,-1
66622.339514,1683,0.001,-1
66622.339514,1682.9,0.001,-1
66622.475706,1683.07,0.99197495,1
66622.474328,1683.07,0.19641,1
66624.345286,1682.89,1.2999872,-1
66624.968567,1683,0.084945,-1
66624.968567,1683,0.001,-1
66627.66533,1682.83,0.04214703,1
66628.363468,1682.87,0.00000594,1
66633.169742,1683.02,0.02367816,-1
66634.189364,1683.02,0.01443692,-1
66634.502671,1682.93,0.04330897,-1
66634.604174,1682.96,0.05883017,-1
66634.712519,1682.93,0.11852458,1
66634.712519,1682.93,0.00137496,1
66634.703616,1682.94,0.01176603,-1
66635.270115,1682.95,0.00253734,1
66635.502243,1682.95,0.02941509,-1
66635.988019,1682.95,0.00044123,-1
66637.096205,1682.95,0.021385,-1
66637.684072,1682.95,0.00281797,-1
66638.230679,1682.92,0.00000594,1
66638.219378,1682.92,0.00548451,1
66638.527623,1682.93,0.00064705,-1
66638.83104,1682.92,0.00000769,1
66639.078281,1682.93,0.0028883,-1
66639.708825,1682.93,0.00006534,-1
66639.689322,1682.93,0.29903756,-1
66642.760918,1682.81,0.04875179,-1
66644.75293,1683.25,0.02687025,-1
66644.75293,1683.2,0.001,-1
66644.75293,1683.1,0.001,-1
66645.883889,1683.25,0.01127092,-1
66646.373308,1683.25,0.05636117,-1
66646.969547,1683.37,0.4711675,-1
66646.969547,1683.3,0.001,-1
66646.969547,1683.25,0.10528785,-1
66647.739027,1683.68,0.15983649,-1
66647.739027,1683.6,0.35075672,-1
66647.739027,1683.6,0.001,-1
66647.739027,1683.6,0.05,-1
66647.739027,1683.5,0.001,-1
66647.739027,1683.4,0.001,-1
66650.586624,1683.35,0.17470969,-1
66652.484943,1683.27,0.00176439,-1
66653.596591,1683.33,0.89109114,-1
66653.596591,1683.33,0.88990932,-1
66653.596393,1683.29,1.18826054,-1
66653.596393,1683.28,2.20785097,-1
66653.596393,1683.28,0.0593559,-1
66653.596393,1683.23,2,-1
66653.596393,1683.23,0.02309685,-1
66653.596321,1683.23,0.3176311,-1
66654.655348,1683.5,0.00194151,-1
66654.655348,1683.5,0.001,-1
66654.745663,1683.49,0.02427808,1
66654.745663,1683.49,0.00115842,1
66654.745663,1683.49,0.42963602,1
66655.215652,1683.5,0.01408339,-1
66655.726048,1683.49,0.09155434,1
66658.043714,1683.21,0.05772403,-1
66658.499015,1683.17,0.05351079,1
66658.499015,1683.2,0.001,1
66659.793418,1682.99,0.89126595,1
66659.793418,1683,7.69,1
66659.793418,1683,0.001,1
66659.792685,1683.1,0.001,1
66660.024569,1682.9,0.00000577,1
66660.386573,1682.91,0.06198638,-1
66661.293895,1682.9,0.07999977,1
66661.293895,1682.9,0.00099423,1
66662.327725,1683.2,0.001,-1
66662.404527,1683.3,0.001,-1
66662.700574,1683.4,0.001,-1
66663.80388,1683.49,0.00002457,1
66664.498044,1683.17,0.89117217,1
66664.498044,1683.29,0.84738156,1
66664.491298,1683.29,0.3407,1
66664.486569,1683.1,0.001,1
66664.486358,1683.14,3.98483528,1
66664.484555,1683.14,0.081,1
66664.48428,1683.14,1.61710992,1
66664.48428,1683.16,0.53769008,1
66664.483793,1683.2,0.001,1
66664.480789,1683.31,0.12982109,1
66664.478514,1683.31,1.05826047,1
66664.478514,1683.32,0.0593559,1
66664.478514,1683.38,0.18361892,1
66664.478386,1683.38,0.70744116,1
66664.478386,1683.4,0.21123818,1
66664.47822,1683.4,0.44128792,1
66664.47822,1683.41,0.22888376,1
66664.570449,1683.06,0.52175852,1
66664.570449,1683.08,1.18808156,1
66664.679091,1683,0.001,1
66664.628363,1683.01,0.2300571,1
66664.628363,1683.02,0.0588569,1
66664.628363,1683.02,1.813,1
66666.156078,1683.2,0.001,-1
66666.139618,1683.19,0.0603559,-1
66666.119765,1683.12,0.8822694,-1
66666.119765,1683.12,0.492012,-1
66666.119105,1683.12,0.69644615,-1
66666.119105,1683.1,1.12655,-1
66666.119105,1683.06,0.88990932,-1
66666.119018,1683,0.20946618,-1
66666.118935,1683,0.68180448,-1
66666.118935,1682.99,0.88990932,-1
66666.118435,1682.94,1,-1
66666.118435,1682.92,1,-1
66666.118374,1682.91,0.48555811,-1
66667.308112,1683.06,0.00209709,1
66668.863763,1683.24,0.80596508,-1
66668.863763,1683.23,0.88990932,-1
66668.863763,1683.22,0.29675428,-1
66668.863573,1683.22,0.32994187,-1
66668.863491,1683.22,0.13494187,-1
66668.863219,1683.22,0.13169504,-1
66668.863219,1683.16,0.80996745,-1
66668.862667,1683.16,0.07994187,-1
66668.862454,1683.15,0.09015334,-1
66668.862346,1683.15,0.00694187,-1
66668.862314,1683.15,1.09119843,-1
66668.862314,1683.14,0.87090797,-1
66668.862038,1683.14,1.24559126,-1
66668.862038,1683.14,0.0593559,-1
66668.862038,1683.08,0.33799471,-1
66668.86176,1683.08,0.55191461,-1
66668.861641,1683.04,1,-1
66668.861579,1683.02,0.534793,-1
66668.861289,1683.02,0.44991461,-1
66668.854289,1683.02,0.01529239,-1
66669.16559,1683.46,0.2927794,-1
66669.16559,1683.4,0.076,-1
66669.16559,1683.4,0.001,-1
66669.16559,1683.3,0.6292206,-1
66669.16559,1683.3,0.001,-1
66669.971451,1683.3,0.07045083,-1
66670.080456,1683.29,0.00296507,1
66671.039755,1683.19,0.00505097,-1
66674.182309,1683.11,0.028795,-1
66675.709898,1683.14,1,-1
66675.709695,1683.12,1,-1
66676.705874,1683.4,0.001,-1
66677.328996,1683.5,0.001,-1
66677.830255,1683.55,0.1997429,1
66677.830255,1683.56,1.48494856,1
66677.830255,1683.59,1.575,1
66677.830255,1683.59,0.00140367,1
66677.830255,1683.59,0.33144,1
66677.830255,1683.59,0.37266138,1
66678.961563,1683.6,0.001,-1
66684.221371,1683.6,0.00297562,1
66685.242422,1683.77,0.09254683,-1
66685.242422,1683.7,0.001,-1
66686.797581,1683.77,0.052564,-1
66686.797581,1683.77,0.54635061,-1
66686.797373,1683.77,0.34355871,-1
66686.797373,1683.76,0.0593559,-1
66686.796956,1683.69,0.4136693,-1
66688.21653,1683.9,0.001,-1
66688.209019,1683.8,0.001,-1
66688.329532,1684,0.001,-1
66689.204047,1684.23,0.29698442,-1
66689.204047,1684.2,0.001,-1
66689.204047,1684.1,0.001,-1
66690.678289,1684.29,0.00000593,1
66690.844278,1684.54,0.079,-1
66690.844278,1684.5,0.084,-1
66690.844278,1684.5,0.001,-1
66690.844278,1684.4,0.084,-1
66690.844278,1684.4,0.001,-1
66690.844278,1684.3,0.001,-1
66696.629457,1684.6,0.00046946,-1
66696.629457,1684.5,0.001,-1
66697.073968,1684.6,0.00716265,-1
66697.073968,1684.6,0.00053054,-1
66697.355079,1684.39,0.00969672,-1
66697.579043,1684.39,0.00587659,-1
66698.233358,1684.45,0.00293838,-1
66698.187517,1684.46,0.0508439,-1
66698.187517,1684.45,0.0593559,-1
66698.187517,1684.44,0.09952399,-1
66698.187517,1684.44,0.099524,-1
66698.443989,1684.39,0.08814635,-1
66699.317875,1684.34,0.0593559,-1
66699.317875,1684.34,1,-1
66699.317875,1684.32,1,-1
66699.317875,1684.31,0.05398163,-1
66699.418834,1684.43,0.89051223,-1
66699.450097,1684.6,0.04072274,-1
66699.450097,1684.6,0.001,-1
66699.633739,1684.63,0.582,1
66699.994342,1684.42,0.00900918,-1
66699.994342,1684.41,0.02699082,-1
66700.190535,1684.41,0.00000731,1
66700.520316,1684.3,0.001,1
66700.520279,1684.33,0.14842873,1
66700.520095,1684.4,0.001,1
66701.854634,1684.22,0.0011284,-1
66702.096638,1684.21,0.00058771,-1
66702.138634,1684.21,0.00844541,-1
66706.803961,1684.3,0.01534623,-1
66706.803961,1684.27,0.0134954,-1
66708.739535,1684.11,0.42264096,1
66708.739535,1684.11,0.83892998,1
66708.739535,1684.11,0.0593559,1
66708.739535,1684.2,0.083,1
66708.739535,1684.2,0.001,1
66708.739535,1684.26,0.00182088,1
66708.739535,1684.26,0.59325228,1
66709.578867,1684.41,0.05937593,1
66709.543208,1684.42,0.01662943,-1
66709.543208,1684.4,0.001,-1
66710.361134,1684.59,0.05250271,-1
66710.361134,1684.5,0.001,-1
66716.968458,1684.9,0.00369729,-1
66716.968458,1684.9,0.001,-1
66716.968458,1684.8,0.05,-1
66716.968458,1684.8,0.001,-1
66716.968458,1684.7,0.001,-1
66716.968458,1684.6,0.001,-1
66717.997412,1685.17,0.33144,1
66717.971781,1685.2,0.00271509,-1
66717.971781,1685.1,0.001,-1
66717.971781,1685,0.001,-1
66717.971781,1685,0.01221,-1
66718.127591,1685.18,0.03222068,-1
66720.403454,1684.9,0.00572985,-1
66720.59544,1685.09,0.08445851,-1
66720.924071,1684.98,0.00000548,1
66721.085554,1684.75,0.08891192,1
66721.085554,1684.77,1.18700884,1
66721.085554,1684.78,0.89032334,1
66721.085554,1684.8,0.001,1
66721.085554,1684.82,0.0593559,1
66721.078656,1684.92,0.32527777,1
66721.172327,1684.7,0.784008,1
66721.159489,1684.7,0.403,1
66721.159489,1684.7,0.6,1
66721.159489,1684.7,0.001,1
66721.461781,1684.6,0.001,1
66723.48852,1684.3,0.0615256,1
66723.48852,1684.3,0.001,1
66723.48852,1684.4,0.083,1
66723.48852,1684.4,0.001,1
66723.48852,1684.5,0.00091107,1
66723.48852,1684.5,0.001,1
66724.672719,1684.4,0.00002334,1
66725.771114,1684.44,0.27909513,-1
66725.760459,1684.44,0.55398314,-1
66725.759714,1684.44,0.16692173,-1
66725.759714,1684.42,1,-1
66726.366297,1684.64,0.00220385,-1
66728.551488,1684.48,0.04222317,-1
66729.307172,1684.46,0.17385507,-1
66729.303693,1684.46,0.82614493,-1
66729.298998,1684.44,0.95777683,-1
66729.298998,1684.44,0.04222,-1
66730.171894,1684.69,0.08386793,-1
66730.168753,1684.69,0.30203,1
66730.568518,1684.55,0.02798931,-1
66731.94724,1684.56,0.01153684,-1
66732.114942,1684.56,0.11262329,-1
66732.713421,1684.56,0.05769044,-1
66733.320626,1684.58,1,-1
66733.320626,1684.56,0.05769,-1
66733.320626,1684.56,0.12416,-1
66733.320626,1684.56,0.26427102,-1
66733.320623,1684.56,0.55387841,-1
66733.628742,1684.7,0.35735173,-1
66733.628742,1684.7,0.001,-1
66733.635886,1684.7,0.45764827,-1
66733.632389,1684.7,0.185,-1
66733.90101,1684.76,0.00563024,-1
66734.225961,1684.82,0.000109,-1
66734.225961,1684.8,1,-1
66734.225961,1684.8,0.001,-1
66734.360273,1684.84,0.007864,-1
66734.360273,1684.84,0.00563,-1
66734.360273,1684.84,0.00563,-1
66735.583771,1684.88,0.01187275,1
66740.068372,1684.72,0.01153411,-1
66740.615165,1684.7,0.69366765,1
66740.615165,1684.71,0.00097645,1
66740.615165,1684.71,0.0593559,1
66740.715936,1684.81,0.49591461,-1
66740.715736,1684.81,0.30033365,-1
66740.715736,1684.8,0.20558096,-1
66740.715435,1684.8,0.68432836,-1
66740.715435,1684.79,0.0593559,-1
66740.715435,1684.75,0.89034178,-1
66740.715435,1684.71,0.24948842,-1
66740.714986,1684.71,0.93765655,-1
66740.713991,1684.7,0.98077,-1
66740.713991,1684.7,0.01923,-1
66740.713991,1684.69,0.88990932,-1
66740.713991,1684.68,0.05385852,-1
66740.713939,1684.68,0.93460737,-1
66740.713939,1684.68,0.01153,-1
66740.713939,1684.67,0.29677465,-1
66740.713734,1684.61,0.33863,-1
66740.805005,1684.9,0.2185675,1
66740.802886,1684.95,0.04829725,-1
66740.802886,1684.95,0.98757,-1
66740.778627,1685.02,1,1
66740.759969,1684.96,0.4,-1
66740.749229,1685.06,0.50491461,-1
66740.739058,1685.06,0.07025617,-1
66740.738839,1685.06,0.50491461,-1
66740.727648,1685.06,0.49691461,-1
66740.727356,1685.06,0.50291461,-1
66740.727356,1685,0.001,-1
66740.727356,1684.9,0.001,-1
66741.636172,1684.71,0.16925488,-1
66742.170028,1684.73,0.37399471,-1
66742.169805,1684.73,0.51591461,-1
66742.159898,1684.71,0.37444634,-1
66742.159702,1684.71,0.51591461,-1
66742.300638,1684.74,0.1119199,-1
66742.300638,1684.73,0.40399471,-1
66742.300237,1684.73,0.48591461,-1
66742.465355,1684.74,0.51591461,-1
66742.465131,1684.74,0.48591461,-1
66742.586027,1684.75,0.11148941,-1
66742.586027,1684.75,0.3754252,-1
66742.585748,1684.75,0.51491461,-1
66742.572932,1684.76,0.51491461,-1
66742.572838,1684.76,0.42755871,-1
66742.572838,1684.75,0.0593559,-1
66742.74441,1684.75,0.51491461,-1
66742.744122,1684.75,0.48691461,-1
66742.663747,1684.75,0.48691461,-1
66742.663643,1684.75,0.51491461,-1
66742.76193,1684.79,0.40340406,-1
66742.761704,1684.79,0.48691461,-1
66743.179483,1684.74,1,1
66743.167966,1684.78,1,1
66743.40847,1684.73,0.31691439,1
66743.40847,1684.73,0.00000061,1
66743.374276,1684.73,0.309914,1
66743.525019,1684.73,0.32091456,1
66743.525019,1684.73,0.00000044,1
66743.492095,1684.73,0.31891417,1
66743.492095,1684.73,0.00000083,1
66743.457174,1684.73,0.31791378,1
66743.457174,1684.73,0.00000022,1
66743.623301,1684.73,0.32191395,1
66743.623301,1684.73,0.00000005,1
66743.684097,1684.73,0.32691373,1
66743.684097,1684.73,0.00000027,1
66743.655655,1684.73,0.32591434,1
66743.655655,1684.73,0.00000066,1
66743.842677,1684.7,0.001,1
66743.794136,1684.73,0.32791451,1
66743.794136,1684.73,0.00000049,1
66743.746748,1684.73,0.32691412,1
66743.746748,1684.73,0.00000088,1
66744.181981,1684.86,1.3449554,-1
66744.181981,1684.85,0.29677465,-1
66744.181981,1684.8,1.12105,-1
66744.181981,1684.78,1.575,-1
66744.181981,1684.78,0.88990932,-1
66744.181981,1684.74,0.1553216,-1
66744.181981,1684.68,0.0593559,-1
66744.181051,1684.61,0.27951997,-1
66744.18104,1684.61,0.61089383,-1
66744.18104,1684.61,0.6043602,-1
66744.180749,1684.61,0.54438059,-1
66744.180508,1684.61,0.42625921,-1
66744.180508,1684.61,0.52402786,-1
66744.179723,1684.61,0.55091461,-1
66744.179578,1684.61,0.11228461,-1
66744.179578,1684.61,0.33863,-1
66744.210351,1684.9,0.001,-1
66744.385726,1685,0.001,-1
66745.04621,1685.08,0.05863816,-1
66745.911775,1685.04,1,1
66745.911775,1685.06,1,1
66746.326929,1684.8,0.001,1
66746.305967,1684.88,0.88990932,1
66746.301615,1684.89,7.36531127,1
66746.301615,1684.9,0.89333306,1
66746.288309,1685,1,1
66746.282228,1685.02,1,1
66746.597617,1684.68,1,1
66746.596097,1684.7,0.05890075,1
66746.595621,1684.7,0.94109925,1
66746.595621,1684.7,0.001,1
66746.707617,1684.61,0.06012607,-1
66746.984001,1684.61,0.11141542,-1
66746.984001,1684.61,0.45549919,-1
66746.983576,1684.61,0.43491461,-1
66747.062498,1684.68,0.56691461,-1
66747.062209,1684.68,0.43491461,-1
66747.045127,1684.68,0.11144838,-1
66747.045127,1684.68,0.32346623,-1
66747.045124,1684.68,0.56691461,-1
66747.034697,1684.61,0.0593559,-1
66749.884467,1684.68,1,1
66749.884467,1684.7,1,1
66750.026409,1684.6,0.001,1
66750.033161,1684.23,0.05456844,1
66750.033161,1684.25,0.89333306,1
66750.033161,1684.25,0.88990932,1
66750.033161,1684.3,0.00001203,1
66750.033161,1684.3,0.001,1
66750.033161,1684.3,0.0214744,1
66750.033161,1684.32,0.88990932,1
66750.033161,1684.33,0.0593559,1
66750.033161,1684.37,0.03328054,1
66750.033161,1684.39,0.89333306,1
66750.033161,1684.39,0.88990932,1
66750.033161,1684.4,0.001,1
66750.033161,1684.5,0.34591461,1
66750.033161,1684.5,0.001,1
66750.599771,1684.31,0.0143325,-1
66751.014955,1684.31,0.05767127,-1
66753.445681,1684.31,0.11125682,-1
66753.445681,1684.31,0.29165779,-1
66753.445678,1684.31,0.59891461,-1
66753.533455,1684.31,0.40291461,-1
66753.533216,1684.31,0.59891461,-1
66753.474094,1684.31,0.09152688,-1
66753.474094,1684.31,0.0593559,-1
66753.474094,1684.31,0.07431381,-1
66753.472549,1684.31,0.59891461,-1
66753.472493,1684.31,0.40291461,-1
66753.836884,1684.31,0.00006529,-1
66753.817561,1684.31,0.27843854,-1
66754.694951,1684.35,0.29163664,-1
66754.694843,1684.35,0.59891461,-1
66754.683078,1684.35,0.40291461,-1
66754.682978,1684.35,0.59891461,-1
66754.6377,1684.33,0.0593559,-1
66755.097244,1684.45,0.00587458,-1
66755.382055,1684.42,0.30675954,1
66755.378488,1684.42,0.69324046,1
66755.378488,1684.44,1,1
66756.844031,1684.28,1,1
66756.84182,1684.3,1,1
66756.84182,1684.3,0.00097579,1
66756.84182,1684.3,0.001,1
66757.339847,1684.21,0.02884813,-1
66758.151678,1684.21,0.0593559,-1
66758.448283,1684.24,0.03232778,-1
66759.778538,1684.24,1,1
66760.180156,1684.18,0.31870396,1
66760.179554,1684.18,0.68129604,1
66760.179554,1684.2,0.3509228,1
66760.176954,1684.2,0.6490772,1
66760.176954,1684.2,0.001,1
66760.544852,1684.11,0.0281477,-1
66761.118507,1684.11,0.03462217,-1
66761.266329,1684.1,0.00000694,1
66761.412598,1684.11,0.01175625,-1
66761.498222,1684.11,0.02815456,-1
66762.017774,1684.11,0.05792736,-1
66762.017774,1684.11,0.23594932,-1
66763.827632,1684.08,0.66524426,1
66763.827632,1684.1,1,1
66763.827632,1684.1,0.00099306,1
66763.804475,1684.11,0.00151035,-1
66763.804475,1684.11,0.00142854,-1
66763.930054,1684,0.001,1
66763.929041,1684.01,0.01153876,-1
66763.835057,1684.08,0.33475574,1
66764.499278,1684.04,0.06537775,1
66764.451856,1683.9,0.00000593,1
66764.447124,1683.91,0.64391461,-1
66764.447083,1683.91,0.01928461,-1
66764.447083,1683.91,0.33863,-1
66764.755315,1684.02,1,1
66764.751844,1684.04,1,1
66765.142807,1683.91,0.04615819,-1
66765.101558,1683.91,0.06023844,-1
66765.558365,1683.91,0.02939063,-1
66765.707556,1683.56,0.16365966,1
66765.707556,1683.57,0.25,1
66765.707556,1683.58,0.4,1
66765.707556,1683.6,0.0593559,1
66765.707556,1683.6,0.88990932,1
66765.707556,1683.6,0.89333306,1
66765.707556,1683.6,0.05,1
66765.707556,1683.6,0.001,1
66765.707556,1683.66,1.18783867,1
66765.707556,1683.69,0.88990932,1
66765.707556,1683.7,0.106,1
66765.707556,1683.7,0.001,1
66765.707556,1683.8,0.106,1
66765.707556,1683.8,0.001,1
66765.707556,1683.88,1,1
66765.707556,1683.9,1,1
66765.707556,1683.9,0.00099407,1
66766.287754,1683.7,0.001,1
66768.323903,1683.5,0.06163539,1
66768.323903,1683.5,0.00076461,1
66768.323903,1683.5,0.001,1
66769.351564,1683.5,0.05958695,-1
66770.359089,1683.4,0.001,1
66770.43913,1683.31,0.65091461,-1
66770.438949,1683.31,0.01228461,-1
66770.438949,1683.31,0.33863,-1
66770.726999,1683.32,0.05878476,-1
66771.383246,1683.31,0.070514,-1
66774.064534,1683.2,0.10408539,1
66774.064534,1683.2,0.001,1
66774.064534,1683.3,0.39391461,1
66774.064534,1683.3,0.001,1
66774.763535,1683.3,0.11072247,-1
66774.763535,1683.3,0.54519214,-1
66774.763291,1683.3,0.34591461,-1
66778.846304,1683.43,0.29947923,-1
66778.846221,1683.43,0.59155871,-1
66778.846221,1683.43,0.0593559,-1
66780.628681,1683.5,0.001,-1
66781.480244,1683.6,0.001,-1
66781.480244,1683.57,0.0593559,-1
66781.480244,1683.57,0.24005365,-1
66781.478499,1683.57,0.65091461,-1
66781.544166,1683.7,0.20039438,-1
66781.543951,1683.7,0.34991461,-1
66781.543951,1683.7,0.001,-1
66781.789045,1683.79,0.0000052,1
66783.59852,1683.91,0.64591461,-1
66783.598478,1683.91,0.29391461,-1
66783.598478,1683.9,0.001,-1
66783.598478,1683.87,0.048,-1
66783.588948,1683.82,0.53491898,-1
66783.588485,1683.82,0.35591461,-1
66783.588485,1683.8,0.001,-1
66783.645353,1684,0.001,-1
66783.74394,1684.1,0.001,-1
66784.61952,1684.16,0.0588715,1
66784.803468,1684.17,0.00865471,-1
66786.027605,1683.9,0.00097783,1
66785.990916,1683.9,0.00002217,1
66786.165391,1683.33,0.63485905,1
66786.165391,1683.39,1.18804927,1
66786.165391,1683.4,0.001,1
66786.165391,1683.4,0.106,1
66786.165391,1683.43,0.88990932,1
66786.165391,1683.43,0.06685546,1
66786.165391,1683.44,0.00089069,1
66786.165391,1683.46,0.89333306,1
66786.165391,1683.49,0.03342773,1
66786.165391,1683.5,0.38891461,1
66786.165391,1683.5,0.001,1
66786.165391,1683.51,0.38891461,1
66786.135908,1683.52,0.016055,-1
66786.093903,1683.6,0.05,1
66786.093903,1683.6,0.001,1
66786.075659,1683.7,0.001,1
66786.06452,1683.8,0.0010681,1
66786.06452,1683.8,0.001,1
66788.658133,1683.14,0.01720167,1
66788.658133,1683.2,0.106,1
66788.658133,1683.2,0.001,1
66788.658133,1683.3,0.001,1
66789.05996,1683.29,0.00352628,1
66790.006333,1683.3,0.00573083,-1
66791.78508,1683.1,0.001,1
66792.070208,1682.9,0.001,1
66792.02849,1683,0.001,1
66792.691809,1682.81,0.28109428,-1
66795.602611,1682.81,0.0588127,-1
66796.264085,1682.81,0.0294067,-1
66796.544546,1682.81,0.22794054,-1
66796.544546,1682.81,0.0593559,-1
66796.544546,1682.81,1.18830596,-1
66796.544546,1682.81,0.89136622,-1
66796.989106,1682.97,0.68191461,-1
66796.988892,1682.97,0.26055871,-1
66796.988892,1682.96,0.0593559,-1
66797.335876,1683.02,0.05881305,-1
66797.905702,1683.05,0.01,1
66798.095138,1683.2,0.001,-1
66798.095138,1683.18,0.62761413,-1
66798.094539,1683.18,0.26355871,-1
66798.094539,1683.17,0.0593559,-1
66798.083325,1683.1,0.001,-1
66798.380696,1683.4,0.001,-1
66798.356232,1683.35,0.56816612,-1
66798.355345,1683.35,0.32291461,-1
66798.355345,1683.3,0.001,-1
66798.653995,1683.5,0.001,-1
66801.286057,1683.7,0.1001,-1
66801.286057,1683.7,0.001,-1
66801.280093,1683.6,0.001,-1
66801.269539,1683.59,0.03,-1
66801.394372,1683.83,1.06273324,-1
66801.394144,1683.83,0.12535443,-1
66801.394144,1683.83,0.096,-1
66801.394144,1683.8,0.001,-1
66801.453461,1683.9,0.001,-1
66802.690161,1684.2,0.03307466,-1
66802.690161,1684.2,0.001,-1
66802.690161,1684.1,0.001,-1
66802.690161,1684,0.001,-1
66803.406818,1684.3,0.001,-1
66803.530589,1684.4,0.001,-1
66804.550089,1684.28,2.01528721,1
66804.550089,1684.3,0.0593559,1
66804.550089,1684.3,0.106,1
66804.550089,1684.4,0.40191461,1
66804.550089,1684.41,0.66891461,1
66804.550089,1684.44,0.40191461,1
66804.550089,1684.45,0.40091461,1
66804.550089,1684.46,0.40091461,1
66806.481646,1684.48,0.01,1
66806.570782,1684.47,0.0036688,-1
66807.481202,1684.5,0.001,-1
66807.467233,1684.47,0.0593559,-1
66807.467233,1684.47,0.22557319,-1
66807.467228,1684.47,0.66491461,-1
66808.188159,1684.46,0.001315,1
66808.424906,1684.31,0.0140869,-1
66808.714815,1684.37,0.0140699,-1
66810.168761,1684.37,0.0593559,-1
66813.257197,1684.52,0.05578417,-1
66813.880777,1684.51,0.394914,1
66815.987313,1684.53,0.10315541,-1
66815.987313,1684.52,0.00357173,-1
66816.321042,1684.56,0.00900967,-1
66817.967136,1684.53,0.001195,-1
66818.519266,1684.67,0.34691461,-1
66818.519028,1684.67,0.65491461,-1
66818.505841,1684.62,0.00089069,-1
66818.505841,1684.6,0.001,-1
66818.488017,1684.53,0.0593559,-1
66818.604222,1684.9,0.001,-1
66818.59072,1684.82,0.096,-1
66818.59072,1684.8,0.001,-1
66818.536552,1684.7,0.001,-1
66818.715272,1684.92,0.5513398,1
66819.964256,1684.42,0.00624125,-1
66821.099983,1684.48,0.01521937,-1
66821.153824,1684.5,0.101,-1
66821.153824,1684.49,0.0593559,-1
66821.153824,1684.48,0.89048252,-1
66821.153824,1684.46,1.813,-1
66821.643781,1684.55,0.00881536,-1
66822.100755,1684.55,0.01442218,-1
66822.07811,1684.54,0.0000066,1
66822.46186,1684.55,0.02056905,-1
66822.666834,1684.55,0.00293851,-1
66823.006943,1684.55,0.00293852,-1
66823.693438,1684.55,0.00280941,-1
66824.038754,1684.55,0.02884385,-1
66824.103683,1684.54,0.000795,1
66824.103683,1684.54,1.59695733,1
66824.594209,1684.4,0.001,1
66824.962512,1684.37,0.00293851,-1
66825.171682,1684.37,0.01689023,-1
66825.366626,1684.37,0.01040788,-1
66825.36431,1684.37,0.00057596,-1
66825.600901,1684.31,0.17522894,-1
66826.228131,1684.3,0.106,1
66826.228131,1684.3,0.001,1
66827.559461,1684.22,0.00058769,-1
66828.772964,1684.21,0.00176322,-1
66828.941436,1684.11,2.39976053,1
66828.941436,1684.12,1.42234393,1
66828.941436,1684.2,0.001,1
66829.183505,1684.01,0.01935855,-1
66829.128859,1684,2.05548599,1
66829.128859,1684,3.04678901,1
66829.128859,1684,0.001,1
66829.054038,1684.06,0.83542467,1
66829.052494,1684.06,0.25941008,1
66829.050321,1684.06,0.06906571,1
66829.048511,1684.06,0.08232106,1
66829.046584,1684.06,0.08522956,1
66829.044926,1684.06,0.07527371,1
66829.04327,1684.06,0.8953166,1
66829.042304,1684.06,0.08366208,1
66829.040199,1684.06,1.91893648,1
66829.038822,1684.06,1.4876339,1
66829.038822,1684.1,0.001,1
66829.482101,1684.01,0.01442253,-1
66829.592744,1684.01,0.01963112,-1
66829.826922,1684,0.00000053,1
66829.90129,1683.91,6.840687,1
66829.880358,1683.91,0.25778763,1
66829.880358,1683.95,0.00089048,1
66831.208965,1684.06,0.05769935,-1
66832.296278,1683.92,0.02815171,-1
66832.348098,1683.83,3.48254331,1
66832.348098,1683.9,0.001,1
66832.348098,1683.91,0.00000007,1
66832.492569,1683.8,0.001,1
66832.746058,1683.85,0.01351109,-1
66834.079235,1683.6,2.86715739,1
66834.079235,1683.6,0.001,1
66834.077513,1683.68,2.97878696,1
66834.07743,1683.7,0.001,1
66834.073551,1683.71,9.75198185,1
66834.073483,1683.76,0.00076476,1
66834.171969,1683.49,3.56045529,1
66834.171969,1683.5,0.001,1
66834.171969,1683.51,0.0593559,1
66834.621437,1683.45,0.01815117,-1
66835.217106,1683.41,6.531722,1
66835.157044,1683.44,0.40391425,1
66835.157044,1683.44,0.00089075,1
66835.44576,1683.4,0.00001126,1
66835.44576,1683.41,0.00000086,1
66838.98919,1683.42,0.67608539,-1
66838.988717,1683.42,0.32391461,-1
66838.975325,1683.41,0.27248981,-1
66838.975134,1683.41,0.61855871,-1
66838.975134,1683.41,0.0593559,-1
66839.702997,1683.3,0.14673557,1
66839.702997,1683.3,0.001,1
66839.702927,1683.4,0.00098874,1
66839.774652,1683.2,0.001,1
66839.942111,1682.73,0.37830764,1
66839.942111,1682.78,0.20012778,1
66839.942111,1682.78,0.19147102,1
66839.942111,1682.8,0.05,1
66839.942111,1682.8,0.001,1
66839.942111,1682.8,0.20013407,1
66839.942111,1682.9,0.001,1
66839.942111,1683,0.001,1
66839.942111,1683.1,0.001,1
66840.385326,1682.72,0.03379636,-1
66840.48096,1682.72,0.11041532,-1
66840.48096,1682.72,0.58149929,-1
66840.480798,1682.72,0.30991461,-1
66841.246032,1682.79,0.00008936,1
66842.074054,1682.89,2.25481798,-1
66842.074054,1682.89,0.1536,-1
66842.073602,1682.83,0.17639202,-1
66842.072709,1682.79,0.89137682,-1
66842.072709,1682.78,0.0593559,-1
66842.623886,1683.03,0.89125343,-1
66842.623886,1683.02,0.0593559,-1
66842.623886,1683,0.001,-1
66842.674826,1683.1,0.1553216,-1
66842.674826,1683.1,0.89121264,-1
66842.674826,1683.1,0.001,-1
66842.81582,1683.2,0.001,-1
66843.122196,1683.29,0.00000494,1
66843.744781,1683.3,0.001,-1
66843.952296,1683.35,0.0593559,-1
66843.952296,1683.35,0.57316567,-1
66843.952063,1683.35,0.31791461,-1
66847.08744,1683.01,0.00281696,-1
66847.220792,1683,0.00002107,1
66847.817032,1683,0.00082458,1
66847.817032,1683,0.00097893,1
66849.500068,1682.8,0.001,1
66849.500068,1682.9,0.001,1
66850.535911,1682.72,0.38240031,-1
66850.535853,1682.72,0.29091461,-1
66850.455896,1682.72,0.00294116,-1
66854.225691,1682.98,0.00970302,1
66854.362388,1682.98,0.00001782,1
66854.51423,1682.98,0.0144377,-1
66854.761272,1682.7,0.00000001,1
66854.758856,1682.7,0.00099999,1
66854.758856,1682.71,0.19999935,1
66856.926911,1682.61,0.00620048,-1
66857.800418,1682.61,0.29352172,-1
66858.290152,1682.6,0.00000594,1
66858.279236,1682.6,0.00272637,1
66858.279236,1682.6,0.001,1
66858.949352,1682.56,0.0593559,-1
66858.949352,1682.56,0.18158405,-1
66858.94888,1682.56,0.70991461,-1
66859.851126,1683,0.00826732,-1
66859.851126,1683,0.001,-1
66859.851126,1682.9,0.001,-1
66859.851126,1682.8,0.001,-1
66861.222209,1682.82,0.02254131,-1
66861.515996,1682.81,0.00076432,1
66861.515359,1682.87,0.43210704,1
66861.714501,1682.58,0.68401121,1
66861.714501,1682.59,0.88990932,1
66861.714501,1682.6,0.111,1
66861.714501,1682.6,0.001,1
66861.714501,1682.61,0.0593559,1
66861.714501,1682.65,0.42191461,1
66861.714501,1682.66,0.42191461,1
66861.714501,1682.67,0.42191461,1
66861.714501,1682.68,0.42191461,1
66861.714501,1682.69,0.42191461,1
66861.714501,1682.74,0.42191461,1
66862.961253,1682.65,0.01961423,-1
66863.162248,1682.64,0.00588372,-1
66864.281164,1682.59,0.03685411,1
66865.144531,1682.51,0.00294149,-1
66865.598406,1682.5,0.6070052,1
66865.598406,1682.5,0.111,1
66865.598406,1682.5,0.001,1
66865.878162,1682.44,0.01141414,-1
66866.970762,1682.46,0.38483336,-1
66866.970762,1682.44,0.01141,-1
66866.970762,1682.44,0.25967125,-1
66866.961331,1682.44,0.72891461,-1
66868.163729,1682.46,0.05637189,-1
66869.520515,1682.43,0.3399896,1
66869.520515,1682.43,0.6100104,1
66872.383066,1682.44,0.01176862,-1
66874.795752,1682.43,0.02102911,1
66874.997187,1682.46,0.38483,-1
66874.997187,1682.46,0.61517,-1
66874.997187,1682.44,0.01176,-1
66874.997187,1682.44,0.17731119,-1
66874.995982,1682.44,0.27622923,-1
66874.994466,1682.44,0.53469096,-1
66876.619957,1682.7,1,-1
66876.619957,1682.7,0.001,-1
66877.543521,1682.77,0.00095695,1
66877.673976,1682.78,0.03054546,-1
66878.011253,1682.78,0.012855,-1
66878.151912,1682.77,0.00009613,1
66882.906358,1682.57,0.00000627,1
66884.017895,1682.58,0.030165,-1
66884.788744,1682.6,1,-1
66884.788486,1682.58,0.03016,-1
66884.788486,1682.58,0.969835,-1
66884.871888,1682.78,1.20054441,1
66885.137622,1682.77,1.18855354,1
66885.137622,1682.77,0.89138473,1
66885.137622,1682.79,0.00149698,1
66885.137622,1682.79,0.20743045,1
66885.437829,1682.64,0.00279452,-1
66886.84957,1682.65,0.02887436,-1
66887.168932,1682.55,0.00573604,-1
66888.110589,1682.55,0.00325693,1
66889.159795,1682.6,0.09694787,-1
66889.159795,1682.54,0.48060803,-1
66891.614489,1682.79,0.00391074,1
66894.252066,1682.85,0.05783542,-1
66894.252066,1682.8,0.001,-1
66896.802646,1682.71,0.35975315,-1
66896.802646,1682.7,0.106,-1
66896.802646,1682.67,0.24030402,-1
66900.865539,1682.61,0.00853707,-1
66903.806466,1682.67,0.0000047,1
66907.436799,1682.68,0.04509654,-1
66908.006482,1682.61,0.00002001,1
66908.069054,1682.61,1.17650114,-1
66908.253629,1682.32,0.0160072,1
66908.253629,1682.4,0.001,1
66908.253629,1682.5,0.001,1
66908.239874,1682.6,0.0013728,1
66908.239874,1682.6,0.001,1
66911.50986,1682.31,0.17806468,-1
66911.629781,1682.26,0.200135,1
66911.611212,1682.27,0.01173936,1
66911.611064,1682.27,0.20189072,1
66911.610437,1682.3,0.983993,1
66911.610437,1682.3,0.001,1
66914.302693,1682.27,0.11274176,-1
66915.955483,1682.27,0.00297153,-1
66917.645134,1682.08,0.22729933,1
66917.645134,1682.1,0.169,1
66917.645134,1682.1,0.001,1
66917.645134,1682.19,0.19999856,1
66917.645134,1682.2,0.001,1
66917.645134,1682.2,0.20020033,1
66917.645134,1682.2,0.15036897,1
66917.645134,1682.2,0.20117613,1
66917.645134,1682.2,0.00062439,1
66917.645134,1682.23,0.19999559,1
66917.645134,1682.25,0.19999937,1
66917.645134,1682.26,0.00000001,1
66918.98667,1682.07,1,1
66918.986381,1682.08,0.1729709,1
66918.945933,1682.1,1.18899275,1
66918.945933,1682.1,0.89174193,1
66920.038721,1682.04,0.01647666,-1
66920.30869,1682.04,0.04712328,-1
66920.30869,1682.04,0.04287672,-1
66921.239323,1682.3,0.001,-1
66921.239323,1682.27,0.02478006,-1
66921.146461,1682.1,0.14862286,-1
66921.145159,1682.06,0.50703846,-1
66921.144931,1682.06,0.49296154,-1
66921.144931,1682.04,0.05935338,-1
66921.144931,1682.04,0.04712,-1
66921.144931,1682.04,0.95287672,-1
66922.230463,1682.4,0.00194263,-1
66922.230463,1682.4,0.001,-1
66922.930398,1682.4,0.10003063,-1
66923.146722,1682.4,0.14712264,-1
66923.935731,1682.4,0.02818865,-1
66924.618471,1682.4,0.012314,-1
66924.949201,1682.43,0.29720685,-1
66924.949201,1682.42,1,-1
66924.948518,1682.4,0.01231,-1
66924.948518,1682.4,0.02819,-1
66924.948518,1682.4,0.24715,-1
66924.948518,1682.4,0.00194,-1
66924.948518,1682.4,0.00496953,-1
66924.948518,1682.4,0.71040145,-1
66925.536825,1682.5,0.020204,-1
66925.536825,1682.5,0.001,-1
66925.698251,1682.67,0.05828082,-1
66925.698251,1682.6,0.001,-1
66925.671735,1682.52,1,-1
66925.671433,1682.5,0.979796,-1
66925.840023,1682.67,0.00058857,-1
66926.712257,1682.67,0.00149167,-1
66927.492096,1682.67,0.00882668,-1
66927.849853,1682.7,1,-1
66927.849853,1682.7,0.001,-1
66927.84304,1682.68,0.91454007,-1
66927.842821,1682.68,0.08545993,-1
66927.842821,1682.67,0.05980771,-1
66927.842686,1682.67,2.98726764,-1
66928.367555,1682.9,0.029234,-1
66928.367555,1682.9,0.001,-1
66928.367555,1682.8,0.001,-1
66929.044548,1682.89,0.23785275,1
66935.615963,1682.98,0.00153303,-1
66935.615963,1682.97,0.05935338,-1
66935.857785,1682.96,0.08830102,1
66937.050857,1682.7,0.001,1
66937.050857,1682.72,0.14855398,1
66937.04961,1682.73,1.18852657,1
66937.04961,1682.74,0.05935338,1
66937.04961,1682.81,0.00174373,1
66938.195164,1682.64,1,-1
66938.191866,1682.62,0.05935338,-1
66938.191866,1682.62,1,-1
66940.100245,1682.82,0.01296894,1
66940.153742,1682.89,0.05882458,-1
66941.893856,1682.73,0.94557648,1
66941.893856,1682.74,0.88990932,1
66941.893856,1682.76,0.14855662,1
66941.89371,1682.81,1.39089069,1
66941.893397,1682.81,4.44710931,1
66941.893397,1682.82,0.14855662,1
66941.893397,1682.84,1.18853112,1
66941.893397,1682.87,0.55786751,1
66941.893397,1682.87,0.89133081,1
66941.892821,1682.89,1.575,1
66942.024701,1682.39,0.00587259,1
66942.024701,1682.4,0.001,1
66941.951244,1682.5,0.001,1
66941.950412,1682.6,0.952,1
66941.950011,1682.6,0.623,1
66941.950011,1682.6,0.001,1
66942.109739,1682.02,1.575,1
66942.07329,1681.9,0.16872064,1
66942.07329,1681.9,0.001,1
66942.07329,1681.9,0.20013328,1
66942.07329,1681.9,0.00059526,1
66942.07329,1681.9,0.08116102,1
66942.07329,1681.94,0.0000898,1
66942.072756,1681.94,0.0686,1
66942.061737,1682,0.0343449,1
66942.061737,1682,0.001,1
66942.061737,1682,0.20013302,1
66942.061737,1682,0.20012338,1
66942.061737,1682,0.2001337,1
66942.061737,1682,0.20013299,1
66942.061737,1682,0.06057963,1
66942.061737,1682.03,0.2001347,1
66942.060435,1682.1,0.001,1
66942.060435,1682.2,0.001,1
66942.053995,1682.3,0.001,1
66942.493431,1681.94,0.17514802,1
66942.493431,1681.94,0.12510573,1
66942.493431,1681.94,0.10008458,1
66944.165682,1681.87,0.05774191,-1
66944.444457,1681.86,0.00156292,1
66945.007296,1681.9,1,-1
66945.007296,1681.88,1,-1
66945.007296,1681.87,0.00161147,-1
66945.433211,1682.09,0.18190506,1
66945.433211,1682.09,0.10008458,1
66945.433211,1682.09,0.10008458,1
66946.593042,1681.96,0.00279586,-1
66946.884758,1681.96,0.00416296,-1
66948.149703,1681.12,0.88990932,-1
66948.083355,1681.18,0.19999992,1
66948.083355,1681.2,0.001,1
66948.080922,1681.28,0.00063401,1
66948.080922,1681.28,1.19999166,1
66948.080922,1681.3,0.001,1
66948.080922,1681.3,0.2480353,1
66948.080747,1681.3,0.20166177,1
66948.080745,1681.3,0.5502305,1
66948.080567,1681.31,0.20013399,1
66948.080567,1681.31,0.19999912,1
66948.080567,1681.32,0.13325821,1
66948.080567,1681.32,0.96212649,1
66948.057392,1681.32,0.03787351,1
66948.057392,1681.32,0.20013476,1
66948.057392,1681.32,0.20013416,1
66948.057392,1681.33,0.34792266,1
66948.057384,1681.33,1.22707734,1
66948.057384,1681.35,0.20013498,1
66948.057384,1681.35,0.14785277,1
66948.056616,1681.35,0.05228244,1
66948.056616,1681.35,0.19999989,1
66948.056616,1681.36,0.2001233,1
66948.056616,1681.38,0.14865946,1
66948.05622,1681.38,0.05136593,1
66948.05622,1681.4,0.001,1
66948.05622,1681.43,0.06662911,1
66948.05622,1681.43,0.13307005,1
66948.054407,1681.43,0.06706287,1
66948.054407,1681.45,0.20000222,1
66948.053636,1681.5,1.08420352,1
66948.052578,1681.5,0.49079648,1
66948.050936,1681.5,0.03331455,1
66948.050936,1681.5,0.001,1
66948.050936,1681.5,0.19999993,1
66948.050936,1681.5,0.19999993,1
66948.050936,1681.5,0.19999979,1
66948.050936,1681.5,0.20000831,1
66948.050936,1681.52,0.19711455,1
66948.04878,1681.6,0.001,1
66948.045157,1681.61,0.19999973,1
66948.043387,1681.67,0.00067432,1
66948.040498,1681.7,0.001,1
66948.040498,1681.7,0.15939748,1
66948.039942,1681.7,0.04077048,1
66948.039942,1681.7,0.19994089,1
66948.020127,1681.72,5.44147672,1
66948.020127,1681.72,1.54508455,1
66948.020127,1681.72,0.1999997,1
66948.020127,1681.73,1.01267399,1
66948.020064,1681.73,2.90002539,1
66948.020064,1681.73,0.89333306,1
66948.020064,1681.73,0.88990932,1
66948.020064,1681.75,0.99992655,1
66948.020064,1681.8,0.001,1
66948.020064,1681.81,0.20022717,1
66948.020064,1681.86,0.19855216,1
66948.020064,1681.88,1.18936254,1
66948.019702,1681.93,0.89183159,1
66948.019702,1681.95,1.575,1
66948.019702,1681.95,0.17918164,1
66948.367951,1680.99,0.3001727,1
66948.367951,1680.99,0.14999956,1
66948.367951,1680.99,0.00225923,1
66948.367951,1681,0.001,1
66948.363634,1681.07,0.1837645,1
66948.314589,1681.07,0.8162355,1
66948.314436,1681.1,0.001,1
66948.314436,1681.1,0.20013476,1
66948.314436,1681.1,0.09956111,1
66948.314432,1681.1,0.10057253,1
66948.314432,1681.1,0.20012335,1
66948.302476,1681.19,0.00132442,-1
66948.587799,1680.9,0.001,1
66948.722051,1680.82,0.2130208,1
66948.722051,1680.82,0.45716135,1
66948.722027,1680.82,0.54283865,1
66948.816377,1680.81,0.03953247,-1
66948.997625,1680.7,0.3040208,1
66948.997533,1680.7,0.3040208,1
66948.992055,1680.7,0.0855,1
66948.991766,1680.7,0.0835,1
66948.991766,1680.7,0.001,1
66948.991766,1680.8,0.001,1
66949.108144,1680.41,0.606288,1
66949.062795,1680.21,3.34132479,1
66949.062795,1680.3,0.001,1
66949.062795,1680.32,1,1
66949.062795,1680.33,1.1900145,1
66949.062795,1680.34,1.575,1
66949.062795,1680.36,0.89266071,1
66949.060148,1680.4,0.001,1
66949.059201,1680.48,0.00063423,1
66949.059201,1680.48,0.22082436,1
66949.059201,1680.5,0.001,1
66949.054624,1680.6,0.001,1
66949.051321,1680.61,0.27360244,1
66949.050746,1680.61,0.27360244,1
66949.873358,1680.5,0.01443535,-1
66950.274346,1680.52,1,-1
66950.274042,1680.5,0.01443,-1
66950.274042,1680.5,0.05935338,-1
66950.274042,1680.5,0.98556465,-1
66950.395599,1680.73,0.048,-1
66950.395599,1680.7,0.001,-1
66950.395599,1680.69,0.6,-1
66951.304998,1680.88,1,-1
66951.257407,1680.84,1,-1
66952.304415,1681.12,1,-1
66952.304415,1681.1,1,-1
66952.304415,1681.1,0.001,-1
66952.640443,1681.2,0.00017726,-1
66952.640443,1681.2,0.001,-1
66953.632126,1681.2,0.99982274,-1
66953.748459,1681.32,1,-1
66953.748459,1681.3,0.001,-1
66955.173505,1681.4,1,-1
66955.173505,1681.4,0.001,-1
66955.263068,1681.44,1,-1
66956.22842,1681.5,0.00194398,-1
66956.22842,1681.5,0.001,-1
66956.250011,1681.5,0.00635851,-1
66956.349532,1681.5,0.00001193,-1
66956.606927,1681.52,0.4498832,-1
66956.606927,1681.5,0.3182216,-1
66956.604573,1681.5,0.67346398,-1
66956.706738,1681.68,0.0362189,-1
66956.706738,1681.6,0.001,-1
66956.870956,1681.64,0.00294398,-1
66957.911102,1681.62,0.02374026,-1
66958.673274,1681.61,0.01517133,1
66958.824202,1681.61,0.12013869,1
66958.910314,1681.61,0.00900987,1
66959.976171,1681.62,0.33995676,-1
66962.78109,1681.61,0.1128182,-1
66965.557354,1681.7,0.14001175,-1
66965.557354,1681.7,0.001,-1
66966.506623,1681.7,0.119144,-1
66967.893841,1681.76,1.1894017,-1
66967.893841,1681.7,0.05935338,-1
66968.782039,1682,0.02878356,-1
66968.782039,1682,0.001,-1
66968.782039,1681.9,0.001,-1
66968.782039,1681.8,0.001,-1
66969.025897,1681.96,1,1
66969.025208,1681.98,1,1
66969.025208,1681.99,0.00192529,1
66969.336903,1681.79,0.25,-1
66970.602503,1682.11,0.29733233,-1
66970.602503,1682.1,0.001,-1
66970.602503,1682,0.001,-1
66970.652691,1682.37,0.22757568,-1
66970.652691,1682.37,0.05935338,-1
66970.652691,1682.3,0.001,-1
66970.652691,1682.2,0.001,-1
66976.32075,1682.35,0.01212113,-1
66978.327685,1681.7,0.001,1
66978.325452,1681.73,1.575,1
66978.325452,1681.74,0.89333306,1
66978.325452,1681.74,1.19012553,1
66978.325452,1681.75,1.48654675,1
66978.325452,1681.76,0.05935338,1
66978.324839,1681.8,0.001,1
66978.324839,1681.86,1.18901309,1
66978.324839,1681.9,0.001,1
66978.324839,1681.93,0.89182999,1
66978.324839,1681.93,0.17138647,1
66978.324839,1682,0.001,1
66978.324839,1682.1,0.001,1
66978.339409,1681.4,0.00959642,1
66978.339239,1681.4,2.6073,1
66978.339072,1681.4,1.42096358,1
66978.339072,1681.4,0.169,1
66978.339072,1681.4,0.001,1
66978.339072,1681.41,0.05947389,1
66978.339072,1681.47,0.00006253,1
66978.338732,1681.47,0.0314,1
66978.338686,1681.5,0.001,1
66978.338686,1681.5,0.169,1
66978.334406,1681.61,0.1497122,1
66978.333618,1681.61,0.58066376,1
66978.333618,1681.71,0.14971219,1
66978.328873,1681.77,0.06195425,1
66978.328454,1681.59,3.22123932,1
66978.328454,1681.6,1.19012553,1
66978.328454,1681.6,0.05,1
66978.328454,1681.6,0.001,1
66978.328454,1681.82,1.19012553,1
66978.327685,1681.67,1.19012553,1
66978.327685,1681.69,0.05875042,1
66978.369303,1681.31,0.02807104,1
66978.369303,1681.31,0.01871402,1
66978.369303,1681.31,0.03742805,1
66978.369303,1681.31,0.03742805,1
66978.369303,1681.31,0.02807103,1
66978.358821,1681.31,0.04012392,1
66978.358821,1681.31,0.08567608,1
66978.355722,1681.31,0.0521,1
66978.355141,1681.31,0.1258,1
66978.353336,1681.3,0.001,1
66978.353336,1681.3,0.169,1
66978.464861,1681.2,0.001,1
66978.461794,1681.24,0.5,1
66978.645794,1681.11,0.33341991,1
66978.645794,1681.2,0.16,1
66978.645794,1681.25,0.07485609,1
66978.851478,1681.27,0.02819225,-1
66981.457881,1681.3,1.48698885,-1
66981.445798,1681.28,1,-1
66981.445798,1681.26,1,-1
66981.445798,1681.25,0.05935338,-1
66981.582692,1681.56,0.096,-1
66981.582692,1681.5,0.001,-1
66981.556869,1681.47,0.44421821,-1
66981.556821,1681.47,0.15578179,-1
66981.556821,1681.45,0.048,-1
66981.553067,1681.43,0.21147222,-1
66981.553067,1681.38,0.04887601,-1
66981.552461,1681.38,0.94712399,-1
66983.287688,1681.32,0.01127424,-1
66984.264838,1681.32,0.00124307,-1
66985.320989,1681.31,0.46912295,1
66985.320989,1681.31,0.18307811,1
66985.320989,1681.31,0.00079575,1
66985.387343,1681.34,1,-1
66985.387343,1681.32,0.00124,-1
66985.387343,1681.32,0.01127,-1
66985.387343,1681.32,0.98748269,-1
66987.836224,1681.48,1,-1
66987.836224,1681.46,1,-1
66988.478342,1681.6,0.21463878,-1
66988.478342,1681.6,0.001,-1
66992.404273,1680.87,1.11468754,1
66992.404273,1680.87,0.03258791,1
66992.404273,1680.88,4.63133295,1
66992.404273,1680.9,0.16,1
66992.404273,1680.9,0.001,1
66992.404273,1680.93,0.89216413,1
66992.404273,1680.95,0.1,1
66992.404273,1680.95,0.2,1
66992.404273,1680.96,0.80783899,1
66992.404273,1680.98,0.05938848,1
66992.404273,1681,0.001,1
66992.404168,1681.01,4.29325948,1
66992.404168,1681.02,0.89216413,1
66992.404168,1681.02,1.575,1
66992.404168,1681.03,2.6648424,1
66992.404168,1681.03,1.07184692,1
66992.404067,1681.06,1.18973147,1
66992.404067,1681.07,0.71026969,1
66992.403848,1681.1,4.29325948,1
66992.403848,1681.1,0.001,1
66992.403363,1681.18,0.89222609,1
66992.403363,1681.2,0.17784208,1
66992.403363,1681.2,0.001,1
66992.403363,1681.3,0.001,1
66992.676271,1680.8,0.001,1
66992.676271,1680.83,0.18640823,1
66993.991726,1680.61,0.01581742,1
66993.991726,1680.7,0.001,1
66999.852796,1680.61,0.01767304,-1
67000.207223,1680.3,0.001,1
67000.207223,1680.32,0.42,1
67000.108711,1680.32,0.58,1
67000.108466,1680.4,0.001,1
67000.108466,1680.44,0.32387396,1
67000.104737,1680.5,0.001,1
67000.099713,1680.54,0.89256667,1
67000.098802,1680.6,0.001,1
67000.098628,1680.61,0.00106986,1
67000.098628,1680.61,0.18310539,1
67000.38228,1680.2,1.13009493,1
67000.382132,1680.2,0.06996081,1
67000.382132,1680.2,0.001,1
67000.722773,1680.15,0.23781849,-1
67001.470876,1679.97,0.04409688,1
67001.470876,1680,0.03441728,1
67001.470876,1680,0.001,1
67001.470876,1680.03,0.22345018,1
67001.470815,1680.03,0.211,1
67001.470815,1680.07,0.353,1
67001.470666,1680.07,0.589,1
67001.470663,1680.07,0.058,1
67001.470663,1680.1,0.001,1
67001.469656,1680.14,0.10699864,1
67001.681433,1679.82,0.5005,1
67001.681076,1679.82,0.4995,1
67001.681076,1679.9,0.001,1
67002.692543,1679.81,0.05348879,-1
67002.692543,1679.81,0.05938848,-1
67002.929316,1679.82,1,-1
67003.453993,1679.88,0.89292092,1
67003.453993,1679.89,0.02313229,1
67003.453993,1679.89,0.02313228,1
67003.691583,1679.7,0.001,1
67003.68453,1679.8,0.001,1
67003.820091,1679.3,0.168,1
67003.820091,1679.3,0.001,1
67003.795429,1679.32,0.501,1
67003.795028,1679.32,0.499,1
67003.795028,1679.4,0.001,1
67003.795028,1679.5,0.001,1
67003.736765,1679.6,0.001,1
67003.847533,1679.49,0.34743369,1
67003.847075,1679.49,0.34743369,1
67003.833919,1679.28,0.57686771,-1
67005.659647,1679.24,0.35223579,1
67005.659327,1679.24,0.24120529,1
67005.659327,1679.25,0.11003051,1
67005.659327,1679.3,0.001,1
67006.666928,1679.21,0.02946604,-1
67008.132371,1679.22,0.00294694,-1
67008.273654,1679.22,0.13260366,-1
67009.615857,1679.22,0.11900406,-1
67011.110853,1679.21,0.00294746,-1
67011.466559,1679.21,0.23786728,-1
67014.255341,1679.22,0.03126434,-1
67014.454688,1679.22,0.08577347,-1
67015.134436,1679.24,1,-1
67015.131043,1679.22,0.11704,-1
67015.131043,1679.22,0.119,-1
67015.131043,1679.22,0.13555,-1
67015.131043,1679.22,0.62840753,-1
67015.493453,1679.21,1.575,-1
67015.493453,1679.21,0.33863,-1
67015.440173,1679.32,1.575,1
67015.440173,1679.49,0.00091767,1
67015.544304,1679.26,0.53635713,1
67015.543712,1679.26,0.53635713,1
67015.697546,1679.2,0.001,1
67016.119017,1679.07,0.13270474,1
67016.115521,1679.07,0.40136718,1
67016.112458,1679.07,0.29931641,1
67016.094711,1679.1,0.001,1
67016.159314,1679,0.001,1
67016.159314,1679,0.5,1
67016.14186,1679.07,0.16661167,1
67016.338336,1678.91,0.00578947,-1
67016.668048,1679.23,0.00001215,1
67016.64864,1679.24,0.10127452,-1
67016.935854,1679.24,0.57871154,-1
67017.183939,1679.26,1,-1
67017.183139,1679.24,0.32001394,-1
67017.493472,1679.4,0.001,-1
67017.493472,1679.32,0.42796298,-1
67017.49342,1679.32,0.57203702,-1
67017.49126,1679.3,0.18888473,-1
67017.491257,1679.3,0.59559036,-1
67017.491035,1679.3,0.21552491,-1
67017.491035,1679.3,0.001,-1
67017.879486,1679.49,0.0469729,1
67018.183934,1679.49,0.23771273,1
67019.373494,1679.52,1,-1
67019.37273,1679.5,0.57392596,-1
67019.372226,1679.5,0.42607404,-1
67019.372226,1679.5,0.001,-1
67019.613629,1679.6,0.001,-1
67019.679168,1679.8,0.05,-1
67019.679168,1679.8,0.001,-1
67019.679168,1679.7,0.001,-1
67020.450339,1679.92,1,-1
67020.450231,1679.9,0.42892596,-1
67020.450075,1679.9,0.57107404,-1
67020.450075,1679.9,0.001,-1
67020.685974,1680.1,0.08997127,-1
67020.685974,1680.1,0.001,-1
67020.685974,1680,0.001,-1
67021.437247,1679.94,0.11776319,-1
67023.179608,1679.96,1,-1
67023.174817,1679.94,0.11776,-1
67023.174817,1679.94,0.88223681,-1
67024.248107,1680.19,0.89275617,1
67025.993231,1680.12,0.01129562,-1
67027.268804,1680.2,0.001,-1
67027.37743,1680.4,0.05,-1
67027.37743,1680.4,0.001,-1
67027.37743,1680.3,0.001,-1
67028.026723,1680.6,0.00194608,-1
67028.026723,1680.5,0.001,-1
67028.370663,1680.58,0.00000595,1
67028.348011,1680.59,0.00587888,-1
67028.580114,1680.59,0.1,-1
67029.121989,1680.59,0.00282205,1
67029.573199,1680.75,0.04799031,-1
67029.573199,1680.72,0.1536,-1
67029.573199,1680.71,0.05938848,-1
67029.573199,1680.71,1.19039644,-1
67029.573199,1680.71,0.89253573,-1
67029.573199,1680.7,2.97495091,-1
67029.573199,1680.7,0.168,-1
67029.573199,1680.7,0.001,-1
67029.573199,1680.6,0.001,-1
67031.035304,1680.78,0.04536882,1
67031.705229,1680.76,1,1
67031.700931,1680.78,0.04537,1
67031.700931,1680.78,0.95462523,1
67034.545634,1680.79,0.01411021,-1
67041.846249,1681.12,0.00139896,-1
67041.846249,1681.1,0.001,-1
67041.846249,1681.05,1.19011845,-1
67041.845163,1681.09,0.05938848,-1
67041.84246,1681.03,0.988,-1
67041.84246,1681,0.05,-1
67041.84246,1681,0.001,-1
67041.84246,1680.9,0.001,-1
67041.84145,1680.8,0.001,-1
67042.861325,1681.2,0.11463351,-1
67042.861325,1681.2,0.001,-1
67045.268943,1681.34,0.07486979,-1
67045.268873,1681.34,0.07386979,-1
67045.268873,1681.3,0.001,-1
67045.909696,1681.5,0.01331414,-1
67045.909696,1681.5,0.001,-1
67045.909696,1681.4,0.001,-1
67048.19534,1681.77,0.02632126,-1
67048.19534,1681.7,0.001,-1
67048.19534,1681.6,0.001,-1
67049.71785,1681.75,0.00578269,-1
67050.793249,1681.52,2.51844509,1
67050.793249,1681.53,1.18935655,1
67050.793249,1681.53,0.8922225,1
67050.793249,1681.53,0.89333306,1
67050.793249,1681.57,1.575,1
67050.793249,1681.6,0.167,1
67050.793249,1681.64,0.89198495,1
67050.793249,1681.72,1,1
67050.793249,1681.74,1,1
67051.999487,1681.54,0.52360149,1
67051.99929,1681.7,0.00214334,1
67051.958929,1681.76,1,1
67051.958929,1681.78,1,1
67052.271177,1681.28,0.11182341,1
67052.267396,1681.28,0.88817659,1
67052.267396,1681.3,1,1
67052.267396,1681.3,0.001,1
67052.057547,1681.4,0.001,1
67052.056988,1681.48,0.5,1
67052.056988,1681.5,0.001,1
67052.989417,1681.46,0.11065862,-1
67052.989194,1681.46,0.11065863,-1
67053.006691,1681.45,0.05532931,-1
67053.006313,1681.45,0.05532932,-1
67054.695812,1681.5,0.02098196,-1
67054.695812,1681.5,0.001,-1
67056.014174,1681.57,0.07489135,-1
67056.014174,1681.56,0.01383233,-1
67056.014174,1681.56,0.01383233,-1
67057.760416,1681.5,0.31750642,1
67057.760416,1681.52,1,1
67057.760416,1681.54,1,1
67061.893718,1681.7,0.013484,-1
67061.893718,1681.7,0.001,-1
67062.51573,1681.76,0.00368202,-1
67063.023039,1681.51,0.89333306,1
67063.01775,1681.61,1.1892648,1
67063.01775,1681.63,0.89199052,1
67063.01775,1681.64,1.38328696,1
67063.01775,1681.65,0.05938848,1
67063.01775,1681.73,0.35111297,1
67063.017388,1681.76,1,1
67063.017388,1681.78,1,1
67063.128241,1681.2,0.001,1
67063.128241,1681.21,0.35083091,1
67063.123463,1681.21,3.75122844,1
67063.122718,1681.22,1.35803217,1
67063.122503,1681.22,1.71161477,1
67063.122503,1681.22,0.89333306,1
67063.119565,1681.25,0.5,1
67063.119565,1681.25,0.1553216,1
67063.119565,1681.25,0.03274193,1
67063.117935,1681.29,0.53253788,1
67063.117935,1681.34,0.89333306,1
67063.110164,1681.26,0.33974082,-1
67063.10992,1681.26,0.33974082,-1
67063.106532,1681.26,0.44946303,-1
67063.106479,1681.26,0.44946303,-1
67063.102887,1681.26,0.11729615,-1
67063.10263,1681.26,0.11729615,-1
67063.039258,1681.3,10,1
67063.039258,1681.3,0.001,1
67063.036364,1681.4,0.001,1
67063.028753,1681.5,0.001,1
67063.149022,1681.1,0.001,1
67063.129829,1681.12,1.63771584,1
67063.129829,1681.12,0.05948416,1
67064.112832,1681.3,0.1727757,-1
67064.112832,1681.29,0.05938848,-1
67064.034401,1681.23,1.18924801,-1
67064.034177,1681.18,0.46721715,-1
67064.033337,1681.18,0.53278285,-1
67064.033337,1681.16,1,-1
67064.140165,1681.44,1.18924801,-1
67064.140165,1681.4,0.001,-1
67064.140165,1681.37,1.18924801,-1
67064.139779,1681.3,0.15482392,-1
67064.136278,1681.3,0.86164839,-1
67066.407058,1681.62,0.00573945,-1
67069.813442,1681.2,0.001,1
67069.813221,1681.22,0.5,1
67069.813221,1681.3,0.001,1
67069.73581,1681.4,0.001,1
67070.043708,1681.1,0.001,1
67070.171801,1680.8,0.001,1
67070.171801,1680.8,0.06186474,1
67070.150194,1680.8,1.93114155,1
67070.150194,1680.8,0.001,1
67070.150194,1680.9,0.001,1
67070.150194,1681,0.001,1
67070.658555,1680.71,0.02060513,-1
67071.525714,1680.8,0.74255171,-1
67071.524123,1680.74,1,-1
67071.524123,1680.72,1,-1
67071.636451,1680.98,0.00883119,-1
67073.417631,1680.93,0.01444714,-1
67073.447982,1680.94,0.00279638,-1
67073.661607,1680.94,0.05779543,-1
67075.65842,1680.71,0.00058874,-1
67076.994622,1680.71,0.00001214,1
67080.611327,1680.74,1,-1
67080.611327,1680.72,0.06059,-1
67080.611327,1680.72,0.93940819,-1
67080.611327,1680.71,0.05938848,-1
67080.648035,1680.89,0.03385909,-1
67080.823512,1680.8,0.05887565,-1
67081.431635,1680.74,1,-1
67081.431548,1680.72,1,-1
67081.673048,1681,0.02312328,-1
67081.673048,1681,0.001,-1
67081.673048,1680.99,0.05938848,-1
67081.673048,1680.92,0.03427948,-1
67081.872377,1680.9,0.061834,-1
67082.529386,1680.9,0.06717251,-1
67083.9646,1680.94,1,-1
67083.950057,1680.9,0.06717,-1
67083.950057,1680.9,0.06183,-1
67083.950057,1680.9,0.87099349,-1
67086.422823,1681.04,1,-1
67086.422489,1681.02,1,-1
67087.06836,1681.4,0.7395017,-1
67087.06836,1681.4,0.001,-1
67087.06836,1681.4,0.05,-1
67087.06836,1681.4,0.096,-1
67087.063747,1681.36,0.00089249,-1
67087.063747,1681.34,1.18971853,-1
67087.063278,1681.3,0.001,-1
67087.059437,1681.29,0.05938848,-1
67087.059437,1681.29,0.048,-1
67087.059437,1681.28,0.1536,-1
67087.059437,1681.2,0.001,-1
67087.059437,1681.2,0.05,-1
67087.059228,1681.1,0.001,-1
67088.120675,1681.54,0.06650228,-1
67088.120675,1681.5,0.001,-1
67088.120675,1681.49,0.01713974,-1
67088.300547,1681.59,0.05569681,-1
67088.300547,1681.54,0.82554105,-1
67088.300547,1681.53,0.00856987,-1
67089.388865,1681.59,0.0546476,-1
67089.388865,1681.59,0.00428494,-1
67090.73797,1681.37,0.01670253,-1
67090.73797,1681.31,0.00214247,-1
67091.262071,1681.35,0.11453139,-1
67091.262071,1681.34,0.00107123,-1
67091.917824,1681.45,0.00388608,-1
67091.917824,1681.45,0.86318837,-1
67091.871684,1681.45,0.02889881,-1
67094.074449,1681.6,0.00058277,-1
67095.450713,1681.7,0.12171658,-1
67095.450713,1681.7,0.159,-1
67095.450713,1681.7,0.001,-1
67095.450713,1681.6,0.00041723,-1
67096.669553,1681.3,0.0027545,1
67096.669553,1681.3,0.001,1
67096.669553,1681.4,0.001,1
67097.426676,1681.03,7.84631986,1
67097.426676,1681.03,0.02625449,1
67097.426676,1681.1,0.001,1
67097.426676,1681.2,0.001,1
67097.979554,1681.01,0.02944331,-1
67099.130387,1681,0.01692235,-1
67099.08585,1681,0.001,1
67100.146699,1680.58,0.06881645,1
67100.146699,1680.59,1.18985461,1
67100.146699,1680.6,0.167,1
67100.146699,1680.6,0.001,1
67100.146699,1680.7,0.001,1
67100.146699,1680.8,0.001,1
67100.146699,1680.9,0.001,1
67100.446274,1680.65,0.0124121,-1
67102.366219,1680.61,0.00000595,1
67104.132768,1680.52,0.16857236,1
67104.778074,1680.44,0.02350925,1
67104.778074,1680.44,0.19793075,1
67104.70071,1680.5,0.001,1
67106.219123,1680.3,0.00099958,1
67106.219123,1680.4,0.001,1
67106.239889,1680.31,0.0000119,1
67106.233215,1680.34,0.02890156,-1
67107.024311,1680.31,0.11564314,-1
67108.727766,1680.31,0.00174539,-1
67108.705155,1680.31,0.02088185,-1
67109.886949,1680.18,1.08367235,1
67109.886949,1680.2,0.001,1
67109.886949,1680.3,0.00076097,1
67109.886949,1680.3,0.00000042,1
67110.062429,1680,0.11,1
67110.062429,1680,2.96428571,1
67110.062429,1680,0.001,1
67110.024173,1680.07,0.03156176,1
67110.024173,1680.07,0.03358201,1
67110.020866,1680.07,0.23100042,1
67110.020866,1680.1,0.001,1
67110.17354,1679.91,0.89290497,-1
67113.297861,1680.01,0.0598104,1
67113.572685,1679.97,1.19064697,1
67113.572685,1680,0.001,1
67113.572685,1680.03,0.56955024,1
67113.672083,1679.83,1.13264067,1
67113.672083,1679.85,0.89293493,1
67113.672083,1679.9,0.13504079,1
67113.671957,1679.9,1.05560618,1
67113.671957,1679.9,0.001,1
67113.807775,1679.84,1,-1
67113.807342,1679.82,1,-1
67113.807329,1679.81,0.89295813,-1
67113.807329,1679.81,0.33863,-1
67114.65241,1680.06,0.05938848,-1
67114.65241,1680.06,0.89282751,-1
67114.65212,1680,1,-1
67114.65212,1679.98,1,-1
67114.65212,1679.97,0.31522486,-1
67114.813783,1680.19,0.1536,-1
67114.813783,1680.17,0.6,-1
67115.566826,1680.2,0.00496743,-1
67115.566826,1680.2,0.001,-1
67115.708813,1680.2,0.00294588,-1
67115.777074,1680.22,0.06855815,-1
67115.777074,1680.2,0.99208669,-1
67117.206268,1680.24,0.17352563,-1
67118.224931,1679.98,1.19044755,1
67118.224931,1680,0.001,1
67119.088687,1679.8,0.001,1
67119.088687,1679.9,0.001,1
67121.923881,1679.72,0.0294599,-1
67121.981297,1679.72,0.16935319,-1
67123.722379,1679.9,0.1536,-1
67123.713812,1679.74,1,-1
67123.712727,1679.72,0.19881,-1
67123.712727,1679.72,0.80118691,-1
67123.752582,1680.03,0.57747385,-1
67123.752582,1680,0.001,-1
67124.557048,1680.09,0.59831756,1
67125.066037,1680.09,0.00659603,1
67130.617731,1679.92,0.14116924,-1
67131.333366,1679.92,0.0144609,-1
67131.477434,1679.92,0.01735426,-1
67133.410109,1679.92,0.03182,-1
67133.410109,1679.92,0.14116,-1
67133.410109,1679.92,0.8270156,-1
67133.410109,1679.9,0.03182,-1
67133.410109,1679.9,0.96818,-1
67133.410109,1679.89,0.15761243,-1
67134.186407,1680.09,0.01156823,-1
67134.862527,1680.03,0.15835229,-1
67134.862527,1680.02,0.0730221,-1
67137.670111,1679.99,0.00103126,-1
67138.034948,1680,0.08021567,-1
67138.034948,1679.99,0.03547979,-1
67138.568428,1679.98,0.89286777,-1
67138.568123,1679.95,0.00912776,-1
67138.568123,1679.95,0.00912777,-1
67138.734864,1680.11,0.28197589,1
67138.724522,1680.2,0.15425982,-1
67138.724522,1680.2,0.05,-1
67138.724522,1680.2,0.001,-1
67138.724522,1680.1,0.001,-1
67141.635816,1680.36,0.89266794,-1
67141.635816,1680.3,0.001,-1
67141.635513,1680.28,0.1536,-1
67141.635513,1680.27,0.05944272,-1
67141.635513,1680.27,0.1501157,-1
67142.659213,1680.2,0.00279909,-1
67142.658271,1680.05,0.53471675,1
67142.658271,1680.05,0.14881041,1
67142.658271,1680.1,0.158,1
67142.658271,1680.11,0.05944272,1
67142.658271,1680.16,1.575,1
67142.658271,1680.17,0.26247106,1
67142.658271,1680.17,0.26247107,1
67143.491754,1680.12,0.002051,1
67143.795441,1680.01,0.01719421,1
67145.399397,1679.9,0.001,1
67145.399366,1679.93,0.29405987,1
67145.399366,1680,0.001,1
67145.492121,1679.8,0.001,1
67145.492121,1679.84,0.24718812,1
67146.819988,1679.71,0.03047804,-1
67149.883792,1679.99,0.06607081,-1
67150.18614,1679.92,0.25,-1
67152.975796,1679.99,0.01473206,-1
67154.00466,1679.99,0.00096796,1
67154.423025,1679.99,0.00367241,1
67155.879961,1680,0.001,-1
67155.960338,1680.1,0.001,-1
67157.04345,1680.53,0.75562905,-1
67157.04345,1680.5,0.158,-1
67157.04345,1680.5,0.001,-1
67157.04345,1680.47,1.19034885,-1
67157.04345,1680.47,0.89260779,-1
67157.04345,1680.46,0.89198905,-1
67157.04345,1680.45,0.05944272,-1
67157.04345,1680.43,0.1536,-1
67157.04345,1680.4,0.05,-1
67157.04345,1680.4,0.158,-1
67157.04345,1680.4,0.001,-1
67157.04345,1680.39,0.89198905,-1
67157.04345,1680.3,0.001,-1
67157.04345,1680.2,0.001,-1
67157.81322,1680.28,0.00088464,1
67157.81322,1680.28,0.42067494,1
67158.366358,1680.09,0.00589289,-1
67158.740854,1680,0.02719872,1
67158.740854,1680,0.20003662,1
67158.740854,1680,0.12116756,1
67158.740854,1680,0.001,1
67160.383239,1679.71,0.9065,-1
67160.383211,1679.71,0.9065,-1
67160.367336,1679.73,4.944,1
67160.367336,1679.74,0.05944272,1
67160.362742,1679.8,0.001,1
67160.358765,1679.87,1.19064265,1
67160.358765,1679.88,0.89291568,1
67160.358765,1679.9,0.001,1
67160.357608,1679.92,0.10664196,1
67160.357608,1679.92,0.10664196,1
67160.525181,1679.71,0.33863,-1
67160.455926,1679.72,1.48801996,1
67160.455926,1679.72,0.89333306,1
67160.455926,1679.79,1.19064265,1
67160.530438,1679.86,0.4233067,-1
67160.529749,1679.86,0.51484173,-1
67160.529749,1679.84,1.494288,-1
67160.529749,1679.83,0.00236393,-1
67160.526475,1679.83,1.48565603,-1
67160.525181,1679.71,1.1905726,-1
67161.659192,1679.83,0.99189881,1
67161.659192,1679.9,0.15,1
67161.659192,1679.95,0.05944272,1
67161.659192,1679.95,0.89288165,1
67161.659192,1680,0.15,1
67161.659192,1680.06,0.10664196,1
67162.412822,1680.06,0.05892191,-1
67164.033563,1679.89,0.23138541,-1
67168.396578,1679.91,0.89333306,1
67168.396578,1679.91,2.67870696,1
67168.396488,1679.93,0.9908387,1
67168.396483,1679.93,0.19967148,1
67168.396483,1679.94,0.05944272,1
67168.396053,1679.95,0.89288245,1
67168.395934,1680.07,0.05332098,1
67169.080429,1679.81,0.06211185,-1
67170.268013,1679.7,0.00000595,1
67170.256821,1679.7,0.00247693,1
67170.256821,1679.7,0.001,1
67170.256821,1679.8,0.001,1
67171.97376,1679.71,0.02258291,-1
67173.636461,1679.48,0.61622759,1
67173.636461,1679.49,2.97653597,1
67173.636461,1679.5,0.4,1
67173.636461,1679.5,0.166,1
67173.636461,1679.5,0.001,1
67173.636461,1679.51,0.05944272,1
67173.636461,1679.56,2.97653597,1
67173.636461,1679.58,1.19050555,1
67173.636461,1679.6,0.142,1
67173.636461,1679.6,0.001,1
67173.636461,1679.7,1.575,1
67173.636461,1679.7,0.142,1
67173.636461,1679.7,0.23933325,1
67173.636461,1679.7,0.76686131,1
67173.636461,1679.7,0.00085825,1
67174.52944,1679.51,0.01194484,1
67174.52944,1679.55,0.03795194,1
67175.578016,1679.72,0.00758608,-1
67175.694877,1679.74,0.89299534,-1
67175.694877,1679.72,0.05185664,-1
67175.952625,1679.89,0.00746859,-1
67175.952625,1679.8,0.001,-1
67178.359111,1679.61,0.01976929,-1
67179.553866,1679.79,0.05131806,-1
67180.277087,1679.78,0.01107883,1
67180.873994,1679.89,0.12853403,1
67180.873994,1679.89,0.04898023,1
67183.592097,1679.72,0.031515,-1
67183.671217,1679.6,0.46577787,1
67183.671217,1679.6,0.142,1
67183.671217,1679.6,0.001,1
67183.671217,1679.71,0.12315278,1
67183.671217,1679.71,0.11860261,1
67183.671217,1679.71,0.0322682,1
67183.671217,1679.71,0.24065268,1
67185.844363,1679.96,0.02158479,-1
67185.844363,1679.9,0.001,-1
67187.499055,1679.91,0.14733985,-1
67188.46609,1679.91,0.00578768,-1
67188.904219,1679.88,0.13102197,1
67188.904219,1679.9,0.00082536,1
67188.904219,1679.9,1,1
67188.962987,1679.63,0.89333306,1
67188.959535,1679.69,0.3698003,1
67188.959288,1679.69,0.86621361,1
67188.959288,1679.7,0.14883787,1
67188.95578,1679.59,3.27430652,1
67188.95578,1679.6,5.23091752,1
67188.95578,1679.6,0.001,1
67188.955774,1679.68,6.67785609,1
67188.955572,1679.68,0.70519868,1
67188.955572,1679.69,0.92197528,1
67188.955442,1679.69,2.35233124,1
67188.955442,1679.69,0.89333306,1
67188.955442,1679.7,0.001,1
67188.955442,1679.71,0.02868639,1
67188.955442,1679.71,0.18892151,1
67188.955442,1679.71,0.20545563,1
67188.955442,1679.71,0.16555638,1
67188.955344,1679.71,0.7274525,1
67188.955344,1679.73,1.575,1
67188.955344,1679.74,0.05944272,1
67188.955344,1679.75,0.14883787,1
67188.955344,1679.78,1.19055954,1
67188.955201,1679.84,0.14883787,1
67188.955201,1679.88,0.86897803,1
67189.578183,1679.51,0.05533462,-1
67191.608966,1679.51,0.005343,1
67193.669499,1679.52,0.00058946,-1
67194.470298,1679.52,0.00589458,-1
67194.724737,1679.52,0.03281908,-1
67196.211964,1679.54,1,-1
67196.211562,1679.52,0.0393,-1
67196.211562,1679.52,0.93246186,-1
67196.131722,1679.52,0.02823502,-1
67196.253621,1679.81,0.58376999,-1
67196.253621,1679.8,0.001,-1
67196.438215,1679.9,0.00058946,-1
67196.545925,1679.92,0.91319782,-1
67196.545925,1679.9,0.11898809,-1
67196.544172,1679.9,0.88101191,-1
67196.544172,1679.9,0.00041054,-1
67197.507429,1679.96,0.01524564,-1
67197.834715,1679.96,0.05881687,-1
67198.011854,1679.96,0.00589454,-1
67198.70032,1679.96,0.00589454,-1
67199.076505,1679.96,0.01316684,-1
67199.076505,1679.96,0.00095059,-1
67199.340518,1679.96,0.02836657,-1
67200.179354,1680.09,1.02204798,1
67200.172186,1680,0.4883335,-1
67200.172041,1680,0.5116665,-1
67200.172041,1680,0.001,-1
67200.125897,1679.96,0.00096,-1
67200.125897,1679.96,0.00589,-1
67200.125897,1679.96,0.06471,-1
67200.125897,1679.96,0.01525,-1
67200.125897,1679.96,0.90140092,-1
67200.003961,1679.96,0.01178908,-1
67200.939364,1680.1,0.08371045,-1
67200.939364,1680.1,0.001,-1
67201.374651,1679.92,0.5678694,1
67201.374651,1680,1.19046336,1
67201.374651,1680,0.00085573,1
67201.374651,1680,0.149,1
67201.374651,1680.09,0.5126665,1
67203.094357,1679.86,1,-1
67203.094357,1679.86,0.46108664,-1
67203.875833,1679.94,0.05894541,-1
67204.621724,1679.96,1,-1
67204.621637,1679.94,1,-1
67204.955141,1680.05,0.00574721,-1
67208.314543,1680.05,0.00451522,-1
67208.640081,1680.01,0.00000594,-1
67208.62952,1680.01,0.01472616,-1
67209.116397,1679.98,1.575,1
67210.590807,1679.9,1.19044907,1
67210.590807,1679.95,0.06175669,1
67210.590807,1679.95,0.09548848,1
67210.590807,1679.95,0.09548848,1
67210.590807,1679.95,0.19097697,1
67210.57855,1679.98,0.12351337,-1
67211.348467,1679.82,0.05893103,-1
67211.798893,1680.01,0.03936339,-1
67211.798893,1679.99,0.05944272,-1
67213.025789,1679.98,0.0604048,-1
67215.804893,1679.98,0.03411643,-1
67218.177266,1680.03,0.02887809,-1
67219.150178,1680.04,0.01782568,1
67219.727131,1680.1,0.0282288,-1
67222.103518,1680.1,0.01411423,-1
67222.273915,1680.09,0.00000595,1
67222.260267,1680.09,0.00176181,1
67222.795701,1680.1,0.02258183,-1
67224.516397,1680.1,0.00072481,-1
67224.614358,1680.17,2.67934493,-1
67224.610234,1680.1,0.001,-1
67224.610234,1680.1,0.02122782,-1
67224.610123,1680.1,0.52296493,-1
67225.493584,1680.3,0.03639239,-1
67225.493584,1680.3,0.001,-1
67225.493584,1680.2,0.001,-1
67225.62069,1680.4,0.001,-1
67225.62069,1680.38,0.30403772,-1
67225.764945,1680.7,0.001,-1
67225.764945,1680.6,0.05,-1
67225.764945,1680.6,0.001,-1
67225.764945,1680.5,0.001,-1
67225.882546,1680.78,1,1
67226.204817,1680.38,0.017054,-1
67226.163175,1680.46,1,1
67226.508725,1680.36,0.00291679,-1
67226.453308,1680.36,0.00883876,-1
67226.638045,1680.46,0.06,-1
67227.272813,1680.34,0.67637305,1
67227.272813,1680.4,0.149,1
67227.272813,1680.41,0.14880687,1
67227.272813,1680.44,1,1
67227.272813,1680.46,0.00161995,1
67227.272813,1680.46,1,1
67229.176208,1680.66,0.2084771,-1
67229.176208,1680.61,0.11614108,-1
67229.63995,1680.64,0.58313681,1
67229.976438,1680.65,0.02083595,-1
67230.614362,1680.65,0.65671192,-1
67230.614362,1680.65,0.03723459,-1
67232.951727,1680.68,0.41686319,1
67232.951727,1680.68,0.58313,1
67234.807847,1680.68,1,1
67234.89153,1680.64,1,1
67238.966619,1680.67,0.01448765,-1
67238.966619,1680.66,0.01451763,-1
67238.966619,1680.66,0.01451764,-1
67242.224024,1680.7,0.001,-1
67243.208158,1680.79,1.05813882,1
67243.208158,1680.79,0.00091646,1
67243.208158,1680.79,0.05944272,1
67244.182569,1680.79,0.14857389,1
67244.182569,1680.79,0.00000069,1
67244.637082,1680.87,0.1626632,-1
67244.637082,1680.8,0.001,-1
67246.904172,1680.91,0.26666328,-1
67246.904172,1680.9,0.001,-1
67246.904172,1680.89,0.01451764,-1
67248.512438,1680.88,0.96715732,1
67248.508878,1680.88,0.03284268,1
67248.508878,1680.9,1,1
67248.81832,1680.71,0.02945271,-1
67248.962016,1680.73,0.01175679,-1
67250.796741,1680.91,0.62175791,-1
67250.778191,1680.91,0.00395258,-1
67252.244242,1681,0.001,-1
67254.340414,1681.19,0.00514151,-1
67254.340414,1681.19,0.00796424,-1
67254.340414,1681.1,0.001,-1
67255.307942,1681.19,0.0005889,-1
67257.117423,1681.23,0.00179717,-1
67257.117423,1681.2,0.001,-1
67257.082431,1681.19,0.01806718,-1
67257.877425,1681.23,0.00426935,-1
67257.860028,1681.23,0.0029444,-1
67258.384802,1681.23,0.00058887,-1
67258.62861,1681.23,0.01410617,-1
67258.682473,1681.25,0.02206624,-1
67258.682473,1681.23,0.03573676,-1
67258.874034,1681.24,0.00588865,-1
67259.847511,1681.3,0.001,-1
67259.880797,1681.4,0.001,-1
67259.880797,1681.4,0.05,-1
67260.566898,1681.49,0.0289016,-1
67261.33565,1681.06,0.00353321,-1
67261.284263,1681.1,1.54708594,1
67261.284263,1681.1,0.001,1
67261.28291,1681.18,0.89222892,1
67261.28143,1681.2,0.001,1
67261.279456,1681.21,4.44169237,1
67261.279364,1681.21,0.93681945,1
67261.279364,1681.21,10.01093965,1
67261.278857,1681.21,12.84433939,1
67261.277676,1681.21,7.14472096,1
67261.277152,1681.29,1.18941895,1
67261.277152,1681.3,5.37851182,1
67261.277152,1681.31,0.05944272,1
67261.277124,1681.42,1,1
67261.277124,1681.44,1,1
67261.277124,1681.44,0.00113405,1
67261.410043,1680.96,0.13541805,1
67261.410043,1681,0.001,1
67261.387192,1681.01,0.00564139,-1
67261.376602,1681.04,0.70888858,1
67261.376602,1681.05,0.17730716,1
67261.376036,1681.05,1.01211179,1
67261.376036,1681.05,0.06770903,1
67261.847467,1681.12,1.18952665,-1
67261.847467,1681.12,1.48752414,-1
67261.847467,1681.11,0.05944272,-1
67261.838321,1680.94,1,-1
67261.838321,1680.92,1,-1
67263.531312,1680.97,1.18971473,1
67263.531312,1681,0.001,1
67265.14856,1680.91,0.02938884,-1
67266.071534,1680.91,0.01149227,-1
67268.396393,1680.92,0.17047134,-1
67268.396393,1680.91,0.41849535,-1
67268.759801,1680.92,0.01319019,-1
67269.652739,1680.92,0.01319,-1
67269.652739,1680.92,0.17047,-1
67269.652739,1680.92,0.81633847,-1
67270.612881,1680.92,0.024594,-1
67271.356311,1680.92,0.02459,-1
67271.356311,1680.92,0.975406,-1
67271.46272,1680.96,1,-1
67272.836976,1681.2,0.02475569,-1
67272.836976,1681.2,0.001,-1
67272.836976,1681.17,0.00244767,-1
67272.759379,1681.17,0.03554758,-1
67272.759379,1681.12,0.17546077,-1
67273.122082,1681.19,0.00000594,-1
67274.046913,1681.1,0.08402999,-1
67274.046913,1681.09,0.00431449,-1
67274.6184,1681.13,0.00000594,1
67278.031629,1681.4,0.12668896,-1
67278.031629,1681.4,0.001,-1
67278.031629,1681.34,0.048,-1
67278.031629,1681.3,0.001,-1
67282.982509,1680.81,0.89242586,1
67282.982509,1680.86,1.18970136,1
67282.982509,1680.87,0.05944272,1
67282.982509,1680.9,0.001,1
67282.982509,1681,0.001,1
67282.982509,1681.1,0.00131245,1
67282.982509,1681.1,0.001,1
67283.676251,1680.8,0.11660731,1
67283.676251,1680.8,0.001,1
67283.676251,1680.86,0.14869269,1
67283.676251,1680.9,0.001,1
67284.927858,1680.52,2.79840154,1
67284.927858,1680.58,0.2,1
67284.927858,1680.58,0.1,1
67284.927858,1680.6,0.001,1
67284.927858,1680.63,0.05944272,1
67284.927858,1680.63,1.575,1
67284.927813,1680.69,0.89248882,1
67284.927813,1680.7,0.001,1
67284.927813,1680.72,1.48745775,1
67284.927813,1680.72,1.18993513,1
67284.927813,1680.72,0.14869269,1
67284.927813,1680.77,0.14869269,1
67284.927813,1680.86,0.59783977,1
67284.968607,1680.41,0.14945994,1
67284.944689,1680.41,0.15795731,1
67284.944689,1680.42,0.11908269,1
67284.943902,1680.42,0.02961,1
67284.943902,1680.49,0.17768,1
67284.93299,1680.31,2.33862712,1
67284.93299,1680.31,0.06460649,1
67284.93299,1680.33,0.17768,1
67284.93299,1680.33,0.12729297,1
67284.93299,1680.4,0.81694706,1
67284.932738,1680.4,1.92725772,1
67284.930619,1680.36,4.10406012,1
67284.930619,1680.36,0.03230324,1
67284.930619,1680.39,0.1553216,1
67284.930619,1680.4,10,1
67284.930619,1680.4,3.47148019,1
67284.930619,1680.4,2.82502987,1
67284.930619,1680.4,0.00089237,1
67284.930619,1680.4,0.05,1
67284.930619,1680.4,0.001,1
67284.930619,1680.44,1.575,1
67284.930619,1680.48,5.95066857,1
67284.930619,1680.48,3.02826322,1
67284.930619,1680.5,1.54689503,1
67284.930619,1680.5,0.001,1
67285.023751,1680.46,1.435603,-1
67285.161464,1680.8,0.05,-1
67285.161464,1680.7,0.001,-1
67285.440869,1681.06,0.25898028,-1
67285.435492,1681.07,0.14193477,-1
67285.435492,1681.07,0.11576837,-1
67285.435492,1681.01,0.048,-1
67285.427491,1681,0.05,-1
67285.371056,1680.95,0.096,-1
67285.540575,1681.27,0.0594,-1
67285.533256,1681.2,0.05,-1
67285.533256,1681.2,0.001,-1
67285.533256,1681.1,0.001,-1
67289.891395,1680.97,0.009294,-1
67289.878959,1680.9,0.01819451,1
67289.878959,1680.9,0.001,1
67289.878959,1681,0.00364008,1
67289.878959,1681,0.001,1
67290.229688,1680.92,0.06065274,-1
67290.646725,1680.99,2.08221167,-1
67290.646118,1680.97,1.18981361,-1
67290.646118,1680.96,0.89235179,-1
67291.312913,1681.2,1.02593014,-1
67291.312913,1681.2,0.001,-1
67291.312913,1681.12,1,-1
67291.312913,1681.1,1,-1
67291.312913,1681.1,0.001,-1
67293.22973,1681.06,0.02934268,-1
67294.681847,1680.98,1,-1
67294.680961,1680.96,1,-1
67294.981496,1681.2,0.05777349,-1
67294.981496,1681.2,0.001,-1
67295.287528,1681.24,0.11561906,-1
67295.154217,1681.22,0.87517818,-1
67295.154217,1681.2,1,-1
67295.925783,1681.24,0.00113055,-1
67298.053375,1681.22,1,-1
67299.412497,1681.3,0.001,-1
67299.370186,1681.22,1,-1
67299.370186,1681.2,0.00113,-1
67301.147257,1681.26,0.04711089,-1
67301.369311,1681.17,0.17670052,-1
67303.238739,1681.15,0.02821067,-1
67303.927194,1681.17,1.78440254,-1
67303.924071,1681.18,1,-1
67303.924071,1681.16,1,-1
67303.937452,1681.31,0.98424804,-1
67305.40977,1681.25,0.00035098,1
67306.484482,1681.26,0.5780383,-1
67308.284397,1681.11,0.08462481,-1
67308.860603,1681.1,0.00149992,1
67308.860603,1681.1,0.001,1
67311.002671,1681.02,0.044244,-1
67311.157032,1681.02,0.017724,-1
67313.359865,1681.01,0.02820563,-1
67313.733725,1681.01,0.05888441,-1
67314.907365,1680.9,1.03893386,1
67314.907365,1680.9,0.001,1
67314.858747,1680.94,1.18973821,1
67314.858747,1680.95,0.14870154,1
67314.858747,1681,0.001,1
67315.381457,1680.8,0.001,1
67316.98135,1680.6,0.02094185,1
67316.98135,1680.6,0.001,1
67316.98135,1680.7,0.001,1
67317.634554,1680.61,0.00058893,-1
67317.744127,1680.62,0.00279741,-1
67317.841004,1680.5,0.001,1
67317.840436,1680.52,0.14871127,1
67317.840436,1680.54,1.19002045,1
67317.840436,1680.55,0.41318329,1
67318.579242,1680.6,0.05942647,-1
67318.574243,1680.45,0.22152411,-1
67318.573859,1680.45,0.172,-1
67318.570448,1680.44,1,-1
67318.570448,1680.42,1,-1
67318.720751,1680.7,0.05762438,-1
67318.720751,1680.7,0.001,-1
67319.114127,1680.67,0.00058904,-1
67319.225304,1680.67,0.00983102,-1
67320.276907,1680.67,0.00099429,1
67320.251686,1680.68,0.05642554,-1
67320.683626,1680.68,0.00925377,-1
67320.77505,1680.68,0.00294466,-1
67321.363127,1680.68,0.352704,-1
67322.779039,1680.61,0.28908205,-1
67323.46357,1680.62,0.00058904,-1
67324.56363,1680.52,0.01241283,-1
67324.804946,1680.52,0.00294569,-1
67325.360847,1680.75,0.05890368,-1
67325.473398,1680.71,0.15731604,1
67326.395721,1680.77,0.0101627,-1
67327.204709,1680.89,0.01028393,-1
67327.204709,1680.8,0.001,-1
67328.192415,1680.79,0.01975076,-1
67328.749252,1680.86,0.04965283,-1
67328.933112,1681,0.05,-1
67328.933112,1681,0.001,-1
67328.933112,1680.9,0.001,-1
67328.905359,1680.89,0.08548134,-1
67329.618372,1681.1,0.001,-1
67330.457988,1681.2,0.001,-1
67330.5796,1681.3,0.001,-1
67331.822512,1681.39,0.05947938,1
67332.43801,1681.39,0.00146521,1
67332.43801,1681.39,1.17674679,1
67332.43801,1681.39,1.813,1
67332.75081,1681.1,0.001,1
67332.75081,1681.11,0.05942647,1
67334.315202,1681.01,0.1156397,-1
67339.762322,1681.3,0.001,-1
67341.051388,1681.59,0.12470988,-1
67341.051388,1681.58,0.05942647,-1
67341.051388,1681.5,0.189,-1
67341.051388,1681.5,0.001,-1
67341.051388,1681.4,0.001,-1
67343.387943,1681.55,0.05779607,-1
67347.004859,1681.33,0.0028204,-1
67347.217688,1681.23,0.02599806,1
67347.217688,1681.3,0.001,1
67347.772377,1681.29,0.017724,-1
67348.987155,1681.49,0.08635411,1
67350.821959,1681.6,0.001,-1
67350.821959,1681.57,0.01709988,-1
67350.821959,1681.5,0.001,-1
67350.955858,1681.63,0.00000595,-1
67351.128778,1681.69,0.37281569,-1
67351.128778,1681.68,0.05942647,-1
67351.128778,1681.67,0.15658441,-1
67351.628491,1681.69,0.0011631,1
67352.108463,1681.38,0.94698411,1
67352.105845,1681.38,0.05301589,1
67352.105845,1681.4,1,1
67352.105845,1681.4,0.001,1
67352.271755,1681.31,0.00624085,-1
67353.506493,1681.3,1,1
67353.506493,1681.3,0.001,1
67353.596427,1681.26,1,1
67353.841696,1681.2,0.001,1
67354.85562,1681.19,0.42407657,1
67355.686836,1681.19,0.01124742,-1
67356.184636,1681.19,0.00564096,-1
67356.455606,1681.16,1,1
67356.455328,1681.18,1,1
67356.796957,1681.1,0.00000067,1
67356.783033,1681.1,0.793471,1
67356.767056,1681.1,0.20652833,1
67356.767056,1681.1,0.001,1
67358.450258,1681.05,0.00000594,1
67358.562375,1681.05,0.14132678,-1
67359.308904,1681.09,0.88786173,-1
67359.308904,1681.08,0.05942647,-1
67359.307766,1681.06,0.89229414,-1
67359.406699,1681.45,3.1234419,-1
67359.406699,1681.43,0.048,-1
67359.406699,1681.4,0.001,-1
67359.406489,1681.39,0.15006023,-1
67359.406362,1681.39,0.10152281,-1
67359.403146,1681.39,0.34841696,-1
67359.396727,1681.3,0.001,-1
67359.489428,1681.5,0.001,-1
67359.615702,1681.8,0.05,-1
67359.615702,1681.8,0.001,-1
67359.615702,1681.7,0.001,-1
67359.584762,1681.6,0.05,-1
67359.584762,1681.6,0.001,-1
67359.774706,1682,0.001,-1
67359.774706,1682,0.05,-1
67359.774706,1681.9,0.001,-1
67360.312851,1681.96,0.55926118,1
67360.359668,1681.78,1,1
67360.339253,1681.8,1,1
67360.339253,1681.8,0.001,1
67360.836033,1681.79,0.82905855,-1
67360.836033,1681.78,0.65127138,-1
67360.836033,1681.72,0.10983503,-1
67360.836033,1681.72,0.10983504,-1
67360.957554,1681.96,1,1
67361.883651,1681.63,0.42462362,1
67361.883651,1681.65,0.1910213,1
67361.883651,1681.76,1,1
67361.883651,1681.78,1,1
67361.883651,1681.79,0.05942647,1
67361.883651,1681.79,0.49016496,1
67361.854145,1681.8,0.01485907,-1
67363.311847,1681.58,0.5,1
67363.311615,1681.58,0.5,1
67363.331711,1681.54,1,1
67363.661115,1681.5,0.00000056,1
67363.656349,1681.5,0.82093,1
67363.639046,1681.5,0.17906944,1
67363.639046,1681.5,0.001,1
67364.182495,1681.38,0.17036968,1
67364.182495,1681.4,0.0007659,1
67364.182495,1681.4,1,1
67364.182495,1681.4,0.001,1
67365.497727,1681.4,0.144448,-1
67367.681163,1681.6,0.001,-1
67367.681163,1681.59,0.07067338,-1
67367.681163,1681.59,0.07067338,-1
67367.673834,1681.52,0.14134676,-1
67367.665906,1681.52,0.21678818,-1
67367.665906,1681.52,1.14507338,-1
67367.665906,1681.51,0.9426384,-1
67367.665906,1681.43,0.89211107,-1
67367.664304,1681.57,0.40856678,-1
67367.664177,1681.57,0.57143322,-1
67367.664177,1681.51,0.89333306,-1
67367.663165,1681.53,1.09702276,-1
67367.663165,1681.53,0.89211107,-1
67367.663165,1681.52,0.31076707,-1
67367.660714,1681.52,1.5789588,-1
67367.660635,1681.52,1.53030467,-1
67367.660635,1681.4,0.18238029,-1
67367.66051,1681.4,0.11505109,-1
67367.66051,1681.39,0.05942647,-1
67367.66051,1681.32,0.89215933,-1
67367.66051,1681.31,0.03970117,-1
67367.660251,1681.31,0.37493451,-1
67367.659865,1681.31,1.94381423,-1
67367.659827,1681.31,0.17834287,-1
67367.659827,1681.31,0.98757,-1
67367.761093,1681.59,1.813,-1
67367.722524,1681.7,0.001,-1
67367.722524,1681.69,0.5599996,-1
67368.791905,1681.71,0.00869966,1
67370.231996,1681.72,1,1
67370.231996,1681.74,1,1
67370.986322,1681.71,0.03916686,-1
67370.986322,1681.7,0.189,-1
67370.986322,1681.67,0.89211107,-1
67370.986322,1681.6,0.179,-1
67370.986322,1681.59,0.14569658,-1
67371.739475,1681.56,0.56183705,1
67371.739475,1681.58,1,1
67372.376102,1681.59,0.00000594,1
67373.472983,1681.56,1,1
67373.458405,1681.6,0.56183,1
67373.458405,1681.6,0.43816295,1
67373.458405,1681.61,0.52714873,1
67373.798939,1681.5,0.00000002,1
67373.794043,1681.5,0.822354,1
67373.781054,1681.5,0.17764598,1
67373.781054,1681.5,0.001,1
67374.079782,1681.41,0.01579728,-1
67376.428302,1681.41,0.05886725,-1
67379.315145,1681.47,0.00883187,-1
67379.572087,1681.47,0.01177583,-1
67379.647477,1681.58,0.00588602,-1
67379.859803,1681.8,0.00388792,-1
67379.859803,1681.8,0.001,-1
67379.859803,1681.7,0.001,-1
67380.573439,1681.86,0.00574072,-1
67380.569187,1681.87,0.02889789,-1
67381.75064,1682,0.23512252,-1
67381.75064,1682,0.001,-1
67381.75064,1682,0.05,-1
67381.75064,1681.9,0.001,-1
67382.028864,1682.1,0.24119237,-1
67382.028864,1682.1,0.001,-1
67383.254637,1682.2,0.00076637,-1
67383.254637,1682.2,0.001,-1
67383.599474,1682.2,0.02889789,-1
67383.576555,1682.2,0.05887915,-1
67384.301957,1682.3,0.08731873,-1
67384.301957,1682.3,0.001,-1
67384.501715,1682.31,0.00588792,-1
67384.583365,1682.31,0.00588792,-1
67384.65794,1682.31,0.00471033,-1
67385.06679,1682.31,0.111735,-1
67385.321091,1682.37,0.00282031,-1
67385.415581,1682.37,0.00161918,-1
67385.64574,1682.37,0.08461523,-1
67385.858541,1682.5,0.00816514,-1
67385.858541,1682.5,0.001,-1
67385.858541,1682.46,0.00089237,-1
67385.858541,1682.4,0.001,-1
67386.269335,1682.49,0.01410156,-1
67386.736108,1682.53,0.00588792,-1
67387.157567,1682.5,1,1
67387.157312,1682.52,1,1
67388.234537,1682.41,0.05779578,-1
67388.172581,1682.41,0.04505377,-1
67389.999828,1682.95,0.00846287,-1
67389.999828,1682.94,0.98,-1
67389.993831,1682.93,1.18900135,-1
67389.993831,1682.92,0.05942647,-1
67389.993831,1682.9,0.001,-1
67389.993736,1682.8,0.001,-1
67389.993736,1682.8,0.05,-1
67389.954785,1682.7,0.001,-1
67389.954785,1682.6,0.001,-1
67390.149718,1683.05,0.00494118,-1
67390.00435,1683.01,0.89126302,-1
67390.00435,1683,0.05,-1
67390.00435,1683,0.001,-1
67390.00435,1682.98,0.048,-1
67390.34766,1683.06,1,1
67390.34766,1683.08,1,1
67391.48838,1683.2,0.04191847,-1
67391.48838,1683.2,0.188,-1
67391.48838,1683.2,0.001,-1
67391.48838,1683.2,0.05,-1
67391.48838,1683.1,0.001,-1
67391.931472,1683.1,1,1
67391.883233,1683.14,1,1
67392.158243,1682.94,0.89130237,-1
67393.012233,1683.23,0.01547726,-1
67393.012233,1683.1,0.001,-1
67393.181883,1683.47,0.03170022,-1
67393.181883,1683.46,0.00089237,-1
67393.181883,1683.4,0.001,-1
67393.181883,1683.4,0.05,-1
67393.181883,1683.3,0.001,-1
67393.436047,1683.38,1,1
67393.789339,1683.28,0.11523594,-1
67393.788288,1683.28,1,1
67393.747209,1683.3,1,1
67394.465542,1683.26,0.073028,1
67394.45162,1683.26,0.92697107,1
67394.45162,1683.26,1.813,1
67394.967901,1683.26,0.00000014,1
67394.964289,1683.26,0.998446,1
67394.951401,1683.26,0.00154386,1
67394.951401,1683.26,0.00000093,1
67398.266385,1683.11,0.01000727,-1
67398.550052,1683.11,0.14447398,-1
67399.254818,1683.11,0.02295222,-1
67399.903116,1683.11,0.01691116,-1
67400.303805,1683.1,0.00000051,1
67400.298138,1683.1,0.001982,1
67400.298138,1683.1,1,1
67400.298138,1683.1,0.001,1
67400.356986,1683.06,1,1
67401.202938,1683.01,0.05926881,-1
67402.515748,1683.11,0.00353275,-1
67403.048391,1683.12,0.01443435,-1
67404.063538,1683.26,1,1
67404.057918,1683.28,1,1
67404.319948,1683.02,0.05635514,-1
67404.528045,1683.06,0.01155798,-1
67406.397542,1683.12,1,1
67406.649245,1683.04,0.31007712,1
67411.301827,1683.03,0.04194815,-1
67412.441447,1683.03,0.0952397,-1
67412.529971,1683.03,0.138574,-1
67413.818928,1683.02,0.00059417,1
67414.2784,1683.3,1.26417621,-1
67414.2784,1683.3,0.996468,-1
67414.2784,1683.3,0.001,-1
67414.346148,1683.5,0.001,-1
67414.346148,1683.47,0.00000001,-1
67414.342387,1683.47,0.2666678,-1
67414.342151,1683.47,0.2666678,-1
67414.316452,1683.41,0.048,-1
67414.316452,1683.4,0.001,-1
67415.245679,1683.28,0.0913905,-1
67415.245484,1683.28,0.09139051,-1
67416.24261,1683.49,0.00000594,1
67416.229477,1683.49,0.00128304,1
67418.695004,1683.46,0.94275631,1
67418.695004,1683.48,0.00124963,1
67418.695004,1683.48,0.99999406,1
67418.649144,1683.48,0.00000594,1
67421.864834,1683.7,0.00273362,-1
67421.864834,1683.7,0.001,-1
67421.864834,1683.6,0.001,-1
67421.864834,1683.5,0.001,-1
67422.165336,1683.7,0.01957022,-1
67422.165336,1683.7,0.001,-1
67423.285527,1683.99,0.05433913,-1
67423.285527,1683.9,0.001,-1
67423.285527,1683.8,0.001,-1
67425.171933,1683.99,3.88753557,-1
67425.171933,1683.98,0.1536,-1
67425.171933,1683.98,1.18948142,-1
67425.171933,1683.97,0.05942647,-1
67425.171933,1683.9,0.89078923,-1
67425.171933,1683.83,0.287069,-1
67425.927674,1683.8,0.89459378,1
67425.927494,1683.8,0.071,1
67425.9258,1683.8,0.03440622,1
67425.9258,1683.82,1,1
67427.615742,1683.63,0.08148832,-1
67427.615742,1683.63,0.1058784,-1
67428.120509,1683.63,0.01154164,-1
67431.229034,1683.66,1,1
67431.198113,1683.7,0.00076081,1
67431.198113,1683.7,1,1
67431.536742,1683.6,0.18469878,1
67431.536742,1683.6,0.001,1
67431.551632,1683.6,0.815301,1
67434.144172,1683.65,0.05915467,-1
67435.129316,1683.6,1,1
67435.104261,1683.64,0.00000022,1
67435.104261,1683.64,0.99999,1
67435.496322,1683.58,0.00294008,-1
67436.958567,1683.57,0.01151085,1
67438.227709,1683.56,1,1
67440.011415,1683.52,0.19161078,-1
67440.011415,1683.51,0.20552211,-1
67440.011415,1683.51,1.18813942,-1
67440.011415,1683.51,1.575,-1
67440.011415,1683.51,1.45137876,-1
67439.991507,1683.51,0.36162124,-1
67439.991507,1683.51,0.21558,-1
67441.377204,1683.51,0.00588057,-1
67442.026983,1683.51,0.01443041,-1
67442.641026,1683.44,2.06205831,1
67442.640391,1683.44,1.64479349,1
67442.640391,1683.48,0.13897826,1
67442.639501,1683.48,0.86102174,1
67442.639501,1683.5,1,1
67442.639501,1683.5,0.001,1
67442.778462,1683.4,0.001,1
67443.516216,1683.28,0.86273631,1
67443.516216,1683.3,0.00076168,1
67443.516216,1683.3,0.17111445,1
67443.509658,1683.3,0.82888555,1
67443.509658,1683.3,0.001,1
67443.579563,1683.28,0.13725931,1
67443.579563,1683.28,0.00000069,1
67443.548898,1683.28,0.137263,1
67444.106972,1683.21,0.00000593,-1
67444.092405,1683.21,0.00117585,-1
67444.193355,1683.2,1,1
67444.193355,1683.2,0.001,1
67444.177465,1683.21,0.00294029,-1
67445.323086,1683.11,0.00191168,-1
67445.492902,1683.11,0.01443092,-1
67445.596111,1683.11,0.04225728,-1
67446.049503,1683.11,0.01408397,-1
67447.020806,1683,0.09311904,1
67447.020806,1683,0.001,1
67447.020806,1683.1,0.001,1
67447.823248,1683.01,0.00573356,-1
67448.125345,1683.01,0.03907576,-1
67448.125345,1683.01,0.05329546,-1
67448.281517,1683.01,0.01731828,-1
67448.574963,1683.01,0.00596743,1
67449.177949,1683.07,0.0010291,-1
67449.354582,1683.12,0.19655442,-1
67449.354582,1683.12,0.19137976,-1
67449.593259,1683.4,0.0268687,-1
67449.593259,1683.4,0.001,-1
67449.593259,1683.3,0.001,-1
67452.180795,1683.41,0.11763238,-1
67452.787128,1683.41,0.0126372,-1
67452.872622,1683.19,0.98757,1
67452.837779,1683.2,0.001,1
67453.241354,1683.11,0.00197023,-1
67454.484801,1683.37,0.6,-1
67454.467942,1683.33,0.05947389,-1
67454.407458,1683.16,0.15491808,-1
67454.407458,1683.16,0.01412796,-1
67458.266824,1683.49,0.05816346,-1
67458.266824,1683.4,0.001,-1
67461.508799,1683.46,0.03528783,-1
67462.385501,1683.5,0.05663689,-1
67462.385501,1683.5,0.001,-1
67465.114314,1683.17,0.06041275,1
67465.111553,1683.14,0.05941276,1
67465.110466,1683.14,0.05941276,1
67465.1094,1683.14,0.05941276,1
67465.108936,1683.14,0.05941276,1
67465.108029,1683.14,0.05941276,1
67465.107074,1683.14,0.28031614,1
67465.107074,1683.14,0.05941276,1
67465.090601,1683.3,0.001,1
67465.08019,1683.35,1.13348827,1
67465.079322,1683.16,1.575,1
67465.079322,1683.17,1.47232144,1
67465.079322,1683.2,0.001,1
67465.079322,1683.3,1.18817196,1
67465.079322,1683.3,0.001,1
67465.079322,1683.31,0.05942647,1
67465.079059,1683.54,0.00131258,1
67465.165879,1683,0.178,1
67465.163704,1683.15,0.2504419,1
67465.158211,1683.15,0.5008838,1
67465.145417,1683.11,0.01112043,1
67465.145417,1683.12,0.08322837,1
67465.144273,1682.8,0.178,1
67465.144273,1682.8,0.001,1
67465.143965,1682.9,0.178,1
67465.143965,1682.9,0.001,1
67465.143965,1682.93,1.575,1
67465.143439,1683,1.03937546,1
67465.143439,1683,0.178,1
67465.143439,1683,0.49922837,1
67465.143439,1683,0.51073143,1
67465.143439,1683,0.001,1
67465.143439,1683,0.00289526,1
67465.143439,1683.01,1.813,1
67465.143439,1683.01,0.49922837,1
67465.143358,1683.1,0.51073143,1
67465.143358,1683.11,0.51073143,1
67465.13679,1683.1,0.001,1
67465.119577,1683.17,0.05941276,1
67465.524966,1682.7,0.001,1
67465.469267,1682.71,0.06029234,-1
67468.228554,1682.4,0.00099554,1
67468.228554,1682.5,0.001,1
67468.228554,1682.6,0.001,1
67468.240478,1682.4,0.00000742,1
67468.240478,1682.4,0.00000446,1
67469.244078,1682.35,0.058178,-1
67469.244078,1682.35,0.05942647,-1
67470.809648,1682.35,0.44503056,1
67470.809648,1682.35,0.18496944,1
67471.17257,1682.43,0.11552105,-1
67471.172198,1682.43,0.50851692,-1
67471.172198,1682.43,0.29719095,-1
67471.172152,1682.41,0.979,-1
67471.172152,1682.39,0.14850191,-1
67471.171363,1682.38,1,-1
67471.171363,1682.36,0.05942647,-1
67471.171363,1682.36,1,-1
67471.291752,1682.64,0.6,-1
67471.291752,1682.6,0.001,-1
67471.809409,1682.7,0.0128664,-1
67471.809409,1682.7,1,-1
67471.809409,1682.7,0.001,-1
67471.935506,1682.76,0.74589115,-1
67471.935506,1682.76,0.12705,-1
67471.898875,1682.74,0.12705885,-1
67472.146487,1682.8,0.00002523,-1
67473.533354,1682.8,0.15932767,-1
67473.533354,1682.8,0.12572009,-1
67473.533354,1682.8,1,-1
67473.533354,1682.8,0.00097477,-1
67473.605342,1682.84,0.13540305,-1
67473.703153,1682.9,0.001,-1
67473.700371,1682.86,0.72919695,-1
67473.700371,1682.86,0.1354,-1
67474.20688,1683,0.00024165,-1
67474.20688,1683,0.001,-1
67477.374063,1682.94,0.0310013,-1
67478.532588,1682.93,0.01322227,1
67478.532588,1682.93,0.09248472,1
67480.100437,1682.94,0.63144416,-1
67482.020464,1683.44,0.096,-1
67482.016378,1683.41,0.17259441,-1
67482.016378,1683.4,0.001,-1
67482.016378,1683.4,0.05,-1
67482.016378,1683.38,0.98,-1
67482.016378,1683.35,0.048,-1
67482.016136,1683.32,0.49708487,-1
67482.016133,1683.32,0.50291348,-1
67482.015595,1683.3,0.33755454,-1
67482.015595,1683.3,0.031,-1
67482.015595,1683.3,0.63144,-1
67482.015595,1683.3,0.001,-1
67482.015595,1683.2,0.001,-1
67482.015595,1683.2,0.05,-1
67482.015595,1683.1,0.001,-1
67482.589924,1683.55,0.59199339,-1
67482.589924,1683.5,0.001,-1
67482.713551,1683.53,0.00551519,-1
67482.939163,1683.53,0.05635882,-1
67483.427534,1683.51,0.00335132,-1
67483.726624,1683.38,0.84147006,1
67483.726624,1683.41,0.07885502,1
67484.191621,1683.31,0.0192483,-1
67486.776329,1683.24,0.00128386,1
67486.776329,1683.24,0.14855044,1
67486.776329,1683.3,0.001,1
67487.50717,1683.1,0.001,1
67487.502598,1683.2,0.001,1
67487.930154,1683.07,3.21871559,-1
67487.930154,1683.06,0.18370181,-1
67487.930154,1683.06,0.98,-1
67487.930154,1683.05,3.6689399,-1
67487.930154,1683.01,0.05942647,-1
67487.930154,1683.01,1.18847422,-1
67491.094987,1683.01,0.11046276,-1
67492.087799,1683.01,0.05338428,-1
67493.314448,1683,0.00060012,1
67493.692204,1682.95,0.02429012,1
67493.692204,1683,0.00039988,1
67496.488625,1682.91,0.00845138,-1
67496.902623,1682.92,0.1186628,-1
67496.851979,1682.91,0.07217604,-1
67497.35706,1682.99,0.05882668,-1
67500.444754,1683.2,0.00194125,-1
67500.444754,1683.2,0.001,-1
67500.884449,1683.28,0.16627185,-1
67501.527099,1683.49,0.0720164,1
67501.472237,1683.4,0.01907545,-1
67501.472237,1683.4,0.001,-1
67501.472237,1683.39,0.00428322,-1
67501.472237,1683.3,0.001,-1
67501.830087,1683.59,0.03364479,-1
67501.830087,1683.5,0.001,-1
67502.839695,1683.48,0.00111736,1
67503.022075,1683.49,0.00288779,-1
67504.467719,1683.39,0.01408882,-1
67505.040028,1683.41,0.02940285,-1
67505.879969,1683.39,0.0076453,-1
67506.728534,1683.38,0.001189,1
67506.801562,1683.12,0.04227034,-1
67506.759439,1683.11,0.00153886,1
67506.759439,1683.2,0.001,1
67506.759439,1683.3,0.001,1
67508.392417,1683.11,0.00294055,-1
67508.539808,1683.11,0.05773432,-1
67508.679598,1683.11,0.00563332,-1
67508.667377,1683.11,0.01470413,-1
67508.764354,1683.11,0.58804686,-1
67509.740066,1683.15,0.01443306,-1
67509.961269,1683.15,0.02940827,-1
67510.185741,1683.2,0.09141729,-1
67510.185633,1683.2,0.05713139,-1
67510.185633,1683.15,0.08486861,-1
67511.449879,1683.58,0.00079327,-1
67511.449879,1683.5,0.001,-1
67511.449879,1683.4,0.001,-1
67511.819999,1683.43,0.00672787,-1
67514.624566,1683.25,0.12638437,1
67514.624566,1683.3,0.89110675,1
67514.624566,1683.3,0.169,1
67514.624566,1683.3,0.001,1
67514.796703,1683.31,0.034215,-1
67514.933869,1683.25,0.831,1
67514.933869,1683.3,0.169,1
67515.648643,1683.31,0.00455807,-1
67517.874332,1683.49,0.16554673,-1
67517.874332,1683.49,0.18082628,-1
67517.854657,1683.42,0.01859834,-1
67518.365035,1683.4,0.00522173,-1
67523.524656,1683.21,0.07043409,-1
67523.79982,1683.04,0.00040344,1
67523.79982,1683.1,0.001,1
67523.79982,1683.2,0.00094787,1
67523.79982,1683.2,0.001,1
67527.076791,1683.21,0.10149362,-1
67527.076791,1683.21,0.18209043,-1
67527.076791,1683.21,0.01169019,-1
67527.076791,1683.21,0.14851073,-1
67527.076063,1683.14,1.18847627,-1
67527.074622,1683.09,0.89121888,-1
67527.074622,1683.08,0.05942647,-1
67527.074405,1683.01,0.23341151,-1
67529.27327,1683.7,0.001,-1
67529.27327,1683.69,0.1,-1
67529.27327,1683.69,0.4,-1
67529.27327,1683.69,0.01140699,-1
67529.273252,1683.69,0.18859301,-1
67529.273252,1683.67,0.1553216,-1
67529.273252,1683.6,0.05,-1
67529.273252,1683.6,0.001,-1
67529.273252,1683.5,0.001,-1
67529.265012,1683.44,1.1884703,-1
67529.265012,1683.4,0.05,-1
67529.265012,1683.4,0.001,-1
67529.265012,1683.39,0.1536,-1
67529.26489,1683.36,0.73620482,-1
67529.263588,1683.36,0.15487292,-1
67529.261049,1683.34,0.983,-1
67529.260847,1683.3,1.13348827,-1
67529.260847,1683.3,0.001,-1
67529.358899,1683.89,0.31205922,-1
67529.358899,1683.89,0.29285539,-1
67529.358212,1683.89,0.39691461,-1
67529.347924,1683.89,0.01425922,-1
67529.347924,1683.89,0.38265539,-1
67529.347819,1683.89,0.60491461,-1
67529.326194,1683.87,0.048,-1
67529.313925,1683.8,0.001,-1
67529.299222,1683.72,0.28496986,-1
67529.298398,1683.72,0.60591461,-1
67529.474917,1683.94,1,-1
67529.443699,1683.93,0.05942647,-1
67529.437349,1683.9,0.001,-1
67529.437349,1683.89,0.993022,-1
67529.437349,1683.89,0.02917643,-1
67529.437349,1683.89,0.02917644,-1
67529.437349,1683.89,0.05835288,-1
67529.437349,1683.89,0.983,-1
67530.306254,1683.69,0.02917644,-1
67530.284509,1683.56,0.46441,-1
67530.272766,1683.52,0.05835288,-1
67530.411648,1683.64,0.365914,1
67530.518016,1683.64,0.36591417,1
67530.518016,1683.64,0.00000083,1
67530.476129,1683.64,0.36591378,1
67530.476129,1683.64,0.00000022,1
67530.439208,1683.64,0.36591439,1
67530.439208,1683.64,0.00000061,1
67530.680208,1683.64,0.36691456,1
67530.680208,1683.64,0.00000044,1
67531.372252,1683.55,0.36591439,1
67531.372252,1683.55,0.00000061,1
67531.339015,1683.55,0.613914,1
67531.843026,1683.55,0.36891457,1
67531.843026,1683.55,0.00000043,1
67531.80088,1683.55,0.365383,1
67531.786527,1683.55,0.00053118,1
67531.786527,1683.55,0.00000022,1
67533.029672,1683.5,0.11867564,1
67533.026444,1683.5,0.10087713,1
67533.026444,1683.5,0.001,1
67533.080928,1683.5,0.37291416,1
67533.080928,1683.5,0.00000084,1
67533.053456,1683.5,0.153361,1
67534.58879,1683.51,0.02886716,-1
67536.699952,1683.45,0.49246907,1
67536.699952,1683.5,0.00076306,1
67538.740426,1683.49,0.63091461,-1
67538.740131,1683.49,0.37091461,-1
67538.727384,1683.47,0.63091461,-1
67538.727352,1683.47,0.37091461,-1
67538.717152,1683.47,0.05135952,-1
67538.717152,1683.43,0.05942647,-1
67538.717152,1683.42,0.26012862,-1
67538.717149,1683.42,0.63091461,-1
67538.70639,1683.41,0.01882922,-1
67538.70639,1683.41,0.35108539,-1
67538.706292,1683.41,0.63191461,-1
67540.990486,1683.38,0.1485275,1
67540.990486,1683.4,0.001,1
67540.989096,1683.43,0.37991183,1
67540.982153,1683.44,1.48505441,1
67541.103441,1683.2,0.001,1
67541.031017,1683.3,0.001,1
67541.416704,1683.1,0.39591461,1
67541.416704,1683.1,0.001,1
67541.497417,1682.92,0.65991461,-1
67541.49737,1682.92,0.32732639,-1
67541.49737,1682.92,0.01458822,-1
67541.449301,1683,0.001,1
67541.696057,1682.97,0.33991461,-1
67541.695795,1682.97,0.66191461,-1
67541.68452,1682.97,0.11054774,-1
67541.68452,1682.97,0.22936687,-1
67541.684468,1682.97,0.66191461,-1
67542.379001,1682.97,0.39291378,1
67542.379001,1682.97,0.00000022,1
67542.336711,1682.97,0.39291439,1
67542.336711,1682.97,0.00000061,1
67542.308684,1682.97,0.397914,1
67542.515868,1683.01,0.29477634,-1
67542.515841,1683.01,0.59648814,-1
67542.515841,1683,0.05942647,-1
67544.056182,1682.99,0.05942647,-1
67544.045588,1682.91,0.22139865,-1
67544.045538,1682.91,0.66991461,-1
67545.375987,1683.1,0.32191461,-1
67545.375985,1683.1,0.62048814,-1
67545.375985,1683.09,0.05942647,-1
67545.479462,1683.2,0.001,-1
67545.81108,1683.26,0.00294046,-1
67547.814582,1683.07,0.05942647,-1
67547.814582,1683.07,0.19631391,-1
67547.814403,1683.07,0.69491461,-1
67547.925943,1683.14,0.30591461,-1
67547.925562,1683.14,0.69591461,-1
67548.019497,1683.19,0.69591461,-1
67548.019298,1683.19,0.15231461,-1
67548.019298,1683.19,0.1536,-1
67549.136493,1683.19,0.69591461,-1
67549.136359,1683.19,0.30591461,-1
67549.148101,1683.19,0.30591461,-1
67549.147806,1683.19,0.25818431,-1
67549.147806,1683.19,0.19177951,-1
67549.147806,1683.19,0.05942647,-1
67549.147806,1683.19,0.18652432,-1
67549.98688,1683.3,0.001,-1
67549.98688,1683.29,0.2001983,-1
67549.986732,1683.29,0.69091461,-1
67549.975688,1683.27,0.31091461,-1
67549.975557,1683.27,0.63148814,-1
67549.975557,1683.26,0.05942647,-1
67550.119802,1683.34,0.29408539,-1
67550.11975,1683.34,0.69091461,-1
67550.13711,1683.4,0.001,-1
67550.28007,1683.46,0.01239926,-1
67550.355065,1683.45,0.00094644,1
67550.355065,1683.45,0.59270588,1
67550.496487,1683.32,0.0008198,-1
67552.215629,1683.37,0.05942647,-1
67552.215629,1683.37,0.15182352,-1
67552.215629,1683.37,0.15182352,-1
67552.15694,1683.37,0.15580787,-1
67552.361069,1683.41,0.02873162,-1
67552.336803,1683.41,0.01002506,-1
67553.245041,1683.41,0.05942647,-1
67553.614057,1683.48,0.33091461,-1
67553.61382,1683.48,0.45788814,-1
67553.61382,1683.46,0.05942647,-1
67553.61382,1683.46,0.1536,-1
67553.69331,1683.6,0.001,-1
67553.639772,1683.5,0.001,-1
67553.830921,1683.66,0.33191461,-1
67553.830632,1683.66,0.66991461,-1
67554.447954,1683.7,0.06827877,-1
67554.447954,1683.7,0.001,-1
67555.507814,1683.61,0.99979577,-1
67556.231247,1683.45,0.00000594,1
67556.220971,1683.45,0.004865,1
67557.35499,1683.48,0.00415019,-1
67557.35499,1683.48,0.01067903,-1
67557.35499,1683.46,0.28708539,-1
67557.354907,1683.46,0.69991461,-1
67557.344217,1683.45,0.30291461,-1
67557.344152,1683.45,0.69891461,-1
67557.332888,1683.42,0.05942647,-1
67558.388325,1683.48,0.30791461,-1
67558.387889,1683.48,0.61601035,-1
67558.387889,1683.48,0.07790426,-1
67558.463115,1683.56,0.05942647,-1
67558.463115,1683.48,0.10404487,-1
67561.052133,1683.41,0.00117616,-1
67561.233826,1683.31,0.02704169,-1
67561.226575,1683.36,0.26453932,1
67561.178044,1683.36,0.02017696,1
67561.178044,1683.4,0.001,1
67562.405973,1683.34,0.0585439,-1
67562.378364,1683.31,0.72491461,-1
67563.573967,1683.44,0.06197718,-1
67564.579008,1683.49,0.00749468,-1
67564.576797,1683.49,0.66048814,-1
67564.576797,1683.49,0.05942647,-1
67564.690092,1683.55,0.1536,-1
67565.742267,1683.59,0.71591461,-1
67565.82359,1683.7,0.001,-1
67565.753921,1683.62,0.05942647,-1
67565.753921,1683.6,0.001,-1
67565.743752,1683.59,0.27308539,-1
67566.391623,1683.83,0.22822624,-1
67566.391623,1683.82,0.05942647,-1
67566.391623,1683.8,0.001,-1
67566.807678,1683.82,0.00097507,1
67567.119471,1683.4,0.42591461,1
67567.119471,1683.4,0.001,1
67567.049499,1683.6,0.001,1
67567.032362,1683.63,0.42691461,1
67567.032362,1683.64,0.42691461,1
67567.032362,1683.65,0.42691461,1
67567.178285,1683.33,0.425914,1
67567.395284,1683.33,0.42391417,1
67567.395284,1683.33,0.00000083,1
67567.364818,1683.33,0.42391378,1
67567.364818,1683.33,0.00000022,1
67567.334069,1683.33,0.42491439,1
67567.334069,1683.33,0.00000061,1
67568.66044,1683.47,0.05942647,-1
67568.80208,1683.57,0.00969119,-1
67568.80208,1683.57,0.69008539,-1
67568.80196,1683.57,0.29991461,-1
67569.633013,1683.67,0.05773054,-1
67569.775806,1683.69,0.05772608,-1
67571.1973,1683.64,0.420914,1
67572.176847,1683.65,0.00563332,-1
67572.240086,1683.65,0.00588029,-1
67572.239776,1683.65,0.03000891,-1
67573.489968,1683.63,0.14432378,-1
67573.583774,1683.63,0.01443264,-1
67573.689531,1683.62,0.107921,1
67575.096434,1683.67,0.29994536,1
67575.625328,1683.65,0.41591439,1
67575.625328,1683.65,0.00000061,1
67575.589103,1683.65,0.416914,1
67575.678977,1683.65,0.41491378,1
67575.678977,1683.65,0.00000022,1
67575.827039,1683.65,0.41491417,1
67575.827039,1683.65,0.00000083,1
67575.93988,1683.65,0.41491395,1
67575.93988,1683.65,0.00000005,1
67575.876875,1683.65,0.41491456,1
67575.876875,1683.65,0.00000044,1
67575.97978,1683.65,0.41491434,1
67575.97978,1683.65,0.00000066,1
67576.016059,1683.65,0.41491373,1
67576.016059,1683.65,0.00000027,1
67576.43285,1683.66,0.02072078,-1
67576.547485,1683.68,0.03257417,-1
67576.547432,1683.68,0.12102583,-1
67576.547432,1683.68,0.0662284,-1
67576.547432,1683.67,0.05942647,-1
67576.547432,1683.66,0.06323391,-1
67577.37913,1683.68,0.01126704,-1
67578.018037,1683.69,0.67691461,-1
67578.017658,1683.69,0.27675518,-1
67578.017658,1683.68,0.04815943,-1
67578.173932,1683.7,0.31408539,-1
67578.173592,1683.7,0.67991461,-1
67578.173592,1683.7,0.001,-1
67578.337122,1683.79,0.408914,1
67578.337122,1683.79,0.33144,1
67578.743442,1683.8,0.55671915,-1
67578.743442,1683.8,0.001,-1
67581.984655,1683.73,0.3891868,1
67581.984655,1683.79,0.00000061,1
67582.540004,1683.77,0.04115984,-1
67584.518874,1683.76,0.02885687,-1
67584.636414,1683.76,0.00116857,-1
67584.668048,1683.75,0.00106597,1
67584.668048,1683.75,0.40591461,1
67584.668048,1683.75,0.49761942,1
67585.21025,1683.75,0.248809,1
67585.517958,1683.62,0.33143976,1
67585.517958,1683.62,0.00000024,1
67585.459566,1683.63,0.33144,1
67585.747503,1683.63,0.01438822,-1
67587.537448,1683.7,0.131599,1
67587.833508,1683.63,0.00214035,-1
67589.013457,1683.7,0.03343439,1
67589.013457,1683.7,0.37091461,1
67589.013457,1683.7,0.033435,1
67589.067842,1683.69,0.370914,1
67589.67913,1683.72,0.059426,-1
67590.007782,1683.75,0.01633341,-1
67591.755734,1683.7,0.0152918,1
67592.707982,1683.56,0.00953795,1
67592.707928,1683.6,1.21743406,1
67592.707592,1683.6,1.97067955,1
67592.707592,1683.6,0.8798584,1
67592.706123,1683.68,0.01697804,1
67592.706123,1683.68,0.01697806,1
67592.833855,1683.24,0.0293599,1
67592.833362,1683.26,0.02,1
67592.833362,1683.3,0.001,1
67592.830955,1683.4,0.001,1
67592.824565,1683.5,0.001,1
67593.05198,1683.06,0.23623637,1
67593.05198,1683.1,0.001,1
67593.05198,1683.2,0.001,1
67593.211528,1683,0.001,1
67593.730907,1682.91,0.02654269,-1
67593.819014,1682.8,0.001,1
67593.765954,1682.9,0.001,1
67594.391412,1682.34,0.03478314,1
67594.391412,1682.4,0.001,1
67594.391412,1682.5,0.001,1
67594.391412,1682.6,0.001,1
67594.391412,1682.7,0.001,1
67594.729439,1682.49,0.3276427,-1
67594.729439,1682.46,0.44506706,-1
67594.720593,1682.46,0.55493294,-1
67594.720593,1682.46,0.89155616,-1
67594.720593,1682.44,1,-1
67594.715935,1682.43,0.05942647,-1
67594.715935,1682.43,0.58302193,-1
67594.734939,1682.57,0.6,-1
67594.854036,1682.7,0.001,-1
67595.830172,1682.67,0.15424449,1
67595.830172,1682.67,0.15424451,1
67596.098895,1682.65,0.031074,-1
67596.147112,1682.65,0.00293981,-1
67596.848392,1682.65,0.08731611,-1
67596.704975,1682.65,0.0309816,-1
67598.011118,1682.6,0.07605208,-1
67599.958893,1682.4,0.000915,1
67599.958893,1682.4,0.001,1
67600.427878,1682.31,0.05942647,-1
67600.410235,1682.3,1.052849,1
67600.410235,1682.3,0.001,1
67602.250441,1682.71,0.01773133,-1
67602.250441,1682.6,0.001,-1
67602.537981,1682.79,0.33144,1
67604.018139,1682.89,0.36459944,-1
67604.018139,1682.87,0.1536,-1
67604.018139,1682.86,0.05942647,-1
67604.018139,1682.82,0.14858135,-1
67604.018139,1682.8,0.001,-1
67604.317845,1682.8,0.11273707,-1
67605.529275,1683,0.001,-1
67605.494636,1682.9,0.001,-1
67605.574937,1683.1,0.001,-1
67605.807969,1683.12,0.346914,1
67606.517189,1683.16,0.33144,1
67606.690545,1683.11,0.00237699,-1
67607.396803,1683.14,0.01471191,-1
67609.274674,1683.11,0.08,1
67609.781237,1682.9,0.20831598,1
67609.781237,1682.9,0.001,1
67610.219127,1682.9,0.20269,1
67610.187373,1682.9,0.168,1
67611.174478,1682.71,0.53730576,1
67611.174478,1682.72,0.88051413,1
67611.1729,1682.72,0.60508741,1
67611.1729,1682.8,0.001,1
67611.172791,1682.81,1.18854632,1
67611.172791,1682.81,0.77217097,1
67611.172691,1682.81,0.11919374,1
67611.172691,1682.82,0.05942647,1
67611.172378,1682.92,0.12765663,1
67611.172378,1682.92,0.12765663,1
67612.017542,1682.83,0.01409217,-1
67612.318204,1682.7,0.000761,1
67612.318204,1682.7,0.001,1
67615.238435,1682.5,0.02166278,1
67615.238435,1682.5,0.001,1
67615.238435,1682.6,0.001,1
67617.704008,1682.4,0.16148077,1
67617.704008,1682.4,0.001,1
67617.704008,1682.4,0.196,1
67617.704008,1682.41,0.05942647,1
67617.704008,1682.5,0.168,1
67617.704008,1682.51,0.38491461,1
67618.557272,1682.69,0.40724873,-1
67618.555587,1682.61,0.00881951,-1
67618.551296,1682.56,0.06779001,-1
67618.551296,1682.56,0.05329705,-1
67618.608423,1682.8,0.001,-1
67618.608423,1682.7,0.001,-1
67619.519212,1682.89,1.047929,1
67620.742667,1683,0.05,-1
67620.742667,1683,0.001,-1
67620.742667,1682.9,0.001,-1
67620.886079,1683.43,1.18851578,-1
67620.880781,1683.4,0.001,-1
67620.880781,1683.4,0.05,-1
67620.876604,1683.39,0.05942647,-1
67620.876604,1683.37,0.78925274,-1
67620.875322,1683.37,0.22574726,-1
67620.875322,1683.36,0.89333306,-1
67620.875322,1683.3,0.001,-1
67620.860979,1683.2,0.05,-1
67620.860979,1683.2,0.001,-1
67620.860979,1683.1,0.001,-1
67621.053987,1683.44,0.65914917,1
67621.044819,1683.44,0.34085083,1
67621.044819,1683.46,1,1
67621.148172,1683.24,0.00999675,1
67621.148172,1683.24,0.03157095,1
67621.148172,1683.24,0.0268353,1
67621.148172,1683.24,0.04104222,1
67621.148172,1683.24,0.01789021,1
67621.148172,1683.24,0.00736657,1
67621.51446,1683.28,0.001153,-1
67621.480306,1683.28,0.00577659,-1
67621.590124,1683.32,0.00161771,-1
67623.326623,1683.6,0.00167446,-1
67623.326623,1683.5,0.001,-1
67624.698857,1683.59,1.10249163,1
67624.698857,1683.59,0.03581268,1
67624.698857,1683.59,0.03581269,1
67626.629315,1683.58,1,1
67626.907748,1683.59,0.05942777,-1
67626.957969,1683.58,1,1
67627.187102,1683.57,0.065526,1
67627.79264,1683.59,0.05772046,-1
67627.74828,1683.58,0.000885,1
67627.74828,1683.58,1,1
67627.928748,1683.56,1,1
67628.731602,1683.52,1,1
67628.649251,1683.56,1,1
67629.116821,1683.76,0.05941276,-1
67629.115682,1683.92,0.41691461,-1
67629.115408,1683.92,0.58491461,-1
67629.113804,1683.9,0.2,-1
67629.113804,1683.9,0.1,-1
67629.113804,1683.9,4.09768036,-1
67629.113804,1683.9,0.001,-1
67629.113804,1683.8,0.05,-1
67629.113804,1683.8,0.001,-1
67629.111569,1683.78,1.015,-1
67629.111569,1683.77,0.970125,-1
67629.111569,1683.7,0.001,-1
67629.111139,1683.6,0.001,-1
67629.110238,1683.45,0.89102735,-1
67629.110238,1683.44,0.05942647,-1
67629.183466,1683.8,0.0308119,1
67629.183466,1683.8,0.0308119,1
67629.183466,1683.8,0.20189107,1
67629.138482,1683.94,0.00204708,-1
67629.138482,1683.93,0.096,-1
67629.138482,1683.91,0.40378214,-1
67629.138482,1683.82,0.08708539,-1
67629.138427,1683.82,0.41291461,-1
67629.125329,1683.8,0.58691461,-1
67629.125236,1683.8,0.41491461,-1
67629.196276,1683.8,0.06587872,1
67629.188675,1683.8,0.11635149,1
67629.188675,1683.8,0.01540595,1
67629.188675,1683.8,1.595732,1
67629.416422,1683.39,0.12590559,1
67629.416422,1683.4,0.159,1
67629.416422,1683.4,0.001,1
67629.416422,1683.41,0.05940323,1
67629.416422,1683.47,0.59194363,1
67629.416422,1683.48,0.05942647,1
67629.416422,1683.48,0.01646986,1
67629.388278,1683.56,0.01646932,1
67629.388278,1683.56,0.00823484,1
67629.388278,1683.56,0.00823484,1
67629.618203,1683.46,1,1
67629.681235,1683.45,0.574404,1
67630.198905,1683.48,0.57891461,-1
67630.198485,1683.48,0.42291461,-1
67630.164804,1683.48,0.42291461,-1
67630.16411,1683.48,0.57891461,-1
67630.147915,1683.48,0.41006416,-1
67630.147915,1683.44,0.16885045,-1
67630.147465,1683.44,0.42291461,-1
67630.313202,1683.58,0.42195585,1
67630.306116,1683.56,0.05942647,-1
67630.306116,1683.56,0.04289266,-1
67630.306116,1683.5,0.05463963,-1
67630.263847,1683.5,0.42291461,-1
67630.263677,1683.5,0.08176705,-1
67630.263677,1683.48,0.49714756,-1
67630.252191,1683.48,0.42291461,-1
67630.251684,1683.48,0.57891461,-1
67630.355658,1683.51,0.29588253,-1
67630.522611,1683.42,0.34691461,1
67630.522611,1683.43,0.30964839,1
67630.504546,1683.43,0.03726622,1
67630.504546,1683.44,0.34691461,1
67630.474707,1683.47,0.34691461,1
67630.467118,1683.48,1,1
67630.465501,1683.5,1,1
67630.93857,1683.47,0.0865809,-1
67631.21951,1683.42,0.34491439,1
67631.21951,1683.42,0.00000061,1
67631.187854,1683.42,0.345914,1
67631.187854,1683.42,1,1
67631.305795,1683.42,0.34391417,1
67631.305795,1683.42,0.00000083,1
67631.265139,1683.42,0.34391378,1
67631.265139,1683.42,0.00000022,1
67631.417649,1683.42,0.34391395,1
67631.417649,1683.42,0.00000005,1
67631.339631,1683.42,0.34391456,1
67631.339631,1683.42,0.00000044,1
67631.537343,1683.42,0.34491412,1
67631.537343,1683.42,0.00000088,1
67631.506931,1683.42,0.99999912,1
67631.506931,1683.42,0.34391461,1
67631.506931,1683.42,0.00000027,1
67631.478368,1683.42,0.34391434,1
67631.478368,1683.42,0.00000066,1
67631.59878,1683.42,0.34391461,1
67631.59878,1683.42,0.0000001,1
67631.576389,1683.42,0.34391451,1
67631.576389,1683.42,0.00000049,1
67631.731345,1683.4,0.00296361,1
67631.731345,1683.41,0.00000061,1
67631.692759,1683.41,0.345914,1
67631.785964,1683.4,0.342951,1
67631.97801,1683.39,0.34291456,1
67631.97801,1683.39,0.00000044,1
67631.942277,1683.39,0.34291417,1
67631.942277,1683.39,0.00000083,1
67631.883308,1683.39,0.34191378,1
67631.883308,1683.39,0.00000022,1
67631.848579,1683.39,0.34291439,1
67631.848579,1683.39,0.00000061,1
67631.819063,1683.39,0.345914,1
67632.067379,1683.39,0.34191434,1
67632.067379,1683.39,0.00000066,1
67632.025251,1683.39,0.34191395,1
67632.025251,1683.39,0.00000005,1
67632.434804,1683.47,0.43391461,-1
67632.434712,1683.47,0.56791461,-1
67632.390605,1683.46,0.43391461,-1
67632.390507,1683.46,0.50848814,-1
67632.390507,1683.46,0.05942647,-1
67632.564387,1683.47,0.43491461,-1
67632.56427,1683.47,0.56691461,-1
67632.699284,1683.48,0.00506917,-1
67632.820683,1683.55,0.43491461,-1
67632.820094,1683.55,0.56691461,-1
67632.787386,1683.48,0.43491461,-1
67632.78721,1683.48,0.50748814,-1
67632.78721,1683.48,0.05942647,-1
67633.123734,1683.56,0.00573325,-1
67633.329445,1683.51,0.339914,1
67633.298099,1683.52,0.00000031,1
67633.294883,1683.52,0.3409143,1
67633.294883,1683.52,0.0324587,1
67633.291591,1683.52,0.0906246,1
67633.28528,1683.52,0.10707645,1
67633.282439,1683.52,0.30548478,1
67633.276921,1683.52,0.46435547,1
67633.439586,1683.5,0.342914,1
67633.414458,1683.51,0.34191461,1
67633.414458,1683.51,0.00000022,1
67633.357671,1683.51,0.34191439,1
67633.357671,1683.51,0.00000061,1
67633.566456,1683.51,0.01470073,-1
67633.89477,1683.45,0.10965103,-1
67633.884642,1683.48,0.34591461,1
67633.879769,1683.46,1,1
67633.879769,1683.46,0.56691461,1
67633.879769,1683.47,0.34091461,1
67633.879769,1683.48,0.33991461,1
67633.87695,1683.49,0.34191461,1
67633.870435,1683.5,1,1
67633.994292,1683.44,0.056751,1
67633.979155,1683.44,0.289163,1
67634.038695,1683.39,0.07411935,1
67634.035814,1683.39,0.06643291,1
67634.02928,1683.39,0.10845383,1
67634.024225,1683.39,0.09790852,1
67634.020212,1683.4,0.34691461,1
67634.017428,1683.41,0.34691461,1
67634.017428,1683.44,0.00000061,1
67635.397668,1683.39,0.0027934,-1
67635.523225,1683.39,0.02816509,-1
67635.505643,1683.39,0.006824,-1
67637.132046,1683.2,0.001,1
67637.132046,1683.21,0.39091461,1
67637.08535,1683.22,0.00579644,-1
67637.069886,1683.3,0.001,1
67637.069886,1683.36,0.25134454,1
67637.047739,1683.36,0.74865546,1
67637.047739,1683.38,0.32764192,1
67637.033792,1683.38,0.67235808,1
67637.401904,1683.17,0.02482505,-1
67638.126222,1683.17,0.02886047,-1
67638.347302,1683.1,0.39091461,1
67638.347302,1683.1,0.001,1
67638.34428,1683.13,0.38991461,1
67638.334854,1683.16,1,1
67638.908519,1683.02,0.34591461,-1
67638.908378,1683.02,0.65591461,-1
67639.246977,1683.17,0.34691461,-1
67639.246378,1683.17,0.65491461,-1
67639.24095,1683.24,0.00160253,-1
67639.24095,1683.24,0.58433038,-1
67639.237015,1683.17,1.18854749,-1
67639.236753,1683.15,0.1536,-1
67639.236585,1683.1,0.05942647,-1
67639.236585,1683.1,0.51168539,-1
67639.236504,1683.1,0.50231461,-1
67639.236504,1683.09,0.1536,-1
67640.0545,1683.4,0.35291461,-1
67640.053956,1683.4,0.58848814,-1
67640.053956,1683.39,0.05942647,-1
67640.053956,1683.3,0.001,-1
67641.296202,1683.8,0.05,-1
67641.296202,1683.8,0.001,-1
67641.296202,1683.74,0.03522885,-1
67641.277873,1683.77,1.575,-1
67641.277873,1683.75,0.74317606,-1
67641.275148,1683.75,3.35502898,-1
67641.275148,1683.7,0.001,-1
67641.275148,1683.63,1.014,-1
67641.275094,1683.6,0.05,-1
67641.275094,1683.6,0.001,-1
67641.273277,1683.57,0.58342746,-1
67641.273248,1683.57,0.30753902,-1
67641.273248,1683.55,0.18825499,-1
67641.273065,1683.55,0.10873472,-1
67641.273065,1683.54,0.05942647,-1
67641.273065,1683.5,0.001,-1
67641.273065,1683.49,0.95199284,-1
67641.272518,1683.49,0.23619676,-1
67641.272518,1683.4,0.001,-1
67641.272518,1683.4,0.25859725,-1
67641.362556,1683.81,0.01154301,-1
67641.302206,1683.9,0.1088007,-1
67641.302206,1683.9,0.00113122,-1
67641.302206,1683.9,0.001,-1
67641.815378,1683.88,0.39391415,1
67641.815378,1683.88,0.00088348,1
67641.815378,1683.88,0.54600637,1
67641.802172,1683.88,0.00115035,1
67642.637672,1683.82,1,1
67644.497775,1683.78,0.03098445,1
67645.339807,1683.79,0.30588054,-1
67645.971793,1683.79,0.04169622,-1
67647.282308,1683.76,1,1
67647.282308,1683.78,0.03098,1
67647.282308,1683.78,0.96901555,1
67647.357403,1683.61,0.03307195,-1
67647.589912,1683.5,0.001,1
67647.589912,1683.58,1,1
67647.589912,1683.6,1,1
67647.589912,1683.6,0.001,1
67647.588116,1683.61,0.05354086,-1
67647.899146,1683.38,1,1
67647.899146,1683.4,1,1
67647.899146,1683.4,0.001,1
67648.575485,1683.37,0.02524109,-1
67649.352423,1683.35,0.09522443,-1
67649.349483,1683.34,0.76605827,1
67649.345767,1683.34,0.23394173,1
67649.345767,1683.36,1,1
67650.490114,1683.41,1.18826487,-1
67650.490114,1683.41,1.014,-1
67650.489474,1683.34,0.00008557,-1
67650.489405,1683.34,0.891,-1
67652.033978,1683.59,0.29829965,1
67656.534646,1683.54,0.06196503,-1
67657.334204,1683.46,0.37791461,1
67657.266256,1683.54,0.75922692,1
67657.266162,1683.54,0.39773622,1
67657.265101,1683.59,0.00091432,1
67657.630135,1683.44,0.01859547,-1
67658.630347,1683.44,0.25252256,-1
67658.630193,1683.44,0.61991461,-1
67661.247836,1683.49,0.01176065,-1
67661.535827,1683.36,0.05942647,1
67661.535827,1683.36,1.18817454,1
67661.535827,1683.38,0.89106056,1
67661.58155,1683.3,0.365914,1
67661.58155,1683.3,0.001,1
67661.813742,1683.2,0.001,1
67662.623096,1683.23,0.31688476,1
67662.686721,1683.1,0.001,1
67662.917978,1683.01,0.04868146,-1
67662.956958,1682.85,0.01208037,1
67662.956958,1682.86,4.3708573,1
67662.956958,1682.9,0.001,1
67662.956958,1683,0.001,1
67665.54889,1682.81,0.05634409,-1
67666.062915,1682.8,0.40391461,1
67666.062915,1682.8,0.001,1
67667.735179,1682.8,0.00059725,-1
67668.276293,1682.79,0.00000594,1
67668.265594,1682.79,0.00208582,1
67669.698763,1682.79,0.00076315,1
67669.698763,1682.79,0.39982285,1
67669.833831,1682.8,0.006664,-1
67670.039834,1682.77,0.402914,1
67670.016408,1682.78,0.59098756,-1
67670.779693,1682.71,0.01443692,-1
67671.87488,1682.73,0.00573598,-1
67672.299443,1682.72,0.06001937,1
67673.372627,1682.71,0.006444,-1
67674.117403,1682.46,0.401914,1
67674.077434,1682.5,0.001,1
67674.077434,1682.51,0.03588009,1
67674.074614,1682.6,0.001,1
67674.074614,1682.7,0.001,1
67674.195622,1682.3,0.001,1
67674.145799,1682.4,1.18873654,1
67674.145799,1682.4,0.001,1
67674.145799,1682.41,0.05942647,1
67674.145799,1682.42,0.89157116,1
67674.316278,1682.25,0.05970618,1
67674.332592,1682.25,0.339208,1
67674.834399,1682.25,0.06763745,-1
67676.015736,1682.25,0.49087852,-1
67676.22705,1682.29,0.08628099,1
67676.737282,1682.28,0.11883729,-1
67679.011452,1682.29,0.39456918,-1
67681.058405,1682.21,0.22008767,-1
67681.656428,1682.31,0.00294242,-1
67683.09968,1682.25,0.05942647,-1
67683.950145,1682.33,0.03408974,1
67684.72829,1682.39,0.00801427,-1
67684.682345,1682.34,0.03449622,-1
67684.682345,1682.34,0.05942647,-1
67684.873379,1682.46,0.38191461,-1
67684.873134,1682.46,0.61991461,-1
67685.740372,1682.5,0.001,-1
67686.549048,1682.57,0.59991461,-1
67686.548864,1682.57,0.40191461,-1
67688.511713,1682.59,0.00293594,-1
67688.784273,1682.63,0.58191461,-1
67688.783767,1682.63,0.41891461,-1
67688.783767,1682.6,0.001,-1
67688.772408,1682.59,0.58191461,-1
67688.772327,1682.59,0.41991461,-1
67689.160898,1682.72,0.09941257,-1
67689.160388,1682.72,0.51848814,-1
67689.160388,1682.7,0.05942647,-1
67689.160388,1682.7,0.001,-1
67690.313559,1682.8,0.00726706,-1
67690.313559,1682.8,0.001,-1
67690.313559,1682.8,0.24251368,-1
67690.839036,1682.9,0.00473676,-1
67690.839036,1682.9,0.001,-1
67690.85305,1682.89,0.11285183,1
67691.669502,1682.89,0.245062,1
67691.888008,1682.79,0.38991375,1
67691.888008,1682.79,0.00131325,1
67691.88743,1682.8,0.00882558,-1
67691.93765,1682.71,0.388914,1
67692.283267,1682.72,0.00058838,-1
67692.531471,1682.72,0.00281837,-1
67693.596489,1682.81,0.64791461,-1
67693.596426,1682.81,0.35391461,-1
67693.711629,1682.9,0.01127327,-1
67694.266655,1682.91,0.00588372,-1
67695.012045,1682.91,0.01443881,-1
67696.773848,1682.91,0.05883332,-1
67699.740374,1682.9,0.01752749,1
67700.203375,1682.91,0.34991461,-1
67700.203281,1682.91,0.59248814,-1
67700.203281,1682.91,0.05942647,-1
67700.948269,1682.97,0.002614,-1
67701.049282,1682.9,0.011812,1
67702.335707,1683.01,1.029,-1
67702.335707,1683,0.001,-1
67702.316918,1682.99,0.302,-1
67702.316801,1682.99,1.936,-1
67702.411603,1683.1,0.001,-1
67702.496809,1683.33,0.00573632,-1
67702.461057,1683.3,0.001,-1
67702.426938,1683.2,0.001,-1
67702.980612,1683.33,0.02778509,-1
67702.980612,1683.33,0.00085032,-1
67703.09842,1683.29,0.059426,1
67703.219609,1683.27,0.391914,1
67703.75162,1683.34,0.5,-1
67704.397178,1683.36,0.35191461,-1
67704.397136,1683.36,0.64991461,-1
67704.43112,1683.4,0.001,-1
67704.901394,1683.44,0.05942639,1
67704.901394,1683.44,0.39091461,1
67704.862779,1683.45,0.05664875,1
67704.862779,1683.45,0.04793395,1
67704.862779,1683.45,0.1743053,1
67706.130348,1683.4,0.08453981,-1
67706.718117,1683.41,0.059426,1
67706.667602,1683.45,0.139444,1
67707.191413,1683.23,0.059426,1
67707.582983,1683.3,0.0349418,-1
67707.794796,1683.29,0.02400504,1
67712.121095,1683.33,0.001218,1
67713.3931,1683.2,0.36191386,1
67713.3931,1683.2,0.00000014,1
67713.366535,1683.2,1.033238,1
67713.366535,1683.2,0.001,1
67713.930254,1683.22,0.02887522,-1
67714.502904,1683.22,0.00845063,-1
67715.991224,1683.23,0.02516371,-1
67716.609469,1683.23,0.3449146,1
67716.609469,1683.23,0.0883854,1
67716.660122,1683.23,0.33891399,1
67716.660122,1683.23,0.00000001,1
67717.890944,1683.26,0.00026467,-1
67718.368081,1683.25,0.32791396,1
67718.368081,1683.25,0.02216252,1
67718.368081,1683.25,0.02216252,1
67720.115017,1683.4,0.001,-1
67720.222595,1683.49,0.318914,1
67720.302218,1683.49,0.31691378,1
67720.302218,1683.49,0.00000022,1
67720.256721,1683.49,0.31691439,1
67720.256721,1683.49,0.00000061,1
67720.856938,1683.47,0.314914,1
67724.008921,1683.37,0.04717438,-1
67725.175867,1683.2,0.287914,1
67725.175867,1683.2,0.001,1
67727.434073,1683.19,0.005394,-1
67729.017511,1683.12,0.00100753,1
67729.017511,1683.12,0.05942647,1
67729.493873,1683.11,0.01764486,-1
67730.304113,1683.11,0.03354224,-1
67730.626575,1683.11,0.009284,-1
67731.512458,1683.11,0.005434,-1
67731.89748,1683.26,0.16202361,-1
67731.89748,1683.26,0.05942647,-1
67731.967449,1683.25,0.00688682,1
67731.967449,1683.25,0.02410409,1
67731.967449,1683.25,0.00344343,1
67731.967449,1683.25,0.02066066,1
67733.003,1683.17,0.00296488,1
67733.059957,1683.18,0.11269153,-1
67733.408456,1683.11,0.04475321,1
67734.466886,1683.16,0.0067525,-1
67735.006554,1683.19,0.42891461,-1
67734.992391,1683.18,0.04419084,-1
67735.130629,1683.33,0.064892,1
67736.369898,1683.29,0.00000594,1
67738.633965,1683.3,0.03424864,-1
67738.633965,1683.29,0.01622201,-1
67738.633965,1683.29,0.56755598,-1
67738.597255,1683.22,0.03987786,1
67738.597255,1683.25,0.03244401,1
67739.232767,1683.29,0.03444595,-1
67739.390012,1683.28,1.0372949,1
67739.390012,1683.29,0.32533397,1
67739.59697,1683.29,0.08133251,1
67739.59697,1683.29,0.08133349,1
67741.593856,1683.3,0.08452726,-1
67741.827567,1683.11,0.00079253,1
67741.827567,1683.11,0.05942647,1
67742.114679,1683.1,1.575,1
67742.085771,1683.1,1.813,1
67742.085771,1683.1,0.001,1
67742.141746,1683.1,1.575,1
67742.141746,1683.1,1.08633,1
67744.507998,1683.39,0.05942647,1
67744.567952,1683.37,0.594205,1
67745.737318,1683.4,0.010553,-1
67745.737318,1683.4,0.001,-1
67745.737318,1683.39,0.0355131,-1
67745.737318,1683.39,0.02240874,-1
67745.737318,1683.38,0.518666,-1
67746.369846,1683.48,0.02747314,-1
67746.584034,1683.48,0.14907931,-1
67747.039788,1683.36,0.02999899,1
67747.886624,1683.47,0.16524861,-1
67747.886624,1683.4,0.201,-1
67748.018919,1683.4,0.05881305,-1
67748.277359,1683.4,0.119974,-1
67749.578923,1683.39,0.05942602,1
67749.578923,1683.39,0.34066698,1
67750.37472,1683.41,0.00000594,1
67751.478875,1683.29,0.32400299,-1
67752.584868,1683.43,0.00058808,-1
67752.822665,1683.43,0.00573393,-1
67754.290466,1683.4,0.00059398,-1
67754.374498,1683.3,0.02817162,-1
67755.470047,1683.31,0.30453334,1
67756.089034,1683.32,0.01470239,-1
67756.267318,1683.27,0.08565609,-1
67756.267318,1683.27,0.10419341,-1
67756.267318,1683.27,0.10419341,-1
67757.272243,1683.2,0.001,1
67757.272243,1683.21,1.62481711,1
67757.27215,1683.21,3.53277308,1
67757.27205,1683.21,0.19821891,1
67757.27205,1683.23,0.05942647,1
67757.271944,1683.29,0.00091688,1
67757.570097,1683.1,0.001,1
67757.655531,1682.9,0.001,1
67757.655531,1682.9,0.00000094,1
67757.642492,1683,0.001,1
67757.951141,1682.83,0.05772643,-1
67759.402521,1682.6,0.04453953,1
67759.402521,1682.6,0.001,1
67759.402521,1682.7,0.001,1
67759.402521,1682.8,0.001,1
67760.635749,1682.78,0.1793702,-1
67761.428873,1682.73,0.08968497,1
67761.428873,1682.73,0.35911103,1
67762.600709,1682.79,0.42850013,-1
67762.600709,1682.75,0.14855927,-1
67762.600709,1682.74,0.37560186,-1
67765.181274,1682.8,0.01408731,-1
67765.301978,1682.97,0.14910658,-1
67765.301978,1682.9,0.001,-1
67766.525113,1682.87,1.188649,1
67766.558115,1682.87,1.188649,1
67767.720735,1682.89,0.09427449,-1
67768.357975,1682.99,0.98595722,1
67768.357975,1682.99,1.18864934,1
67768.357975,1682.99,0.4593363,1
67768.357975,1682.99,0.46780614,1
67768.822011,1683.04,0.02116685,-1
67768.822011,1683,0.00600945,-1
67768.822011,1683,0.001,-1
67771.560381,1683.14,0.14855927,-1
67771.560381,1683.1,0.001,-1
67771.74458,1683.5,0.001,-1
67771.737261,1683.48,2.38288395,-1
67771.702484,1683.4,0.001,-1
67771.702484,1683.39,0.89333306,-1
67771.702484,1683.38,2.08055926,-1
67771.698546,1683.42,2.08055926,-1
67771.698546,1683.4,0.05,-1
67771.698546,1683.4,0.001,-1
67771.69694,1683.3,0.001,-1
67771.69694,1683.28,0.43715212,-1
67771.69694,1683.28,0.14855927,-1
67771.69694,1683.23,0.14855927,-1
67771.69694,1683.2,0.001,-1
67772.236404,1683.44,0.462612,1
67772.197169,1683.44,0.114834,1
67772.055818,1683.55,0.11483392,1
67772.055818,1683.55,0.11483408,1
67772.905163,1683.65,0.008454,-1
67772.864275,1683.73,0.39804085,-1
67772.864275,1683.71,1.18823808,-1
67772.864275,1683.7,0.89089879,-1
67772.864275,1683.7,0.1536,-1
67772.864275,1683.7,0.234,-1
67772.864275,1683.7,0.001,-1
67772.864275,1683.6,0.2,-1
67772.864275,1683.6,0.001,-1
67772.864275,1683.59,0.54258284,-1
67773.084744,1683.61,0.04509413,-1
67773.767389,1683.68,0.00588082,-1
67774.611029,1683.49,0.00638726,1
67775.810658,1683.5,0.0286138,-1
67775.810658,1683.5,0.0179894,-1
67775.810658,1683.5,0.00545178,-1
67776.566444,1683.49,0.00531006,-1
67776.718566,1683.4,0.357884,1
67776.658014,1683.47,0.001158,1
67778.885758,1683.59,0.00294091,-1
67779.119489,1683.59,0.05820047,-1
67779.316197,1683.59,0.00002375,-1
67779.300589,1683.59,0.10202734,-1
67780.271556,1683.54,0.04965981,1
67780.271556,1683.54,0.02910024,1
67780.271556,1683.54,0.00147046,1
67780.271556,1683.54,0.17894244,1
67780.747655,1683.45,0.059426,1
67783.44033,1683.42,0.05772506,-1
67784.010401,1683.38,0.46351183,1
67784.010401,1683.38,0.0654761,1
67784.010401,1683.38,0.0654761,1
67784.204909,1683.39,0.01151242,1
67784.734676,1683.4,0.04410219,-1
67785.670343,1683.54,0.89883,1
67786.785281,1683.59,0.56519046,1
67788.502432,1683.6,0.01,-1
67788.502432,1683.6,0.001,-1
67788.559936,1683.6,0.00881764,-1
67788.556421,1683.6,0.01414991,-1
67788.556421,1683.6,0.00443141,-1
67791.08766,1683.69,1.03102951,1
67791.08766,1683.69,1.14010689,1
67791.08766,1683.69,0.00076252,1
67791.08766,1683.69,1.18823808,1
67791.08766,1683.69,1.813,1
67791.810657,1683.6,0.00112902,-1
67798.165972,1683.69,0.0299965,1
67798.597808,1683.69,0.0594264,1
67798.597808,1683.69,0.99020686,1
67798.597808,1683.69,1.09967889,1
67798.597808,1683.69,1.15796985,1
67800.510088,1683.73,1.65796461,-1
67800.510088,1683.73,0.01847815,-1
67800.510088,1683.73,0.01160319,-1
67800.510088,1683.7,0.001,-1
67802.719881,1683.8,0.11984759,-1
67802.719881,1683.8,0.001,-1
67803.235019,1683.99,0.02084371,-1
67803.235019,1683.9,0.001,-1
67803.389286,1683.95,0.00058796,-1
67803.34506,1683.95,0.00293978,-1
67807.020344,1683.71,0.02939785,-1
67807.223713,1683.7,0.05838436,1
67807.223713,1683.7,0.001,1
67809.13239,1683.6,0.001224,1
67809.13239,1683.6,0.001,1
67811.005403,1684,0.05,-1
67811.005403,1684,0.001,-1
67811.005403,1683.99,0.00433963,-1
67811.005403,1683.9,0.001,-1
67811.00477,1683.8,0.001,-1
67811.062217,1684.27,0.02939447,-1
67811.021142,1684.2,0.05,-1
67811.021142,1684.2,0.001,-1
67811.021142,1684.1,0.001,-1
67814.445831,1684.24,0.01154294,-1
67814.681795,1684.25,0.02940128,-1
67815.503314,1684.22,0.00515077,-1
67816.437487,1684.27,1.187531,1
67816.499093,1684.26,1.187531,1
67816.650812,1684.19,0.00000593,1
67817.208077,1684.2,0.00563325,-1
67817.907963,1684,0.001,1
67818.573627,1683.91,0.00587809,-1
67820.749418,1683.96,0.00822904,-1
67821.395459,1684.02,0.00117558,-1
67826.398409,1683.93,0.05942647,-1
67827.277558,1684.2,0.00012346,-1
67828.478637,1684.19,1.18744789,1
67828.478637,1684.19,0.00103711,1
67830.174354,1684.2,0.00466827,-1
67830.174354,1684.2,0.00121624,-1
67830.174354,1684.2,0.00087654,-1
67830.321535,1684.1,0.47306805,1
67830.321535,1684.11,0.05942647,1
67830.321535,1684.19,1.18744848,1
67830.986612,1684.2,0.00293896,-1
67833.149626,1684.19,1.187448,1
67833.511323,1684.01,0.53823049,1
67833.619405,1683.9,1.18753132,1
67833.619405,1683.9,0.001,1
67833.720549,1683.8,0.00000095,1
67833.678399,1683.8,0.51245471,1
67833.678399,1683.8,0.03552129,1
67833.678399,1683.8,0.001,1
67834.038235,1683.83,0.05879139,-1
67834.377584,1683.83,0.10453917,1
67835.186002,1683.75,0.09287343,-1
67835.53062,1683.71,0.05631867,-1
67835.528353,1683.6,0.00007515,1
67835.528353,1683.7,0.001,1
67835.545943,1683.7,1.05132,1
67837.104039,1683.59,0.00058677,1
67837.104039,1683.6,0.00092485,1
67838.973985,1683.6,0.11541995,-1
67841.278129,1683.79,1.03296825,1
67841.278129,1683.79,0.00082265,1
67841.278129,1683.79,0.05942647,1
67841.278129,1683.79,1.18786389,1
67841.278129,1683.79,0.11525374,1
67841.425773,1684.01,0.18541724,1
67841.423886,1684.01,0.48264672,1
67841.423821,1684.01,0.48264672,1
67841.421123,1684.01,0.12032211,1
67841.420779,1684.01,0.12032211,1
67841.41786,1684.01,0.1592565,1
67841.417506,1684.01,0.1592565,1
67841.412259,1684.01,0.05156605,1
67841.412211,1684.01,0.05156605,1
67841.368264,1684.02,0.75966944,-1
67841.368264,1684,0.15900605,-1
67841.362472,1684,0.71370224,-1
67841.360511,1684,0.3151556,-1
67841.360511,1684,0.001,-1
67841.353558,1684,1.18786389,-1
67841.353558,1684,0.05,-1
67841.353558,1684,0.001,-1
67841.353558,1683.99,0.89333306,-1
67841.353558,1683.97,0.30602959,-1
67841.353558,1683.96,0.05942647,-1
67841.353558,1683.9,0.001,-1
67841.353558,1683.8,0.001,-1
67841.33479,1683.79,0.44608812,1
67841.33479,1683.79,0.00000088,1
67841.488195,1684.28,0.348,-1
67841.455484,1684.3,0.55265118,-1
67841.455484,1684.3,0.001,-1
67841.454099,1684.28,0.1553216,-1
67841.454099,1684.28,0.852484,-1
67841.451023,1684.21,0.30601869,-1
67841.451023,1684.2,0.05,-1
67841.451023,1684.2,1.04,-1
67841.451023,1684.2,0.001,-1
67841.451023,1684.19,1.575,-1
67841.450901,1684.13,0.1536,-1
67841.450901,1684.1,0.001,-1
67841.450901,1684.01,0.54237312,-1
67841.503977,1684.28,0.13559328,-1
67841.615887,1684.24,0.16440671,1
67841.615887,1684.24,0.16440671,1
67842.289154,1684.12,0.164406,1
67842.51726,1684.03,0.082203,1
67843.775794,1684.25,0.00494562,-1
67843.941254,1684.3,0.001,-1
67845.447944,1684.39,1.57499932,1
67845.447944,1684.39,1.03245668,1
67846.154508,1684.39,0.01826677,1
67846.154508,1684.39,0.04110222,1
67846.481398,1684.5,0.02739378,-1
67846.481398,1684.5,0.001,-1
67846.481398,1684.4,0.001,-1
67848.434088,1684.48,0.00176408,-1
67849.324742,1684.43,0.24705224,-1
67849.836627,1684.39,0.00815176,1
67850.224836,1684.26,0.01950889,1
67852.218918,1684.24,0.059426,1
67852.192676,1684.35,1.18743786,1
67852.060965,1684.44,0.01689233,-1
67852.707397,1684.21,0.06369441,-1
67852.707397,1684.21,0.10071794,-1
67852.857961,1684.21,0.00630494,-1
67852.857961,1684.21,0.04316483,-1
67852.857961,1684.21,0.07299423,-1
67855.86856,1684.31,0.00172135,-1
67855.86856,1684.31,0.0148527,-1
67857.820373,1684.5,0.001,-1
67857.820373,1684.49,0.19999893,-1
67857.820373,1684.46,0.14999888,-1
67857.957616,1684.6,0.001,-1
67858.39311,1684.69,0.00000593,1
67858.38169,1684.69,0.00109218,1
67860.137716,1684.69,1.10567814,1
67860.137716,1684.69,0.00106739,1
67860.137716,1684.69,0.05942647,1
67861.545536,1684.69,0.01911442,1
67861.741588,1684.7,0.00548887,-1
67861.741588,1684.7,0.001,-1
67862.709701,1684.44,0.52138256,1
67862.694138,1684.39,0.88135416,1
67862.674997,1684.27,0.71161129,1
67862.674997,1684.28,0.1553216,1
67862.674997,1684.29,2.31550384,1
67862.674997,1684.3,0.14066432,1
67862.674997,1684.3,4.72599299,1
67862.674997,1684.3,0.001,1
67862.674997,1684.33,0.940275,1
67862.674997,1684.34,0.07033216,1
67862.674997,1684.4,0.001,1
67862.674997,1684.4,0.03516608,1
67862.674997,1684.47,0.90313272,1
67862.674629,1684.46,0.82047526,1
67862.674286,1684.46,1.42311771,1
67862.674286,1684.47,0.979,1
67862.670764,1684.5,0.001,1
67862.670764,1684.5,0.90152256,1
67862.670764,1684.52,0.2,1
67862.670764,1684.52,0.1,1
67862.670764,1684.52,1.575,1
67862.670682,1684.55,0.89044547,1
67862.670682,1684.57,0.40775966,1
67862.670271,1684.57,0.12954298,1
67862.670271,1684.6,0.17,1
67862.670271,1684.61,0.05942647,1
67862.670271,1684.73,1.02310825,1
67862.670271,1684.73,1.18713629,1
67862.670271,1684.73,1.575,1
67862.731249,1684.42,0.44717708,1
67863.135952,1684.5,0.05,-1
67863.653971,1684.52,0.06194958,-1
67864.325547,1684.4,0.53359864,-1
67864.325468,1684.4,0.46640136,-1
67864.324941,1684.38,0.53359864,-1
67864.324873,1684.38,0.46640136,-1
67864.546079,1684.6,0.03184821,-1
67864.546079,1684.6,0.001,-1
67864.546079,1684.59,0.26101192,-1
67867.217673,1684.54,1,-1
67867.217673,1684.52,1,-1
67867.36037,1684.59,0.06578956,1
67869.210905,1684.46,1,-1
67869.477812,1684.54,0.08277525,-1
67872.454515,1684.75,0.19999969,-1
67872.454515,1684.74,0.02572555,-1
67872.454515,1684.7,0.001,-1
67872.452098,1684.66,0.89038969,-1
67872.450387,1684.63,1.18734219,-1
67872.449666,1684.6,2.82738573,-1
67872.449666,1684.59,0.05942647,-1
67872.449556,1684.54,0.00431719,-1
67872.449556,1684.54,0.01081929,-1
67872.449556,1684.54,0.00873905,-1
67872.449556,1684.5,0.08277,-1
67872.449556,1684.5,0.08277,-1
67872.449556,1684.5,0.83445475,-1
67872.448851,1684.48,1,-1
67873.272655,1684.7,0.45007022,1
67873.272655,1684.79,0.00088128,1
67873.272655,1684.79,0.04034715,1
67873.272655,1684.79,0.04768298,1
67873.272655,1684.79,0.02934338,1
67873.272655,1684.79,0.23474701,1
67873.272655,1684.79,0.11737351,1
67875.118833,1684.59,0.468802,1
67875.09852,1684.6,0.60424128,1
67875.09852,1684.68,0.70975872,1
67875.098156,1684.68,0.47757353,1
67875.098156,1684.69,0.05942647,1
67875.61874,1684.5,0.001,1
67875.643745,1684.41,0.00143965,-1
67877.105952,1684.41,0.00587607,-1
67878.100187,1684.41,0.01154732,1
67878.307857,1684.4,0.16199918,1
67878.307857,1684.4,0.45350082,1
67878.293945,1684.4,0.0151039,1
67878.293945,1684.4,0.162,1
67878.293945,1684.4,0.001,1
67878.948247,1684.38,0.04847899,1
67878.948247,1684.4,0.00000082,1
67878.948247,1684.41,0.23190546,1
67878.871119,1684.41,0.00000593,1
67879.811804,1684.42,0.00455474,-1
67880.119473,1684.42,0.00073463,-1
67882.82862,1684.42,0.01469061,-1
67882.857463,1684.42,0.04040121,-1
67883.376966,1684.42,0.0576925,-1
67883.650344,1684.42,0.00864993,-1
67884.169397,1684.44,0.46978694,-1
67884.169151,1684.44,0.53021306,-1
67884.169151,1684.42,0.06634,-1
67884.169151,1684.42,0.0551,-1
67884.169151,1684.42,0.00073,-1
67884.169151,1684.42,0.00455,-1
67884.169151,1684.42,0.87327638,-1
67885.72003,1684.55,0.0033687,-1
67886.329768,1684.58,1,-1
67886.329768,1684.56,1,-1
67887.032171,1684.7,0.86438162,-1
67887.032171,1684.7,0.001,-1
67888.659609,1684.7,0.1,-1
67891.404882,1684.66,0.03057166,-1
67893.00372,1684.66,0.03561838,-1
67893.00372,1684.66,0.86438,-1
67893.00372,1684.66,0.1,-1
67893.00372,1684.64,1,-1
67894.233104,1684.79,0.001248,1
67897.456356,1684.69,0.17824737,1
67898.994689,1684.54,0.01370984,-1
67899.067671,1684.56,1,-1
67899.067671,1684.54,1,-1
67901.088787,1684.63,0.10460058,1
67903.36839,1684.55,0.33268408,-1
67903.548592,1684.71,0.05942647,-1
67903.640315,1684.74,0.00788315,-1
67903.640315,1684.74,0.00390987,-1
67903.640315,1684.74,0.00701151,-1
67903.825318,1684.95,0.11158659,-1
67903.825318,1684.94,0.26532802,-1
67903.82486,1684.94,0.62491461,-1
67903.814514,1684.93,0.10849616,-1
67903.814514,1684.85,0.26841845,-1
67903.814403,1684.85,0.62491461,-1
67903.804597,1684.9,0.37591461,-1
67903.804597,1684.9,0.001,-1
67903.80445,1684.85,0.19986557,-1
67903.80445,1684.84,0.89333306,-1
67903.80445,1684.82,0.62294272,-1
67903.804201,1684.82,0.56435233,-1
67903.804201,1684.81,0.05942647,-1
67903.804201,1684.8,0.001,-1
67903.804201,1684.74,0.00013581,-1
67903.799779,1684.73,0.0528,1
67903.911875,1684.96,0.62691461,-1
67903.911674,1684.96,0.37491461,-1
67903.895378,1684.96,0.62691461,-1
67903.895232,1684.96,0.37491461,-1
67903.884193,1684.96,0.37591461,-1
67903.883987,1684.96,0.62591461,-1
67903.874302,1685.02,1,-1
67903.874302,1685,0.001,-1
67903.87405,1684.99,0.00486826,-1
67903.87405,1684.98,1.16643037,-1
67903.873834,1684.98,0.37691461,-1
67903.873702,1684.96,1.5218803,-1
67903.873702,1684.95,0.33948681,-1
67903.873603,1684.95,0.62491461,-1
67903.837621,1684.95,0.22289363,-1
67903.837621,1684.95,0.15402098,-1
67903.837347,1684.95,0.62491461,-1
67904.107933,1685.01,0.468205,1
67904.692648,1685.02,0.03378352,-1
67904.873888,1685.05,0.61191461,-1
67904.873812,1685.05,0.22209813,-1
67904.873812,1685.05,0.048,-1
67904.873812,1685.02,0.11981648,-1
67905.040231,1685.05,0.61091461,-1
67905.03987,1685.05,0.20352583,-1
67905.03987,1685.05,0.18738878,-1
67905.096147,1685.07,0.39191461,-1
67905.095736,1685.07,0.60991461,-1
67905.218376,1685.08,0.39191461,-1
67905.218348,1685.08,0.60991461,-1
67905.151846,1685.08,0.11166109,-1
67905.151846,1685.08,0.28025352,-1
67905.151719,1685.08,0.60991461,-1
67905.27519,1685.11,0.60891461,-1
67905.274843,1685.11,0.39291461,-1
67905.248091,1685.11,0.60991461,-1
67905.247677,1685.11,0.2576834,-1
67905.247677,1685.1,0.001,-1
67905.247677,1685.08,0.05942647,-1
67905.247677,1685.08,0.07380474,-1
67905.407612,1685.11,0.39391461,-1
67905.407537,1685.11,0.60791461,-1
67905.396854,1685.11,0.60791461,-1
67905.39667,1685.11,0.20844878,-1
67905.39667,1685.11,0.18546583,-1
67905.384318,1685.11,0.39391461,-1
67905.38397,1685.11,0.60791461,-1
67905.466248,1685.11,0.07051701,-1
67905.717095,1685.1,0.364914,1
67906.418499,1685.1,0.11990204,1
67906.418499,1685.1,0.00000061,1
67906.463509,1685.1,0.37291443,1
67906.463509,1685.1,0.00000057,1
67906.432415,1685.1,0.247012,1
67907.974299,1685.27,0.36891461,-1
67907.973767,1685.27,0.47931461,-1
67907.973767,1685.26,0.1536,-1
67907.962205,1685.27,0.63291461,-1
67907.961588,1685.27,0.36891461,-1
67907.950444,1685.2,0.36891461,-1
67907.950304,1685.2,0.57248814,-1
67907.950304,1685.2,0.001,-1
67907.950304,1685.19,0.05942647,-1
67908.577727,1685.38,0.63091461,-1
67908.577507,1685.38,0.32291461,-1
67908.577507,1685.38,0.048,-1
67908.540369,1685.33,0.05926878,-1
67908.540369,1685.3,0.001,-1
67909.477867,1685.38,0.00563345,1
67910.118237,1685.39,0.05926878,-1
67912.2973,1685.38,0.38191384,1
67912.2973,1685.38,0.00000016,1
67912.240063,1685.38,0.373281,1
67912.561501,1685.38,0.00115762,1
67912.561501,1685.38,0.38191461,1
67912.561501,1685.38,0.00000077,1
67913.905792,1685.38,0.01162987,-1
67915.504039,1685.38,0.12533898,-1
67915.504039,1685.38,0.04763891,-1
67916.91571,1685.36,0.35891461,-1
67916.915563,1685.36,0.64291461,-1
67917.348267,1685.52,0.09784031,-1
67917.348267,1685.51,0.05926878,-1
67917.348267,1685.5,0.001,-1
67917.348267,1685.49,1.027,-1
67917.348267,1685.46,0.00089091,-1
67917.348267,1685.4,1.813,-1
67917.348267,1685.4,0.001,-1
67917.514826,1685.51,0.64191461,-1
67917.514591,1685.51,0.17489734,-1
67917.514591,1685.51,0.18501727,-1
67917.503307,1685.51,0.64191461,-1
67917.503171,1685.51,0.35991461,-1
67918.230631,1685.54,0.04290613,1
67918.240458,1685.54,0.00000593,1
67920.797458,1685.57,0.001585,-1
67921.686932,1685.52,0.385914,1
67922.180772,1685.51,0.05926878,-1
67923.207821,1685.58,0.389914,1
67923.306139,1685.58,0.38891378,1
67923.306139,1685.58,0.00000022,1
67923.25372,1685.58,0.38891439,1
67923.25372,1685.58,0.00000061,1
67924.187246,1685.58,0.388903,1
67924.172576,1685.58,0.00001128,1
67924.172576,1685.58,0.00000083,1
67924.688316,1685.7,0.001,-1
67924.67543,1685.64,0.19972993,-1
67924.67543,1685.64,0.3995946,-1
67924.67543,1685.64,0.19986457,-1
67924.670929,1685.6,0.38339972,-1
67924.670929,1685.6,1.029,-1
67924.670929,1685.6,0.001,-1
67924.670929,1685.59,1.18677248,-1
67924.670929,1685.59,0.05926878,-1
67924.670929,1685.59,0.1536,-1
67924.755777,1685.71,0.11364424,1
67925.129025,1685.69,0.01468329,-1
67925.127513,1685.58,0.05926878,-1
67925.597578,1685.72,0.00561751,1
67925.597578,1685.72,0.02130829,1
67925.597578,1685.72,0.00710276,1
67925.597578,1685.72,0.02841106,1
67928.599454,1685.72,0.06123573,1
67928.599454,1685.72,0.00076074,1
67929.122986,1685.73,0.048,-1
67929.356924,1685.75,0.02882623,-1
67930.028472,1685.86,0.64791461,-1
67930.028294,1685.86,0.29464583,-1
67930.028294,1685.85,0.05926878,-1
67929.984768,1685.8,0.001,-1
67929.96191,1685.75,0.14083862,-1
67929.96191,1685.75,0.21207599,-1
67929.961469,1685.75,0.64891461,-1
67930.112495,1685.9,0.001,-1
67931.143878,1686.19,0.98469454,-1
67931.143878,1686.18,0.14830546,-1
67931.135592,1686.15,1.029,-1
67931.135592,1686.11,0.048,-1
67931.134919,1686.1,0.14830546,-1
67931.134919,1686.1,0.001,-1
67931.134525,1686.07,0.93720804,-1
67931.134335,1686.07,0.24937603,-1
67931.134335,1686.07,0.02980013,-1
67931.134046,1686.07,0.11850533,-1
67931.134046,1686.06,0.88964891,-1
67931.134046,1686.05,0.05926878,-1
67931.133797,1686,0.001,-1
67931.285999,1686.3,0.001,-1
67931.236663,1686.2,0.001,-1
67931.236663,1686.19,0.01530546,-1
67931.285999,1686.3,0.00476712,-1
67931.511769,1686.44,0.36591461,-1
67931.511604,1686.44,0.63491461,-1
67931.511604,1686.4,0.001,-1
67931.767491,1686.54,0.1536,-1
67931.767491,1686.53,0.05926878,-1
67931.767491,1686.5,0.001,-1
67931.767491,1686.49,0.88942623,-1
67931.767491,1686.48,0.1536,-1
67931.767422,1686.42,1.18607236,-1
67931.876531,1686.56,1.08633,-1
67931.876531,1686.5,0.07591415,-1
67931.876531,1686.5,0.10270739,-1
67932.202267,1686.67,0.17978383,-1
67932.202267,1686.6,0.19313078,-1
67932.19221,1686.6,0.37391461,-1
67932.192139,1686.6,0.62791461,-1
67932.179744,1686.69,0.05323673,-1
67932.179744,1686.68,0.32067788,-1
67932.179286,1686.68,0.56864583,-1
67932.179286,1686.68,0.05926878,-1
67932.134374,1686.69,0.37191461,-1
67932.134374,1686.6,0.001,-1
67932.323933,1686.69,0.42698056,-1
67932.323933,1686.69,0.20193405,-1
67932.323658,1686.69,0.37291461,-1
67932.300284,1686.6,0.37291461,-1
67932.270126,1686.68,0.17672149,-1
67932.270126,1686.65,0.19619312,-1
67932.254972,1686.66,0.62891461,-1
67932.254812,1686.66,0.17978383,-1
67932.254812,1686.6,0.19313078,-1
67932.243923,1686.6,0.37291461,-1
67932.243834,1686.6,0.62891461,-1
67932.356926,1686.73,0.42325354,-1
67932.356926,1686.71,0.08253052,-1
67932.356926,1686.7,0.001,-1
67932.356926,1686.7,0.12213055,-1
67932.35646,1686.7,0.22576977,-1
67932.35646,1686.69,0.14714484,-1
67932.34614,1686.7,0.37291461,-1
67932.345887,1686.7,0.33462493,-1
67932.345887,1686.68,0.29428968,-1
67932.555755,1686.62,0.37391461,-1
67932.555264,1686.62,0.49507341,-1
67932.555264,1686.61,0.05926878,-1
67932.555264,1686.61,0.07357242,-1
67932.908956,1686.62,0.376914,1
67932.984816,1686.58,1,1
67932.98274,1686.63,0.0227172,-1
67932.98274,1686.63,0.0183931,-1
67932.98274,1686.63,0.01839311,-1
67933.200183,1686.57,0.11244492,-1
67933.200183,1686.56,0.51146969,-1
67933.20016,1686.56,0.37791461,-1
67933.180097,1686.51,0.62391461,-1
67933.179844,1686.51,0.37791461,-1
67933.136832,1686.57,0.30025273,-1
67933.136832,1686.55,0.05926878,-1
67933.136832,1686.5,0.0183931,-1
67933.32617,1686.6,0.37791461,-1
67933.325878,1686.6,0.62391461,-1
67933.264972,1686.57,0.62391461,-1
67933.264833,1686.57,0.2495721,-1
67933.264833,1686.57,0.12834251,-1
67933.254378,1686.57,0.37791461,-1
67933.254171,1686.57,0.62391461,-1
67933.387936,1686.63,0.37891461,-1
67933.377834,1686.6,0.37891461,-1
67933.377657,1686.6,0.62291461,-1
67933.365503,1686.6,0.62291461,-1
67933.365348,1686.6,0.31964583,-1
67933.365348,1686.6,0.05926878,-1
67933.34436,1686.6,0.62391461,-1
67933.344003,1686.6,0.19359691,-1
67933.344003,1686.6,0.1843177,-1
67933.587424,1686.69,0.37991461,-1
67933.587173,1686.69,0.00082922,-1
67933.587173,1686.63,0.62108539,-1
67933.667616,1686.63,0.372914,1
67934.148637,1686.64,0.05926878,-1
67934.148637,1686.64,0.51742751,-1
67934.148413,1686.64,0.37191461,-1
67934.321315,1686.67,0.37791446,1
67934.321315,1686.67,0.00000054,1
67934.290855,1686.67,0.37791407,1
67934.290855,1686.67,0.00000093,1
67934.250315,1686.67,0.32391368,1
67934.250315,1686.67,0.05321832,1
67934.393281,1686.67,0.37891424,1
67934.393281,1686.67,0.00000076,1
67934.352684,1686.67,0.37991385,1
67934.352684,1686.67,0.00000015,1
67934.528367,1686.67,0.38391441,1
67934.528367,1686.67,0.00000059,1
67934.48569,1686.67,0.38291402,1
67934.48569,1686.67,0.00000098,1
67934.455576,1686.67,0.38091363,1
67934.455576,1686.67,0.00000037,1
67934.617132,1686.62,1,1
67934.57909,1686.66,1,1
67934.649563,1686.59,0.373914,1
67934.877768,1686.41,0.645914,1
67935.062571,1686.38,1,1
67935.062571,1686.4,1,1
67935.062571,1686.4,0.001,1
67935.183919,1686.58,0.1536,-1
67935.183919,1686.57,0.00229914,-1
67935.14839,1686.43,0.1077728,-1
67935.14839,1686.42,0.00459828,-1
67935.14839,1686.42,0.53654353,-1
67935.148379,1686.42,0.35291461,-1
67935.141726,1686.31,0.00919656,-1
67935.295508,1686.66,0.33749896,-1
67935.29527,1686.66,0.58864583,-1
67935.29527,1686.65,0.05926878,-1
67935.255783,1686.56,0.00114957,-1
67935.564013,1686.64,0.00239532,1
67935.648051,1686.65,0.05926878,-1
67935.772829,1686.67,0.24141669,-1
67935.772723,1686.67,0.64791461,-1
67936.914566,1686.69,0.11251346,-1
67936.914566,1686.69,0.54040115,-1
67936.914237,1686.69,0.34891461,-1
67937.197832,1686.69,0.34691461,-1
67937.197826,1686.69,0.65491461,-1
67937.244882,1686.69,0.65491461,-1
67937.24465,1686.69,0.03556999,-1
67937.24465,1686.69,0.18018533,-1
67937.24465,1686.69,0.05926878,-1
67937.24465,1686.69,0.07189051,-1
67937.358673,1686.72,0.34591461,-1
67937.358634,1686.72,0.65591461,-1
67937.347706,1686.72,0.11252928,-1
67937.347706,1686.72,0.23338533,-1
67937.347689,1686.72,0.65591461,-1
67937.470554,1686.72,0.01575679,-1
67938.039028,1686.72,0.28808452,-1
67938.978397,1686.71,0.66291461,-1
67938.977947,1686.71,0.12604583,-1
67938.977947,1686.71,0.1536,-1
67938.977947,1686.71,0.05926878,-1
67939.116881,1686.73,0.09691336,-1
67939.116881,1686.72,0.56600125,-1
67939.116862,1686.72,0.32329869,-1
67939.116862,1686.72,0.00354442,-1
67939.116862,1686.72,0.00644299,-1
67939.116862,1686.72,0.00562851,-1
67939.106442,1686.71,0.66291461,-1
67939.106205,1686.71,0.33891461,-1
67939.096373,1686.71,0.33891461,-1
67939.096116,1686.71,0.48956559,-1
67939.096116,1686.71,0.17334902,-1
67939.496913,1686.75,0.399914,1
67939.467794,1686.75,0.00082339,1
67939.467794,1686.75,0.39791461,1
67939.45574,1686.75,0.35028477,1
67939.563103,1686.75,0.39991439,1
67939.563103,1686.75,0.00000061,1
67940.157338,1686.74,0.00239,1
67940.157338,1686.74,0.99761,1
67941.619289,1686.7,0.41391439,1
67941.619289,1686.7,0.00000061,1
67941.557869,1686.7,0.414914,1
67941.557869,1686.7,1,1
67941.713426,1686.7,0.41491417,1
67941.713426,1686.7,0.00000083,1
67941.665803,1686.7,0.41291378,1
67941.665803,1686.7,0.00000022,1
67941.661825,1686.71,0.06477077,-1
67941.661825,1686.71,0.05926878,-1
67941.775329,1686.7,0.41491456,1
67941.775329,1686.7,0.00000044,1
67941.923238,1686.7,1,1
67942.006314,1686.67,0.03374346,-1
67941.999668,1686.67,0.01124593,-1
67942.398338,1686.67,0.05761417,-1
67942.498186,1686.66,1,1
67942.539832,1686.62,0.00239,1
67942.539832,1686.62,0.99761,1
67942.856965,1686.48,0.8742272,1
67942.856689,1686.48,0.1257728,1
67942.856689,1686.5,0.29501435,1
67942.852874,1686.5,0.70498565,1
67942.852874,1686.5,0.001,1
67943.168376,1686.38,1,1
67943.164223,1686.4,1,1
67943.164223,1686.4,0.001,1
67943.494801,1686.1,0.438914,1
67943.494801,1686.1,1,1
67943.467996,1686.1,0.438914,1
67943.467996,1686.1,0.001,1
67943.446152,1686.2,0.001,1
67943.442993,1686.3,0.001,1
67943.615629,1686,0.43791439,1
67943.615629,1686,0.00000061,1
67943.587705,1686,0.438914,1
67943.587705,1686,0.001,1
67943.543032,1686.08,1,1
67943.978631,1686.16,0.42428282,1
67943.942439,1686.08,0.67064583,-1
67943.942439,1686.07,0.05926878,-1
67944.121441,1685.9,0.001,1
67944.093326,1686.06,1,1
67944.167663,1685.7,0.001,1
67944.160184,1685.74,0.00035593,1
67944.151796,1685.8,0.001,1
67944.132281,1685.81,0.00586948,-1
67944.295544,1685.6,0.197,1
67944.295544,1685.6,0.001,1
67944.867275,1685.75,0.197,1
67944.866927,1685.8,0.197,1
67944.857395,1685.71,0.00450584,-1
67944.857395,1685.66,0.88985916,-1
67944.853234,1685.65,0.05926878,-1
67944.967457,1685.9,0.001,-1
67945.01661,1685.94,0.59203966,-1
67945.834923,1685.96,0.03115395,-1
67945.829574,1685.96,0.02811483,-1
67945.863976,1686.06,0.14821929,-1
67945.863976,1686.03,0.1536,-1
67945.846838,1685.97,0.41052995,-1
67946.375334,1686.1,0.02780709,-1
67946.375334,1686.1,0.001,-1
67947.914275,1686.15,0.01813869,-1
67947.906995,1686.15,0.41550444,-1
67947.906995,1686.15,0.05926878,-1
67948.472241,1686.14,0.15962628,1
67948.472241,1686.16,1,1
67948.870409,1686.02,0.435914,1
67949.1193,1686.14,0.1329408,-1
67949.1193,1686.08,0.14821929,-1
67949.054174,1686.03,0.00689652,-1
67950.96852,1686.01,0.28641625,-1
67950.96852,1686.01,0.05926878,-1
67951.07106,1686,0.433914,1
67951.539283,1685.93,0.19220516,-1
67951.539283,1685.93,0.09610258,-1
67951.539283,1685.93,0.09610258,-1
67951.646608,1686.05,0.00925666,-1
67951.646608,1686.04,0.05926878,-1
67951.646608,1686.04,0.14821929,-1
67951.646608,1686.01,0.00320442,-1
67951.646608,1686.01,0.00516192,-1
67952.285708,1686.06,0.00079525,1
67952.252281,1686.07,0.002788,-1
67952.493255,1685.8,0.001,1
67952.488851,1685.9,0.001,1
67952.531137,1685.7,0.001,1
67953.143209,1685.6,0.001,1
67953.2665,1685.5,0.001,1
67953.356406,1685.4,0.001,1
67953.876806,1685.31,1.760174,-1
67955.778653,1685.31,0.04323883,-1
67957.75083,1685.31,0.00289422,-1
67957.75083,1685.31,0.00413128,-1
67957.75083,1685.31,0.00361071,-1
67957.738638,1685.31,0.69764583,-1
67957.738638,1685.31,0.05926878,-1
67958.13134,1685.3,0.00002397,1
67960.264386,1685.3,0.08882001,1
67960.264386,1685.3,0.00097603,1
67961.250287,1685.18,0.74150108,1
67961.250287,1685.2,0.001,1
67961.250287,1685.25,1.42821097,1
67961.249309,1685.25,0.05524845,1
67961.249309,1685.29,1.48342421,1
67961.73125,1685.2,0.76191461,-1
67961.898597,1685.27,0.08723321,-1
67961.958204,1685.27,0.02936622,-1
67962.213682,1685.22,0.01617183,-1
67962.213682,1685.22,0.10098,-1
67963.038633,1685.23,0.05626088,-1
67963.144402,1685.22,0.04962915,1
67964.154331,1685.32,0.26525617,-1
67964.154331,1685.32,0.89004154,-1
67964.154331,1685.23,0.05926878,-1
67964.154331,1685.23,0.54177891,-1
67964.154331,1685.23,0.00330611,-1
67964.154331,1685.23,0.00261506,-1
67964.417467,1685.3,0.454914,1
67964.486628,1685.31,0.00548071,-1
67964.856229,1685.35,0.05926878,-1
67965.783258,1685.34,0.05926878,-1
67968.349023,1685.43,0.46110474,-1
67969.156136,1685.42,0.32958557,1
67969.218575,1685.42,0.04183369,1
67969.429017,1685.42,0.01441815,-1
67969.429017,1685.42,0.05926878,-1
67969.664663,1685.42,0.0037478,-1
67969.909368,1685.43,0.00264594,-1
67969.909368,1685.43,0.00236156,-1
67969.909368,1685.43,0.00288862,-1
67970.084157,1685.28,3.40624252,1
67970.082657,1685.38,0.35957337,1
67970.081938,1685.38,3.04666915,1
67970.07747,1685.47,0.44591461,1
67970.07746,1685.49,0.44591461,1
67970.119189,1685.22,0.059268,1
67970.598294,1685.2,0.001097,1
67970.598294,1685.2,0.001,1
67970.717401,1685.13,0.442914,1
67970.776707,1685.11,0.443914,1
67971.010512,1685.12,0.442914,1
67971.067126,1685.12,0.44091439,1
67971.067126,1685.12,0.00000061,1
67971.834848,1684.99,0.05732975,1
67971.834848,1685,0.001,1
67971.834848,1685.1,0.001,1
67973.074191,1685.02,0.05926878,-1
67973.220283,1685.12,0.28141536,-1
67973.20756,1685.12,0.0041546,-1
67973.206386,1685.11,0.05992572,1
67973.327851,1685.15,0.348197,1
67973.734373,1685,0.01994885,-1
67974.553008,1684.94,0.02251135,-1
67975.717555,1684.91,0.05627757,-1
67975.698366,1684.91,0.52866764,-1
67976.551023,1684.91,0.00192571,-1
67977.066991,1684.91,0.47465773,-1
67977.635311,1684.91,0.0288341,-1
67977.574952,1684.91,0.47469434,-1
67977.953457,1684.91,0.11819773,-1
67978.289041,1684.91,0.47471688,-1
67980.357557,1684.72,0.11685424,1
67980.357557,1684.8,0.001,1
67980.357557,1684.9,0.001,1
67982.705527,1684.91,0.00213437,-1
67982.705527,1684.91,0.00211893,-1
67982.912291,1685.02,0.18535515,1
67982.976547,1684.57,0.96918943,1
67982.976547,1684.6,0.001,1
67982.976547,1684.7,0.001,1
67982.976547,1684.8,0.001,1
67983.01587,1684.6,0.09267757,1
67983.01443,1684.6,0.09267757,1
67983.012475,1684.6,0.09267757,1
67983.178221,1684.6,0.14497699,-1
67983.178221,1684.6,0.89041909,-1
67983.178221,1684.59,1.575,-1
67983.178221,1684.59,1.18713612,-1
67983.418575,1684.5,0.00076,1
67983.418575,1684.5,0.001,1
67983.743572,1684.62,0.05927607,-1
67984.098153,1684.65,0.431309,1
67984.088246,1684.65,0.00060476,1
67984.088246,1684.65,0.00000061,1
67984.06865,1684.65,0.432914,1
67984.589225,1684.78,0.00296139,1
67987.018439,1684.76,0.43091363,1
67987.018439,1684.76,0.00000037,1
67986.95943,1684.76,1.16713139,1
67986.95943,1684.76,0.42991461,1
67987.841181,1684.75,0.1175137,-1
67988.045985,1684.75,0.04138245,-1
67988.277478,1684.77,0.00192772,-1
67988.277478,1684.77,0.00169564,-1
67988.277478,1684.77,0.05927607,-1
67988.277478,1684.77,0.46519618,-1
67988.266196,1684.76,0.71691461,-1
67988.82508,1684.8,0.000204,-1
67988.82508,1684.8,0.001,-1
67989.36308,1684.8,0.0290319,-1
67990.304599,1684.81,0.01125835,-1
67991.276366,1684.8,0.05507431,1
67991.276366,1684.8,0.16368537,1
67992.362277,1684.67,0.34373035,-1
67993.479037,1684.8,0.01730492,-1
67993.698442,1684.8,0.41240843,-1
67993.698442,1684.8,0.16969508,-1
67994.076898,1684.79,0.42691381,1
67994.076898,1684.79,0.00000019,1
67994.037328,1684.79,1.05806039,1
67994.037328,1684.79,0.42691461,1
67994.940559,1684.8,0.04324793,-1
67994.940559,1684.8,0.05927607,-1
67995.220665,1684.79,0.18328831,1
67995.220665,1684.79,0.0000008,1
67995.233797,1684.79,0.242626,1
67997.478034,1684.6,0.000854,1
67997.478034,1684.6,0.001,1
67997.760576,1684.52,0.05552423,1
67998.364324,1684.52,0.00000593,1
67998.955725,1684.53,0.03096082,-1
68000.21752,1684.5,1.08576,1
68000.21752,1684.5,0.001,1
68001.591255,1684.59,0.00279158,-1
68001.941522,1684.59,0.03096082,-1
68003.827786,1684.72,0.14838909,-1
68003.82421,1684.69,1.78068492,-1
68003.820669,1684.66,0.19268189,-1
68003.820669,1684.64,0.89333306,-1
68003.820669,1684.63,0.05927607,-1
68003.820669,1684.61,0.14838909,-1
68003.820476,1684.59,1.18745751,-1
68003.820476,1684.57,0.89043494,-1
68004.55925,1684.78,0.02884471,-1
68004.74317,1684.85,0.69291461,-1
68004.743028,1684.85,0.30891461,-1
68004.739088,1684.83,1.18745751,-1
68004.739088,1684.83,0.89030267,-1
68004.739088,1684.8,0.001,-1
68005.168842,1684.61,0.11537269,-1
68005.407635,1684.61,0.01153671,-1
68006.171263,1684.62,0.00865065,-1
68006.374563,1684.62,0.01153671,-1
68006.992566,1684.62,0.00102849,-1
68008.308286,1684.4,0.402914,1
68008.308286,1684.4,0.001,1
68008.262303,1684.44,0.07520599,1
68008.262285,1684.44,0.073206,1
68008.262285,1684.5,0.001,1
68008.262285,1684.6,0.001,1
68008.687319,1684.48,1.18737653,-1
68008.687319,1684.46,0.05927607,-1
68008.687319,1684.46,0.25133844,-1
68008.687319,1684.46,0.25133845,-1
68009.64745,1684.53,0.05927607,-1
68011.260133,1684.64,0.08496567,1
68011.260133,1684.65,0.39791461,1
68011.260133,1684.65,0.00076485,1
68013.49684,1684.57,0.01211158,-1
68013.824892,1684.56,0.03603486,1
68014.863883,1684.54,0.00065774,-1
68018.976622,1684.4,0.00064221,1
68020.90968,1684.42,0.08744928,-1
68022.802337,1684.42,0.50359828,-1
68023.104232,1684.54,0.00706598,-1
68023.104232,1684.52,0.05927607,-1
68024.039474,1684.4,0.00082121,1
68024.039474,1684.4,0.00035779,1
68027.894883,1684.16,2.37464121,1
68027.873585,1684.1,0.00070143,1
68027.873585,1684.2,0.001,1
68027.873585,1684.3,0.001,1
68028.279146,1684.1,0.00029857,1
68031.241183,1684,0.00065899,1
68032.129257,1684.01,0.05609872,-1
68032.129257,1684.01,0.05929381,-1
68033.723192,1683.8,0.00426232,1
68033.723192,1683.8,0.001,1
68033.723192,1683.81,0.05929381,1
68033.723192,1683.9,0.001,1
68033.723192,1684,0.00034101,1
68034.341545,1683.81,0.00000593,1
68034.688136,1683.5,0.16238186,1
68034.688136,1683.5,0.001,1
68034.688136,1683.51,0.06924891,1
68034.688136,1683.59,0.00531728,1
68034.688136,1683.6,0.001,1
68034.688136,1683.7,0.001,1
68035.806386,1683.78,1.2974587,-1
68035.806386,1683.75,0.0023098,-1
68035.806386,1683.68,0.59941455,-1
68037.530712,1683.7,0.003704,-1
68038.487593,1683.5,0.000885,1
68038.487593,1683.5,0.001,1
68038.840328,1683.55,0.003614,-1
68038.970424,1683.55,0.04616641,-1
68039.993963,1683.48,0.00338032,-1
68040.532294,1683.5,0.03315621,-1
68040.532294,1683.48,0.00338,-1
68040.532294,1683.48,0.99661968,-1
68040.536454,1683.5,0.96684379,-1
68041.485868,1683.48,0.75291461,-1
68042.851945,1683.48,0.02816325,-1
68042.978703,1683.48,0.75291,-1
68042.978703,1683.48,0.21892214,-1
68043.370458,1683.55,0.28543846,-1
68043.370458,1683.55,0.00173868,-1
68043.370458,1683.55,0.00135559,-1
68044.088752,1683.54,0.01689795,-1
68044.901323,1683.54,0.00057631,-1
68045.046472,1683.54,0.16900216,-1
68045.31053,1683.51,0.10619111,-1
68045.31053,1683.51,0.21767336,-1
68047.620213,1683.41,0.05939057,1
68048.559701,1683.42,0.14701689,-1
68049.495489,1683.44,0.03285026,-1
68049.495489,1683.42,0.14701,-1
68049.495489,1683.42,0.85298311,-1
68049.635974,1683.58,2.176,1
68051.884518,1683.56,0.02795936,-1
68052.029725,1683.4,0.001,1
68052.015998,1683.55,0.00079658,1
68052.111737,1683.12,0.19999238,1
68052.085622,1683.2,0.001,1
68052.085622,1683.3,0.001,1
68052.222001,1682.82,0.21532362,1
68052.222001,1682.82,1,1
68052.222001,1682.85,0.45291461,1
68052.222001,1682.86,0.45291461,1
68052.222001,1682.89,0.45291461,1
68052.222001,1682.9,0.45191461,1
68052.222001,1682.91,0.45191461,1
68052.222001,1682.92,0.45191461,1
68052.135569,1682.88,2.07837863,1
68052.135569,1682.9,0.001,1
68052.135423,1682.93,0.03393197,1
68052.135423,1683,0.001,1
68052.135423,1683.07,0.380743,1
68052.135423,1683.1,0.001,1
68053.367256,1683,0.01601839,-1
68055.527123,1682.8,0.45091403,1
68055.527123,1682.8,0.97618836,1
68055.527123,1682.8,0.00000061,1
68055.497607,1682.8,0.451914,1
68055.497607,1682.8,0.001,1
68057.04727,1682.76,0.05774118,-1
68057.463884,1682.72,0.00396821,-1
68057.463884,1682.71,0.05441834,-1
68057.463884,1682.71,0.89141919,-1
68058.187688,1682.72,0.86916031,-1
68058.187688,1682.71,0.08162751,-1
68060.065696,1682.57,0.00019592,1
68060.065696,1682.6,0.001,1
68060.065696,1682.7,0.001,1
68060.381769,1682.57,0.04118259,-1
68060.367057,1682.56,0.00000594,1
68060.338413,1682.57,0.02817647,-1
68060.517031,1682.56,1.00248127,1
68060.517031,1682.56,1.08341473,1
68064.54835,1682.51,0.00294168,-1
68064.834379,1682.51,0.00310033,-1
68065.767214,1682.51,0.028879,-1
68067.089228,1682.51,0.01443898,-1
68067.316484,1682.51,0.00235335,-1
68067.447201,1682.54,1,-1
68067.446444,1682.52,1,-1
68067.446444,1682.51,0.65651618,-1
68069.321118,1682.62,0.97070937,-1
68069.319903,1682.62,0.02929063,-1
68069.319903,1682.6,1,-1
68070.051299,1682.6,0.01409234,-1
68073.487704,1682.57,0.01029285,1
68074.679346,1682.57,0.001342,1
68075.06258,1682.32,0.58958918,1
68075.062335,1682.32,0.41041082,1
68075.062335,1682.4,0.001,1
68075.062335,1682.5,0.001,1
68077.823597,1682.3,0.001,1
68077.976263,1682,0.001,1
68077.976263,1682.03,0.12723042,1
68077.973804,1682.07,0.59559698,1
68077.973704,1682.07,0.40440302,1
68077.973704,1682.1,0.001,1
68077.973704,1682.13,0.0000078,1
68077.972794,1682.2,0.001,1
68078.264108,1681.9,0.00000594,-1
68078.25279,1681.9,0.00886142,-1
68078.249535,1681.89,0.00000594,1
68078.239947,1681.89,0.00098585,1
68078.239947,1681.9,0.001,1
68078.367374,1681.89,0.199007,1
68078.826612,1681.82,1,1
68078.826612,1681.89,0.00000096,1
68078.87703,1681.64,0.5967783,1
68078.876778,1681.64,0.59247213,1
68078.876778,1681.65,1.78283311,1
68078.876778,1681.7,0.001,1
68078.874068,1681.72,0.01908332,1
68078.874068,1681.72,0.20218138,1
68078.874068,1681.8,0.001,1
68078.947779,1681.62,0.088145,1
68079.023747,1681.6,0.001,1
68079.023747,1681.61,0.07308012,1
68079.023747,1681.62,0.00000004,1
68079.339166,1681.51,0.00573676,-1
68080.690354,1681.58,0.002064,-1
68081.799121,1681.66,0.00000594,-1
68081.779951,1681.66,0.00762174,-1
68082.960206,1681.51,0.02255042,-1
68083.144668,1681.51,0.01444474,-1
68084.770285,1681.5,0.02963128,1
68084.770285,1681.5,1,1
68084.770285,1681.5,0.001,1
68084.769328,1681.52,1.18939847,1
68084.765897,1681.54,0.46534186,1
68084.765897,1681.67,0.57253739,1
68084.870521,1681.25,0.8921933,1
68084.859511,1681.26,0.89333306,1
68084.859355,1681.3,0.001,1
68084.845836,1681.32,1.54437829,1
68084.845836,1681.32,1,1
68084.845836,1681.32,0.00089038,1
68084.845445,1681.33,0.0288233,1
68084.845445,1681.33,0.28952295,1
68084.845445,1681.33,0.30427572,1
68084.845445,1681.35,2.08132016,1
68084.845445,1681.36,0.06894,1
68084.845125,1681.36,0.20332274,1
68084.845079,1681.36,0.03663962,1
68084.8421,1681.36,1.50363962,1
68084.841972,1681.36,2.1001574,1
68084.841972,1681.37,0.05929381,1
68084.841247,1681.4,0.001,1
68084.841247,1681.42,0.05251035,1
68084.841105,1681.42,2.02880981,1
68084.841105,1681.44,1.18939847,1
68084.841105,1681.44,0.89208963,1
68086.353677,1681.21,0.05884766,-1
68086.517871,1681.1,0.000718,1
68086.517871,1681.1,0.001,1
68086.493136,1681.11,0.00250243,-1
68086.482112,1681.2,0.001,1
68086.947654,1681.1,0.19599968,1
68086.947654,1681.1,0.00076585,1
68086.947654,1681.1,0.00000047,1
68087.375677,1681.18,0.28626869,1
68087.772985,1681.08,0.10256459,-1
68088.541177,1681.12,0.05640373,-1
68090.422181,1680.72,3.91269938,1
68090.422181,1680.73,2.08181535,1
68090.422181,1680.73,0.03359265,1
68090.422181,1680.74,0.89333306,1
68090.422181,1680.75,2.79533751,1
68090.42196,1680.75,1.33676243,1
68090.42196,1680.76,0.06718529,1
68090.42196,1680.79,1.575,1
68090.42196,1680.8,1.48701096,1
68090.42196,1680.8,0.001,1
68090.42196,1680.81,0.5,1
68090.42196,1680.81,0.979,1
68090.42196,1680.81,0.00089069,1
68090.42196,1680.82,1,1
68090.42196,1680.83,1.86594392,1
68090.420993,1680.83,2.04675546,1
68090.420993,1680.85,2.15102324,1
68090.420993,1680.85,0.78999587,1
68090.420903,1680.85,0.42244587,1
68090.420903,1680.9,0.001,1
68090.420903,1680.94,0.04383428,1
68090.420262,1680.94,0.29544435,1
68090.420262,1680.95,0.05929381,1
68090.420181,1681,0.86417484,1
68090.419482,1681,0.68248745,1
68090.419482,1681,0.001,1
68090.419482,1681.01,0.07156717,1
68090.419482,1681.01,0.07156717,1
68090.41179,1681.13,0.80503373,1
68090.411411,1681.13,0.38471698,1
68090.411411,1681.17,0.89223136,1
68090.411394,1681.21,0.47191461,1
68090.450289,1680.2,0.001,1
68090.450289,1680.2,0.05,1
68090.450289,1680.22,0.26874117,1
68090.450289,1680.23,0.0005,1
68090.450289,1680.24,1.575,1
68090.450289,1680.27,0.33941441,1
68090.450289,1680.3,0.001,1
68090.450289,1680.3,0.19999959,1
68090.450289,1680.32,1,1
68090.450289,1680.4,0.00113122,1
68090.450289,1680.4,0.001,1
68090.450289,1680.4,0.05,1
68090.450289,1680.42,1.31654527,1
68090.450142,1680.42,0.25845473,1
68090.442729,1680.5,0.001,1
68090.442729,1680.5,0.20013319,1
68090.442729,1680.5,0.19999985,1
68090.442729,1680.6,0.001,1
68090.442729,1680.64,0.13437059,1
68090.442729,1680.65,0.5,1
68090.442729,1680.67,1.575,1
68090.442729,1680.7,0.001,1
68090.442729,1680.71,0.03578358,1
68090.442729,1680.71,0.0178918,1
68090.442729,1680.71,0.01789179,1
68090.573697,1680.8,1.575,-1
68090.564308,1680.72,0.048,-1
68090.564308,1680.72,1.575,-1
68090.563545,1680.7,0.0578007,-1
68090.561314,1680.69,0.46542835,-1
68090.561314,1680.69,0.17266336,-1
68090.519222,1680.56,1.575,-1
68090.589388,1680.9,0.33581078,-1
68090.782232,1680.86,0.33863,1
68090.948202,1680.8,0.018,1
68091.408464,1680.86,1.13729789,1
68091.408464,1680.86,0.98625752,1
68091.408464,1680.86,0.02678359,1
68091.440639,1680.86,0.24111911,1
68091.440639,1680.86,0.46091461,1
68091.440639,1680.86,1.19496,1
68091.440639,1680.86,0.00000028,1
68091.915753,1680.91,0.52158941,-1
68091.915753,1680.9,0.53608539,-1
68091.914412,1680.9,0.46391461,-1
68091.908164,1680.88,1,-1
68091.908164,1680.87,0.048,-1
68092.162613,1680.98,0.048,-1
68092.162484,1680.98,0.048,-1
68093.873823,1681.02,1,-1
68093.872898,1681,1,-1
68093.872898,1680.99,0.15812537,-1
68093.872898,1680.99,0.58660819,-1
68093.955867,1681.07,0.00004137,-1
68094.377883,1681.06,0.0059783,1
68096.953849,1680.98,0.08463235,-1
68097.424327,1680.96,0.08463,-1
68097.424327,1680.96,0.91537,-1
68097.527424,1681,0.75456499,-1
68097.527424,1681,0.08463,-1
68098.4812,1680.99,0.22988947,-1
68099.528358,1680.89,0.00076237,1
68099.528358,1680.89,0.10541016,1
68099.528358,1680.89,0.10541016,1
68099.528358,1680.89,0.21082031,1
68101.145241,1680.8,0.595914,1
68101.113249,1680.8,0.595957,1
68101.113249,1680.8,0.001,1
68101.664655,1680.84,1,-1
68101.664655,1680.82,1,-1
68101.664655,1680.81,0.05968035,-1
68102.142366,1680.89,0.00154678,1
68102.883783,1680.9,0.08244728,-1
68104.073632,1680.88,1,-1
68104.072825,1680.86,1,-1
68104.072825,1680.85,0.38995307,-1
68104.175914,1681.07,0.04795863,-1
68104.175914,1681,0.001,-1
68104.299983,1681.23,0.2379537,-1
68104.299983,1681.2,0.001,-1
68104.247882,1681.1,0.001,-1
68104.402822,1681.32,0.86196063,-1
68104.402822,1681.3,1,-1
68104.402822,1681.3,0.001,-1
68104.481028,1681.4,0.05,-1
68104.481028,1681.4,0.001,-1
68104.476653,1681.39,0.096,-1
68104.475109,1681.37,0.32565374,-1
68104.475073,1681.37,0.20672124,-1
68104.475073,1681.35,0.1189325,-1
68104.47129,1681.32,0.06901968,-1
68104.471236,1681.32,0.06901969,-1
68104.931415,1681.48,0.01345072,1
68105.52605,1681.26,0.00588974,-1
68105.505568,1681.26,0.00235588,-1
68105.925075,1681.27,0.00578386,-1
68106.112218,1681.27,0.02403374,1
68106.074504,1681.28,0.00058898,-1
68106.680489,1681.23,0.00000594,1
68106.668764,1681.23,0.10417661,1
68107.498127,1681.26,1,-1
68107.473258,1681.24,0.99941102,-1
68108.556157,1681.46,1,-1
68108.55293,1681.44,1,-1
68108.753973,1681.6,0.00599071,-1
68108.753973,1681.6,0.0008923,-1
68108.753973,1681.6,0.001,-1
68108.753973,1681.6,0.05,-1
68108.753973,1681.5,0.001,-1
68109.327558,1681.7,0.001,-1
68109.321894,1681.62,0.12368321,-1
68109.308341,1681.62,0.87631679,-1
68109.308341,1681.6,1,-1
68109.54881,1681.83,0.35566748,-1
68109.54881,1681.8,0.001,-1
68109.54881,1681.76,0.02113314,-1
68110.888693,1681.86,1,-1
68110.888693,1681.85,0.19989681,-1
68110.885215,1681.84,1,-1
68111.059406,1681.91,0.34096868,-1
68111.059406,1681.9,0.001,-1
68111.795243,1682,0.26397778,-1
68111.794736,1682,0.26397778,-1
68111.784551,1682,0.47204444,-1
68111.784551,1682,0.001,-1
68111.784551,1681.99,0.25090124,-1
68112.682901,1682.08,1,-1
68112.763348,1682.17,0.52661144,-1
68112.763348,1682.12,1,-1
68112.763348,1682.1,0.001,-1
68112.868999,1682.4,0.001,-1
68112.868999,1682.4,0.05,-1
68112.868999,1682.3,0.001,-1
68112.868999,1682.2,0.001,-1
68114.571487,1682.5,0.44858513,-1
68114.571487,1682.5,0.186,-1
68114.571487,1682.5,0.001,-1
68115.187737,1682.27,0.05929381,1
68116.678147,1682.1,0.502616,1
68116.678147,1682.1,0.001,1
68116.628686,1682.16,0.51805548,1
68116.62723,1682.2,0.001,1
68116.62723,1682.21,0.05929381,1
68119.445997,1682.4,0.001,-1
68119.438811,1682.3,0.001,-1
68120.243237,1682.49,0.00562261,1
68120.254156,1682.49,0.00000594,1
68120.809367,1682.55,0.18088349,-1
68120.809367,1682.5,0.001,-1
68122.223138,1682.59,0.02521578,1
68122.402485,1682.7,0.02618323,-1
68122.402485,1682.7,0.001,-1
68122.402485,1682.6,0.001,-1
68122.362197,1682.59,1.17741313,1
68122.362197,1682.59,0.00128351,1
68122.362197,1682.59,1.18881233,1
68122.362197,1682.59,0.04870803,1
68122.348496,1682.59,0.01058578,1
68122.348496,1682.59,2.176,1
68122.348496,1682.59,0.31341422,1
68122.699674,1682.7,0.05775623,-1
68123.168674,1682.59,0.58370819,1
68123.168674,1682.59,0.05929381,1
68124.262009,1682.6,0.0103193,-1
68125.28991,1682.6,0.1756807,-1
68125.373895,1682.62,0.0065133,-1
68125.867944,1682.59,0.07354258,-1
68126.360271,1682.6,0.0035301,-1
68127.212743,1682.58,0.02683048,-1
68127.212743,1682.54,0.08867933,-1
68127.452672,1682.54,0.05844586,-1
68127.452672,1682.5,0.186,-1
68127.452672,1682.47,0.04433966,-1
68127.557217,1682.53,0.38019569,-1
68127.557217,1682.5,0.186,-1
68127.557217,1682.49,0.01108491,-1
68127.557217,1682.49,0.00554246,-1
68127.557217,1682.49,0.00554246,-1
68128.107423,1682.69,0.02637493,-1
68128.107423,1682.66,0.00666829,-1
68128.107423,1682.66,0.01108492,-1
68128.033723,1682.53,0.01333659,1
68128.646251,1682.62,0.00144515,-1
68128.646251,1682.62,0.00443831,-1
68128.911159,1682.6,0.0005378,-1
68128.911159,1682.59,0.00593487,-1
68129.247364,1682.6,0.05478409,-1
68129.247364,1682.59,0.00296744,-1
68129.329319,1682.6,0.00563663,-1
68129.785887,1682.6,0.01006608,-1
68129.785887,1682.59,0.00148372,-1
68130.224026,1682.6,0.00220002,-1
68130.224026,1682.59,0.00074186,-1
68130.249914,1682.6,0.0056363,-1
68130.449569,1682.9,1.29441977,-1
68130.449569,1682.9,0.096,-1
68130.449569,1682.9,0.001,-1
68130.449569,1682.89,2.38659086,-1
68130.449569,1682.89,6.027909,-1
68130.449569,1682.88,2.37957138,-1
68130.449569,1682.85,0.07207388,-1
68130.449569,1682.85,0.06713543,-1
68130.449569,1682.85,0.09052843,-1
68130.449569,1682.85,1.00043723,-1
68130.449569,1682.85,0.39965948,-1
68130.449569,1682.84,0.89333306,-1
68130.449569,1682.84,0.00560985,-1
68130.449569,1682.82,1.39829875,-1
68130.449569,1682.82,0.97636025,-1
68130.449569,1682.8,0.186,-1
68130.449569,1682.8,0.05,-1
68130.449569,1682.8,0.001,-1
68130.449569,1682.79,0.048,-1
68130.449569,1682.77,1.575,-1
68130.449569,1682.76,1.11042,-1
68130.449569,1682.75,2.37957138,-1
68130.449569,1682.75,0.89140286,-1
68130.449569,1682.74,1.18871752,-1
68130.449569,1682.73,2.83183629,-1
68130.449569,1682.72,0.05935358,-1
68130.449569,1682.7,0.001,-1
68130.449569,1682.7,0.10206054,-1
68130.449569,1682.67,2.37957138,-1
68130.449569,1682.6,0.10713908,-1
68130.964644,1682.72,0.00117674,-1
68131.661987,1682.74,0.00176502,-1
68132.206079,1682.75,0.00000594,-1
68132.195742,1682.75,0.00019008,-1
68132.181968,1682.75,0.47036897,-1
68134.021111,1682.51,0.11745546,-1
68134.192423,1682.51,0.04228139,-1
68137.501475,1682.67,0.00676684,-1
68138.299374,1682.66,0.05883576,-1
68139.658552,1682.59,0.03301419,1
68141.136842,1682.78,0.00416834,1
68141.298259,1682.78,0.001218,1
68142.113416,1682.65,0.24910112,1
68144.740318,1682.68,0.00588375,-1
68146.440973,1682.7,0.01470842,-1
68146.704448,1682.7,0.00607924,-1
68146.704448,1682.7,0.00772728,-1
68146.694851,1682.7,0.07463231,-1
68147.646302,1682.99,0.00927327,-1
68147.646302,1682.9,0.001,-1
68147.646302,1682.8,0.001,-1
68148.388458,1682.89,0.18665772,1
68149.947612,1682.76,1,1
68151.924163,1682.72,0.14057088,-1
68152.007364,1682.75,0.00959312,-1
68153.303582,1682.7,0.16799938,1
68153.303582,1682.7,0.54626462,1
68153.303582,1682.7,0.001,1
68153.334227,1682.7,1.19495938,1
68153.334227,1682.7,0.00000062,1
68154.44577,1682.73,0.02493018,1
68156.444499,1682.86,1.1886884,-1
68156.444499,1682.81,0.04137526,-1
68156.444499,1682.81,0.04137527,-1
68156.54816,1682.99,0.33863,1
68157.100147,1682.91,0.000041,-1
68157.411348,1682.91,0.00338316,-1
68161.708141,1682.99,0.001163,1
68161.830028,1682.84,0.05935311,1
68161.830028,1682.84,0.54941665,1
68161.830028,1682.84,0.54452924,1
68164.570246,1682.79,0.00113881,-1
68166.390118,1682.73,0.00000594,1
68167.422828,1682.84,0.0071724,1
68168.045978,1682.81,0.00126042,1
68168.884501,1682.9,0.00566385,-1
68168.884501,1682.89,0.02251262,-1
68168.875026,1682.9,0.02825122,-1
68168.875026,1682.84,0.04502524,-1
68170.12481,1682.99,0.1981372,-1
68170.12481,1682.99,0.05935358,-1
68170.12481,1682.98,0.23763142,-1
68170.12481,1682.93,0.36853656,-1
68170.12481,1682.9,0.12508493,-1
68170.12481,1682.89,0.01125631,-1
68173.934841,1682.72,0.00082152,1
68173.934837,1682.73,0.05935358,1
68173.868337,1682.78,0.059353,1
68173.954935,1682.53,0.5,1
68173.954935,1682.6,0.001,1
68173.954935,1682.7,0.001,1
