74912.698236,1709.77,0.09999963,1
74912.698236,1709.77,0.00000037,1
74912.562772,1709.77,0.135547,1
74912.562772,1709.77,0.1,1
74912.306255,1709.82,0.144899,1
74912.277259,1709.82,0.00075202,1
74912.277259,1709.82,0.14433082,1
74912.277259,1709.82,0.11700716,1
74911.929419,1709.82,0.02921989,1
74910.531675,1709.83,0.00148372,1
74909.408615,1709.84,0.01421036,-1
74906.65893,1709.73,0.16899,1
74906.242845,1709.74,0.029243,-1
74905.398601,1709.74,0.01447673,-1
74903.380382,1709.68,0.00579049,-1
74901.347571,1709.68,0.032717,1
74901.226723,1709.74,0.00488717,-1
74901.107014,1709.76,0.2,1
74901.107014,1709.76,0.1,1
74901.046932,1709.77,0.03313138,1
74901.046932,1709.77,0.14622962,1
74900.988548,1709.79,0.166358,1
74900.93987,1710,0.00264593,-1
74900.93987,1710,0.001,-1
74900.93987,1709.9,0.001,-1
74900.93987,1709.8,0.001,-1
74899.268518,1709.63,0.00075087,1
74899.268518,1709.63,0.03265313,1
74898.103315,1709.63,0.0004343,-1
74897.606961,1709.6,0.192,1
74897.550018,1709.61,0.00289531,-1
74897.537267,1709.6,0.192,1
74897.521969,1709.61,0.02895313,-1
74897.506469,1709.6,0.192,1
74897.46539,1709.6,0.192,1
74897.429194,1709.6,0.03284923,1
74897.429194,1709.6,0.00000077,1
74897.380541,1709.6,0.19199923,1
74897.380541,1709.6,0.00000077,1
74897.345189,1709.6,1.11014543,1
74897.345189,1709.6,0.192,1
74897.345189,1709.6,1.05083457,1
74897.318817,1709.6,0.192,1
74897.191658,1709.61,0.03317,1
74897.056776,1709.6,0.19999968,1
74897.056776,1709.6,0.00000032,1
74897.001451,1709.6,0.09999968,1
74897.001451,1709.6,0.00000032,1
74896.896789,1709.6,0.058362,1
74896.865877,1709.6,0.032847,1
74896.865877,1709.6,0.2,1
74896.865877,1709.6,0.1,1
74896.650751,1709.62,0.19834768,1
74896.650751,1709.62,0.05836232,1
74896.545497,1709.65,0.06634,1
74895.440107,1709.64,0.121,-1
74893.473351,1709.63,0.09986868,1
74893.473351,1709.63,0.00000032,1
74893.428969,1709.63,0.058362,1
74893.318191,1709.69,0.011679,1
74893.136129,1709.68,0.14622918,1
74893.136129,1709.68,0.00000082,1
74893.087041,1709.68,0.1143774,1
74893.087041,1709.68,0.14622962,1
74893.087041,1709.68,0.02335898,1
74892.569775,1709.72,0.0022178,-1
74892.277107,1709.74,0.13175784,1
74892.277107,1709.74,0.02225008,1
74892.277107,1709.74,0.02225008,1
74891.775899,1709.67,0.02008042,-1
74889.385404,1709.55,0.01386759,-1
74888.835294,1709.56,0.13790842,1
74888.835294,1709.56,0.14624758,1
74888.57081,1709.62,0.08543535,-1
74888.498451,1709.55,0.00590717,1
74888.498451,1709.7,0.00000037,1
74887.541053,1709.71,0.27681517,-1
74887.537373,1709.7,0.003316,1
74887.484387,1709.71,0.00084221,1
74887.484387,1709.71,0.12832479,1
74887.297585,1709.72,0.003564,1
74886.75518,1709.71,0.0438338,1
74886.516818,1709.76,0.007127,1
74884.486746,1709.67,0.09393069,1
74884.486746,1709.67,0.05836232,1
74884.486746,1709.68,0.01425599,1
74884.430783,1709.68,0.20483,1
74884.320493,1709.68,0.12439764,1
74884.320493,1709.7,0.192,1
74884.320493,1709.77,0.01026178,1
74884.320493,1709.77,0.15127774,1
74884.320493,1709.77,0.0182502,1
74884.320493,1709.77,0.14624758,1
74884.012285,1709.78,0.02052356,-1
74883.132557,1709.82,0.39311762,-1
74883.132557,1709.8,0.14620311,-1
74883.132557,1709.8,0.001,-1
74883.132557,1709.7,0.001,-1
74883.132557,1709.6,0.001,-1
74881.101516,1709.5,0.001,-1
74912.887734,1709.79,0.00129696,-1
74914.779076,1709.77,0.09846063,1
74914.779076,1709.77,0.00000037,1
74914.913877,1709.77,0.1,1
74915.04737,1709.73,0.17088695,1
74915.04737,1709.73,0.14622705,1
74916.757056,1709.73,0.066328,1
74916.817168,1709.71,0.06549778,1
74917.067492,1709.6,0.033934,1
74917.067492,1709.6,0.001,1
74918.056402,1709.62,0.01991745,-1
74918.056402,1709.61,0.56492342,-1
74918.308005,1709.56,0.2824617,1
74918.308005,1709.56,0.03330673,1
74918.308005,1709.56,0.02192286,1
74918.308005,1709.56,0.01315371,1
74919.036769,1709.58,0.158769,1
74920.277702,1709.61,0.02953683,1
74920.385852,1709.62,0.8574715,-1
74920.579329,1709.79,1.16971058,1
74920.579329,1709.79,0.00000042,1
74920.547318,1709.79,0.09430083,1
74920.547318,1709.79,1.16971117,1
74920.620314,1709.79,1.169711,1
74920.940984,1709.71,0.018,-1
74920.940871,1709.71,0.018,-1
74921.393539,1709.8,0.04414895,-1
74921.393539,1709.8,0.001,-1
74921.393539,1709.79,0.25869188,-1
74921.393539,1709.79,0.25869188,-1
74921.393539,1709.75,0.87732124,-1
74921.423057,1709.8,0.05824756,-1
74921.723289,1709.79,0.01637656,-1
74921.915008,1709.85,0.112574,-1
74922.029635,1709.85,0.02488522,-1
74924.591764,1710.01,0.58050029,-1
74924.591764,1710,0.001,-1
74924.591764,1709.9,0.001,-1
74925.502375,1710.03,0.04082247,1
74928.256218,1710.04,0.05547576,-1
74929.536557,1710.04,0.05547965,-1
74930.015637,1710.04,0.04438384,-1
74930.376164,1710.03,0.00000584,1
74931.519812,1710.3,0.034982,-1
74931.519812,1710.3,0.001,-1
74931.519812,1710.2,0.001,-1
74931.519812,1710.1,0.001,-1
74932.289252,1710.12,0.098435,1
74932.226994,1710.16,0.15176524,1
74932.226994,1710.16,0.00117376,1
74932.3856,1710.1,0.08926568,1
74932.3856,1710.1,0.00000032,1
74932.338343,1710.1,0.058362,1
74932.446853,1710.09,0.074711,1
74932.446853,1710.09,0.2,1
74932.582188,1710.09,0.2,1
74933.147228,1710.08,0.113101,1
74933.252017,1710.03,0.08012768,1
74933.252017,1710.03,0.00000032,1
74933.207362,1710.03,0.058362,1
74934.056813,1710,0.08582615,1
74934.056813,1710,0.14619285,1
74934.381546,1709.95,0.00000584,1
74934.559812,1709.96,0.01386547,-1
74934.96184,1709.95,0.03779879,1
74936.587867,1710.03,0.00568496,-1
74937.174361,1710.03,0.87149542,-1
74937.987063,1710.09,0.121832,1
74937.987063,1710.09,0.1,1
74937.937451,1710.11,0.100304,1
74938.158195,1709.99,0.11693268,1
74938.158195,1709.99,0.05836232,1
74938.598421,1710,0.00056172,-1
74938.836852,1709.99,0.09925968,1
74938.836852,1709.99,0.05836232,1
74939.007713,1709.98,0.12712036,1
74939.007713,1709.98,0.14220964,1
74939.289012,1709.97,0.00595327,1
74941.327904,1710.05,0.00160365,-1
74941.606137,1710.04,0.24905012,-1
74941.649711,1710,0.11812727,1
74942.46051,1710.02,0.02772717,1
74944.083723,1710.12,0.0007549,1
74943.981005,1710.13,0.58466315,-1
74945.08818,1710.11,0.369515,1
74945.265985,1710.19,0.05836232,-1
74946.298343,1710.2,0.00057312,-1
74946.41381,1710.19,0.01121507,1
74948.403481,1710.19,1.169467,1
74948.376926,1710.19,0.13817925,1
74948.376926,1710.19,1.1694678,1
74948.376926,1710.19,0.4,1
74948.376926,1710.19,0.09237883,1
74948.347017,1710.19,0.97972079,1
74948.347017,1710.19,0.2,1
74948.347017,1710.19,1.1694678,1
74948.347017,1710.19,0.1,1
74948.347017,1710.19,0.05836232,1
74948.347017,1710.19,0.13817925,1
74948.347017,1710.19,0.04618942,1
74948.347017,1710.19,0.04618941,1
74948.347017,1710.19,0.09237883,1
74948.347017,1710.19,0.46256025,1
74948.347017,1710.19,0.465,1
74948.347017,1710.19,1.43978493,1
74949.027429,1710.19,0.15903,1
74949.866748,1710.19,0.26022968,1
74949.866748,1710.19,0.05836232,1
74954.677583,1710.3,0.03660504,-1
74954.677583,1710.3,0.001,-1
74954.677583,1710.2,0.00042688,-1
74960.084057,1710.3,0.01386338,-1
74960.393032,1710.3,0.1358725,-1
74960.3638,1710.28,0.00000584,1
74962.077393,1710.25,0.00665679,-1
74962.604161,1710.26,0.01447157,-1
74962.738856,1710.26,0.57885259,-1
74963.492129,1710.28,0.00564391,-1
74964.111063,1710.28,0.01136308,-1
74964.209534,1710.28,0.00041358,-1
74964.562633,1710.28,0.00578849,-1
74966.499943,1710.27,0.18371196,1
74966.499943,1710.27,0.00111109,1
74966.564396,1710.01,0.14204959,-1
74966.762758,1710.01,0.05682117,-1
74966.987418,1710,0.157757,1
74966.987418,1710,0.001,1
74966.937465,1710.01,0.06020032,-1
74967.278766,1709.99,0.18991252,1
74967.278766,1709.99,0.14617148,1
74968.750097,1709.91,0.002217,-1
74970.384198,1709.92,0.01704721,-1
74971.798992,1710.23,2.54685526,-1
74971.798992,1710.22,0.4,-1
74971.798992,1710.21,1.16959597,-1
74971.798992,1710.2,0.001,-1
74971.798992,1710.2,0.173,-1
74971.798992,1710.18,0.05836232,-1
74971.798992,1710.07,1.451,-1
74972.335047,1710.07,0.1529014,1
74972.887599,1709.9,0.236842,1
74972.887599,1709.9,0.001,1
74972.969987,1709.91,0.01386344,-1
74973.293985,1709.84,0.57687987,-1
74973.293985,1709.81,0.55381349,-1
74973.279898,1709.8,0.21926,1
74973.279898,1709.8,0.001,1
74973.646854,1709.81,0.20488,1
74973.759489,1709.72,0.11951,1
74973.817332,1709.7,0.139124,1
74973.817332,1709.7,0.001,1
74974.041092,1709.6,0.033876,1
74974.041092,1709.6,0.001,1
74974.45211,1709.4,0.05,1
74974.45211,1709.4,0.001,1
74974.45211,1709.5,0.001,1
74974.547743,1709.3,0.033181,1
74974.547743,1709.3,0.001,1
74974.636908,1709.27,0.2,1
74975.106766,1709.25,0.146203,1
74975.05857,1709.27,0.0332472,1
74975.05857,1709.27,0.0000008,1
74976.876116,1709.29,0.00013896,-1
74977.177317,1709.28,0.00075331,1
74977.177317,1709.28,0.03357445,1
74977.177317,1709.28,0.32309324,1
74977.227204,1709.27,0.146203,1
74977.751418,1709.27,0.03184378,-1
74977.727456,1709.26,0.099795,1
74977.727456,1709.26,0.2,1
74977.727456,1709.26,0.1,1
74977.957071,1709.26,0.03312904,1
74977.957071,1709.26,0.1,1
74977.957071,1709.26,0.2,1
74977.957071,1709.26,0.14620396,1
74980.938661,1709.27,0.02645929,-1
74982.075078,1709.26,0.032856,1
74982.197743,1709.21,0.11913506,1
74982.197743,1709.21,0.20004152,1
74982.197743,1709.21,0.19999842,1
74982.575907,1708.9,0.001,1
74982.575907,1708.9,0.27537794,1
74982.563116,1708.9,0.72461049,1
74982.563116,1708.9,0.00070601,1
74982.563116,1708.91,0.19999988,1
74982.563116,1709,0.03474896,1
74982.563116,1709,0.001,1
74982.563116,1709,0.09858067,1
74982.562672,1709,0.54462335,1
74982.562672,1709.01,0.08077331,1
74982.562672,1709.01,0.08077331,1
74982.555166,1709.01,0.33488982,1
74982.555166,1709.04,1.52014433,1
74982.555166,1709.05,0.05836232,1
74982.555166,1709.05,1,1
74982.555166,1709.06,2.6443049,1
74982.5548,1709.06,2.21172054,1
74982.5548,1709.06,0.06949791,1
74982.5548,1709.09,0.02501765,1
74982.5548,1709.09,0.21769371,1
74982.5548,1709.1,0.001,1
74982.5548,1709.1,0.40002323,1
74982.5548,1709.13,1.17002439,1
74982.5548,1709.14,1.46272394,1
74982.554641,1709.2,0.13385942,1
74982.554641,1709.2,0.001,1
74982.554641,1709.2,0.08519213,1
74982.554641,1709.2,0.11483826,1
74982.659375,1708.69,0.0654745,1
74982.659375,1708.69,0.1600035,1
74982.659375,1708.73,1.74955,1
74982.657097,1708.69,0.04,1
74982.613137,1708.7,0.14012704,1
74982.613137,1708.7,0.001,1
74982.613137,1708.75,0.19999999,1
74982.596532,1708.8,1.575,1
74982.593373,1708.8,1,1
74982.593373,1708.8,0.001,1
74982.708966,1708.69,0.13455,1
74983.300724,1708.87,0.05836232,-1
74983.300724,1708.84,0.51922668,-1
74983.270435,1708.78,0.27735192,-1
74983.393256,1709.1,0.00066228,-1
74983.393256,1709,0.001,-1
74985.437389,1708.85,0.11394,1
74988.038122,1708.81,0.00000001,1
74988.031684,1708.81,0.06625895,1
74988.030553,1708.81,0.06625895,1
74988.33694,1708.66,0.38973171,1
74988.333227,1708.66,0.40571395,1
74988.333192,1708.66,0.20570544,1
74988.333192,1708.66,0.20000851,1
74988.327904,1708.68,0.27782545,1
74988.327904,1708.68,0.03270756,1
74988.327904,1708.69,0.0007535,1
74988.327904,1708.69,0.00000086,1
74988.584256,1708.35,0.99988623,1
74988.584256,1708.37,0.19999926,1
74988.584256,1708.37,0.2000001,1
74988.584256,1708.42,0.34038665,1
74988.583677,1708.4,0.001,1
74988.583677,1708.41,0.20002766,1
74988.579369,1708.48,0.19999541,1
74988.579369,1708.5,0.001,1
74988.579369,1708.5,0.00000001,1
74988.578947,1708.5,0.19999543,1
74988.578947,1708.6,0.001,1
74988.639963,1708.3,1,1
74988.639963,1708.3,0.001,1
74991.89276,1708.08,0.07441707,1
74991.89276,1708.08,0.03370649,1
74991.89276,1708.08,0.20002927,1
74991.89276,1708.1,0.164,1
74991.89276,1708.1,0.001,1
74991.89276,1708.19,1.17065244,1
74991.89276,1708.2,0.20003856,1
74991.89276,1708.2,0.001,1
74991.89276,1708.21,0.81889953,1
74991.89276,1708.23,0.20002281,1
74991.89276,1708.25,0.4,1
74991.89276,1708.25,0.19740648,1
74991.89276,1708.25,1.0592717,1
74991.89276,1708.25,0.05836232,1
74991.89276,1708.25,1.451,1
74991.89276,1708.25,0.17019333,1
74991.818315,1708.26,0.1,-1
74995.161012,1708.35,0.14634261,-1
74995.161012,1708.3,0.02199449,-1
74995.159572,1708.3,2.79783579,-1
74995.159572,1708.27,0.2925174,-1
74995.159426,1708.2,0.14002558,-1
74995.157185,1708.2,0.85997442,-1
74995.156372,1708.18,0.05836232,-1
74995.156372,1708.18,0.9,-1
74995.156372,1708.18,0.1,-1
74995.288543,1708.53,0.038,-1
74995.288543,1708.5,0.001,-1
74995.288543,1708.4,0.001,-1
74996.106714,1708.53,0.01738041,-1
74996.241051,1708.51,0.02843286,-1
74997.222758,1708.52,0.05851406,-1
74997.716923,1708.52,0.08693463,-1
74997.96926,1708.51,0.01278771,1
74999.015777,1708.51,0.05,1
75000.59106,1708.54,1,-1
75000.59106,1708.52,0.55240062,-1
75000.59106,1708.52,0.08693,-1
75000.59106,1708.52,0.05851,-1
75000.59106,1708.52,0.84231486,-1
75000.58715,1708.52,0.01223645,-1
75000.691578,1708.8,0.001,-1
75000.674237,1708.72,0.87785072,-1
75000.674237,1708.7,0.001,-1
75000.674237,1708.6,0.001,-1
75000.872187,1708.89,1.06231981,1
75000.946486,1708.83,0.05836232,1
75000.946486,1708.83,1.17017428,1
75002.868699,1708.67,0.05911584,1
75003.208701,1708.68,0.27753046,-1
75005.161336,1708.67,0.65376465,1
75005.161336,1708.67,0.05836232,1
75005.324617,1708.68,0.02220448,-1
75006.402595,1708.68,0.03331252,-1
75006.716743,1708.68,0.06084213,-1
75006.896831,1708.7,1,-1
75006.896831,1708.68,0.08105091,-1
75006.896831,1708.68,0.03331,-1
75006.896831,1708.68,0.0222,-1
75006.896831,1708.68,0.27753,-1
75006.896831,1708.68,0.60611041,-1
75007.888873,1708.9,0.02217592,-1
75007.888873,1708.9,0.001,-1
75009.399766,1708.83,0.058362,1
75009.347135,1708.88,0.00120438,1
75009.347135,1708.88,0.16310237,1
75009.347135,1708.88,0.15684225,1
75009.459301,1708.79,0.058362,1
75009.517765,1708.77,0.058362,1
75013.302126,1708.67,0.33193158,1
75013.302126,1708.67,0.14898545,1
75013.300668,1708.69,1.17034422,1
75013.300668,1708.7,1.4491365,1
75013.300668,1708.7,0.96243582,1
75013.298664,1708.76,0.1363609,1
75013.298664,1708.76,0.15684225,1
75013.298664,1708.77,0.00000032,1
75013.577424,1708.6,0.388764,1
75013.577424,1708.6,0.001,1
75014.568362,1708.5,0.336227,1
75014.568362,1708.5,0.001,1
75015.230969,1708.44,0.00119108,-1
75016.058842,1708.44,0.21721533,-1
75016.058842,1708.42,1,-1
75016.058842,1708.42,0.52095907,-1
75016.555661,1708.3,0.03336942,1
75016.555661,1708.3,0.001,1
75016.543597,1708.4,0.14898545,1
75016.543597,1708.4,0.001,1
75016.543597,1708.43,0.37360359,1
75016.543597,1708.43,0.16976022,1
75016.543597,1708.43,0.16976023,1
75016.635217,1708.27,0.492,1
75017.76939,1708.28,1,-1
75017.915906,1708.34,0.01909573,-1
75018.727033,1708.39,0.00289735,-1
75019.140803,1708.39,0.00869295,-1
75019.840467,1708.44,0.87799696,-1
75019.840467,1708.42,1,-1
75019.837856,1708.4,0.01909,-1
75019.837856,1708.4,0.01909,-1
75019.837856,1708.4,0.96181427,-1
75019.837856,1708.39,0.04677202,-1
75020.22805,1708.5,0.01437018,-1
75020.22805,1708.5,0.001,-1
75020.435229,1708.49,0.00000585,1
75023.111525,1708.62,0.29000727,-1
75023.111525,1708.6,0.001,-1
75023.111525,1708.59,0.05846603,-1
75023.111525,1708.57,0.8779291,-1
75023.111525,1708.52,0.05723719,-1
75023.111007,1708.52,0.91116054,-1
75023.110791,1708.52,0.03160227,-1
75023.110791,1708.5,0.01437,-1
75023.110791,1708.5,0.98562982,-1
75023.129731,1708.78,0.01731939,-1
75023.129731,1708.7,0.001,-1
75023.69924,1708.69,0.04346197,-1
75023.995715,1708.65,0.03941353,-1
75024.018368,1708.65,0.05688303,-1
75024.348693,1708.64,0.01452783,1
75024.348693,1708.64,0.00090214,1
75024.348693,1708.64,0.19149121,1
75025.240776,1708.64,0.178436,1
75025.206837,1708.65,0.00173855,-1
75026.360351,1708.59,0.00000585,1
75026.796247,1708.61,0.00289765,-1
75026.877036,1708.63,0.00420123,-1
75026.877036,1708.61,0.00144883,-1
75028.560877,1708.81,0.67090523,-1
75028.560877,1708.81,5.55553932,-1
75028.560877,1708.8,0.67514495,-1
75028.560877,1708.8,0.00087809,-1
75028.560877,1708.8,0.001,-1
75028.560877,1708.8,0.173,-1
75028.560877,1708.76,0.18338858,-1
75028.560877,1708.7,1.17045619,-1
75028.560877,1708.7,0.173,-1
75028.560877,1708.64,0.87789118,-1
75028.560877,1708.63,0.05846603,-1
75028.560877,1708.59,0.46033043,-1
75029.227277,1708.65,0.11354623,1
75029.227277,1708.65,0.36983477,1
75029.966134,1708.65,0.57945228,-1
75030.670136,1708.62,0.09606089,1
75030.670136,1708.62,0.486,1
75030.670136,1708.62,0.08771711,1
75030.656579,1708.62,0.05861693,1
75030.862534,1708.63,0.01699003,-1
75032.456825,1708.63,0.08221996,1
75032.456825,1708.63,0.14633404,1
75033.337943,1708.63,0.87789632,-1
75033.337943,1708.61,0.05846603,-1
75033.424858,1708.79,0.00852894,-1
75035.996887,1708.74,0.088128,1
75037.066557,1708.58,0.02800318,1
75038.179575,1708.6,0.00906721,1
75038.486893,1708.67,0.07385246,1
75038.486893,1708.67,0.00084254,1
75038.528046,1708.67,0.00057357,-1
75039.127637,1708.55,0.179428,1
75039.232531,1708.53,0.01448427,-1
75041.137145,1708.57,0.05953149,1
75041.137145,1708.57,1.06886251,1
75043.298712,1709.07,0.096956,1
75043.298712,1709.07,0.486,1
75043.11608,1708.96,1.17045619,-1
75043.105122,1709.02,1.129,-1
75043.105122,1709.01,0.6,-1
75043.105122,1709,0.03978935,-1
75043.105122,1709,0.001,-1
75043.104678,1708.96,0.74727392,-1
75043.104391,1708.96,0.42318227,-1
75043.104391,1708.96,0.048,-1
75043.104391,1708.95,0.1792175,-1
75043.104391,1708.93,0.19982961,-1
75043.104391,1708.93,1.00016496,-1
75043.104391,1708.9,0.001,-1
75043.104391,1708.89,0.05846603,-1
75043.104391,1708.84,0.87779344,-1
75043.104391,1708.8,0.001,-1
75043.86953,1709.26,0.05487637,-1
75043.86953,1709.2,0.001,-1
75043.86953,1709.1,0.001,-1
75045.680469,1709.28,0.02220331,-1
75045.779561,1709.19,0.058466,1
75045.717495,1709.25,0.048478,1
75045.873836,1709.2,0.0571056,-1
75045.85866,1709.19,0.024239,1
75046.207109,1709.19,0.197629,1
75046.438186,1709.14,0.189427,1
75048.35266,1709.05,0.87768058,-1
75048.418586,1709.23,0.00000585,1
75049.090942,1709.21,0.17759133,1
75049.090942,1709.21,0.14631263,1
75049.117844,1709.04,0.058466,1
75050.333515,1709.04,0.176754,1
75051.087724,1709.04,0.160566,1
75051.057404,1709.04,0.00075227,1
75051.057404,1709.04,0.1605661,1
75051.057404,1709.04,0.14631263,1
75051.395707,1709.05,0.22742429,-1
75051.723734,1709.17,0.87761896,-1
75051.723734,1709.16,0.05846603,-1
75051.967376,1709.28,0.136595,1
75051.932375,1709.28,0.125829,1
75052.111329,1709.32,0.06723934,-1
75052.111329,1709.3,0.001,-1
75054.321692,1709.38,0.18023518,1
75054.321692,1709.38,0.06291482,1
75055.106039,1709.34,0.3076637,1
75055.106039,1709.34,5.34537551,1
75055.106039,1709.34,1.46255279,1
75055.71059,1709.26,3.36006132,1
75055.71059,1709.28,1.17009948,1
75055.71059,1709.29,0.14625956,1
75055.71059,1709.3,0.173,1
75055.71059,1709.31,0.1,1
75055.71059,1709.31,0.2,1
75055.71059,1709.32,0.14625956,1
75055.71059,1709.33,5.55553932,1
75055.71059,1709.34,1.46255279,1
75055.71059,1709.35,0.15185926,1
75055.71059,1709.35,0.03145741,1
75058.096406,1709.4,0.001,-1
75058.205482,1709.5,0.001,-1
75059.72651,1709.6,0.18484768,-1
75059.72651,1709.6,0.001,-1
75061.969433,1709.67,0.01307776,-1
75066.303782,1709.69,0.05846566,1
75066.303782,1709.69,0.00078298,1
75066.303782,1709.69,0.31556836,1
75066.536992,1709.57,0.083394,-1
75067.150572,1709.57,0.08685887,-1
75067.322357,1709.57,0.27738923,-1
75068.959304,1709.67,0.398109,1
75069.603197,1709.54,0.39913885,1
75072.179558,1709.41,0.07957896,-1
75073.12477,1709.4,0.21097999,1
75073.12477,1709.4,0.001,1
75078.358358,1709.55,0.015514,-1
75078.708402,1709.54,0.05713629,1
75078.8436,1709.84,3.17922173,-1
75078.8436,1709.83,0.4,-1
75078.8436,1709.82,0.00087755,-1
75078.8436,1709.8,2.51112627,-1
75078.8436,1709.8,0.2,-1
75078.8436,1709.8,0.001,-1
75078.8436,1709.7,1.16980911,-1
75078.8436,1709.7,0.2,-1
75078.8436,1709.7,0.001,-1
75078.8436,1709.69,0.048,-1
75078.8436,1709.68,0.05846603,-1
75078.8436,1709.6,0.87740233,-1
75078.8436,1709.6,0.001,-1
75078.8436,1709.55,1.0619276,-1
75078.8436,1709.55,0.54257428,-1
75078.8436,1709.55,1.435486,-1
75079.306465,1709.6,0.00260587,-1
75082.580892,1709.6,0.05548809,-1
75083.159642,1709.6,0.05790828,-1
75083.504833,1709.59,0.2154591,1
75083.504833,1709.59,0.16930702,1
75083.504833,1709.59,0.00102246,1
75084.312708,1709.31,0.09762177,1
75084.312708,1709.31,0.2,1
75084.312708,1709.36,0.00157915,1
75084.312708,1709.4,0.16932187,1
75084.312708,1709.4,0.001,1
75084.370355,1709.33,0.00000585,1
75084.904712,1709.32,0.05548355,-1
75086.546623,1709.31,0.22208886,1
75086.546623,1709.31,0.19996206,1
75086.54651,1709.31,0.00000585,1
75086.534177,1709.31,0.00003209,1
75086.534177,1709.31,0.00237823,1
75087.316339,1709.31,0.14210693,-1
75087.691143,1709.32,0.00275064,-1
75087.846066,1709.32,0.02940565,-1
75088.207085,1709.32,0.02895414,-1
75088.707108,1709.48,0.03474477,-1
75088.627653,1709.32,0.0062251,-1
75089.649817,1709.67,0.014122,-1
75089.649817,1709.6,0.001,-1
75090.105029,1709.67,0.01421061,-1
75091.030696,1709.67,0.07434265,-1
75091.258171,1709.65,4.31488332,1
75091.258171,1709.65,0.15172506,1
75091.258171,1709.66,0.11227395,1
75093.135746,1709.52,0.39999532,-1
75093.914195,1709.59,0.04428833,1
75094.119955,1709.6,0.00141899,-1
75094.777636,1709.64,0.232743,1
75094.71765,1709.69,0.15585667,1
75094.71765,1709.69,0.00078033,1
75095.266797,1709.4,0.00000058,1
75095.237549,1709.4,0.213398,1
75095.237549,1709.4,0.001,1
75095.32025,1709.3,0.296572,1
75095.32025,1709.3,0.001,1
75095.913378,1709.2,0.001,1
75095.913378,1709.21,1.575,1
75096.183225,1709.17,0.00077592,1
75097.67724,1709.31,0.17345599,1
75097.67724,1709.31,0.11138901,1
75098.778853,1709.5,0.05876372,-1
75098.778853,1709.5,0.2,-1
75098.778853,1709.49,1.575,-1
75098.778853,1709.45,5.55553932,-1
75098.778853,1709.4,0.41397931,-1
75098.778853,1709.4,0.2,-1
75098.778853,1709.4,0.001,-1
75098.778853,1709.32,1.05970968,-1
75098.778853,1709.32,0.05846603,-1
75098.778853,1709.32,0.87754194,-1
75099.101466,1709.26,0.02218955,-1
75099.14896,1709.17,0.07764457,1
75099.14896,1709.2,0.2,1
75099.14896,1709.22,0.17345655,1
75099.14896,1709.24,0.14609465,1
75099.14896,1709.24,0.20464654,1
75099.14896,1709.24,0.20464654,1
75099.640602,1709.21,0.68492166,1
75099.640602,1709.22,0.11537575,1
75099.640602,1709.22,0.20464654,1
75100.521126,1709.24,0.87758301,-1
75100.521126,1709.22,0.05846603,-1
75103.789253,1709.31,0.15265079,1
75104.025325,1709.14,0.22317148,1
75104.025325,1709.17,0.1,1
75104.025325,1709.17,0.2,1
75104.025325,1709.2,0.19,1
75104.025325,1709.2,0.001,1
75104.025325,1709.22,0.14625442,1
75104.025325,1709.22,0.47108346,1
75106.506946,1709.41,0.0028952,-1
75111.897794,1709.41,0.05792116,-1
75112.492385,1709.5,0.001,-1
75112.485801,1709.41,0.81667938,-1
75113.367859,1709.59,0.00105487,1
75114.88168,1709.58,0.00554823,-1
75116.658911,1709.59,0.132429,1
75117.136654,1709.59,0.0138692,-1
75117.974142,1709.57,0.05548712,-1
75122.425163,1709.59,0.00000584,1
75123.163889,1709.59,0.002217,1
75124.999114,1709.59,0.00074875,1
75124.999114,1709.59,0.1,1
75124.999114,1709.59,0.2,1
75124.999114,1709.59,0.17928125,1
75125.030885,1709.59,0.179281,1
75126.547405,1709.57,0.131613,1
75129.637544,1709.51,0.185879,1
75129.760922,1709.45,0.204366,1
75129.883881,1709.2,0.0348106,1
75129.883881,1709.2,0.001,1
75129.883881,1709.3,0.001,1
75130.467253,1709.21,0.162708,1
75130.677954,1709.15,0.14680713,1
75130.677954,1709.15,0.10925787,1
75130.739345,1709.12,0.36378126,1
75130.739345,1709.12,0.14623646,1
75130.739345,1709.15,0.00000061,1
75131.29734,1709.1,0.16328,1
75131.29734,1709.1,0.001,1
75131.238431,1709.13,0.168454,1
75132.197761,1708.99,0.12476354,1
75132.197761,1709,0.001,1
75132.197761,1709.03,0.14623646,1
75132.548419,1708.93,0.15664549,1
75132.548419,1708.93,0.00000051,1
75132.518992,1708.93,0.113459,1
75136.512246,1709.32,0.6,-1
75136.512246,1709.3,0.001,-1
75136.512246,1709.2,0.001,-1
75138.127194,1709.19,1.17007749,1
75138.123305,1709.21,0.50911429,1
75138.123242,1709.21,2.1920389,1
75138.122868,1709.21,2.85438613,1
75138.122868,1709.21,0.14623646,1
75138.121493,1709.22,1.02745906,1
75138.121493,1709.23,1.46264692,1
75138.121493,1709.24,0.05842032,1
75138.121493,1709.3,0.00078046,1
75138.121493,1709.3,0.1830109,1
75138.121493,1709.3,0.14623646,1
75140.441919,1709.11,0.00057915,-1
75142.599514,1709.23,0.13294602,1
75145.986905,1709.39,1.06943106,1
75145.986905,1709.39,0.18364987,1
75145.986905,1709.39,1.12662548,1
75145.986905,1709.39,1.01125348,1
75145.986905,1709.39,1.451,1
75145.986905,1709.39,0.487,1
75145.986905,1709.39,0.47394818,1
75145.986905,1709.39,0.05462893,1
75146.042753,1709.39,0.18364924,1
75146.042753,1709.39,0.00000076,1
75148.36335,1709.32,0.0005792,-1
75150.067302,1709.39,0.139012,1
75150.015653,1709.4,0.01298192,-1
75150.015653,1709.4,0.001,-1
75150.177002,1709.27,0.05842,1
75150.262409,1709.2,0.00289602,-1
75150.237446,1709.19,0.05842,1
75151.7068,1709.31,0.00636546,-1
75152.439467,1709.32,0.00275122,-1
75152.617279,1709.34,0.01447813,-1
75152.936406,1709.34,0.01737462,-1
75153.79751,1709.32,0.24969062,-1
75155.096668,1709.3,0.0009325,1
75155.096668,1709.3,0.1768955,1
75155.163223,1709.24,0.05842,1
75155.380073,1709.16,0.03329693,-1
75156.198691,1709.11,0.05842,1
75158.230678,1709.17,0.12277409,-1
75161.947177,1709.16,0.15543571,1
75161.947177,1709.16,1.13323227,1
75161.947177,1709.16,0.23482602,1
75163.187866,1709.15,0.18140894,1
75163.187866,1709.15,0.00000006,1
75163.157285,1709.15,0.14009037,1
75163.157285,1709.15,0.18140963,1
75166.609353,1709.39,0.00075171,1
75166.609353,1709.39,0.17344129,1
75166.609353,1709.39,0.484,1
75166.716921,1709.39,0.48499971,1
75166.716921,1709.39,0.17344129,1
75166.636094,1709.39,0.1,1
75166.636094,1709.39,0.2,1
75166.74756,1709.39,0.19245571,1
75166.74756,1709.39,0.00000029,1
75169.829799,1709.55,0.96626883,-1
75169.829236,1709.55,0.2037349,-1
75169.829236,1709.5,0.001,-1
75169.82803,1709.43,0.05843721,-1
75169.82803,1709.43,0.87748893,-1
75169.82803,1709.4,0.001,-1
75169.90253,1709.78,1.575,-1
75169.901994,1709.73,0.6,-1
75169.901994,1709.7,0.001,-1
75169.901001,1709.64,0.19999846,-1
75169.901001,1709.63,0.048,-1
75169.891432,1709.6,0.8636595,-1
75169.891349,1709.6,0.51065642,-1
75169.891349,1709.6,0.001,-1
75169.891349,1709.59,0.35200308,-1
75169.890951,1709.59,0.84999846,-1
75169.890803,1709.59,0.24899846,-1
75170.058863,1709.79,0.05870649,1
75170.058863,1709.79,0.05870651,1
75170.128814,1709.8,0.189,-1
75170.128814,1709.8,0.001,-1
75170.128814,1709.79,0.17564673,-1
75170.128276,1709.79,0.36564674,-1
75170.770104,1709.89,0.014325,1
75171.687931,1709.82,0.058437,1
75171.74736,1709.72,0.24181,1
75171.832151,1709.7,0.521487,1
75171.981575,1709.66,0.12840579,1
75171.981575,1709.66,0.05843721,1
75171.981575,1709.66,0.1,1
75171.981575,1709.66,0.2,1
75172.191716,1709.6,0.00001488,1
75172.146559,1709.65,0.1,1
75172.146559,1709.65,0.2,1
75173.084161,1709.6,0.18899988,1
75173.084161,1709.6,0.00098512,1
75173.113099,1709.6,1.57499988,1
75173.113099,1709.6,0.00000012,1
75176.270349,1709.75,0.17042603,1
75176.270349,1709.75,0.00000097,1
75176.228457,1709.75,0.14624575,1
75176.228457,1709.75,0.32935325,1
75177.457562,1709.68,0.197982,1
75178.437333,1709.61,0.174824,1
75179.802663,1709.54,0.75100517,1
75179.802663,1709.54,0.05843721,1
75179.802663,1709.57,0.14624672,1
75179.802663,1709.6,0.00075297,1
75179.802663,1709.6,0.159118,1
75179.802663,1709.6,0.001,1
75182.138237,1709.6,0.00636885,-1
75183.2,1709.7,0.00000584,1
75183.593927,1709.66,0.17455679,1
75183.593927,1709.66,0.05843721,1
75183.808685,1709.65,0.04250016,1
75183.82193,1709.65,0.05843705,1
75183.82193,1709.65,0.22301721,1
75183.82193,1709.65,0.10372774,1
75187.136382,1709.67,0.01705289,-1
75190.788196,1709.64,0.13355,1
75192.669774,1709.62,0.00075333,1
75192.669774,1709.62,0.11999491,1
75192.669774,1709.62,0.1462279,1
75192.817016,1709.4,0.02112123,1
75192.817016,1709.5,0.001,1
75193.767163,1709.41,0.137089,1
75193.827998,1709.4,0.171218,1
75193.827998,1709.4,0.001,1
75193.997885,1709.3,0.204106,1
75193.997885,1709.3,0.001,1
75199.144431,1709.31,0.00912286,1
75200.44793,1709.3,0.140076,1
75200.44793,1709.3,0.179,1
75202.283832,1709.25,0.063455,1
75202.516643,1709.25,0.05549166,-1
75205.536265,1709.34,0.02757269,-1
75205.536265,1709.33,0.05843721,-1
75205.854064,1709.34,0.034,-1
75205.976967,1709.33,0.00078159,1
75205.976967,1709.33,0.07361294,1
75205.976967,1709.33,0.19638747,1
75205.976967,1709.33,0.464,1
75206.83296,1709.27,0.01448004,-1
75208.084239,1709.32,0.01720158,-1
75208.37865,1709.31,0.00000585,1
75208.844037,1709.31,0.119587,1
75208.844037,1709.31,0.07442255,1
75208.844037,1709.31,0.09818789,1
75209.618069,1709.32,0.01158349,-1
75209.695413,1709.32,0.01664284,-1
75210.439099,1709.32,0.00776705,-1
75211.685075,1709.15,0.14622363,1
75211.685075,1709.16,1.32376088,1
75211.685075,1709.17,0.05843721,1
75211.685075,1709.19,0.00002136,1
75211.68431,1709.19,1.17000327,1
75211.68431,1709.2,0.001,1
75211.683312,1709.25,0.2,1
75211.683312,1709.25,0.1,1
75211.683312,1709.26,0.1462587,1
75211.675454,1709.3,0.179,1
75211.675454,1709.31,0.07442255,1
75211.675454,1709.31,0.075,1
75211.675454,1709.31,0.26167357,1
75211.675201,1709.31,0.59009612,1
75211.770759,1709.16,1.575,1
75211.743857,1709.16,0.462,1
75211.743857,1709.16,1.451,1
75213.19373,1709.37,0.084353,1
75213.707776,1709.35,0.11801443,1
75213.707776,1709.35,0.14625357,1
75215.118224,1709.27,0.188721,1
75215.362459,1709.15,0.00009161,1
75217.153341,1709.16,0.02608037,-1
75218.544598,1709.16,0.05685341,-1
75219.569527,1709.29,0.00175507,-1
75219.527648,1709.28,0.10424297,-1
75220.941206,1709.28,0.0865208,1
75221.095492,1709.29,0.01158464,-1
75226.774164,1709.25,0.00564708,-1
75227.080221,1709.32,0.00128755,1
75227.080221,1709.32,0.16052845,1
75227.244057,1709.24,0.12221596,1
75227.521137,1709,0.001,1
75227.476638,1709.03,0.14626384,1
75227.471505,1709.1,0.00000003,1
75227.42872,1709.1,0.125352,1
75227.42872,1709.1,0.001,1
75228.226769,1708.9,0.1656,1
75228.226769,1708.9,0.001,1
75228.386902,1708.8,0.143046,1
75228.386902,1708.8,0.001,1
75228.670444,1708.77,0.01737523,-1
75229.007592,1708.76,0.10487612,1
75229.007592,1708.76,0.45509161,1
75229.007592,1708.76,0.06375027,1
75230.376726,1708.72,0.00000585,1
75230.999253,1708.74,0.016353,-1
75233.197728,1708.77,0.292603,-1
75233.197728,1708.76,0.05843721,-1
75233.197728,1708.75,0.87783467,-1
75235.981474,1709,0.00057937,-1
75236.510505,1708.99,0.05355129,1
75236.510505,1708.99,0.04004871,1
75238.459432,1708.99,0.07232093,1
75238.991228,1709.26,0.02032038,-1
75238.991228,1709.2,0.001,-1
75238.991228,1709.1,0.001,-1
75238.991228,1709,0.00042063,-1
75241.057298,1709.27,0.03669,1
75243.949276,1709.18,0.33003511,-1
75243.949276,1709.18,0.05843721,-1
75244.315838,1709.17,0.00000585,1
75244.30211,1709.17,0.00039785,1
75246.632328,1709.29,0.00014053,1
75248.269794,1709.42,0.02696092,-1
75248.269794,1709.4,0.001,-1
75248.269794,1709.3,0.001,-1
75248.732108,1709.39,0.02678963,1
75248.732108,1709.39,0.02002436,1
75248.84705,1709.4,0.00004095,-1
75249.634716,1709.41,0.00583859,-1
75250.758156,1709.39,0.00144227,-1
75252.393874,1709.35,0.00144066,1
75252.393874,1709.35,0.17272347,1
75252.393874,1709.35,0.14624844,1
75257.26859,1709.24,0.87758315,-1
75257.712919,1709.38,0.676888,1
75258.467332,1709.2,0.001,1
75258.467332,1709.21,0.1,1
75258.467332,1709.22,0.05843721,1
75258.467332,1709.26,0.14624844,1
75258.467332,1709.26,0.29390819,1
75258.467329,1709.26,0.32675239,1
75260.921437,1709.12,0.00476853,1
75261.329588,1709.32,0.0028441,-1
75261.602017,1709.32,0.00579245,-1
75262.81054,1709.35,0.87752654,-1
75263.917119,1709.42,0.13773113,-1
75263.917119,1709.4,0.001,-1
75264.483675,1709.5,0.001,-1
75264.483675,1709.49,0.87745467,-1
75265.658995,1709.62,0.06004096,-1
75265.658995,1709.6,0.001,-1
75266.49379,1709.62,0.00115836,-1
75271.93153,1709.63,0.0113674,-1
75272.450603,1709.6,0.01,-1
75273.630719,1709.6,0.00289538,-1
75273.828824,1709.6,0.008524,-1
75274.108966,1709.44,0.00275061,-1
75274.068159,1709.59,0.00123176,1
75274.068159,1709.59,0.18279524,1
75274.294189,1709.4,0.039,1
75274.294189,1709.4,0.001,1
75277.24667,1709.32,0.53565161,-1
75278.129908,1709.49,0.81345085,-1
75278.129908,1709.49,0.05843721,-1
75278.129908,1709.37,0.5873516,-1
75278.129908,1709.33,0.87753693,-1
75281.941323,1709.45,0.01740361,1
75285.397858,1709.56,0.05250812,1
75286.116013,1709.57,0.02540324,-1
75287.653815,1709.6,0.001,-1
75287.653815,1709.57,0.45472485,-1
75287.653584,1709.57,0.39728764,-1
75287.653584,1709.56,0.05843721,-1
75287.753529,1709.62,0.19016473,1
75287.753529,1709.62,0.16111103,1
75296.095624,1709.67,0.0394741,-1
75296.095624,1709.63,0.04374393,-1
75296.693343,1709.67,0.56840544,-1
75297.21511,1709.7,0.03791251,-1
75297.21511,1709.7,0.001,-1
75297.235632,1709.7,0.01158145,-1
75300.494174,1709.7,0.8773469,-1
75301.171591,1709.78,0.00332967,-1
75301.571785,1709.78,0.00554752,-1
75302.497728,1709.77,0.19847091,1
75302.497728,1709.77,0.14622192,1
75302.497728,1709.77,0.00168217,1
75302.727392,1709.76,0.00554752,-1
75305.60353,1709.75,0.00000584,1
75306.401676,1709.76,0.05658667,-1
75310.256916,1709.94,0.76009753,-1
75310.256916,1709.94,0.17950133,-1
75310.256916,1709.9,0.001,-1
75310.256916,1709.83,0.87728052,-1
75310.256916,1709.82,0.05843721,-1
75310.256916,1709.8,0.001,-1
75310.256916,1709.78,0.12268341,-1
75310.397929,1709.84,0.314468,1
75310.508947,1709.7,0.09999903,1
75310.508947,1709.7,0.17677561,1
75310.508947,1709.7,0.10606536,1
75310.597374,1709.62,0.14194379,1
75310.597374,1709.62,0.00000021,1
75310.567779,1709.62,0.058437,1
75310.537236,1709.7,0.30774847,1
75310.688152,1709.6,0.11358928,1
75310.688152,1709.6,0.48285072,1
75310.688152,1709.6,0.001,1
75310.742876,1709.6,0.18799968,1
75310.742876,1709.6,0.00000032,1
75310.896316,1709.61,0.00122512,1
75311.852269,1709.62,0.00114041,-1
75313.884825,1709.62,0.01386774,-1
75316.080146,1709.62,0.0868543,-1
75316.681365,1709.56,1.6204485,1
75316.681365,1709.6,0.00000032,1
75316.681365,1709.66,0.00093248,1
75316.681365,1709.66,0.33100221,1
75317.769261,1709.64,0.87737769,-1
75318.919103,1709.82,0.13682726,-1
75320.062679,1709.83,0.364435,1
75320.177227,1709.69,0.171721,1
75320.120919,1709.72,0.130006,1
75322.231899,1709.69,0.01215903,-1
75323.070425,1709.69,0.00568626,-1
75326.248807,1709.79,0.01535861,1
75327.217349,1709.79,1.12544664,1
75327.217349,1709.79,0.22209936,1
75327.249261,1709.79,0.22209842,1
75327.249261,1709.79,0.00000058,1
75327.329333,1709.78,0.16431005,1
75327.329333,1709.78,0.14620995,1
75329.956551,1709.73,0.11367956,-1
75331.239742,1709.74,0.02841806,-1
75332.093001,1709.74,0.02841956,-1
75332.588026,1709.73,0.00081204,1
75332.588026,1709.73,0.26559096,1
75332.667226,1709.69,0.22208651,1
75332.637471,1709.69,0.05843649,1
75332.637471,1709.69,0.22208651,1
75332.799116,1709.53,0.033,1
75332.799116,1709.6,0.001,1
75332.878023,1709.5,0.001,1
75332.866431,1709.51,0.05115199,-1
75332.817605,1709.53,0.467,1
75332.977839,1709.44,0.00000016,1
75332.937354,1709.44,0.001521,1
75333.069978,1709.4,0.195362,1
75333.069978,1709.4,0.001,1
75333.339764,1709.3,0.187537,1
75333.339764,1709.3,0.001,1
75333.51731,1709.23,0.16648408,1
75333.51731,1709.23,0.12323292,1
75333.886784,1709.21,0.86855311,-1
75333.988582,1709.2,0.00000059,1
75333.918406,1709.2,0.212833,1
75333.918406,1709.2,0.001,1
75334.108678,1709.1,0.00000031,1
75334.039643,1709.1,0.184271,1
75334.039643,1709.1,0.001,1
75334.143966,1709,0.16359398,1
75334.143966,1709,0.001,1
75334.278238,1709,0.00000001,1
75334.477359,1708.9,0.001,1
75334.736601,1708.8,0.288517,1
75334.736601,1708.8,0.001,1
75334.897259,1708.79,0.16656221,1
75334.897259,1708.79,0.14621679,1
75334.932433,1708.8,0.00221768,-1
75336.116841,1708.84,0.00289516,-1
75336.253584,1708.83,0.00000585,1
75336.243015,1708.88,0.00445906,1
75337.630921,1708.78,0.05547544,-1
75338.952965,1708.77,0.209351,1
75340.271505,1708.77,0.00675038,-1
75341.218609,1708.76,0.246883,1
75341.756514,1708.7,1.57499915,1
75341.756514,1708.7,0.20437585,1
75341.756514,1708.7,0.001,1
75344.352087,1708.89,0.00000585,1
75347.883624,1708.9,0.04340826,-1
75347.883624,1708.9,0.001,-1
75350.857997,1708.93,0.0284523,-1
75350.857997,1708.92,0.05843721,-1
75352.558891,1709.24,0.01087553,-1
75352.558891,1709.2,0.001,-1
75352.558891,1709.1,0.001,-1
75352.558891,1709,0.001,-1
75359.889155,1709.14,0.11371614,-1
75360.220632,1709.14,0.00579239,-1
75360.677796,1709.13,0.001326,1
75360.677796,1709.13,0.254403,1
75361.6672,1709.04,0.06382052,-1
75364.887832,1709.03,0.00177283,1
75366.088684,1709.18,0.04,-1
75366.876801,1709.18,0.00000585,1
75366.865455,1709.18,0.0000234,1
75369.608144,1709.19,0.00013346,-1
75372.883279,1709.38,0.50686892,-1
75372.883279,1709.31,0.00087782,-1
75372.883279,1709.3,0.197,-1
75372.883279,1709.3,0.001,-1
75372.883279,1709.28,0.18710168,-1
75372.883279,1709.26,1.17020947,-1
75372.883279,1709.25,0.05843721,-1
75372.883279,1709.2,0.001,-1
75372.883279,1709.19,0.87747537,-1
75373.391743,1709.21,0.06998771,-1
75373.798125,1709.33,0.14626402,1
75373.798125,1709.33,0.26013998,1
75373.763195,1709.29,0.14971134,-1
75373.763195,1709.29,1.575,-1
75373.763195,1709.26,1.17020947,-1
75373.763195,1709.21,0.05843721,-1
75373.763195,1709.21,0.80761071,-1
75374.514905,1709.33,0.13311674,-1
75377.075976,1709.32,0.19668,1
75377.047067,1709.32,0.00126152,1
75377.047067,1709.32,0.19668021,1
75377.047067,1709.32,6.23903127,1
75377.729564,1709.21,0.011033,-1
75380.196523,1709.22,0.01051619,-1
75380.196523,1709.21,0.04740421,-1
75381.089484,1709.22,0.10544152,-1
75385.219493,1709.2,0.00268175,-1
75386.797872,1709.19,0.06342181,1
75387.35264,1709.2,0.01664829,-1
75388.081034,1709.1,0.153397,1
75388.081034,1709.1,0.001,1
75388.051787,1709.19,0.00000056,1
75388.03905,1709.19,0.178403,1
75388.008197,1709.19,0.0007528,1
75388.008197,1709.19,0.2464632,1
75390.938637,1709.02,0.00289638,-1
75391.457665,1709.02,0.8747996,-1
75391.520218,1709.14,0.03,-1
75392.522935,1709.12,0.0289638,-1
75392.841161,1709.11,0.11819639,1
75393.88444,1709.11,0.06104382,-1
75394.304712,1709.12,0.87764463,-1
75394.304712,1709.11,0.05843721,-1
75394.896695,1709.21,0.167079,1
75395.300669,1709.11,0.01377765,1
75396.103055,1709.12,0.00463423,-1
75396.292124,1709.12,0.00276945,-1
75396.865157,1709.12,0.04096502,-1
75397.067586,1709.13,0.00130274,-1
75397.067586,1709.12,0.01006851,-1
75397.49908,1709.12,0.00120522,1
75397.430113,1709.13,0.00868919,-1
75397.623058,1709.13,0.00275158,-1
75397.873176,1709.04,0.14886767,1
75397.873176,1709.1,0.197,1
75397.873176,1709.12,0.00060261,1
75397.873176,1709.12,0.19570052,1
75397.873176,1709.12,0.16697976,1
75398.21625,1709.08,0.05685807,-1
75398.332148,1709.08,0.00057928,-1
75399.257403,1709.08,0.05685973,-1
75399.252908,1709.08,0.00057924,-1
75399.486929,1709.08,0.00075227,1
75399.486929,1709.08,0.24456173,1
75399.563784,1709.06,0.00564797,-1
75399.762969,1709.26,0.05451963,-1
75399.762969,1709.22,0.00650004,-1
75399.762969,1709.13,1.17019705,-1
75399.762969,1709.1,0.197,-1
75399.762969,1709.09,0.05843721,-1
75399.762969,1709.08,0.51338482,-1
75400.067296,1709.07,0.22063742,1
75400.067296,1709.07,0.34330758,1
75403.474355,1709.07,0.01625231,-1
75403.687999,1709.07,0.00012125,-1
75404.48729,1709.06,0.20503121,1
75404.48729,1709.06,0.17165379,1
75408.158449,1709.05,0.45,-1
75408.249427,1709.06,0.57924207,-1
75411.611793,1709,0.01889827,1
75411.611793,1709,0.05843721,1
75411.611793,1709,0.04653013,1
75411.611793,1709,0.001,1
75411.611793,1709.01,0.4,1
75411.611793,1709.01,0.08582689,1
75411.624899,1709.01,0.466251,1
75412.046661,1709.02,0.13329627,1
75412.046661,1709.02,0.00075128,1
75412.046661,1709.02,0.04291345,1
75412.660442,1709.03,0.15650486,1
75412.660442,1709.03,0.39190814,1
75412.645423,1709.03,0.00809186,1
75412.645423,1709.03,0.02145672,1
75413.75916,1709.03,0.173062,1
75413.75916,1709.03,0.4,1
75413.754899,1709.04,0.0028964,-1
75414.008793,1709.02,0.4,1
75415.167333,1709.03,0.122625,1
75415.667498,1709.03,0.030063,-1
75416.253986,1709.03,0.01158559,-1
75417.393902,1709.03,0.43305263,-1
75417.393554,1709.03,0.43305263,-1
75417.583265,1709.22,0.0166481,-1
75417.564064,1709.22,0.00554937,-1
75417.943465,1709.22,0.00971434,-1
75419.916639,1709.21,0.10322312,1
75419.916639,1709.21,0.00000088,1
75419.88686,1709.21,1.04069767,1
75419.88686,1709.21,0.10322333,1
75420.216545,1709.18,0.00271495,1
75422.530164,1709.29,0.00000585,1
75423.909899,1709.23,0.00868817,-1
75425.271961,1709.23,0.01387212,-1
75425.596953,1709.22,1.05797514,1
75425.596953,1709.22,0.97184564,1
75425.596953,1709.22,0.00075291,1
75425.596953,1709.22,0.14693431,1
75425.627323,1709.22,0.14693375,1
75425.627323,1709.22,0.00000025,1
75427.958147,1709.16,0.00000585,1
75427.945018,1709.16,0.0000117,1
75431.08176,1709.2,0.174996,1
75431.140238,1709.12,0.147148,1
75431.244618,1709.03,0.43884589,-1
75431.24455,1709.03,0.43884589,-1
75432.370633,1709.15,0.00000585,1
75433.199123,1709.16,0.00275127,-1
75433.891537,1709.16,0.027963,-1
75434.243363,1709.18,0.0001838,-1
75434.243363,1709.16,0.02772294,-1
75440.061291,1709.15,0.309088,1
75440.029181,1709.15,0.00075118,1
75440.029181,1709.15,0.16353927,1
75440.029181,1709.15,1.17949684,1
75440.029181,1709.15,0.99357371,1
75440.029181,1709.15,1.451,1
75443.04135,1709.14,0.04044197,-1
75454.387574,1709.08,0.02446276,1
75455.236191,1709.09,0.19091107,-1
75457.749426,1709.12,0.01421493,-1
75459.155486,1709.17,0.00057926,-1
75459.912573,1709.17,0.00020278,-1
75459.959403,1709.17,0.00057926,-1
75460.636848,1709.18,0.087738,-1
75460.636848,1709.17,0.05707591,-1
75461.886662,1709.17,0.00289623,-1
75468.646551,1709.1,0.11160302,1
75477.321811,1709.11,0.01502976,-1
75478.750027,1709.11,0.64842221,-1
75478.750027,1709.11,0.04340745,-1
75481.532448,1709.11,0.87764977,-1
75481.532448,1709.11,0.05843721,-1
75483.097637,1709.1,0.274695,1
75483.067353,1709.1,0.00267192,1
75483.067353,1709.1,0.27469508,1
75483.140666,1709.11,0.01,-1
75483.360524,1709.1,0.14611792,1
75483.360524,1709.1,0.00057808,1
75483.529556,1709,0.254714,1
75483.529556,1709,0.001,1
75486.029258,1708.98,0.87771653,-1
75486.223855,1709.13,0.00889351,-1
75486.223855,1709.11,0.02260949,-1
75488.549231,1709.12,0.0031027,1
75491.203814,1709.12,0.05415767,1
75491.637364,1709.12,0.118572,1
75491.8589,1709.04,0.42926301,1
75491.918685,1708.95,0.35343658,1
75491.918685,1708.95,0.14600851,1
75491.918685,1708.95,0.01094991,1
75501.649238,1708.9,0.001,1
75501.649238,1708.91,0.00086872,1
75501.649238,1708.91,0.16136799,1
75501.649238,1708.91,0.14627068,1
75503.711028,1708.81,0.00284461,-1
75504.054756,1708.81,0.05793133,-1
75505.277116,1708.8,0.135731,1
75505.277116,1708.8,0.001,1
75506.725616,1708.7,0.14380709,1
75506.725616,1708.7,0.001,1
75507.073692,1708.5,0.00000023,1
75507.073463,1708.5,0.078026,1
75507.073463,1708.5,0.001,1
75507.014808,1708.6,0.00000018,1
75507.013938,1708.6,0.124992,1
75507.013938,1708.6,0.001,1
75507.218584,1708.4,0.094103,1
75507.218584,1708.4,0.001,1
75507.377058,1708.39,0.1996893,1
75507.377058,1708.39,2.0034307,1
75507.597631,1708.38,0.23036079,1
75507.597631,1708.38,0.00035121,1
75508.274297,1708.31,0.00000585,-1
75510.733747,1708.31,0.14484442,-1
75513.919435,1708.26,2.88962005,1
75513.919435,1708.26,0.05843721,1
75513.919435,1708.27,1.17063877,1
75513.919435,1708.3,0.197,1
75513.919435,1708.3,0.19997088,1
75513.919435,1708.3,0.001,1
75513.919435,1708.35,0.52480414,1
75513.919435,1708.35,0.07404804,1
75513.919435,1708.35,0.4596605,1
75513.919435,1708.35,0.00090183,1
75519.099089,1708.52,0.14633872,1
75519.099089,1708.52,0.07556028,1
75519.128561,1708.52,0.07555954,1
75519.128561,1708.52,0.00000046,1
75520.886244,1708.36,0.50553735,1
75520.886244,1708.36,0.1,1
75520.886244,1708.36,0.2,1
75520.886244,1708.43,0.16608904,1
75520.886244,1708.43,0.14633918,1
75520.886244,1708.44,0.02939069,1
75526.468053,1708.42,0.07271,1
75526.437677,1708.42,0.00080994,1
75526.437677,1708.42,0.07271072,1
75526.437677,1708.42,0.01469534,1
75526.667428,1708.36,0.291554,1
75526.667428,1708.36,0.2,1
75526.667428,1708.36,0.1,1
75528.937757,1708.36,0.299894,1
75528.937757,1708.36,0.1,1
75528.937757,1708.36,0.2,1
75530.349488,1708.43,6.53645213,-1
75530.349488,1708.42,2.52709101,-1
75530.349488,1708.39,0.87801965,-1
75530.349488,1708.37,0.05843721,-1
75530.564475,1708.33,1.17074802,1
75530.564475,1708.34,0.05843721,1
75530.564475,1708.36,0.04721533,1
75530.563962,1708.41,0.56088349,1
75530.561267,1708.41,0.00734767,1
75530.559276,1708.54,0.18627647,-1
75530.559276,1708.43,6.76514778,-1
75530.559182,1708.43,11.24013151,-1
75530.558909,1708.43,5.45826858,-1
75530.558909,1708.42,0.87800423,-1
75530.719524,1708.51,1.57499916,1
75530.719524,1708.51,0.00091846,1
75530.719524,1708.51,0.460321,1
75530.719524,1708.51,0.00275538,1
75530.570543,1708.58,1.17074802,-1
75530.570543,1708.57,4.93887486,-1
75530.569606,1708.57,0.61666446,-1
75530.569606,1708.53,0.05843721,-1
75532.035609,1708.45,0.00527326,-1
75534.602094,1708.48,0.076924,1
75534.658136,1708.43,0.220249,1
75536.573274,1708.25,0.15347263,1
75536.573274,1708.3,0.19819316,1
75536.573274,1708.3,0.001,1
75538.876757,1708.43,0.00075401,1
75538.876757,1708.43,0.07096399,1
75539.682325,1708.5,0.001,-1
75539.682325,1708.49,0.05843721,-1
75539.682325,1708.43,0.87799909,-1
75543.053268,1708.43,0.1091681,-1
75545.506226,1708.6,0.00564992,-1
75545.431072,1708.6,0.02953295,-1
75545.431072,1708.6,0.001,-1
75546.633076,1708.6,0.00111259,-1
75547.81424,1708.61,0.64220966,-1
75547.81424,1708.6,0.01023467,-1
75548.88578,1708.7,0.001,-1
75550.280918,1708.77,0.27761331,-1
75550.339637,1708.8,0.00067792,-1
75551.640568,1708.69,0.00223622,1
75551.640568,1708.69,0.00223678,1
75551.914256,1708.74,0.001118,1
75551.885556,1708.72,0.002237,1
75553.012091,1708.73,0.11332093,1
75553.012091,1708.73,0.00078179,1
75553.012091,1708.73,0.51560828,1
75553.262545,1708.7,0.0671373,-1
75554.44416,1708.7,0.01833677,-1
75554.910026,1708.68,0.152096,1
75555.057476,1708.67,0.028316,1
75555.050091,1708.68,0.05551413,-1
75555.453318,1708.69,0.01110089,-1
75555.668208,1708.68,0.42121656,1
75555.668208,1708.68,0.14945571,1
75555.668208,1708.68,0.45179234,1
75555.666223,1708.68,0.00384966,1
75555.800746,1708.61,0.01165667,-1
75558.765475,1708.6,0.019986,1
75558.919567,1708.6,0.009993,1
75559.202657,1708.6,0.004997,1
75559.352655,1708.64,0.001249,1
75559.325451,1708.6,0.002498,1
75561.330024,1708.7,0.456284,1
75562.261734,1708.71,0.12747129,-1
75562.900503,1708.68,0.02227398,1
75562.900503,1708.7,0.03620983,1
75562.900503,1708.7,0.00062545,1
75562.868302,1708.73,0.07241967,-1
75563.304131,1708.52,0.36668621,1
75563.304131,1708.55,1.3853809,1
75563.303745,1708.55,4.46758671,1
75563.303745,1708.57,0.82941271,1
75563.30231,1708.57,0.341,1
75563.300323,1708.41,1.17637901,1
75563.300323,1708.47,6.05323961,1
75563.300323,1708.47,0.93440789,1
75563.299905,1708.47,0.34416724,1
75563.299905,1708.48,5.85296761,1
75563.299905,1708.5,0.001,1
75563.299905,1708.51,0.21318332,1
75563.299905,1708.51,0.01927583,1
75563.299905,1708.52,0.10660969,1
75563.299905,1708.6,1.46318623,1
75563.299905,1708.61,0.05845608,1
75563.299792,1708.66,0.30098045,1
75563.299792,1708.66,0.1,1
75563.299792,1708.66,0.2,1
75563.336434,1708.21,0.00920882,1
75563.329404,1708.02,1.575,1
75563.328853,1708.05,1,1
75563.328853,1708.06,0.03447573,1
75563.328511,1708.1,0.001,1
75563.328511,1708.15,0.20003136,1
75563.328511,1708.17,0.02896467,1
75563.328511,1708.2,0.001,1
75563.327749,1708.22,0.01841764,1
75563.311743,1708.42,0.05853361,1
75563.309419,1708.3,0.00012206,1
75563.309171,1708.3,0.00087794,1
75563.308515,1708.4,0.001,1
75563.308515,1708.41,1.52153657,1
75565.894922,1708.23,0.14634389,1
75568.718191,1708.23,0.15542385,-1
75570.221084,1708.24,0.02775252,-1
75570.552451,1708.27,0.29909013,-1
75570.552451,1708.26,1,-1
75570.552451,1708.24,0.02775,-1
75570.552451,1708.24,0.87809675,-1
75570.552451,1708.24,0.97224748,-1
75572.017999,1708.39,0.000002,-1
75572.505159,1708.39,0.082317,1
75572.610566,1708.38,0.001144,1
75572.578357,1708.39,0.157649,1
75572.54313,1708.39,0.04115766,1
75572.54313,1708.39,0.00000034,1
75572.542441,1708.4,0.01165708,-1
75573.07074,1708.38,0.00980416,-1
75573.354556,1708.37,0.16786116,1
75573.354556,1708.37,0.4,1
75573.354556,1708.37,0.02057984,1
75574.96864,1708.37,0.192279,1
75574.96864,1708.37,0.4,1
75575.184373,1708.37,0.0042851,1
75575.184373,1708.37,0.00000062,1
75575.882264,1708.36,0.010289,1
75576.61735,1708.32,0.98834292,-1
75576.61735,1708.32,0.01165,-1
75576.981675,1708.33,0.59742707,-1
75576.97451,1708.33,0.005145,1
75577.665359,1708.33,1.09226932,1
75577.665359,1708.33,0.13510068,1
75578.410485,1708.34,0.07217458,-1
75578.617069,1708.34,0.92782542,-1
75578.719362,1708.38,0.97855,-1
75578.719362,1708.38,0.0098,-1
75578.719362,1708.38,0.01165,-1
75580.370209,1708.31,0.00000585,1
75580.35909,1708.32,0.01137591,-1
75580.7472,1708.32,0.0194304,-1
75581.316361,1708.31,0.02897482,-1
75581.833107,1708.31,0.01387894,-1
75582.414692,1708.21,0.32271334,-1
75582.414692,1708.21,0.27728666,-1
75582.785017,1708.21,0.01738489,-1
75585.269285,1708.2,0.03410031,1
75585.269285,1708.2,0.001,1
75585.523095,1708.2,0.06504823,1
75587.896832,1708.07,0.05283521,1
75587.896832,1708.1,0.001,1
75587.896832,1708.11,0.05846696,1
75587.896832,1708.2,0.0007501,1
75587.896832,1708.2,0.03325565,1
75588.695857,1708.11,0.43908179,-1
75588.69538,1708.11,0.43908179,-1
75588.745485,1708.12,0.5,-1
75588.745482,1708.12,0.5,-1
75588.885027,1708.14,0.00275288,-1
75589.105986,1708.14,0.93769764,-1
75589.10546,1708.14,0.06230236,-1
75589.10546,1708.14,0.87539528,-1
75589.273533,1708.2,0.01137,-1
75589.273533,1708.2,0.48862684,-1
75589.273149,1708.2,0.48056685,-1
75589.273149,1708.2,0.01943,-1
75590.588799,1708.23,0.13679744,1
75590.588799,1708.23,0.05846696,1
75590.732262,1708.22,0.56932166,-1
75590.732221,1708.22,0.43067834,-1
75590.732221,1708.22,0.13864332,-1
75590.853954,1708.28,1,-1
75590.842766,1708.23,0.87810189,-1
75591.162472,1708.39,0.14858,1
75591.162472,1708.39,0.31088,1
75591.771191,1708.39,0.14456068,1
75591.771191,1708.39,0.53067832,1
75593.275235,1708.37,0.00555213,-1
75593.538853,1708.46,0.11703933,-1
75593.538655,1708.46,0.11703933,-1
75593.475397,1708.4,0.5005,-1
75593.475277,1708.4,0.4995,-1
75593.475277,1708.4,0.001,-1
75593.421429,1708.36,1,-1
75593.950566,1708.5,0.05452707,-1
75593.950566,1708.5,0.001,-1
75595.287441,1708.5,0.0057941,-1
75595.367528,1708.5,0.00565022,-1
75595.74993,1708.47,0.27762957,-1
75595.947692,1708.48,0.01665638,-1
75596.406788,1708.48,0.04997494,-1
75598.083954,1708.52,0.00277226,-1
75598.083954,1708.52,0.01145,-1
75598.071855,1708.48,0.04998,-1
75598.071855,1708.48,0.01665,-1
75598.071855,1708.48,0.01145,-1
75598.071855,1708.48,0.92191868,-1
75600.742449,1708.46,0.05024316,-1
75604.136846,1708.46,0.05794711,-1
75605.278762,1708.46,0.11105414,-1
75606.023058,1708.46,0.11106,-1
75606.023058,1708.46,0.05794,-1
75606.023058,1708.46,0.3283654,-1
75606.022739,1708.46,0.49736541,-1
75606.016186,1708.46,0.00087799,-1
75606.016036,1708.46,0.00087799,-1
75606.015943,1708.46,0.00087799,-1
75606.015778,1708.46,0.00087799,-1
75606.01577,1708.46,0.00087799,-1
75606.015456,1708.46,0.00087799,-1
75606.146345,1708.59,0.00035068,1
75608.4334,1708.6,0.00326082,-1
75608.4334,1708.6,0.001,-1
75608.71919,1708.6,0.05823515,-1
75608.935105,1708.6,0.00083109,-1
75609.182083,1708.55,0.04633038,1
75609.182083,1708.55,0.1,1
75609.182083,1708.59,0.00000066,1
75609.182025,1708.59,0.0584663,1
75609.182025,1708.59,1.13358081,1
75609.182025,1708.59,0.19281091,1
75609.182025,1708.59,0.00131966,1
75609.182025,1708.59,1.575,1
75609.182025,1708.59,0.53,1
75609.182025,1708.59,0.31052932,1
75609.760958,1708.6,0.00339461,-1
75610.623617,1708.51,0.00347094,-1
75611.511659,1708.5,0.0194296,-1
75611.754834,1708.5,0.03893601,-1
75612.088753,1708.5,0.03053223,-1
75617.030764,1708.48,0.07967084,-1
75617.030764,1708.48,0.06232,-1
75617.030764,1708.48,0.0034,-1
75618.182397,1708.45,0.20831045,-1
75618.182397,1708.41,0.2926304,-1
75618.182397,1708.4,0.216,-1
75618.182397,1708.38,0.09653499,-1
75618.182397,1708.38,0.09653499,-1
75618.396741,1708.39,0.00203231,-1
75618.436494,1708.38,0.20106333,1
75618.680849,1708.3,0.00074813,1
75618.680849,1708.3,0.10636428,1
75618.680849,1708.3,0.01933474,1
75618.680849,1708.3,0.10623664,1
75618.680849,1708.3,0.001,1
75619.068347,1708.21,0.01026735,-1
75620.344946,1708.21,0.015863,-1
75621.609236,1708.21,0.13907099,-1
75622.698245,1708.2,0.00065133,1
75623.79346,1708.22,0.01110257,-1
75624.255445,1708.22,0.017743,-1
75625.409644,1708.22,0.00853099,-1
75625.439678,1708.22,0.27203444,-1
75626.199073,1708.22,0.0579554,-1
75626.562591,1708.22,0.04442282,-1
75628.710954,1708.22,0.00927286,-1
75629.775984,1708.22,0.39422845,-1
75634.934275,1708.21,0.1463516,1
75635.84308,1708.22,0.030193,-1
75636.897305,1708.24,1,-1
75636.897305,1708.22,0.03019,-1
75636.897305,1708.22,0.39423,-1
75636.897305,1708.22,0.00928,-1
75636.897305,1708.22,0.04442,-1
75636.897305,1708.22,0.05795,-1
75636.897305,1708.22,0.28057,-1
75636.897305,1708.22,0.01774,-1
75636.897305,1708.22,0.0111,-1
75636.897305,1708.22,0.15451647,-1
75641.026052,1708.4,0.00275287,-1
75641.30806,1708.4,0.00173841,-1
75641.262288,1708.4,0.22755476,-1
75641.563839,1708.4,0.01448673,-1
75642.954117,1708.39,0.01755454,1
75643.995912,1708.4,0.00069538,-1
75644.528192,1708.4,0.00166331,-1
75644.858563,1708.4,0.07243535,-1
75645.060813,1708.4,0.02897753,-1
75645.347695,1708.4,0.0057949,-1
75647.491956,1708.45,0.00565002,-1
75647.436709,1708.4,0.10719924,-1
75647.436709,1708.4,0.00167,-1
75647.436709,1708.4,0.00069,-1
75647.436709,1708.4,0.24653,-1
75647.436709,1708.4,0.54390076,-1
75647.432849,1708.4,0.1,-1
75651.92392,1708.44,0.08050269,-1
75655.258828,1708.45,0.0501824,1
75656.260681,1708.46,0.00000585,1
75656.249309,1708.46,0.00471184,1
75656.431661,1708.46,0.00746156,-1
75656.908132,1708.37,0.00004019,1
75660.386549,1708.4,0.17695821,-1
75660.386549,1708.39,0.07900392,-1
75662.501502,1708.42,0.01043624,-1
75662.619106,1708.42,0.170984,1
75663.5207,1708.39,0.29142903,1
75663.511406,1708.48,0.47019821,-1
75663.511406,1708.47,0.23420367,-1
75663.511406,1708.46,5.26850343,-1
75663.511406,1708.45,2.54772359,-1
75663.511406,1708.44,0.05846439,-1
75663.511406,1708.4,1.17062287,-1
75663.511406,1708.4,0.216,-1
75663.511406,1708.37,0.03428384,-1
75663.488572,1708.36,0.002644,1
75663.601504,1708.39,0.14571397,1
75663.601504,1708.39,0.29142903,1
75666.161381,1708.59,0.00247694,-1
75666.161381,1708.5,0.001,-1
75667.789444,1708.67,0.01010296,-1
75667.789444,1708.6,0.001,-1
75668.021256,1708.65,0.218572,1
75668.304325,1708.64,0.109286,1
75668.45544,1708.65,0.054643,1
75668.542202,1708.61,0.027321,1
75668.708975,1708.63,0.00682995,1
75668.708975,1708.63,0.00000005,1
75668.705344,1708.66,0.01387869,-1
75668.669602,1708.63,0.00683047,1
75668.669602,1708.63,0.00683053,1
75668.864898,1708.64,0.010354,1
75668.944022,1708.61,0.005177,1
75669.111632,1708.61,0.002589,1
75669.319215,1708.61,0.001294,1
75670.536704,1708.66,0.22710855,-1
75670.66871,1708.63,0.114202,1
75670.907378,1708.66,0.02855,1
75670.877689,1708.62,0.08920883,1
75670.877689,1708.63,0.05710117,1
75670.989003,1708.62,0.057102,1
75671.272551,1708.63,0.014275,1
75671.353352,1708.63,0.007138,1
75671.449611,1708.63,0.003569,1
75671.536914,1708.63,0.001784,1
75672.09464,1708.63,1.46316049,1
75672.09464,1708.63,0.14631092,1
75672.09464,1708.63,0.00089259,1
75673.467629,1708.67,0.00277571,-1
75674.930713,1708.64,0.1922564,1
75674.930713,1708.64,0.4759196,1
75676.359284,1708.63,0.00074762,1
75676.359284,1708.63,0.11575378,1
75676.359284,1708.63,0.4759196,1
75676.3551,1708.64,0.01448504,-1
75677.691468,1708.67,0.24795,1
75678.266774,1708.76,0.003844,1
75678.254103,1708.78,0.92372448,-1
75678.254103,1708.75,0.23407502,-1
75678.254103,1708.7,0.001,-1
75678.396903,1708.73,0.005766,1
75678.70227,1708.73,0.0028828,1
75678.70227,1708.73,0.05846439,1
75678.70227,1708.73,0.00000081,1
75678.980584,1708.73,0.058464,1
75680.279237,1708.72,0.00000585,1
75680.269466,1708.72,0.00437715,1
75680.269466,1708.73,0.00000039,1
75680.536104,1708.73,0.058464,1
75681.098181,1708.73,0.19637961,1
75681.098181,1708.73,0.00000039,1
75681.309493,1708.73,0.05846409,1
75681.309493,1708.73,0.00000091,1
75682.216112,1708.72,0.18804449,1
75682.216112,1708.72,0.4013761,1
75682.212523,1708.72,0.0699997,1
75682.212523,1708.73,0.0000003,1
75682.222334,1708.65,0.00000586,1
75682.344411,1708.67,0.001442,1
75682.510683,1708.67,0.05846399,1
75682.510683,1708.67,0.00072101,1
75682.552281,1708.68,0.00195,1
75682.543314,1708.71,0.00318015,-1
75682.700971,1708.69,0.058464,1
75682.973329,1708.69,0.002334,1
75682.925717,1708.68,0.00369342,1
75682.925717,1708.68,0.00097558,1
75682.918111,1708.71,0.00738776,-1
75683.098965,1708.68,0.001167,1
75683.855999,1708.65,0.1463375,1
75683.855999,1708.67,0.00000039,1
75684.132985,1708.67,0.058464,1
75684.348546,1708.68,0.058464,1
75684.495756,1708.7,0.475517,1
75684.462251,1708.69,0.058464,1
75684.567781,1708.7,0.0584634,1
75684.567781,1708.7,0.0000006,1
75684.680783,1708.71,0.058464,1
75685.998438,1708.73,0.0000117,-1
75686.073715,1708.73,0.03476307,-1
75686.150434,1708.73,0.00191197,-1
75686.682447,1708.7,0.189827,1
75686.634092,1708.71,0.4750352,1
75686.634092,1708.72,0.05846439,1
75686.624876,1708.89,0.82297114,-1
75686.624876,1708.88,4.57103049,-1
75686.624876,1708.87,0.05846439,-1
75686.624876,1708.86,2.48661157,-1
75686.624876,1708.86,0.048,-1
75686.624876,1708.8,0.001,-1
75686.624876,1708.8,0.00032208,-1
75686.624876,1708.79,0.87781412,-1
75686.624876,1708.73,1.13378621,-1
75686.850085,1708.61,0.28665436,1
75686.850085,1708.61,0.03425164,1
75686.990597,1708.55,0.18830861,1
75686.990597,1708.55,0.05846439,1
75687.200546,1708.51,0.058464,1
75687.886001,1708.54,0.058464,1
75688.61897,1708.55,0.026621,1
75688.595747,1708.55,0.05207446,-1
75688.683152,1708.55,0.013311,1
75688.995209,1708.55,0.006655,1
75689.134691,1708.55,0.003328,1
75690.795573,1708.56,0.1555159,1
75690.795573,1708.56,0.0008425,1
75691.233913,1708.5,0.00078862,1
75691.233913,1708.5,0.001,1
75692.848892,1708.47,0.02317524,-1
75694.218655,1708.41,0.0013053,1
75694.231722,1708.41,0.00000585,1
75699.588847,1708.46,0.03187155,-1
75699.561117,1708.46,0.02775658,-1
75699.786035,1708.44,0.08520514,1
75699.786035,1708.45,0.00100861,1
75702.807435,1708.43,0.08692089,-1
75704.498517,1709,0.72092766,-1
75704.498517,1709,0.001,-1
75704.497552,1708.95,0.4749147,-1
75704.496994,1708.95,0.69539819,-1
75704.496994,1708.9,0.001,-1
75704.496994,1708.8,0.001,-1
75704.496994,1708.7,0.001,-1
75706.326597,1709.2,0.01422017,-1
75706.325821,1709.2,0.01538418,-1
75706.325821,1709.2,0.001,-1
75706.325821,1709.1,0.001,-1
75707.141528,1709.2,0.00564986,-1
75707.227112,1709.2,0.02844035,-1
75707.606759,1709.2,0.01387853,-1
75707.623248,1709.2,0.067949,1
75707.802049,1709.18,0.14632804,1
75707.74697,1709.2,0.03397388,1
75707.74697,1709.2,1,1
75707.74697,1709.2,0.00000012,1
75708.439399,1709.09,0.00896928,-1
75709.105615,1709.09,0.00564992,-1
75709.855119,1709.22,0.04606487,1
75711.309787,1709.22,0.04605987,1
75711.309787,1709.22,0.95393513,1
75712.468258,1709.23,0.05846112,-1
75712.560934,1709.3,0.00006926,-1
75713.576858,1709.6,0.18933972,-1
75713.576858,1709.6,0.001,-1
75713.576858,1709.59,0.05846112,-1
75713.576858,1709.54,1.17026394,-1
75713.576858,1709.5,0.001,-1
75713.576858,1709.4,0.001,-1
75713.576858,1709.3,0.00093074,-1
75713.70505,1709.53,0.008494,1
75713.623549,1709.55,0.00106111,1
75713.623549,1709.55,0.00079629,1
75713.623549,1709.55,0.00291974,1
75713.623549,1709.55,0.01220986,1
75714.266528,1709.48,0.00000013,1
75714.266528,1709.48,0.99999,1
75714.252303,1709.52,1,1
75714.369013,1709.32,0.003185,1
75714.338454,1709.34,0.002123,1
75714.522935,1709.34,0.001593,1
75714.595701,1709.34,0.00865876,1
75714.595701,1709.34,0.0007965,1
75714.595701,1709.34,0.00000012,1
75714.930286,1709.41,0.31088,1
75715.004108,1709.42,0.59960168,-1
75716.383949,1709.46,1,1
75719.227388,1709.46,0.00297962,1
75719.486826,1709.47,0.11098787,-1
75719.623296,1709.49,0.300199,1
75719.946242,1709.49,0.15009885,1
75719.946242,1709.49,0.00000015,1
75720.36941,1709.56,0.03752485,1
75720.36941,1709.56,0.00000015,1
75720.320313,1709.56,0.07505,1
75720.753054,1709.55,0.00938035,1
75720.753054,1709.55,0.00000065,1
75720.716665,1709.55,0.018762,1
75721.042454,1709.56,1,1
75722.295839,1709.89,0.29865442,-1
75722.290429,1709.99,0.00087729,-1
75722.28948,1709.99,0.00087729,-1
75722.289292,1709.99,0.00087729,-1
75722.288841,1709.99,0.00087729,-1
75722.287988,1709.99,0.00087729,-1
75722.287473,1709.99,0.00087729,-1
75722.278665,1709.95,0.048,-1
75722.278665,1709.9,1.575,-1
75722.278665,1709.9,0.001,-1
75722.278665,1709.88,0.1553216,-1
75722.278665,1709.82,1.033599,-1
75722.278665,1709.82,0.59230005,-1
75722.278665,1709.82,0.00087755,-1
75722.278665,1709.81,1.103,-1
75722.278665,1709.8,0.001,-1
75722.278665,1709.78,0.88841277,-1
75722.277906,1709.78,0.26688826,-1
75722.277906,1709.72,0.93093481,-1
75722.277707,1709.72,0.59023448,-1
75722.277707,1709.71,0.10203453,-1
75722.277575,1709.71,1.47296547,-1
75722.277575,1709.71,1.00942073,-1
75722.277575,1709.7,0.01098433,-1
75722.277575,1709.7,0.001,-1
75722.277575,1709.68,0.18244284,-1
75722.277575,1709.64,0.10631861,-1
75722.277575,1709.64,0.01149737,-1
75722.277209,1709.54,1.04489962,-1
75722.276794,1709.54,0.125,-1
75722.27358,1709.56,0.71572594,-1
75722.273406,1709.56,0.16072594,-1
75722.273406,1709.53,0.555,-1
75722.268346,1709.54,1.16989962,-1
75722.268346,1709.49,0.05846112,-1
75722.268346,1709.49,0.17331963,-1
75722.267948,1709.49,1.40168037,-1
75722.485322,1709.89,0.05849475,1
75722.527159,1709.8,4.50193146,1
75722.527159,1709.81,1.27013446,1
75722.527159,1709.81,2.44899405,1
75722.513644,1709.88,1,1
75722.513644,1709.89,1.16951443,1
75722.513644,1709.89,0.05846112,1
75722.513644,1709.89,0.25238525,1
75722.882302,1709.7,0.00206817,-1
75727.33068,1709.9,0.001,-1
75727.33068,1709.9,0.25,-1
75727.33068,1709.8,0.25,-1
75727.33068,1709.79,0.87730072,-1
75727.33068,1709.73,1.0670663,-1
75727.33068,1709.73,0.528,-1
75727.892783,1709.91,0.16940768,-1
75727.892783,1709.91,1.16957994,-1
75727.892783,1709.91,0.4,-1
75728.493877,1709.9,1.092205,1
75728.483279,1709.9,3.67986948,1
75728.4823,1709.9,1.63248101,1
75728.4823,1709.94,1,1
75728.4823,1709.96,1,1
75728.600649,1709.82,0.23600597,1
75728.596643,1709.82,0.34548276,1
75728.596643,1709.85,0.00225116,1
75728.526444,1709.9,0.62207749,1
75728.783716,1709.6,0.23376097,1
75728.783716,1709.6,0.263,1
75728.783716,1709.6,0.001,1
75728.783716,1709.7,0.001,1
75731.337718,1709.75,0.02894889,-1
75731.873331,1709.75,0.01108879,-1
75732.131876,1709.69,0.14624074,1
75732.131876,1709.72,1,1
75732.131852,1709.73,0.69622333,1
75732.131669,1709.74,0.23279349,1
75732.131669,1709.74,0.00366151,1
75732.131669,1709.74,1,1
75732.131669,1709.74,0.00366151,1
75732.688833,1709.86,0.02795228,-1
75732.688833,1709.8,0.001,-1
75732.937719,1709.8,0.00043228,1
75732.937719,1709.8,0.00366151,1
75733.696782,1709.81,0.06079907,-1
75734.637881,1709.8,0.12824916,1
75734.795487,1709.81,0.00887801,-1
75735.308631,1709.81,0.06631277,-1
75735.308631,1709.81,0.04958311,-1
75739.090713,1709.78,1,1
75739.090713,1709.8,0.12868,1
75739.090713,1709.8,0.26660551,1
75739.090713,1709.8,0.87131856,1
75739.398302,1709.6,0.32864951,1
75739.398302,1709.6,0.001,1
75739.762343,1709.58,1,1
75739.762343,1709.6,0.32864,1
75739.762343,1709.6,0.21322269,1
75739.762343,1709.6,0.67135049,1
75740.499899,1709.48,1,1
75740.499899,1709.5,1,1
75740.499899,1709.5,0.001,1
75741.601417,1709.41,0.01109503,-1
75745.380151,1709.4,0.05749989,1
75745.380151,1709.4,0.001,1
75746.60472,1709.38,1,1
75746.60331,1709.4,0.0007514,1
75746.60331,1709.4,1,1
75746.60331,1709.4,0.11102043,1
75746.76289,1709.2,0.00000001,1
75746.760871,1709.2,0.04999999,1
75746.760871,1709.2,0.001,1
75746.760871,1709.3,0.001,1
75746.740645,1709.31,0.00001169,-1
75747.113037,1709,0.05,1
75747.113037,1709,0.001,1
75747.113037,1709.08,0.16920985,1
75747.019815,1709.08,0.83079015,1
75747.019815,1709.1,1,1
75747.019815,1709.1,0.001,1
75747.521893,1708.8,5,1
75747.521893,1708.8,0.05,1
75747.521893,1708.8,0.001,1
75747.521646,1708.88,0.80755149,1
75747.521232,1708.88,0.19244851,1
75747.521232,1708.9,1,1
75747.521232,1708.9,0.001,1
75747.685937,1708.72,0.95307899,-1
75747.685557,1708.72,1.04692101,1
75747.682347,1708.73,0.57491047,-1
75747.682347,1708.73,0.04705185,-1
75747.682297,1708.73,0.83079309,-1
75747.682297,1708.72,0.59816923,-1
75747.729796,1708.92,0.14954231,-1
75747.728776,1708.93,0.1594878,-1
75747.728776,1708.92,0.14954231,-1
75747.719448,1708.94,0.03879378,-1
75748.183265,1709.15,0.018,-1
75748.309674,1709.19,1.69177002,-1
75748.313044,1709.19,0.30822998,-1
75751.098761,1709.19,0.00016885,1
75751.928037,1709.39,0.11484977,-1
75751.928037,1709.2,0.001,-1
75753.185536,1709.34,0.475028,1
75753.877025,1709.31,0.00238409,1
75754.240955,1709.31,0.03929254,-1
75755.209659,1709.28,0.00083951,1
75755.209659,1709.28,0.47757407,1
75756.382844,1709.17,0.058461,1
75756.933336,1709.18,0.484858,1
75757.350626,1709.1,0.0778501,1
75757.350616,1709.1,0.0768501,1
75757.350616,1709.1,0.001,1
75758.436723,1709,0.4435933,1
75758.436723,1709,0.001,1
75758.433144,1709.01,0.08527663,-1
75759.616478,1708.9,0.536529,1
75759.616478,1708.9,0.001,1
75761.131913,1708.82,0.5916022,-1
75763.309588,1709.08,0.00289674,-1
75765.345288,1709.09,0.08038817,-1
75765.345288,1709.08,0.05556438,-1
75765.986583,1709.07,0.14628429,1
75765.986583,1709.07,0.49374876,1
75765.986583,1709.07,0.23505197,1
75765.986583,1709.07,0.23505198,1
75766.539495,1709.06,0.64180761,1
75766.539495,1709.06,0.24463932,1
75766.539495,1709.07,0.00000009,1
75767.344737,1709.07,0.05248455,1
75768.653788,1709.1,0.01122072,-1
75768.653788,1709.1,0.001,-1
75769.590591,1709.15,0.12839,1
75769.6758,1709.13,0.235051,1
75769.747474,1709.15,0.117526,1
75770.035713,1709.19,0.14481391,-1
75771.132498,1709.31,0.08124531,-1
75771.132498,1709.3,0.001,-1
75771.132498,1709.2,0.001,-1
75771.518107,1709.25,0.0585105,1
75771.72595,1709.32,1.16050969,-1
75771.72595,1709.29,0.87755734,-1
75771.72595,1709.28,0.02925525,-1
75771.72595,1709.28,0.41006656,-1
75771.870576,1709.3,0.380339,1
75771.964975,1709.3,0.190169,1
75773.16739,1709.29,0.00099198,1
75773.16739,1709.29,0.14628438,1
75773.16739,1709.29,0.48696864,1
75773.574115,1709.3,0.0110986,-1
75774.215001,1709.29,0.14627236,1
75774.215001,1709.29,0.48696864,1
75776.981563,1709.3,0.095085,1
75776.972795,1709.3,0.11099631,-1
75777.017155,1709.3,0.047542,1
75777.20506,1709.35,0.008914,1
75777.176672,1709.33,0.017829,1
75777.132728,1709.31,0.011885,1
75777.274435,1709.38,0.008914,1
75777.338363,1709.37,0.146272,1
75777.532028,1709.38,0.0416236,-1
75777.978698,1709.35,0.012634,1
75778.024546,1709.34,0.146272,1
75778.296172,1709.31,0.00947561,1
75778.296172,1709.31,0.00000039,1
75778.236073,1709.31,0.018952,1
75778.412091,1709.31,0.002369,1
75778.354329,1709.32,0.004738,1
75778.458317,1709.32,0.001184,1
75778.961296,1709.3,0.19525,1
75778.961296,1709.3,0.29,1
75779.996511,1709.3,0.451804,1
75781.475505,1709.19,0.00087762,-1
75781.475405,1709.19,0.00087762,-1
75781.475277,1709.19,0.00087762,-1
75781.47524,1709.19,0.00087762,-1
75781.475086,1709.19,0.00087762,-1
75781.474935,1709.19,0.00087762,-1
75781.882045,1709.23,0.301536,1
75782.006132,1709.22,0.03329731,-1
75782.304623,1709.21,0.57916743,-1
75782.586,1709.23,0.290176,1
75784.021999,1709.22,0.220399,1
75784.474366,1709.22,0.145088,1
75785.30574,1709.23,0.02374587,-1
75785.277495,1709.22,0.145088,1
75785.597946,1709.22,0.084417,1
75785.567944,1709.22,0.02667253,1
75785.567944,1709.22,0.00077896,1
75785.976124,1709.22,0.042209,1
75786.683731,1709.23,0.021104,1
75786.999645,1709.22,0.235141,1
75787.229276,1709.35,0.35621483,-1
75787.229276,1709.3,0.29,-1
75787.229276,1709.29,0.05846112,-1
75787.229276,1709.24,0.87758301,-1
75787.229276,1709.23,0.61405581,-1
75787.229276,1709.23,0.58944745,-1
75787.997946,1709.24,0.251891,1
75787.991293,1709.24,0.00717291,1
75788.77808,1709.21,0.30796378,1
75789.012713,1709.16,0.058461,1
75790.473863,1709.25,0.04994541,-1
75792.131381,1709.24,0.27664434,1
75792.131381,1709.24,1.07665366,1
75794.981882,1709.28,0.244293,1
75795.132597,1709.29,0.05549394,-1
75798.666756,1709.27,0.00074986,1
75798.666756,1709.27,0.22220836,1
75798.666756,1709.27,0.32943678,1
75798.747781,1709.27,0.222208,1
75799.055861,1709.11,0.058461,1
75799.287847,1709.14,0.14288393,1
75799.556788,1709,0.001,1
75799.553241,1709.1,0.00000001,1
75799.553045,1709.1,0.18764622,1
75799.553045,1709.1,0.001,1
75799.779234,1708.9,0.216523,1
75799.779234,1708.9,0.001,1
75799.853282,1708.91,0.00101361,-1
75800.311875,1708.81,0.001929,1
75802.227376,1708.81,0.07213531,-1
75802.352098,1708.8,0.553377,1
75802.352098,1708.8,0.001,1
75803.551516,1708.72,0.02774363,-1
75806.496108,1708.88,0.164718,1
75806.775928,1708.85,0.00710846,-1
75807.211809,1708.89,0.87776275,-1
75807.470613,1709,0.0000117,-1
75809.501358,1709,0.00015925,-1
75809.601963,1708.99,0.05851392,1
75811.574614,1708.99,0.0007504,1
75811.574614,1708.99,0.9715859,1
75811.574614,1708.99,1.1741072,1
75811.574614,1708.99,1.00478568,1
75811.574614,1708.99,0.11568682,1
75812.864183,1708.99,0.11820806,1
75822.073632,1709,0.00038363,-1
75824.110429,1708.98,0.085913,1
75824.15552,1708.98,0.04295638,1
75824.15552,1708.98,0.00000062,1
75824.767215,1708.95,0.010739,1
75826.495092,1708.98,0.00089851,1
75826.495092,1708.98,0.23107549,1
75826.468571,1708.99,0.0149028,1
75826.605357,1708.96,0.008657,1
75826.774747,1708.95,0.002164,1
75826.731507,1708.98,0.004329,1
75828.991333,1708.99,1.46285228,1
75828.991333,1708.99,0.00108272,1
75832.64203,1708.96,0.00000585,1
75833.35698,1708.92,0.00004493,1
75833.35698,1708.92,0.05846112,1
75834.15263,1708.96,0.005464,1
75834.14401,1708.98,0.00984539,-1
75834.262805,1708.97,0.002732,1
75834.223862,1708.96,0.00273195,1
75834.223862,1708.96,0.00000005,1
75835.06841,1708.97,0.300832,1
75835.146006,1708.93,0.27489783,1
75835.146006,1708.94,0.29938713,1
75835.146006,1708.94,0.05846112,1
75837.016456,1708.99,1.09875254,1
75837.016456,1708.99,1.575,1
75837.016456,1708.99,1.15707498,1
75837.016456,1708.99,0.24535448,1
75847.972769,1708.98,0.00102226,1
75847.972769,1708.98,0.16455586,1
75848.486088,1708.72,0.01942302,-1
75850.153495,1708.72,0.02843072,-1
75850.661016,1708.7,0.09904347,1
75850.661016,1708.7,0.001,1
75850.661016,1708.71,0.01421541,1
75851.125241,1708.73,0.00569283,-1
75851.688349,1708.89,0.03975582,-1
75852.526667,1708.87,0.02941632,-1
75853.150212,1708.86,0.05846112,-1
75853.150212,1708.83,0.55830621,-1
75855.425698,1708.89,0.00074982,1
75855.789239,1708.89,0.08021112,1
75855.789239,1708.89,0.16042344,1
75855.789239,1708.89,0.00000044,1
75855.735645,1708.89,0.160423,1
75856.59758,1708.83,0.22465,1
75857.568698,1708.71,0.234603,1
75857.947463,1708.81,0.23880723,-1
75857.947463,1708.81,0.05846112,-1
75857.947463,1708.79,1.17023165,-1
75857.943255,1708.78,0.00087786,-1
75857.936704,1708.67,0.87787577,-1
75857.936704,1708.66,0.23984105,-1
75857.936704,1708.66,0.23984106,-1
75858.059813,1708.87,0.01012319,1
75858.237095,1708.87,0.00000585,1
75858.225057,1708.87,0.03936519,1
75858.387387,1708.87,0.05851991,1
75860.268952,1708.87,0.00000585,1
75860.256858,1708.87,0.00173213,1
75860.885594,1708.87,0.157551,1
75860.857439,1708.87,0.02550462,1
75860.857439,1708.87,0.00506159,1
75860.857439,1708.87,0.25084575,1
75861.034473,1708.86,0.177768,1
75861.445423,1708.83,0.088884,1
75862.120922,1708.85,0.00289649,-1
75862.129866,1708.84,0.090332,1
75862.662609,1708.88,0.045166,1
75863.35788,1708.88,0.19294807,1
75863.35788,1708.88,1.07891593,1
75866.719256,1708.85,0.01960488,-1
75868.046627,1708.86,0.00579354,-1
75868.345954,1708.86,0.0000117,-1
75870.001559,1708.83,0.054968,1
75870.195221,1708.81,0.0008727,1
75870.195221,1708.81,0.3969403,1
75870.411048,1708.63,0.01374159,1
75870.411048,1708.63,0.01374241,1
75870.995753,1708.61,0.013742,1
75871.086856,1708.62,0.006871,1
75871.201789,1708.63,0.001718,1
75871.172955,1708.62,0.00343518,1
75871.172955,1708.62,0.00000082,1
75874.326292,1708.65,0.036704,-1
75874.73325,1708.64,1.3960347,1
75874.73325,1708.64,1.10343665,1
75874.73325,1708.64,1.575,1
75874.73325,1708.64,0.19617433,1
75874.73325,1708.64,0.00085932,1
75877.702983,1708.69,0.01421859,-1
75878.090758,1708.69,0.8636469,-1
75884.779474,1708.99,0.08654883,-1
75884.779474,1708.9,0.001,-1
75888.429664,1708.89,0.00089972,1
75888.429664,1708.89,0.45164729,1
75888.641922,1708.48,2.25329723,1
75888.641922,1708.49,0.07018194,1
75888.641922,1708.5,0.001,1
75888.641922,1708.56,0.03509097,1
75888.641922,1708.57,0.5,1
75888.641922,1708.6,0.001,1
75888.641922,1708.7,0.30652454,1
75888.641922,1708.7,0.001,1
75888.78835,1708.49,0.00564817,-1
75888.991247,1708.55,0.05686311,-1
75888.974842,1708.55,0.1421577,-1
75889.439792,1708.54,0.01158613,-1
75889.552119,1708.54,0.0056483,-1
75889.547767,1708.54,0.00289657,-1
75891.003309,1708.44,0.18499149,1
75891.003309,1708.44,1.17036176,1
75891.003309,1708.45,0.1536,1
75891.003309,1708.46,0.05846112,1
75891.003309,1708.59,0.35494911,1
75891.003309,1708.59,0.14629037,1
75891.272242,1708.49,0.00057932,-1
75891.523558,1708.5,0.02774878,-1
75891.653075,1708.49,0.05851991,1
75892.071466,1708.49,0.01448224,-1
75892.880572,1708.45,0.01421635,-1
75893.446551,1708.45,0.01448249,-1
75893.62924,1708.56,0.05846112,-1
75893.62924,1708.55,0.48259676,-1
75895.26186,1708.8,0.00752744,-1
75895.26186,1708.7,0.001,-1
75898.229336,1708.68,0.01158599,-1
75900.957214,1708.78,0.182247,1
75900.937994,1708.65,0.01358578,1
75900.937994,1708.79,0.00089926,1
75901.087505,1708.72,0.13668545,1
75901.087505,1708.72,0.13668555,1
75902.005173,1708.75,0.0579194,1
75902.784201,1708.75,0.107725,1
75903.247272,1708.73,0.053863,1
75903.443978,1708.72,0.01346504,1
75903.443978,1708.73,0.01346596,1
75903.661545,1708.71,0.013466,1
75903.767623,1708.73,0.006733,1
75903.919981,1708.72,0.00168209,1
75903.919981,1708.72,0.00000091,1
75903.87966,1708.72,0.003366,1
75904.21125,1708.71,0.36150596,1
75904.21125,1708.72,0.00084241,1
75906.253227,1708.67,0.324773,1
75906.50181,1708.65,0.02725297,-1
75907.219621,1708.69,0.00115861,-1
75907.413402,1708.7,0.01419467,-1
75907.428031,1708.7,0.05828335,-1
75907.630572,1708.7,0.05800695,-1
75909.952779,1708.64,0.321121,1
75910.650037,1708.82,1.16994052,-1
75910.650037,1708.8,0.275,-1
75910.650037,1708.8,0.001,-1
75910.650037,1708.79,0.05846112,-1
75910.650037,1708.7,0.13051503,-1
75911.118656,1708.58,0.058461,1
75911.085644,1708.59,0.228098,1
75911.393672,1708.59,0.05846049,1
75911.393672,1708.59,0.00100051,1
75912.233929,1708.64,0.200171,1
75914.78396,1708.65,0.003397,1
75914.77582,1708.67,0.00579408,-1
75914.878243,1708.65,0.00169771,1
75914.878243,1708.65,0.00000029,1
75915.213181,1708.65,0.007363,1
75915.183904,1708.64,0.01387621,1
75915.183904,1708.64,0.00084979,1
75915.176336,1708.66,0.02775268,-1
75915.27137,1708.64,0.003681,1
75915.339478,1708.64,0.00184037,1
75915.339478,1708.64,0.00000063,1
75916.327745,1708.63,0.17219375,1
75916.327745,1708.63,0.00087025,1
75916.893652,1708.58,0.22887125,1
75916.893652,1708.58,0.05846112,1
75916.893652,1708.58,0.00092063,1
75917.611907,1708.59,0.058461,1
75919.302803,1708.65,0.05794217,-1
75919.783495,1708.55,1.46382368,1
75919.783495,1708.56,0.74925372,1
75919.783495,1708.58,1.17044265,1
75919.783495,1708.6,1.27817838,1
75919.783495,1708.61,1.46182675,1
75919.783495,1708.61,0.05846112,1
75919.783495,1708.63,0.16335252,1
75919.783495,1708.63,1.575,1
75920.317535,1708.59,0.058461,1
75921.927478,1708.65,0.01085464,-1
75921.927478,1708.65,0.00051895,-1
75922.984029,1708.6,0.058461,1
75923.106147,1708.59,0.058461,1
75924.289895,1708.6,0.058461,1
75924.388002,1708.58,0.00000573,1
75924.388002,1708.6,0.00000012,1
75924.596205,1708.6,0.058461,1
75924.946544,1708.6,1.57499988,1
75924.946544,1708.6,0.00000012,1
75925.526521,1708.61,0.02883203,-1
75926.117549,1708.61,0.11587284,-1
75927.452709,1708.61,0.10419311,-1
75928.496689,1708.61,0.03981184,-1
75929.116267,1708.61,0.0000117,-1
75929.43912,1708.61,0.00579418,-1
75933.430564,1708.61,0.04483771,-1
75934.61839,1708.63,0.02781788,-1
75934.626804,1708.61,0.014369,1
75935.087969,1708.6,0.00074964,1
75935.087969,1708.6,0.20242036,1
75936.69233,1708.58,0.194972,1
75936.830836,1708.57,0.058461,1
75937.362459,1708.58,0.007184,1
75937.774154,1708.55,0.003592,1
75938.64502,1708.55,0.001796,1
75938.816753,1708.53,0.00525574,1
75938.783385,1708.55,0.16570498,1
75943.597034,1708.55,0.058461,1
75943.721414,1708.59,0.058461,1
75945.398431,1708.64,0.00096141,1
75945.398431,1708.64,0.14313462,1
75945.398431,1708.64,1.03458921,1
75945.398431,1708.64,0.00089876,1
75947.675937,1708.6,0.00555099,-1
75948.996939,1708.63,0.02683787,-1
75949.024119,1708.6,0.013868,1
75949.530085,1708.6,0.006934,1
75951.197281,1708.6,0.15539574,1
75951.228805,1708.51,0.15532088,1
75951.228805,1708.51,0.05846112,1
75953.260318,1708.51,0.00506994,-1
75953.423575,1708.51,0.00173244,-1
75955.302169,1708.51,0.05794217,-1
75955.905471,1708.51,0.05687604,-1
75956.456322,1708.61,0.003467,1
75956.688624,1708.6,0.01508519,1
75956.688624,1708.6,0.00000081,1
75956.676225,1708.63,0.02843752,-1
75956.625759,1708.6,0.001733,1
75956.85419,1708.61,0.007543,1
75956.850362,1708.63,0.00564936,-1
75956.931882,1708.61,0.00377125,1
75956.931882,1708.61,0.00282468,1
75956.931882,1708.61,0.00000007,1
75957.108254,1708.62,0.003298,1
75957.206616,1708.6,0.00082425,1
75957.206616,1708.6,0.00082475,1
75958.130846,1708.79,1.45330266,-1
75958.130846,1708.78,2.59074317,-1
75958.130846,1708.7,0.261,-1
75958.130846,1708.68,0.87787327,-1
75958.130846,1708.67,0.05846112,-1
75958.130846,1708.64,0.59917524,-1
75958.429721,1708.71,0.13925363,1
75958.429721,1708.71,0.30041237,1
75958.699906,1708.66,0.150206,1
75959.104084,1708.66,0.02775576,-1
75959.45556,1708.63,0.088981,1
75960.76594,1708.77,0.04449,1
75960.840604,1708.72,0.022245,1
75961.716352,1708.75,0.05687471,-1
75963.21596,1708.67,0.12533085,1
75963.21596,1708.67,0.00104915,1
75963.251547,1708.68,0.03956,1
75963.530849,1708.87,0.26832401,-1
75963.530849,1708.82,1.1704504,-1
75963.530849,1708.8,0.261,-1
75963.530849,1708.8,0.001,-1
75963.530849,1708.79,0.05846112,-1
75963.530849,1708.73,0.87784494,-1
75963.530849,1708.7,1.03499477,-1
75963.530849,1708.7,0.58021956,-1
75964.277975,1708.69,0.00519147,-1
75964.939401,1708.68,0.312485,1
75968.067987,1708.7,0.11964756,1
75968.067987,1708.7,0.15624344,1
75968.439698,1708.66,0.10360147,1
75968.439698,1708.66,0.4,1
75970.805374,1708.61,0.078121,1
75971.991266,1708.61,1.45271589,1
75971.991266,1708.62,1.467044,1
75971.991266,1708.62,0.4,1
75971.991266,1708.63,1.3959152,1
75971.991266,1708.63,0.4,1
75971.991266,1708.71,0.58421383,1
75971.991266,1708.71,0.01464796,1
75971.991266,1708.71,0.00488265,1
75971.991266,1708.71,0.01953061,1
75971.991266,1708.71,0.10160532,1
75972.083392,1708.65,0.0097644,1
75972.083392,1708.65,0.0000006,1
75972.012147,1708.65,0.01953,1
75972.22764,1708.66,0.004883,1
75972.39686,1708.67,0.002441,1
75972.350246,1708.66,0.101517,1
75972.801905,1708.65,0.001221,1
75976.759127,1708.62,2.20293419,1
75976.759127,1708.62,1.46708692,1
75976.759127,1708.63,0.00075275,1
75976.759127,1708.63,0.41555144,1
75976.759127,1708.63,1.46315198,1
75976.759127,1708.69,0.0006106,1
75976.999754,1708.61,0.258649,1
75977.277516,1708.63,0.006307,1
75977.269111,1708.67,0.01200379,-1
75977.792962,1708.63,0.003153,1
75977.939396,1708.64,0.00852884,-1
75978.517024,1708.69,0.00344179,-1
75978.455741,1708.65,0.001577,1
75978.525852,1708.65,0.0017203,1
75978.525852,1708.65,0.0007885,1
75978.525852,1708.65,0.0000002,1
75979.405246,1708.66,0.001255,1
75979.457054,1708.71,0.87785522,-1
75979.455931,1708.68,0.05846112,-1
75979.455931,1708.67,0.59905864,-1
75979.45084,1708.66,0.164933,1
75981.000452,1708.79,0.18302708,1
75981.000452,1708.79,0.30015692,1
75981.613885,1708.76,0.01448453,-1
75981.621134,1708.75,0.184515,1
75983.900165,1708.77,0.13319654,1
75983.900165,1708.77,0.15007846,1
75984.38392,1708.73,0.00000585,1
75985.015038,1708.71,0.133435,1
75985.57313,1708.59,1.1703351,1
75985.570267,1708.61,0.49011938,1
75985.570267,1708.62,0.15523811,1
75985.570267,1708.62,0.05846112,1
75985.641268,1708.51,0.00057935,-1
75985.727938,1708.5,0.12744,1
75985.727938,1708.5,0.001,1
75988.742435,1708.41,0.075039,1
75989.158693,1708.41,0.0000117,-1
75990.153024,1708.4,0.00074956,1
75990.153024,1708.4,0.39676244,1
75990.153024,1708.4,0.001,1
75994.142266,1708.31,0.01738225,-1
75996.361352,1708.3,0.00000585,1
75996.820108,1708.31,0.046216,1
75997.192207,1708.31,0.011554,1
75997.132934,1708.31,0.023108,1
75999.925835,1708.31,0.05817375,1
75999.925835,1708.31,0.0000007,1
76000.636985,1708.32,0.02553945,-1
76000.924382,1708.32,0.11377139,-1
76001.343722,1708.57,2.09638445,-1
76001.343722,1708.57,0.16680095,-1
76001.343722,1708.57,0.14633147,-1
76001.342987,1708.53,0.78242388,-1
76001.342874,1708.53,0.38826007,-1
76001.338349,1708.44,0.87799626,-1
76001.338349,1708.41,0.05846112,-1
76001.338349,1708.41,0.14633147,-1
76001.337192,1708.34,1,-1
76001.337192,1708.32,0.13931,-1
76001.337192,1708.32,0.86068916,-1
76001.649275,1708.61,0.328497,1
76001.649275,1708.64,0.001,1
76001.648444,1708.62,1,-1
76001.645203,1708.6,1,-1
76001.645203,1708.6,0.001,-1
76001.729333,1708.68,0.00288832,1
76001.729333,1708.68,0.00288868,1
76001.957556,1708.67,0.002888,1
76002.087107,1708.65,0.020583,-1
76002.502801,1708.65,0.011736,1
76003.294644,1708.65,0.005868,1
76003.39549,1708.65,0.00293365,1
76003.39549,1708.65,0.00000035,1
76003.917231,1708.65,0.001467,1
76005.49745,1708.65,0.00524177,1
76005.49745,1708.65,0.00073385,1
76005.611849,1708.64,0.146339,1
76006.377885,1708.58,0.058461,1
76006.941066,1708.58,0.001139,1
76007.518649,1708.5,0.058461,1
76009.203859,1708.5,0.01159033,-1
76010.041413,1708.49,0.26616288,1
76010.041413,1708.49,0.05846112,1
76010.134451,1708.5,0.11102555,-1
76010.50223,1708.41,0.0111014,-1
76010.511974,1708.41,0.0555235,-1
76011.913784,1708.3,0.00099985,1
76011.913784,1708.3,0.00099415,1
76011.9044,1708.4,0.14615884,1
76011.9044,1708.4,0.001,1
76013.022809,1708.31,0.14766131,-1
76013.258928,1708.31,0.00564969,-1
76013.227021,1708.31,0.00289728,-1
76014.399695,1708.3,0.24338185,1
76014.399695,1708.3,0.00000015,1
76016.297481,1708.28,0.78226514,-1
76016.376332,1708.28,0.00275256,-1
76018.467743,1708.25,0.40948668,1
76018.467743,1708.25,0.1,1
76018.467743,1708.27,0.05845406,1
76018.467743,1708.27,0.22185973,1
76018.467743,1708.27,0.84166963,1
76018.467743,1708.27,0.75415084,1
76018.982789,1708.28,0.00333189,-1
76019.510507,1708.3,0.4390067,-1
76019.510507,1708.28,0.00333,-1
76019.510507,1708.28,0.78501,-1
76019.510507,1708.28,0.21165041,-1
76019.571786,1708.48,0.033679,1
76019.517248,1708.3,0.4383833,-1
76019.703783,1708.45,0.00841888,1
76019.703783,1708.45,0.00842012,1
76020.522802,1708.43,0.00842,1
76023.72176,1708.42,0.00083787,1
76023.72176,1708.42,0.22306713,1
76026.438633,1708.35,0.048453,-1
76027.584221,1708.39,0.0166557,-1
76028.385827,1708.37,0.01655321,1
76029.056216,1708.42,0.01268466,-1
76046.216005,1708.4,2.96971427,1
76046.216005,1708.41,1.4374111,1
76046.216005,1708.44,0.14632376,1
76046.216005,1708.44,0.2,1
76046.216005,1708.44,0.1,1
76046.216005,1708.45,0.05845406,1
76046.216005,1708.49,0.11218275,1
76046.216005,1708.49,0.00087156,1
76046.47368,1708.48,0.0144846,-1
76049.797739,1708.57,0.0000117,-1
76049.736846,1708.59,0.00184506,-1
76049.736846,1708.5,0.001,-1
76054.259516,1708.61,0.26617057,-1
76054.259516,1708.6,0.001,-1
76054.259516,1708.57,0.05845406,-1
76054.259516,1708.57,0.55792138,-1
76055.645719,1708.55,0.0023106,-1
76056.702742,1708.53,0.00001971,-1
76057.088648,1708.52,0.00042665,1
76058.614395,1708.53,0.05794223,-1
76062.831918,1708.58,0.03382223,-1
76063.78499,1708.59,0.02220422,-1
76068.397532,1708.67,0.05257507,-1
76068.397532,1708.67,0.05845406,-1
76072.259811,1708.66,0.00000585,1
76072.248641,1708.66,0.00905387,1
76074.410382,1708.67,0.04441034,-1
76076.406069,1708.67,0.01439313,-1
76076.406069,1708.67,0.01404372,-1
76076.532297,1708.67,0.05687338,-1
76077.400265,1708.67,0.1448495,-1
76077.353107,1708.67,0.00555063,-1
76078.089751,1708.67,0.01421843,-1
76078.278712,1708.64,0.65545908,-1
76078.238025,1708.63,0.00000585,1
76078.22776,1708.63,0.00496185,1
76078.22776,1708.66,0.00206877,1
76078.22776,1708.66,0.16145237,1
76078.616016,1708.64,0.00015213,-1
76079.421755,1708.64,0.00111244,-1
76080.452098,1708.64,0.00043455,-1
76080.661035,1708.63,0.01714209,1
76082.004871,1708.64,0.12490083,-1
76082.078281,1708.64,0.01448495,-1
76082.858562,1708.62,0.00564913,-1
76086.504403,1708.69,0.02955584,1
76087.162961,1708.74,2.6289291,-1
76087.162961,1708.7,0.001,-1
76091.033105,1708.75,0.03476248,-1
76091.665744,1708.75,0.2,-1
76092.353162,1708.75,0.06661417,-1
76092.871082,1708.75,0.41901788,-1
76094.180135,1708.8,0.001,-1
76094.179625,1708.75,3.61062406,-1
76094.179621,1708.75,1.09327277,-1
76094.179617,1708.75,1.76379605,-1
76094.179558,1708.75,2.32320005,-1
76094.179442,1708.75,2.27771089,-1
76094.179402,1708.75,2.2043265,-1
76094.17927,1708.75,2.28036066,-1
76094.179008,1708.75,0.38603576,-1
76094.17866,1708.75,0.60436066,-1
76095.593224,1709.14,0.00220371,-1
76095.593224,1709.1,0.001,-1
76095.593224,1709,0.001,-1
76095.593224,1709,0.00044542,-1
76095.593224,1708.9,0.001,-1
76096.009603,1709.18,0.0595037,-1
76096.009603,1709.1,0.001,-1
76102.842297,1709.19,0.00868787,-1
76102.837776,1709.19,0.00577053,-1
76103.739093,1709.17,0.00555037,-1
76107.376453,1709.17,0.2316749,-1
76107.45883,1709,0.41534936,1
76107.45883,1709,0.5,1
76107.45883,1709,0.286,1
76107.45883,1709.01,1.11596738,1
76107.45883,1709.05,0.14630235,1
76107.45883,1709.06,0.0584512,1
76107.45883,1709.16,0.14626469,1
76107.45883,1709.16,0.00194632,1
76107.45883,1709.16,0.59332837,1
76108.229977,1709.15,0.00342275,-1
76110.043198,1709.13,0.00107158,-1
76110.72513,1709.16,0.00001169,-1
76116.006651,1709.19,0.058053,-1
76117.16636,1709.24,0.03507435,-1
76117.16636,1709.2,0.001,-1
76117.408204,1709.61,1.00744934,-1
76117.408204,1709.6,0.001,-1
76117.408204,1709.59,1.575,-1
76117.408204,1709.58,4.56027011,-1
76117.408204,1709.57,1.75415003,-1
76117.408204,1709.56,5.36503158,-1
76117.405645,1709.56,2.0103375,-1
76117.405645,1709.55,1.186,-1
76117.405645,1709.53,5.26850343,-1
76117.405645,1709.52,3.85333855,-1
76117.405645,1709.51,0.096,-1
76117.405645,1709.5,0.001,-1
76117.405645,1709.44,0.00087776,-1
76117.405645,1709.43,3.52422849,-1
76117.405462,1709.43,1.74427494,-1
76117.405462,1709.42,0.17925198,-1
76117.405462,1709.42,1.75415003,-1
76117.405462,1709.41,0.4,-1
76117.405462,1709.4,0.286,-1
76117.405462,1709.4,0.048,-1
76117.405462,1709.4,0.001,-1
76117.405462,1709.38,1.52105194,-1
76117.405462,1709.36,2.06627111,-1
76117.405203,1709.36,3.20223232,-1
76117.405203,1709.31,0.87755199,-1
76117.405203,1709.3,0.68417312,-1
76117.405203,1709.3,0.286,-1
76117.405203,1709.3,0.001,-1
76117.405203,1709.26,1.17014028,-1
76117.405203,1709.22,0.05843699,-1
76117.405203,1709.21,0.07273265,-1
76117.405203,1709.21,1.575,-1
76117.405203,1709.21,0.07273265,-1
76117.345713,1709.19,0.07107134,-1
76118.984504,1709.34,0.16257257,-1
76118.984504,1709.34,1.575,-1
76121.290179,1709.34,0.00221842,-1
76122.148263,1709.55,0.26948091,-1
76122.148263,1709.51,1.368,-1
76122.148263,1709.5,1.52102674,-1
76122.148263,1709.5,0.286,-1
76122.148263,1709.48,0.08505428,-1
76122.148263,1709.46,0.19130414,-1
76122.148263,1709.37,0.87751627,-1
76122.148263,1709.34,1.17007152,-1
76122.148263,1709.34,1.01015953,-1
76122.148263,1709.34,0.05843699,-1
76122.148263,1709.34,1.16294962,-1
76124.879478,1709.35,0.02497025,-1
76129.697602,1709.35,0.02774229,-1
76134.363738,1709.35,0.05843699,-1
76134.363738,1709.35,1.11735898,-1
76134.786592,1709.56,0.00556112,-1
76134.786592,1709.48,0.06804439,-1
76134.786592,1709.48,0.01059142,-1
76135.051658,1709.56,0.08527663,-1
76136.698506,1709.56,0.08323216,-1
76136.856228,1709.55,0.024,1
76137.146794,1709.5,0.00176621,1
76137.146794,1709.5,0.17298279,1
76137.146794,1709.55,0.000051,1
76137.146614,1709.55,0.1222,1
76137.258174,1709.36,1.62764194,1
76137.258174,1709.37,0.52726734,1
76137.256533,1709.5,0.17298279,1
76137.561512,1709.31,0.00434376,-1
76139.805795,1709.31,0.00564688,-1
76141.116187,1709.31,0.0173737,-1
76142.285344,1709.44,0.58741651,-1
76142.26803,1709.41,0.87749827,-1
76142.26803,1709.4,0.05843699,-1
76143.88301,1709.42,0.155334,1
76144.696711,1709.3,0.200403,1
76144.696711,1709.3,0.001,1
76144.877304,1709.21,0.02164979,-1
76146.370607,1709.2,0.00000585,1
76146.992559,1709.2,0.00075064,1
76146.992559,1709.2,0.22445221,1
76146.992559,1709.2,0.00099415,1
76147.074364,1709.2,0.22445221,1
76147.478392,1709.1,0.25548316,1
76147.478392,1709.1,0.001,1
76148.387631,1709,0.355242,1
76148.387631,1709,0.001,1
76149.214263,1708.9,0.16104775,1
76149.214263,1708.9,0.001,1
76149.48637,1708.8,0.30474578,1
76149.48637,1708.8,0.001,1
76149.536034,1708.71,0.006824,-1
76149.696171,1708.6,0.02287709,1
76149.696171,1708.6,0.001,1
76149.696171,1708.7,0.001,1
76152.04768,1708.64,0.263633,1
76154.737367,1708.68,0.315191,1
76155.412343,1708.64,0.00543022,-1
76156.391224,1708.96,1.2137668,-1
76156.391224,1708.9,0.001,-1
76156.391224,1708.9,0.272,-1
76156.391224,1708.88,1,-1
76156.391224,1708.87,1.575,-1
76156.391224,1708.86,1,-1
76156.391224,1708.85,0.18656586,-1
76156.391224,1708.85,2.63258734,-1
76156.391224,1708.85,4.56027011,-1
76156.391224,1708.84,5.01973726,-1
76156.391224,1708.83,1.52119955,-1
76156.391224,1708.8,0.05853361,-1
76156.391224,1708.8,0.258,-1
76156.391224,1708.8,0.001,-1
76156.391224,1708.75,0.87783789,-1
76156.391224,1708.7,1.339,-1
76156.391224,1708.64,0.00271511,-1
76156.391224,1708.64,0.05845895,-1
76156.391224,1708.64,1.17061586,-1
76156.391224,1708.64,0.23409141,-1
76156.391224,1708.64,0.22866119,-1
76156.505948,1708.71,0.0755,1
76157.159537,1708.7,0.266202,1
76157.273165,1708.71,0.00279682,-1
76157.780372,1708.53,0.24170227,1
76157.780372,1708.53,0.09250227,1
76157.780372,1708.53,0.00476776,1
76157.933461,1707.86,4.62808862,1
76157.933461,1707.9,0.20001657,1
76157.933461,1707.9,0.001,1
76157.933461,1707.93,0.87825581,1
76157.933461,1707.94,0.20000024,1
76157.933461,1707.94,0.02001613,1
76157.933112,1707.94,0.17998263,1
76157.933112,1707.94,0.20002578,1
76157.933112,1707.96,0.14191296,1
76157.933112,1707.99,0.20001216,1
76157.933112,1708,0.07095648,1
76157.933112,1708,0.05,1
76157.933112,1708,0.001,1
76157.933112,1708,0.96029245,1
76157.933112,1708.01,1.575,1
76157.932918,1708.07,0.27710533,1
76157.932715,1708.07,1.18653491,1
76157.932715,1708.07,0.03547824,1
76157.932715,1708.1,0.001,1
76157.932715,1708.11,0.32951614,1
76157.926849,1708.15,0.2,1
76157.926849,1708.2,0.05,1
76157.926849,1708.2,0.001,1
76157.926849,1708.2,0.00034867,1
76157.926849,1708.3,0.001,1
76157.926849,1708.4,0.05,1
76157.926849,1708.4,0.001,1
76157.926849,1708.5,0.001,1
76157.947955,1707.81,0.5,1
76157.942063,1707.67,0.04333,1
76157.942063,1707.7,0.001,1
76157.942063,1707.72,1.52167425,1
76157.942063,1707.73,0.22132308,1
76157.940041,1707.73,0.06250285,1
76157.940041,1707.84,5.26850343,1
76157.940041,1707.87,0.04118952,1
76157.940041,1707.89,1.17056656,1
76157.938567,1708,0.6589483,1
76157.938567,1708.01,0.71986588,1
76157.938567,1708.02,0.08237903,1
76157.937199,1708.01,0.74382578,1
76157.935796,1707.76,4.18864608,1
76157.93575,1707.78,2.92619265,1
76157.93575,1707.97,0.5,1
76157.93575,1708.02,1.46368309,1
76157.934958,1707.8,1,1
76157.934958,1707.8,0.20001531,1
76157.934958,1707.8,0.001,1
76157.934958,1707.8,0.05,1
76157.934958,1707.81,0.47391014,1
76157.934467,1707.81,4.70098263,1
76157.934467,1707.83,1.575,1
76157.934467,1707.85,0.09253929,1
76157.934467,1707.85,0.00476966,1
76157.934467,1707.85,0.19999539,1
76157.934467,1707.86,0.64041481,1
76158.058165,1707.54,0.19999408,1
76158.033378,1707.6,0.05,1
76158.033378,1707.6,0.001,1
76158.033378,1707.64,0.20031236,1
76158.033378,1707.64,0.00060216,1
76158.033378,1707.64,1.00011867,1
76158.189365,1707.18,4.54618345,1
76158.189365,1707.2,0.001,1
76158.189365,1707.21,0.05845895,1
76158.189365,1707.29,1.575,1
76158.189365,1707.3,0.271,1
76158.189365,1707.3,1,1
76158.189365,1707.3,0.001,1
76158.189365,1707.4,0.271,1
76158.189365,1707.4,0.001,1
76158.189365,1707.5,1.575,1
76158.189365,1707.5,0.271,1
76158.189365,1707.5,0.001,1
76158.39935,1707.14,1.1,-1
76158.487862,1707.22,0.70130274,-1
76158.487862,1707.2,0.271,-1
76158.487862,1707.19,0.096,-1
76158.487862,1707.14,0.06134863,-1
76158.487862,1707.14,0.626,-1
76158.487862,1707.14,0.54434863,-1
76158.481504,1707.14,0.06165137,-1
76158.481504,1707.14,0.73834863,-1
76158.479805,1707.14,0.81476009,-1
76158.465143,1707.14,1.66733348,-1
76158.465143,1707.14,0.62586692,-1
76158.465143,1707.14,0.6067996,-1
76158.459814,1707.15,0.3,-1
76158.427504,1707.22,0.00030038,-1
76158.427504,1707.14,0.35056654,-1
76158.427504,1707.13,0.62356654,-1
76158.427504,1707.12,0.62556654,-1
76158.415268,1707.14,0.35143346,-1
76158.415268,1707.14,0.42295051,-1
76158.415268,1707.13,0.62561603,-1
76158.404755,1707.13,0.7728192,-1
76158.404755,1707.13,0.8786677,-1
76158.404755,1707.11,0.2485131,-1
76158.607722,1707.16,0.6,-1
76158.597226,1707.16,0.37505907,-1
76158.597226,1707.15,0.87865741,-1
76158.597226,1707.14,0.14628352,-1
76158.584575,1707.17,1.00530188,-1
76158.584575,1707.17,0.0484146,-1
76158.584575,1707.16,0.14628352,-1
76158.577851,1707.17,1.3073724,-1
76158.577851,1707.16,0.2926276,-1
76158.570064,1707.14,0.1,-1
76158.56297,1707.15,0.49342102,-1
76158.56297,1707.15,0.606,-1
76158.56297,1707.15,0.10057898,-1
76158.562328,1707.15,0.25638439,-1
76158.557701,1707.15,0.267,-1
76158.557701,1707.14,0.607,-1
76158.557701,1707.14,0.626,-1
76158.546289,1707.15,0.46757898,-1
76158.546289,1707.14,0.606,-1
76158.546289,1707.14,0.62642102,-1
76158.538939,1707.15,1,-1
76158.532655,1707.16,0.1,-1
76158.525434,1707.17,0.37057898,-1
76158.525434,1707.16,0.15,-1
76158.525434,1707.16,0.60665137,-1
76158.525434,1707.16,0.07276965,-1
76158.519693,1707.16,0.3,-1
76158.655662,1707.22,1.40686411,-1
76158.655662,1707.21,0.11138482,-1
76158.638693,1707.17,0.05845895,-1
76158.638693,1707.16,0.96601,-1
76158.638693,1707.14,0.03399,-1
76158.638693,1707.14,0.62329212,-1
76158.633261,1707.14,0.9,-1
76158.613815,1707.18,0.03399117,-1
76158.613815,1707.16,0.9470679,-1
76158.613815,1707.16,0.21894093,-1
76158.72386,1707.15,0.84430759,-1
76158.72386,1707.15,0.0278462,-1
76158.72386,1707.15,0.02784621,-1
76158.896435,1707.16,0.0726881,-1
76158.896435,1707.15,0.609,-1
76158.878719,1707.14,0.05845895,-1
76158.878719,1707.14,1.15985295,-1
76158.878106,1707.13,0.10889479,1
76158.877773,1707.13,0.1088948,1
76158.872407,1707.14,0.36341278,-1
76158.872407,1707.14,0.99186624,-1
76158.872407,1707.12,0.87867285,-1
76158.872407,1707.11,2.86604813,-1
76158.865922,1707.11,1.5,-1
76158.8601,1707.11,0.1,-1
76158.856183,1707.11,0.44995552,-1
76158.851653,1707.14,3.69260533,-1
76158.851653,1707.13,0.609,-1
76158.851653,1707.13,0.28607689,-1
76158.851653,1707.13,0.02784621,-1
76158.84532,1707.13,0.0278462,1
76158.84532,1707.13,0.05569241,1
76158.84532,1707.13,0.21778959,1
76158.84532,1707.13,0.00074937,1
76158.84532,1707.13,0.11138483,1
76158.84532,1707.13,0.15,1
76158.84532,1707.13,0.87639892,1
76158.845294,1707.13,0.46291571,1
76158.845036,1707.13,0.23568537,1
76158.845036,1707.13,0.22723034,1
76158.825738,1707.14,4.68447157,-1
76158.999932,1707.11,0.1,-1
76158.995763,1707.11,0.06389283,-1
76158.990634,1707.11,0.89952478,-1
76158.990634,1707.11,0.00047522,-1
76158.982495,1707.11,4.91552843,-1
76158.982495,1707.11,4.68447157,-1
76158.956634,1707.14,0.22151922,1
76158.956169,1707.14,0.22151922,1
76159.067489,1707.01,2.749,-1
76159.067489,1707.01,0.751,-1
76159.059492,1707.01,0.7,-1
76159.046576,1707.11,0.6711172,-1
76159.046576,1707.1,0.271,-1
76159.046576,1707.08,0.06115505,-1
76159.046576,1707.06,1.451,-1
76159.046576,1707.05,0.33635275,-1
76159.046576,1707.05,0.109375,-1
76159.046022,1707.05,0.890625,1
76159.043567,1707.05,0.0546875,1
76159.043075,1707.05,0.0546875,1
76159.035552,1707.08,0.00068315,1
76159.035552,1707.1,0.24023069,1
76159.035552,1707.1,0.001,1
76159.032755,1707.11,0.04778324,1
76159.032755,1707.11,0.08686799,1
76159.032584,1707.11,0.13465123,1
76159.021235,1707.12,0.67110352,-1
76159.021235,1707.11,0.82889648,-1
76159.020127,1707.11,3.5,-1
76159.014376,1707.11,0.3,-1
76159.008509,1707.11,0.2,-1
76159.007318,1707.11,0.08710717,-1
76159.007318,1707.11,0.355,-1
76159.007318,1707.11,0.154,-1
76159.177367,1707.01,0.6800395,-1
76159.175286,1707.01,0.49171004,-1
76159.175286,1707.01,0.05845895,-1
76159.175286,1707.01,1.52340736,-1
76159.365718,1707.21,0.027847,-1
76159.425475,1707.21,0.607,-1
76160.632818,1707.2,0.12212766,-1
76160.789055,1707.2,0.05551147,-1
76161.405188,1707.3,1.17155766,-1
76161.405188,1707.3,0.001,-1
76161.405188,1707.3,0.6,-1
76161.405188,1707.26,0.048,-1
76161.405188,1707.25,0.096,-1
76161.40054,1707.22,1,-1
76161.40054,1707.21,0.05845895,-1
76161.40054,1707.2,0.17763,-1
76161.40054,1707.2,0.32546841,-1
76161.39891,1707.2,0.02878382,-1
76161.37256,1707.2,0.46810864,-1
76161.512319,1707.4,1.08528028,-1
76161.512319,1707.4,0.001,-1
76161.633463,1707.5,0.26031021,-1
76161.629052,1707.5,0.33968979,-1
76161.629052,1707.5,0.001,-1
76161.611737,1707.43,0.6,-1
76162.71052,1707.8,0.001,-1
76162.71052,1707.8,0.271,-1
76162.71052,1707.78,2.91195087,-1
76162.71052,1707.78,0.096,-1
76162.71052,1707.7,0.001,-1
76162.71052,1707.69,0.05845895,-1
76162.71052,1707.69,1.17127386,-1
76162.71052,1707.67,0.048,-1
76162.71052,1707.62,1,-1
76162.71052,1707.6,1,-1
76162.71052,1707.6,0.001,-1
76162.723679,1707.98,0.57170703,-1
76162.716526,1707.95,2.29465571,-1
76162.716526,1707.91,0.38446786,-1
76162.716415,1707.91,0.32555739,-1
76162.715804,1707.91,0.16824188,-1
76162.715804,1707.91,0.00087861,-1
76162.715804,1707.9,0.001,-1
76162.715804,1707.86,0.1464369,-1
76162.715784,1707.83,1.323,-1
76162.715784,1707.77,0.1464369,-1
76162.910629,1708.11,0.309513,1
76163.225902,1708.09,0.018,-1
76166.18965,1708.16,0.0705255,-1
76168.206463,1708.16,0.190019,1
76168.80023,1708.52,0.15191848,-1
76168.800094,1708.5,0.001,-1
76168.800094,1708.48,2.92732335,-1
76168.796721,1708.49,1.20879443,-1
76168.796721,1708.37,0.24542,-1
76168.796721,1708.37,0.1536,-1
76168.796162,1708.49,0.5087271,-1
76168.796162,1708.42,1.09908733,-1
76168.796032,1708.42,0.15607554,-1
76168.796032,1708.38,4.21497546,-1
76168.796032,1708.37,0.25249486,-1
76168.79266,1708.42,1.02594335,-1
76168.79266,1708.42,0.00087843,-1
76168.79266,1708.41,1.36234484,-1
76168.792488,1708.4,0.16793396,-1
76168.792338,1708.4,0.72501725,-1
76168.792338,1708.4,0.001,-1
76168.792338,1708.39,0.1536,-1
76168.792338,1708.37,1.49528874,-1
76168.792324,1708.37,0.01735563,-1
76168.792269,1708.37,0.06235563,-1
76168.791736,1708.37,0.22907563,-1
76168.791736,1708.36,0.30828,-1
76168.788552,1708.17,0.09501,1
76168.785609,1708.33,0.21139158,-1
76168.785609,1708.32,0.99389823,-1
76168.785501,1708.3,0.258,-1
76168.785501,1708.3,0.001,-1
76168.785501,1708.27,1.47906412,-1
76168.785501,1708.26,0.16621841,-1
76168.785501,1708.2,0.05845895,-1
76168.785501,1708.2,0.001,-1
76168.785501,1708.19,1.17086018,-1
76168.785501,1708.18,0.87812759,-1
76168.785501,1708.17,0.25249487,-1
76168.785501,1708.17,0.25249486,-1
76168.884228,1708.58,0.134,1
76168.849618,1708.67,0.048,-1
76168.849618,1708.6,0.001,-1
76168.849618,1708.58,0.30757898,-1
76168.849618,1708.58,0.32957898,-1
76168.818482,1708.58,0.308,-1
76169.03253,1708.56,1,1
76169.168147,1708.34,0.02660758,1
76170.808943,1708.44,1,1
76170.80882,1708.46,1,1
76170.80882,1708.47,0.47375256,1
76170.883669,1708.23,0.544319,1
76170.818793,1708.26,1.17068396,1
76170.818707,1708.3,0.14635289,1
76171.234589,1708.21,0.0000117,-1
76171.3448,1708.21,0.00055639,-1
76173.778199,1708.2,0.146352,1
76173.778199,1708.2,0.001,1
76173.817355,1708.2,0.22065911,1
76173.817355,1708.2,0.00000089,1
76174.169488,1708.21,0.05889433,-1
76174.342354,1708.1,0.00085984,1
76174.342354,1708.2,0.00092917,1
76174.342354,1708.2,0.00000019,1
76174.644685,1708.1,0.22589984,1
76174.644685,1708.1,0.00014016,1
76175.288037,1708.05,0.005854,-1
76175.599186,1708.05,0.061784,-1
76178.488004,1708.2,0.245,1
76178.461144,1708.21,0.15215345,1
76178.457267,1708.21,0.04090304,1
76178.457267,1708.21,0.14635289,1
76181.099889,1708.26,0.01452035,-1
76183.018108,1708.25,0.181057,1
76183.018108,1708.25,1.451,1
76183.75015,1708.24,0.210397,1
76183.75015,1708.24,1,1
76184.081344,1708.18,0.9999476,1
76184.081344,1708.2,0.0000524,1
76184.080802,1708.2,0.9999476,1
76184.080802,1708.21,0.23571065,1
76184.080802,1708.21,0.14634175,1
76184.170525,1708.19,0.11105414,-1
76185.426782,1708.14,0.08272237,1
76185.426782,1708.14,0.0000524,1
76188.535933,1708.14,0.00075194,1
76188.535933,1708.14,0.08278,1
76188.535933,1708.14,0.18669016,1
76188.535933,1708.14,0.91721763,1
76188.757365,1708.06,1,1
76188.88743,1707.8,0.04999999,1
76188.88743,1707.8,0.001,1
76188.88743,1707.9,0.001,1
76188.877876,1707.91,0.02275409,-1
76188.814166,1707.97,0.19489184,1
76188.814166,1707.97,0.01743287,1
76188.814166,1707.97,0.0745698,1
76188.814166,1708,0.001,1
76190.274872,1707.76,0.18272548,-1
76190.274872,1707.75,0.05845895,-1
76190.274872,1707.71,0.87836927,-1
76190.274872,1707.71,0.45316,-1
76190.274872,1707.71,1.09504206,-1
76190.274872,1707.71,0.315,-1
76194.316869,1707.7,0.215656,1
76194.316869,1707.7,0.001,1
76196.684558,1707.67,0.22793469,-1
76196.684175,1707.67,0.17328887,-1
76196.683928,1707.67,0.47716629,-1
76196.683928,1707.67,0.05845895,-1
76196.683928,1707.67,0.47458,-1
76196.683928,1707.67,0.07262,-1
76196.850567,1707.73,0.0054,1
76197.015995,1707.74,0.02776877,-1
76196.977557,1707.74,0.02275995,-1
76197.533819,1707.73,0.0241311,1
76198.131641,1707.74,0.00115945,-1
76198.873072,1707.74,0.00431314,-1
76200.117835,1707.74,0.00284826,-1
76201.125409,1707.73,0.00074851,1
76201.125409,1707.73,1.17996882,1
76201.125409,1707.73,1.09849782,1
76201.125409,1707.73,0.09743611,1
76201.125409,1707.73,0.14635974,1
76201.125409,1707.73,1.451,1
76201.261725,1707.56,0.26630288,1
76201.261725,1707.6,0.001,1
76201.206249,1707.62,0.38659344,1
76201.206249,1707.62,1,1
76201.204456,1707.64,1,1
76201.203851,1707.73,0.18859242,1
76201.323564,1707.51,0.01388463,-1
76201.529356,1707.5,0.001,1
76201.997828,1707.41,0.02845284,-1
76202.09261,1707.41,0.00289869,-1
76202.306499,1707.4,0.15856881,1
76202.306499,1707.4,0.001,1
76202.60505,1707.31,0.01388438,-1
76204.262688,1707.31,0.03414653,-1
76204.352208,1706.18,0.72230723,1
76204.352208,1706.2,0.001,1
76204.352208,1706.24,0.27581204,1
76204.352208,1706.3,1.11348729,1
76204.352208,1706.3,1,1
76204.352208,1706.3,0.001,1
76204.352208,1706.38,0.86349464,1
76204.352208,1706.39,0.20003981,1
76204.352208,1706.39,0.18648816,1
76204.352208,1706.4,0.001,1
76204.352208,1706.42,1.575,1
76204.352208,1706.49,0.13790602,1
76204.352208,1706.5,0.001,1
76204.352208,1706.51,4.0413298,1
76204.352208,1706.57,0.05850878,1
76204.352208,1706.59,0.99907447,1
76204.350741,1706.59,1.92824888,1
76204.350741,1706.6,0.001,1
76204.350741,1706.6,0.05,1
76204.350741,1706.6,1.575,1
76204.350741,1706.61,0.4057675,1
76204.350741,1706.62,0.03998362,1
76204.350741,1706.62,0.02896939,1
76204.350741,1706.68,0.03447651,1
76204.350741,1706.7,0.001,1
76204.350741,1706.78,1.575,1
76204.350741,1706.8,1,1
76204.350741,1706.8,0.001,1
76204.350741,1706.8,0.30682874,1
76204.350741,1706.85,0.19999998,1
76204.350741,1706.9,0.001,1
76204.350741,1706.92,0.19999995,1
76204.350741,1707,0.001,1
76204.350741,1707.01,0.22211073,1
76204.335948,1707.08,2.92732335,1
76204.335948,1707.1,0.001,1
76204.335435,1707.2,0.001,1
76204.335435,1707.2,0.05,1
76204.335435,1707.3,0.18816361,1
76204.335435,1707.3,0.001,1
76204.525353,1706.73,0.00086957,-1
76205.846833,1706.6,0.163255,1
76206.865959,1706.56,0.00719,1
76207.359283,1706.57,0.05554431,-1
76208.352074,1706.57,0.05800713,-1
76209.111247,1706.62,0.10237,-1
76209.107701,1706.62,0.05845895,-1
76209.107701,1706.62,0.45340747,-1
76209.107546,1706.6,1,-1
76209.107546,1706.58,0.99354328,-1
76209.107156,1706.58,0.00645672,-1
76209.107156,1706.57,0.3267243,-1
76209.107156,1706.57,0.03977287,-1
76209.245703,1706.65,0.0086958,-1
76210.316367,1705.72,0.80517351,1
76210.316367,1705.8,1,1
76210.316367,1705.8,0.001,1
76210.316367,1705.9,0.001,1
76210.316367,1705.94,1.575,1
76210.316367,1706,0.001,1
76210.316367,1706,0.11582649,1
76210.316367,1706.05,1,1
76210.316367,1706.1,0.001,1
76210.297558,1706.2,0.001,1
76210.297558,1706.2,0.05,1
76210.297558,1706.3,0.001,1
76210.968259,1706.1,0.197976,1
76210.968259,1706.1,0.001,1
76211.089454,1706.1,0.00000058,1
76212.351892,1705.91,0.05694369,-1
76213.036476,1705.54,1.07999248,1
76213.036476,1705.73,0.20764655,1
76213.036379,1705.54,0.22471093,1
76213.036379,1705.55,0.4,1
76213.036379,1705.62,0.19791571,1
76213.036379,1705.62,0.26891571,1
76213.036379,1705.63,0.19609668,1
76213.036284,1705.63,0.06881903,1
76213.036284,1705.73,0.10352591,1
76213.036284,1705.73,0.17353441,1
76213.019758,1706.06,0.05928007,-1
76213.019758,1706.05,2.04894641,-1
76213.019758,1706,2.92732335,-1
76213.019758,1705.96,3.86289079,-1
76213.019758,1705.96,0.05845895,-1
76213.019758,1705.95,4.08865783,-1
76213.019758,1705.91,0.53911,-1
76213.019758,1705.9,0.1464901,-1
76213.019758,1705.9,2.04894641,-1
76213.019758,1705.9,0.46117247,-1
76213.019758,1705.84,0.01838,-1
76213.019758,1705.83,0.23058624,-1
76213.019758,1705.83,1.575,-1
76213.019758,1705.83,1.451,-1
76213.019758,1705.81,2.92732335,-1
76213.019758,1705.81,1.451,-1
76213.019485,1705.54,0.52632632,1
76213.019485,1705.54,1.575,1
76213.019485,1705.6,0.001,1
76213.019485,1705.61,1.46575125,1
76213.019485,1705.61,0.00087781,1
76213.018861,1705.7,0.001,1
76213.018861,1705.7,0.01350572,1
76213.018861,1705.7,0.19999838,1
76213.018861,1705.71,0.05845895,1
76213.014616,1705.9,0.18212466,1
76213.014616,1705.9,0.00075541,1
76213.014616,1705.9,0.001,1
76213.194447,1705.58,0.096,-1
76213.194447,1705.58,0.048,-1
76213.194447,1705.57,0.31735,-1
76213.194447,1705.57,0.06917,-1
76213.241751,1705.73,0.05845895,-1
76213.234625,1705.77,0.06431911,-1
76213.234471,1705.77,0.12768089,-1
76213.234471,1705.74,0.17798646,-1
76213.234471,1705.71,0.06451549,-1
76213.23433,1705.71,0.03148451,-1
76213.23433,1705.66,0.06469833,-1
76213.234075,1705.66,0.00086167,-1
76213.234075,1705.66,0.048,-1
76213.228318,1705.66,0.252,-1
76213.228318,1705.66,1.26,-1
76213.33715,1705.92,0.09558098,-1
76213.33715,1705.8,0.001,-1
76213.921707,1705.83,0.04917652,1
76214.097572,1705.85,0.00106402,-1
76214.097572,1705.85,0.38223481,-1
76214.541726,1705.86,0.00967275,-1
76215.865746,1705.86,0.01450839,-1
76216.87575,1705.86,0.01451,-1
76216.87575,1705.86,0.00967,-1
76216.87575,1705.86,0.58727034,-1
76216.875208,1705.86,0.38854852,-1
76217.226395,1705.89,0.223853,1
76217.332482,1705.89,0.00000587,1
76217.320564,1705.83,0.14999977,1
76217.320564,1705.89,0.00000023,1
76218.310746,1705.89,0.00755873,-1
76220.268129,1705.82,0.233042,1
76221.390236,1705.7,0.22071336,1
76221.390236,1705.7,0.001,1
76221.365655,1705.77,0.24765484,1
76221.809369,1705.5,0.001,1
76221.809369,1705.5,0.02039871,1
76221.763403,1705.6,0.001,1
76223.372547,1705.4,0.26574004,1
76223.372547,1705.4,0.001,1
76223.372547,1705.4,0.01459746,1
76223.421276,1705.31,0.00002345,-1
76224.101888,1705.34,0.00580437,-1
76224.909994,1705.33,0.180323,1
76224.879178,1705.33,0.0007543,1
76224.879178,1705.33,0.1803237,1
76225.214553,1705.3,0.19573877,1
76225.214553,1705.3,0.001,1
76225.214553,1705.3,0.00424923,1
76225.210765,1705.3,0.99575077,1
76225.316792,1705.3,0.00000015,1
76225.463859,1705.2,0.16605387,1
76225.463859,1705.2,0.001,1
76225.631615,1705.14,0.01218481,-1
76225.850966,1705.13,0.78902276,1
76225.850966,1705.13,0.83465378,1
76225.948423,1705.1,0.001,1
76226.348479,1705.05,0.00000586,1
76226.592482,1705.05,0.258288,1
76228.295915,1704.8,0.001,1
76228.295915,1704.8,0.05,1
76228.295915,1704.8,1,1
76228.295915,1704.81,1.46643907,1
76228.295915,1704.81,0.05845895,1
76228.295915,1704.9,0.001,1
76228.284283,1705,1,1
76228.284283,1705,0.60760758,1
76228.284283,1705,0.19467259,1
76228.284283,1705,0.001,1
76228.284283,1705,0.00116363,1
76228.486579,1704.88,0.00000586,1
76228.590658,1704.91,0.61570681,-1
76228.590658,1704.9,1,-1
76228.590658,1704.89,1.17321824,-1
76228.590658,1704.89,0.05845895,-1
76228.590658,1704.89,0.1911174,-1
76229.807595,1704.9,0.198447,1
76231.082884,1704.88,0.209309,1
76232.856494,1704.87,0.161089,1
76233.018595,1704.88,0.52038806,-1
76233.018595,1704.88,0.05845895,-1
76233.018595,1704.88,1,-1
76233.460042,1704.96,0.06397511,-1
76233.792259,1704.95,0.214535,1
76234.930815,1704.92,0.121188,1
76235.226243,1704.82,0.10768113,1
76235.226243,1704.82,0.05858787,1
76235.489574,1704.82,0.05807008,-1
76236.610339,1704.81,0.23686644,1
76236.610339,1704.81,0.19909856,1
76236.724485,1704.81,0.00000019,1
76239.462248,1704.82,0.05700181,-1
76240.505273,1704.69,0.87992215,1
76240.505273,1704.69,0.29257518,1
76240.505273,1704.7,0.001,1
76240.505273,1704.72,0.19909856,1
76240.505273,1704.74,1.17321274,1
76240.502163,1704.81,0.19909856,1
76240.502163,1704.81,0.00075477,1
76240.502163,1704.81,0.21041228,1
76240.502163,1704.81,0.05858787,1
76240.637794,1704.72,0.504441,1
76240.780604,1704.75,0.23264,1
76240.839724,1704.75,0.0000006,1
76242.50588,1704.69,0.00063878,-1
76242.541267,1704.68,0.23982653,1
76242.541267,1704.68,0.17919447,1
76243.920139,1704.69,0.06097418,-1
76245.686021,1704.69,0.00556317,-1
76245.848326,1704.69,0.00083408,-1
76246.841589,1704.69,0.21365322,1
76246.841589,1704.69,0.25222078,1
76246.841589,1704.69,1.451,1
76247.204084,1704.76,0.06459766,-1
76247.202965,1704.72,0.17976418,-1
76247.201758,1704.72,0.82023582,-1
76247.198683,1704.7,0.943,-1
76247.198683,1704.7,0.057,-1
76247.198683,1704.7,0.05858787,-1
76247.198683,1704.7,0.87992022,-1
76247.256182,1704.93,0.6,-1
76247.256182,1704.9,0.001,-1
76247.323766,1704.97,0.00145188,-1
76247.407671,1704.99,0.59941138,-1
76247.407671,1704.97,0.04654812,-1
76247.972679,1705,1,-1
76247.972679,1705,0.001,-1
76250.311521,1705.08,0.00087973,-1
76250.311372,1705.08,0.00087973,-1
76250.311154,1705.08,0.00087973,-1
76250.311068,1705.08,0.00087973,-1
76250.311022,1705.08,0.00087973,-1
76250.310903,1705.08,0.00087973,-1
76252.455091,1705.07,0.00084515,1
76252.455091,1705.07,0.32838361,1
76252.455091,1705.07,0.05858787,1
76252.521375,1704.8,0.527752,1
76252.521375,1704.8,0.001,1
76254.282711,1704.7,0.139894,1
76254.282711,1704.7,0.001,1
76254.398449,1704.71,0.13372657,-1
76254.398449,1704.71,0.14447533,-1
76256.013179,1704.63,0.179997,1
76257.101286,1704.61,0.12611,1
76257.888606,1704.6,0.001,1
76257.887396,1704.61,0.00000081,1
76257.875986,1704.61,0.351256,1
76257.986976,1704.5,0.001,1
76258.10018,1704.41,1.0361781,-1
76258.046641,1704.42,0.01460586,1
76258.129474,1704.41,0.62137966,-1
76258.129474,1704.41,0.41479844,-1
76258.121407,1704.41,0.00002346,-1
76258.987307,1704.41,0.02614522,-1
76259.224943,1704.41,0.00290389,-1
76260.085114,1704.3,0.1834152,1
76260.081602,1704.3,0.8165848,1
76260.081602,1704.3,0.001,1
76260.081602,1704.37,0.14661811,1
76260.081054,1704.4,0.35036934,1
76260.081054,1704.4,0.001,1
76260.414558,1704.2,0.001,1
76260.597277,1704.12,0.00871162,-1
76260.945861,1704.12,0.0278116,-1
76261.199057,1704.14,0.47424746,-1
76261.199057,1704.14,0.07407682,-1
76261.198956,1704.14,0.63482081,-1
76261.19871,1704.14,0.29110237,-1
76261.198663,1704.13,0.05858787,-1
76261.19835,1704.12,1,-1
76261.19835,1704.12,0.8394841,-1
76261.153528,1704.12,0.012924,-1
76261.217065,1704.3,0.02579261,-1
76261.360116,1704.39,0.261605,1
76261.413871,1703.95,0.42013946,1
76261.413871,1704,0.231,1
76261.413871,1704,0.05,1
76261.413871,1704,0.001,1
76261.413871,1704.01,0.14667574,1
76261.413871,1704.02,2.92732335,1
76261.413871,1704.05,1,1
76261.413871,1704.1,0.231,1
76261.413871,1704.1,0.001,1
76261.413871,1704.11,0.91321253,1
76261.413871,1704.11,0.87720208,1
76261.413871,1704.11,0.11099669,1
76261.413871,1704.12,1.575,1
76261.413871,1704.13,2.92732335,1
76261.413871,1704.2,0.231,1
76261.413871,1704.21,0.62321516,1
76261.413871,1704.3,0.231,1
76261.413871,1704.39,0.00000035,1
76263.060416,1704.4,0.00175902,-1
76263.060416,1704.4,0.001,-1
76263.791894,1704.4,0.05561602,-1
76264.309978,1704.39,0.00075385,1
76264.309978,1704.39,0.05858787,1
76264.309978,1704.39,0.14663094,1
76264.309739,1704.39,0.16634157,1
76264.406042,1704.26,0.01425229,-1
76264.388906,1704.24,0.031527,1
76264.662155,1704.23,0.031527,1
76264.859972,1704.55,1.90977837,-1
76264.859972,1704.54,4.0413298,-1
76264.859972,1704.5,0.231,-1
76264.859972,1704.5,0.001,-1
76264.859972,1704.48,2.92732335,-1
76264.859972,1704.4,0.231,-1
76264.859972,1704.39,0.05858787,-1
76264.859972,1704.37,0.1722727,-1
76264.859972,1704.37,2.92732335,-1
76264.859972,1704.36,2.51931377,-1
76264.859972,1704.31,0.88012248,-1
76264.859972,1704.3,0.231,-1
76264.859972,1704.26,0.94262496,-1
76264.859972,1704.24,2.92732335,-1
76264.938154,1704.33,0.070181,1
76265.102516,1704.3,0.01754548,1
76265.102516,1704.3,0.01754552,1
76265.373021,1704.31,0.017545,1
76265.518615,1704.23,0.168351,1
76265.899999,1704.23,0.04198402,1
76265.899999,1704.23,0.00000098,1
76266.037362,1704.23,0.248576,1
76266.713923,1704.11,0.00290423,-1
76267.09231,1704.1,0.00000049,1
76267.086772,1704.1,0.113143,1
76267.086772,1704.1,0.001,1
76268.091576,1704.05,0.004386,1
76268.303126,1704.04,0.008773,1
76269.187719,1704,0.125378,1
76269.187719,1704,0.001,1
76270.759844,1704,0.204058,1
76270.950435,1703.3,0.00113122,1
76270.950435,1703.3,0.001,1
76270.950435,1703.38,1.575,1
76270.950435,1703.4,0.231,1
76270.950435,1703.4,0.05,1
76270.950435,1703.4,0.001,1
76270.950435,1703.58,1.575,1
76270.950435,1703.58,0.62943032,1
76270.949022,1703.5,0.001,1
76270.949022,1703.56,0.88050727,1
76270.949022,1703.56,0.06917006,1
76270.940415,1703.6,0.001,1
76270.940415,1703.6,0.05,1
76270.940415,1703.61,0.4,1
76270.940415,1703.63,0.03458503,1
76270.940415,1703.7,0.001,1
76270.940415,1703.76,0.05858787,1
76270.93745,1703.8,1,1
76270.93745,1703.8,0.001,1
76270.93745,1703.8,0.05,1
76270.93745,1703.9,0.1389537,1
76270.93745,1703.9,0.001,1
76270.961181,1703.72,1.451,1
76270.95902,1702.91,0.23450431,1
76270.95902,1702.92,1.65358756,1
76270.95902,1703,0.27668023,1
76270.95902,1703,0.001,1
76270.95902,1703.02,1.575,1
76270.95902,1703.06,0.00087887,1
76270.95902,1703.1,0.001,1
76270.95902,1703.2,0.231,1
76270.95902,1703.2,0.37173873,1
76270.95902,1703.2,0.001,1
76270.95902,1703.2,1.575,1
76270.95902,1703.25,0.62986064,1
76270.95902,1703.25,0.6369659,1
76270.95902,1703.25,0.13834012,1
76270.95902,1703.4,0.231,1
76270.95902,1703.5,0.231,1
76270.95902,1703.57,0.6369659,1
76270.95902,1703.59,0.6369659,1
76270.95902,1703.59,0.62986064,1
76270.95902,1703.62,1.3566512,1
76270.95902,1703.67,1.451,1
76270.956735,1703.62,0.0943488,1
76271.182196,1703.88,0.00658,1
76271.149869,1703.86,0.004386,1
76271.238766,1703.89,0.23462956,-1
76271.359399,1703.9,0.048,-1
76271.699092,1703.77,0.00713208,1
76271.671001,1703.78,0.120604,1
76272.048307,1703.77,0.28332,1
76272.189819,1703.76,1,-1
76272.189536,1703.74,0.9709519,-1
76272.161769,1703.71,0.007537,1
76272.161626,1703.74,0.0290481,-1
76272.367122,1703.87,0.293464,1
76272.754405,1703.71,0.57029094,-1
76274.131128,1703.71,0.255193,1
76275.155749,1703.61,0.57030749,-1
76276.355941,1703.6,0.196013,1
76276.355941,1703.6,0.001,1
76276.943722,1703.96,2.10159088,-1
76276.943722,1703.92,1.212,-1
76276.943722,1703.91,0.096,-1
76276.943722,1703.9,0.001,-1
76276.943722,1703.9,1.575,-1
76276.943722,1703.9,0.22,-1
76276.943722,1703.89,2.92732335,-1
76276.943722,1703.85,0.33191868,-1
76276.943722,1703.83,0.88037345,-1
76276.943722,1703.82,1.17410093,-1
76276.943722,1703.8,0.001,-1
76276.943722,1703.8,0.22,-1
76276.943722,1703.78,0.14670673,-1
76276.943722,1703.7,0.22,-1
76276.943722,1703.69,0.14670673,-1
76276.943722,1703.64,1,-1
76276.943722,1703.62,0.05858787,-1
76276.943722,1703.62,0.048,-1
76276.943722,1703.58,1,-1
76277.729153,1703.68,0.41526007,-1
76279.556001,1703.84,0.028267,1
76279.538389,1703.99,2.57165701,-1
76279.538389,1703.98,0.1553216,-1
76279.538389,1703.96,1.575,-1
76279.538389,1703.91,0.88032925,-1
76279.538389,1703.91,1.211,-1
76279.538389,1703.9,1.60669214,-1
76279.53753,1703.9,1.32063121,-1
76279.53753,1703.9,0.001,-1
76279.53753,1703.9,0.209,-1
76279.53753,1703.89,1.17389754,-1
76279.53753,1703.89,0.096,-1
76279.53753,1703.86,0.79946999,-1
76279.53753,1703.86,0.14670673,-1
76279.53753,1703.77,0.14670673,-1
76279.53753,1703.77,0.048,-1
76279.53753,1703.76,0.05858787,-1
76279.53753,1703.7,1,-1
76279.53753,1703.68,0.41526,-1
76279.53753,1703.68,0.58473993,-1
76279.71338,1703.85,0.0212,1
76279.645108,1703.84,0.01413268,1
76279.645108,1703.84,0.02826716,1
76279.645108,1703.84,0.00000016,1
76279.781053,1703.86,0.0053,1
76279.745016,1703.87,0.00529959,1
76279.745016,1703.87,0.00530041,1
76279.888729,1703.81,0.00265,1
76279.853734,1703.85,0.209556,1
76279.821792,1703.85,0.00090524,1
76279.821792,1703.85,0.20955676,1
76280.014599,1703.76,0.001325,1
76281.093034,1703.71,0.02672393,-1
76281.399862,1703.99,1.79865419,-1
76281.399862,1703.99,2.92732335,-1
76281.399862,1703.94,0.048,-1
76281.399862,1703.92,1.575,-1
76281.399862,1703.9,0.209,-1
76281.399862,1703.9,0.001,-1
76281.399862,1703.84,1.17389754,-1
76281.399862,1703.81,0.19207274,-1
76281.399862,1703.8,0.209,-1
76281.399862,1703.76,0.84106324,-1
76281.399862,1703.75,0.05858787,-1
76281.399862,1703.74,1,-1
76281.399862,1703.72,0.88042636,-1
76281.399862,1703.72,1,-1
76281.399862,1703.71,0.01336197,-1
76281.399862,1703.71,0.57261274,-1
76281.962219,1703.82,0.197993,1
76282.986692,1703.74,0.00612496,-1
76283.179805,1703.73,0.15838,1
76283.179805,1703.73,0.4,1
76284.150373,1703.72,0.03507696,-1
76285.64239,1703.77,0.88040174,-1
76285.641412,1703.74,1,-1
76285.641412,1703.72,0.03507,-1
76285.641412,1703.72,0.05858787,-1
76285.641412,1703.72,0.30121701,-1
76285.640778,1703.72,0.66370603,-1
76285.806935,1703.95,0.199255,1
76285.772425,1703.88,0.96101175,1
76285.772425,1703.9,0.209,1
76285.772425,1703.91,0.624714,1
76285.772425,1703.91,0.20647058,1
76285.772425,1703.92,1.46720503,1
76285.772425,1703.92,0.624714,1
76285.772425,1703.94,1.624672,1
76285.772425,1703.95,0.30701264,1
76285.748717,1704.23,0.81790806,-1
76285.748717,1704.2,0.001,-1
76285.748717,1704.2,0.231,-1
76285.748717,1704.17,0.89568528,-1
76285.748717,1704.14,0.192,-1
76285.748717,1704.1,0.1553216,-1
76285.748717,1704.1,0.72616015,-1
76285.748641,1704.1,0.84883985,-1
76285.748641,1704.1,0.001,-1
76285.748641,1704.1,0.231,-1
76285.748641,1704.06,0.548004,-1
76285.748641,1704.05,0.096,-1
76285.748641,1704,0.001,-1
76285.748641,1703.95,0.048,-1
76286.823735,1703.91,0.01140649,-1
76287.110326,1703.81,1.67556988,1
76287.110326,1703.82,0.25811939,1
76287.110326,1703.84,0.20354182,1
76287.110326,1703.84,0.2339114,1
76288.311971,1703.81,0.55450902,1
76288.315605,1703.81,0.25270155,1
76288.315605,1703.81,0.69724445,1
76288.765554,1703.73,1.16564447,1
76288.76508,1703.73,1.38422756,1
76288.76508,1703.75,1.46735143,1
76288.76508,1703.75,1.17382102,1
76288.76508,1703.8,0.21209367,1
76288.76508,1703.8,0.209,1
76288.76508,1703.81,0.15350632,1
76289.286077,1703.76,0.00522976,-1
76290.194694,1703.7,0.15932222,1
76290.194694,1703.7,0.05858787,1
76290.194694,1703.7,0.001,1
76290.37276,1703.5,0.001,1
76290.37276,1703.6,0.001,1
76290.558686,1703.46,0.00285294,-1
76295.158193,1703.41,0.012694,-1
76295.499487,1703.4,0.00075326,1
76295.499487,1703.4,0.24355274,1
76295.499487,1703.4,0.001,1
76295.530898,1703.4,0.243552,1
76296.38831,1703.33,0.00000587,1
76297.369705,1703.34,0.00575206,-1
76297.936513,1703.33,0.23359019,1
76298.065508,1703.3,0.001,1
76298.065508,1703.3,1,1
76298.059132,1703.32,0.00061644,1
76298.188864,1703.21,0.52324683,-1
76299.864066,1703.6,2.6628166,1
76299.860663,1703.6,0.05,-1
76299.860663,1703.6,0.001,-1
76299.860663,1703.56,1.197,-1
76299.860663,1703.54,4.2207326,-1
76299.860663,1703.53,2.92732335,-1
76299.860663,1703.53,0.4,-1
76299.860663,1703.52,3.2269515,-1
76299.860663,1703.51,0.4,-1
76299.860663,1703.5,0.001,-1
76299.860663,1703.4,0.39892161,-1
76299.860663,1703.4,1.575,-1
76299.860663,1703.26,0.88066853,-1
76299.860663,1703.24,0.05858787,-1
76299.860663,1703.24,1,-1
76299.860663,1703.22,0.00575,-1
76299.860663,1703.22,0.99424794,-1
76301.027622,1703.36,0.022194,-1
76301.629644,1703.34,0.23978,1
76303.105196,1703.57,0.55168583,-1
76303.105196,1703.55,3.30862279,-1
76303.104925,1703.55,0.91210981,-1
76303.104925,1703.54,0.43294164,-1
76303.104925,1703.5,0.001,-1
76303.104925,1703.44,1.575,-1
76303.104925,1703.28,1,-1
76303.104925,1703.26,1,-1
76303.104925,1703.25,0.8806693,-1
76303.104925,1703.25,0.05858787,-1
76304.345274,1703.41,0.05228718,-1
76304.345274,1703.41,0.1825366,-1
76304.544094,1703.4,0.212156,1
76304.544094,1703.4,0.209,1
76306.34272,1703.41,0.00639332,-1
76306.595117,1703.4,0.00075554,1
76306.595117,1703.4,0.209,1
76306.595117,1703.4,0.00000046,1
76307.705927,1703.41,0.01225365,-1
76307.813332,1703.4,0.02529982,1
76308.522823,1703.4,0.24056882,1
76308.522823,1703.4,0.18370018,1
76309.860274,1703.4,0.19799965,1
76309.860274,1703.4,0.00000035,1
76310.821898,1703.4,0.23197465,1
76310.821898,1703.4,0.00000035,1
76312.700848,1703.33,0.214442,1
76313.84381,1703.3,0.2548437,1
76313.84381,1703.3,0.12910493,1
76313.84381,1703.3,0.209,1
76314.214984,1703.31,0.08070292,1
76314.214984,1703.32,0.05864854,1
76314.214984,1703.32,0.05864854,1
76314.206807,1703.32,0.77160121,-1
76314.206807,1703.3,1,-1
76314.206807,1703.29,0.26162342,-1
76314.292342,1703.33,0.10626958,1
76314.292342,1703.33,0.24925628,1
76314.292342,1703.33,0.01466214,1
76314.479609,1703.36,1,-1
76314.478998,1703.35,0.05858787,-1
76314.478998,1703.34,0.88062277,-1
76316.012176,1703.49,0.190237,1
76317.218723,1703.46,0.180278,1
76317.648916,1703.46,0.185094,1
76317.766169,1703.46,0.092547,1
76319.858478,1703.43,0.00078309,1
76319.858478,1703.43,0.17255356,1
76319.858478,1703.43,2.92732335,1
76320.46529,1703.42,0.01281012,-1
76321.662272,1703.42,0.01281,-1
76321.662272,1703.42,0.98718988,-1
76322.682519,1703.47,0.046273,1
76323.01594,1703.48,0.0114085,-1
76323.977111,1703.46,0.00566647,-1
76324.425437,1703.01,2.31280682,1
76324.425437,1703.05,0.15681949,1
76324.425291,1703.05,0.84318051,1
76324.425291,1703.06,0.00088043,1
76324.425291,1703.07,2.53594376,1
76324.425047,1703.07,0.39137959,1
76324.425047,1703.1,0.001,1
76324.425047,1703.15,0.68995738,1
76324.424915,1703.15,0.88504262,1
76324.424915,1703.17,0.2,1
76324.424915,1703.17,0.1,1
76324.424915,1703.2,0.001,1
76324.424915,1703.21,0.82429552,1
76324.424446,1703.21,0.05639242,1
76324.424446,1703.21,0.4,1
76324.424446,1703.22,0.5,1
76324.424001,1703.3,1.52649136,1
76324.422587,1703.39,1.17397398,1
76324.422587,1703.41,0.21289802,1
76324.422587,1703.41,0.05858787,1
76324.58336,1703.01,0.014262,-1
76324.97895,1703,0.238858,1
76324.929353,1703,0.017,1
76324.929353,1703,0.001,1
76325.059179,1702.9,0.16184472,1
76325.046995,1702.8,0.32699974,1
76325.046959,1702.8,0.67300026,1
76325.046959,1702.8,0.05,1
76325.046959,1702.8,0.001,1
76325.036724,1702.9,0.001,1
76325.034612,1703,0.00000051,1
76325.239792,1702.57,0.03659727,1
76325.239792,1702.6,0.001,1
76325.239792,1702.6,0.05,1
76325.22676,1702.7,0.001,1
76325.219953,1702.71,0.03310152,1
76325.219953,1702.8,0.001,1
76325.341421,1702.5,0.19007358,1
76325.341421,1702.5,0.001,1
76325.929185,1702.4,0.20427758,1
76325.929185,1702.4,0.001,1
76326.505365,1702.36,1,-1
76326.498706,1702.32,1,-1
76327.11681,1702.32,0.01711566,-1
76327.389424,1702.32,0.00581184,-1
76327.493858,1702.32,0.11739053,-1
76328.080827,1702.33,0.16209441,-1
76328.080827,1702.32,1,-1
76329.369843,1702.37,0.00000001,1
76329.3631,1702.37,0.27963762,1
76329.464717,1702.3,0.15257839,1
76329.464646,1702.3,0.04038406,1
76329.464646,1702.3,0.001,1
76329.464646,1702.3,0.84785,1
76329.459547,1702.3,0.15215,1
76330.195764,1702.21,0.00779331,-1
76330.931963,1702.21,0.01618559,-1
76331.214141,1702.01,0.19979644,1
76331.214141,1702.05,0.00010356,1
76331.212999,1702.05,0.99989644,1
76331.212999,1702.1,0.001,1
76331.212999,1702.2,0.00010356,1
76331.212335,1702.2,0.00065221,1
76331.212335,1702.2,0.20534779,1
76331.212335,1702.2,0.001,1
76331.799658,1702.02,0.019174,-1
76332.626378,1702.02,0.09348121,-1
76332.893075,1702.01,0.19569268,1
76332.893075,1702.01,0.00020332,1
76333.560891,1702,0.15731238,1
76333.560891,1702,0.06443478,1
76333.560891,1702,0.001,1
76333.560891,1702,0.01292596,1
76333.560891,1702,0.20015755,1
76333.630692,1701.6,0.05,1
76333.630692,1701.6,0.001,1
76333.629473,1701.7,0.001,1
76333.617699,1701.8,0.0305246,1
76333.617542,1701.8,0.03052461,1
76333.610272,1701.8,0.93895079,1
76333.610272,1701.8,0.001,1
76333.610272,1701.8,0.05,1
76333.610272,1701.84,0.14687021,1
76333.610272,1701.84,1.20351105,1
76333.610272,1701.84,1.17134764,1
76333.610272,1701.89,0.05995099,1
76333.610272,1701.9,0.001,1
76333.661077,1701.55,0.036231,1
76333.861152,1701.97,0.58491562,-1
76333.860608,1701.97,0.00208438,-1
76333.860608,1701.97,0.58283124,-1
76333.851356,1701.97,0.58596542,-1
76333.851237,1701.97,0.00179666,-1
76333.851237,1701.97,0.58416876,-1
76333.847579,1701.96,0.29208438,-1
76333.847422,1701.96,0.29208438,-1
76333.789089,1701.92,0.036231,1
76333.711984,1701.74,0.78875312,-1
76333.711984,1701.64,0.21224,-1
76333.709388,1701.64,0.69525516,-1
76333.708497,1701.64,0.09249656,-1
76333.704524,1701.64,0.21224828,-1
76333.691908,1701.55,0.58344923,-1
76333.903718,1701.96,0.07235203,-1
76333.903718,1701.96,0.588,-1
76333.903718,1701.96,0.51235203,-1
76333.895514,1701.96,0.07264797,-1
76334.051217,1702.03,0.585,-1
76334.044088,1701.98,0.58564797,-1
76334.044088,1701.98,0.588,-1
76334.152698,1702.15,0.588,-1
76334.152698,1702.15,0.585,-1
76334.255275,1702.17,0.29172462,-1
76334.676655,1702.53,0.005854,1
76334.663529,1702.5,1,-1
76334.663529,1702.5,0.198,-1
76334.721836,1702.54,1,-1
76334.86776,1702.65,0.52410758,-1
76335.067759,1702.69,0.584,-1
76335.841844,1702.78,0.65482015,-1
76335.841844,1702.77,0.14878931,-1
76335.832089,1702.79,0.06006372,-1
76335.832089,1702.7,0.001,-1
76336.268383,1702.8,0.001,-1
76336.268383,1702.79,0.82084693,-1
76336.403737,1702.89,0.525605,1
76336.582809,1702.28,0.04449633,1
76336.582809,1702.3,1.89250367,1
76336.575971,1702.3,0.39844647,1
76336.575971,1702.3,0.001,1
76336.575971,1702.36,1.678,1
76336.575971,1702.4,0.001,1
76336.575971,1702.48,0.51090005,1
76336.575971,1702.5,0.001,1
76336.575971,1702.59,0.14685064,1
76336.575971,1702.61,0.13140142,1
76336.575971,1702.66,0.13140142,1
76336.565877,1702.6,3.82616124,1
76336.565877,1702.61,2.92732335,1
76336.565877,1702.64,0.38516112,1
76336.565877,1702.65,0.05858787,1
76336.563391,1702.81,1.17489489,1
76336.613542,1702.64,0.38516112,1
76336.586041,1702.12,0.99926956,1
76336.586041,1702.13,0.1553216,1
76336.586041,1702.22,0.07173798,1
76336.586041,1702.28,0.83667086,1
76337.968465,1702.43,0.31081109,-1
76337.968465,1702.43,0.18918891,-1
76337.967203,1702.43,0.83381356,-1
76337.967203,1702.43,0.565,-1
76337.967203,1702.43,0.574,-1
76337.967203,1702.43,0.05858787,-1
76337.967203,1702.43,0.46859857,-1
76337.960368,1702.42,0.289375,1
76338.279378,1702.3,0.24318,1
76338.436765,1702.29,0.09888715,-1
76339.102057,1702.2,0.25967528,1
76339.102057,1702.2,0.001,1
76339.066468,1702.26,0.00000082,1
76339.064498,1702.26,0.059415,1
76339.060496,1702.26,0.2534704,1
76339.194005,1702.1,0.161849,1
76339.194005,1702.1,0.001,1
76339.246552,1702.1,0.00000004,1
76339.611767,1701.85,1.22398562,1
76339.611767,1701.85,0.05858787,1
76339.611767,1701.86,0.27952627,1
76339.611235,1701.86,0.89534308,1
76339.611235,1701.88,1.575,1
76339.611235,1701.9,0.208,1
76339.611235,1701.9,0.001,1
76339.611235,1701.93,0.12809634,1
76339.611235,1701.93,0.92956201,1
76339.611235,1702,0.208,1
76339.611235,1702,0.001,1
76339.611235,1702.06,0.19668938,1
76339.611235,1702.06,0.85730919,1
76339.815296,1701.97,0.05572902,-1
76340.075283,1701.97,0.3900973,-1
76341.200299,1701.98,0.72721024,-1
76341.806112,1702.11,0.103786,1
76341.792772,1702,1,-1
76341.792772,1701.98,0.72721,-1
76341.792772,1701.98,0.27278976,-1
76342.808464,1702.19,1.17479001,1
76342.808464,1702.19,0.31632095,1
76342.968786,1701.7,0.001,1
76342.968786,1701.73,0.5,1
76342.968786,1701.8,0.001,1
76342.968786,1701.9,0.001,1
76343.041175,1701.6,0.198,1
76343.041175,1701.6,0.001,1
76344.593647,1701.68,0.13036831,-1
76344.593019,1701.68,0.13036832,-1
76344.531296,1701.66,0.73926337,-1
76344.530931,1701.64,1,-1
76348.678507,1701.7,0.30705348,-1
76348.674576,1701.7,0.34652674,-1
76350.826711,1701.69,1.17516022,1
76350.826711,1701.69,0.00096986,1
76350.826711,1701.69,0.35855392,1
76352.509141,1701.7,0.01163542,-1
76353.067834,1701.7,0.06216754,-1
76353.067834,1701.7,0.33478436,-1
76356.585917,1701.62,0.07313082,-1
76356.585917,1701.62,0.39695,-1
76356.963817,1701.61,0.00022997,1
76358.509536,1701.61,0.00787824,1
76358.423921,1701.61,0.28091971,1
76359.700959,1701.61,0.05873939,1
76360.503901,1701.62,0.02229347,-1
76360.674761,1701.69,1.26937436,1
76360.674761,1701.7,0.09081282,1
76360.674761,1701.7,0.09081282,1
76360.672521,1701.7,0.88147498,-1
76360.6664,1701.64,1,-1
76360.6664,1701.62,0.47008,-1
76360.6664,1701.62,0.01163,-1
76360.6664,1701.62,0.49598817,-1
76361.174838,1701.88,0.94,-1
76361.676887,1701.87,0.40896025,1
76361.676887,1701.87,0.00078301,1
76361.676887,1701.87,0.27243845,1
76364.67319,1701.79,0.000305,1
76364.836593,1701.8,0.01393407,-1
76365.578079,1701.8,0.04069099,-1
76366.403966,1702.18,0.096,-1
76366.403966,1702.1,0.001,-1
76366.403966,1702.09,0.55099239,-1
76366.392898,1702.07,0.048,-1
76366.392898,1702.05,0.41810553,-1
76366.392393,1702.05,0.17377575,-1
76366.386182,1702,0.6,-1
76366.386182,1702,0.001,-1
76366.369687,1701.9,0.05858787,-1
76366.369687,1701.9,0.001,-1
76366.368716,1701.82,0.33807475,-1
76366.368627,1701.82,0.573,-1
76366.368518,1701.82,0.02892525,-1
76366.368518,1701.82,0.06,-1
76366.368473,1701.8,0.04069,-1
76366.368473,1701.8,0.01393,-1
76366.368473,1701.8,0.36944969,-1
76366.368338,1701.8,0.57592525,-1
76366.43944,1702.2,0.001,-1
76366.555261,1702.2,0.068109,1
76366.63847,1702.22,0.05858777,1
76366.63847,1702.22,0.13621923,1
76367.049226,1702.24,0.058587,1
76367.011717,1702.25,0.068109,1
76367.156961,1702.25,0.01702744,1
76367.156961,1702.25,0.01702756,1
76367.406149,1702.25,0.00851338,1
76367.406149,1702.25,0.00000062,1
76367.376505,1702.25,0.017027,1
76367.456411,1702.26,0.004257,1
76367.798656,1702.25,0.002128,1
76369.690753,1702.2,0.058587,1
76369.660355,1702.29,0.00106462,1
76369.782085,1702.19,0.16632959,1
76369.782085,1702.19,0.00000041,1
76369.755431,1702.19,0.146858,1
76369.72398,1702.2,0.32541213,1
76369.72398,1702.2,0.00000087,1
76370.22369,1702.11,0.126368,1
76370.773529,1702.09,0.19176713,1
76370.773529,1702.09,0.05858787,1
76371.281527,1702.24,0.4585611,-1
76371.280429,1702.23,0.05858787,-1
76371.280429,1702.21,1.16869681,-1
76371.27956,1702.21,0.00618788,-1
76371.27956,1702.2,0.56914444,-1
76371.27956,1702.19,0.29973384,-1
76371.27956,1702.19,0.29973384,-1
76371.278173,1702.1,0.198,-1
76371.271509,1702.15,0.18034198,-1
76371.271509,1702.1,0.198,-1
76371.271381,1702.09,0.18214832,-1
76371.271246,1702.09,0.69912117,-1
76371.271181,1702.02,0.13863086,-1
76371.671226,1702.09,0.058587,1
76371.752982,1702.06,0.058587,1
76372.303617,1702.07,0.11872015,-1
76372.303617,1702.07,0.88127985,-1
76373.049618,1702.12,0.11631527,-1
76373.514326,1702.11,0.00075663,1
76373.514326,1702.11,0.48392022,1
76373.514326,1702.11,0.30026615,1
76373.636388,1702.12,0.01114608,-1
76373.798992,1702.1,0.00075788,1
76373.869342,1702.08,0.99993103,1
76373.869342,1702.1,0.00006897,1
76373.869146,1702.1,0.1625,1
76373.859388,1702.1,0.05330494,1
76373.859388,1702.1,0.99924212,1
76374.686808,1702.1,0.00007897,1
76374.686808,1702.1,0.57192,1
76374.686517,1702.1,0.428,1
76374.686517,1702.12,1,1
76375.815657,1702.06,0.00183865,1
76376.05769,1702.07,0.00116328,-1
76376.014078,1702.06,0.12822565,1
76376.014078,1702.06,0.99816135,1
76376.319045,1701.97,0.14685841,1
76376.312899,1702,1,1
76376.312899,1702,0.001,1
76376.310421,1702.02,0.1269794,1
76376.651194,1701.99,0.05858787,-1
76376.643668,1701.93,0.73990296,-1
76376.643668,1701.91,0.17545771,-1
76377.003122,1702.16,0.39689666,1
76377.002215,1702.16,0.60310334,1
76377.002215,1702.18,1,1
76378.341642,1701.61,0.03063596,1
76378.341642,1701.7,0.001,1
76378.341642,1701.8,0.001,1
76378.330464,1701.84,1.46899826,1
76378.330464,1701.84,0.26599127,1
76378.330461,1701.84,0.90892691,1
76378.330461,1701.9,0.001,1
76378.326391,1702,1,1
76378.323152,1702.02,0.15040436,1
76378.323152,1702.02,0.46593384,1
76378.321195,1702.02,0.53406616,1
76380.225704,1701.98,0.0364235,1
76380.225704,1702,0.23579902,1
76380.225704,1702,1,1
76382.026592,1701.98,0.00000028,1
76382.021811,1701.98,0.120998,1
76382.013611,1701.98,0.84257822,1
76382.013611,1701.98,0.03642,1
76382.013611,1702,0.26718482,1
76382.013611,1702,1,1
76382.178439,1701.5,0.16277482,1
76382.175926,1701.5,0.00000016,1
76382.175926,1701.5,0.001,1
76382.175926,1701.54,0.07318322,1
76382.175926,1701.6,0.05,1
76382.175926,1701.6,0.001,1
76382.171173,1701.61,0.00595565,1
76382.171173,1701.7,0.001,1
76382.161856,1701.8,0.001,1
76382.13829,1701.81,0.1106824,1
76382.13829,1701.81,0.69527174,1
76382.13829,1701.81,0.70324978,1
76382.408497,1701.48,0.147392,1
76382.382948,1701.48,0.85260745,1
76382.382948,1701.5,1,1
76382.382948,1701.5,0.001,1
76382.50818,1701.4,0.00016457,1
76382.413198,1701.48,0.00000055,1
76382.52685,1701.4,0.00000587,1
76382.709118,1701.33,1.1755274,1
76382.707359,1701.4,0.00082956,1
76382.724443,1701.27,0.0123,1
76382.721832,1701.28,1,1
76382.721102,1701.3,0.0123,1
76382.721102,1701.3,0.9877,1
76382.720657,1701.3,0.0123,1
76382.719134,1701.3,1,1
76382.719134,1701.3,0.001,1
76383.040055,1701.29,0.01225063,-1
76383.753317,1701.36,0.64078869,-1
76383.753317,1701.35,0.05858787,-1
76383.749496,1701.31,0.8816784,-1
76383.828045,1701.48,0.02814905,1
76383.828045,1701.48,0.02814995,1
76383.979519,1701.38,0.01742015,1
76383.939959,1701.38,1.17515579,1
76383.939959,1701.41,0.00004421,1
76383.936526,1701.41,0.1801,1
76383.920958,1701.43,0.9723,1
76383.919878,1701.43,0.20281643,1
76383.919878,1701.46,0.00008357,1
76383.891929,1701.46,0.99991643,1
76383.891929,1701.48,0.00008357,1
76383.89163,1701.48,0.99991643,1
76383.89163,1701.48,0.00008357,1
76383.860347,1701.48,0.02806593,1
76383.860347,1701.48,0.09383316,1
76383.860347,1701.48,0.00000091,1
76385.209107,1701.28,0.249694,1
76385.209107,1701.28,1,1
76385.215018,1701.26,1,1
76385.215018,1701.27,0.00004372,1
76385.215018,1701.28,0.00000068,1
76385.672414,1701.24,0.00043625,-1
76385.814724,1701.25,0.0593113,-1
76385.814724,1701.24,0.05815162,-1
76386.160148,1701.47,0.3028,1
76386.156701,1701.47,0.8726,1
76386.117353,1701.35,0.18296212,-1
76386.114162,1701.25,0.05858787,-1
76386.114162,1701.25,0.38190272,-1
76386.1137,1701.25,0.4404906,-1
76386.390056,1701.46,0.19606274,1
76386.390056,1701.46,0.0007573,1
76386.390056,1701.46,1,1
76387.047929,1701,0.001,1
76387.047929,1701,6.16003632,1
76387.047618,1701,2.63625997,1
76387.047618,1701,0.0029,1
76387.047618,1701.1,0.001,1
76387.011475,1701.14,0.44887428,1
76387.011443,1701.14,0.43288517,1
76387.011007,1701.2,0.001,1
76387.010876,1701.27,1.17547169,1
76387.010253,1701.28,1,1
76387.009996,1701.3,1,1
76387.009996,1701.31,0.06099179,1
76388.203791,1700.94,0.01427406,-1
76389.055613,1701.02,0.00567124,-1
76389.470953,1701.01,0.03343993,-1
76389.362344,1701.02,0.00276291,-1
76389.298925,1701.02,0.00276388,-1
76390.273104,1701.01,0.00141004,-1
76390.638377,1701,0.00448856,1
76391.994896,1701.03,0.02432099,1
76393.890766,1701.05,0.0091666,1
76393.890766,1701.05,0.0000004,1
76393.841773,1701.05,0.018335,1
76394.175205,1701.05,0.004584,1
76394.511162,1701.06,0.183072,1
76394.511162,1701.06,1,1
76394.565278,1701.06,0.00000034,1
76395.166408,1701,0.16381793,1
76395.166408,1701,0.18875871,1
76395.166015,1701,0.81124129,1
76395.296131,1700.8,0.9066512,1
76395.29049,1700.8,0.0933488,1
76395.29049,1700.8,0.001,1
76395.281103,1700.9,0.001,1
76395.281103,1700.93,0.00220468,1
76395.353064,1700.71,0.88198458,-1
76396.33211,1700.84,0.05858787,-1
76397.23321,1701.17,1.91252237,-1
76397.233039,1701.13,0.14697496,-1
76397.232845,1701.1,0.001,-1
76397.232786,1701.04,0.14697496,-1
76397.232554,1701,0.001,-1
76397.232554,1700.98,0.02900767,-1
76397.231208,1700.98,0.85283719,-1
76397.231208,1700.97,0.05858787,-1
76397.374038,1701.35,0.14697496,-1
76397.374038,1701.3,0.001,-1
76397.373885,1701.27,0.54059258,-1
76397.373885,1701.2,0.001,-1
76397.506866,1701.7,0.001,-1
76397.506396,1701.69,1.575,-1
76397.506396,1701.6,0.001,-1
76397.506396,1701.5,0.001,-1
76397.506396,1701.4,0.001,-1
76397.519235,1701.77,0.2988538,-1
76397.51461,1701.8,0.001,-1
76397.51461,1701.78,0.59770759,-1
76397.510325,1701.79,0.24157521,-1
76397.773574,1701.79,0.036,-1
76398.403831,1701.9,0.001,-1
76398.541673,1702.1,0.001,-1
76398.538697,1702,0.001,-1
76399.163253,1702.7,0.001,-1
76399.149805,1702.6,0.05,-1
76399.149805,1702.6,0.001,-1
76399.14939,1702.55,0.44871404,-1
76399.14939,1702.5,0.001,-1
76399.14939,1702.4,0.001,-1
76399.14939,1702.3,0.001,-1
76399.149247,1702.2,0.001,-1
76399.349473,1702.54,0.61311264,1
76399.349473,1702.6,0.188,1
76399.349473,1702.61,0.14697496,1
76399.349473,1702.7,0.14697496,1
76399.349473,1702.71,0.46857309,1
76401.955157,1703,0.001,-1
76401.952566,1702.99,0.02960205,-1
76401.935021,1702.9,0.001,-1
76401.935021,1702.88,1.575,-1
76401.935021,1702.87,0.05858787,-1
76401.935021,1702.8,0.001,-1
76401.926921,1702.7,0.188,-1
76401.926921,1702.68,0.88096554,-1
76401.926921,1702.67,0.34323603,-1
76401.926843,1702.67,1.23176397,-1
76401.926843,1702.67,0.18320052,-1
76401.924523,1702.67,0.00276291,-1
76402.085549,1703.74,1.00510917,-1
76402.083718,1703.74,0.35201688,-1
76402.082619,1703.74,0.74113394,-1
76402.082277,1703.74,0.74113394,-1
76402.078738,1703.74,1.35712605,-1
76402.078516,1703.74,0.67426933,-1
76402.078516,1703.73,0.18285672,-1
76402.078516,1703.73,0.5,-1
76402.073245,1703.74,2.14270225,-1
76402.072578,1703.74,0.53600844,-1
76402.054515,1703.74,2.4505,-1
76402.04766,1703.65,0.3028,-1
76402.036121,1703.6,0.001,-1
76402.036121,1703.5,0.001,-1
76402.013494,1703.42,0.096,-1
76402.001351,1703.42,0.14600422,-1
76402.00112,1703.4,0.05,-1
76402.00112,1703.4,0.001,-1
76401.999118,1703.32,0.0008809,-1
76401.999118,1703.31,0.048,-1
76401.995676,1703.3,0.0955,-1
76401.995489,1703.3,0.0925,-1
76401.995489,1703.3,0.001,-1
76401.995489,1703.2,0.001,-1
76401.995489,1703.1,0.001,-1
76402.178958,1704.18,0.11696409,-1
76402.178958,1704.18,0.09357127,-1
76402.17493,1704.12,0.07631427,-1
76402.171411,1704.12,1.49868573,-1
76402.155008,1704.05,0.03714254,1
76402.155008,1704.07,0.16285746,1
76402.120522,1704,0.001,-1
76402.120522,1703.99,0.048,-1
76402.117501,1703.92,0.72677936,-1
76402.115243,1703.92,0.45906752,-1
76402.111804,1703.92,0.38915312,-1
76402.111804,1703.83,0.00088064,-1
76402.305655,1704.37,0.874775,-1
76402.305254,1704.37,0.874775,-1
76402.272389,1704.39,0.25,-1
76402.272381,1704.39,0.24884644,-1
76402.272381,1704.38,0.00115356,-1
76402.268689,1704.38,0.78692322,-1
76402.268138,1704.38,0.78692322,-1
76402.245774,1704.34,0.00088048,-1
76402.245774,1704.33,0.78705976,-1
76402.245617,1704.33,0.78794024,-1
76402.402905,1704.5,0.5,-1
76402.402905,1704.48,0.8800376,-1
76402.399398,1704.47,0.42368433,-1
76402.3993,1704.47,0.42368433,-1
76402.32678,1704.5,0.09884644,-1
76402.32678,1704.49,0.4,-1
76402.32678,1704.39,0.00115356,-1
76402.316978,1704.36,0.874775,-1
76402.316865,1704.36,0.874775,-1
76402.507798,1704.79,0.048,-1
76402.507798,1704.77,0.2690174,-1
76402.507798,1704.77,0.87988408,-1
76402.498241,1704.72,0.999914,-1
76402.498241,1704.6,0.001,-1
76402.659259,1704.41,0.42071134,1
76402.658736,1704.41,1.67405391,1
76402.658301,1704.41,0.84261854,1
76402.650891,1704.3,0.7255,-1
76402.650602,1704.3,0.7255,-1
76402.947353,1704.33,0.08406793,-1
76402.947353,1704.33,0.02522039,-1
76402.947353,1704.33,0.02522038,-1
76402.947353,1704.23,0.10539058,-1
76403.946204,1704.48,0.44001744,-1
76403.945879,1704.48,0.37276309,-1
76403.945879,1704.47,0.06725435,-1
76403.927683,1704.45,0.18129331,-1
76403.927683,1704.45,0.10064412,-1
76404.357063,1704.49,0.00780462,-1
76404.644536,1704.49,0.09056929,-1
76404.644536,1704.49,0.02582256,-1
76405.36958,1704.55,0.87999765,-1
76405.36958,1704.55,0.17334586,-1
76405.36958,1704.55,0.01681359,-1
76405.703668,1704.83,0.87985765,-1
76405.703668,1704.8,0.001,-1
76405.703668,1704.7,0.001,-1
76405.831681,1704.48,0.05259098,1
76405.831681,1704.51,2.34672237,1
76405.831681,1704.53,4.5790637,1
76405.831681,1704.55,2.92732335,1
76405.831681,1704.6,5,1
76405.831681,1704.6,0.188,1
76405.831681,1704.62,2.92732335,1
76405.831681,1704.63,2.34672237,1
76405.831681,1704.64,4.5790637,1
76405.831681,1704.65,1.575,1
76405.831681,1704.69,2.92732335,1
76405.831681,1704.7,0.188,1
76405.831681,1704.76,2.92732335,1
76405.831681,1704.77,2.34672237,1
76405.831681,1704.78,0.05858787,1
76405.831681,1704.8,0.188,1
76405.831681,1704.83,2.92732335,1
76405.831681,1704.9,0.188,1
76405.831681,1704.92,2.92732335,1
76405.831681,1704.93,2.34672237,1
76405.831681,1704.96,0.2957966,1
76405.831681,1704.96,0.2957966,1
76405.81053,1704.97,1,-1
76405.81053,1704.96,0.20249762,-1
76405.81053,1704.92,0.19121701,-1
76405.81053,1704.9,0.001,-1
76406.178202,1704.83,0.016414,-1
76406.413378,1704.8,0.25493785,1
76406.409779,1704.8,0.74506215,1
76406.409779,1704.82,0.35100994,1
76406.408093,1704.82,0.64899006,1
76406.416578,1704.8,0.05858787,1
76406.570303,1704.55,0.0697134,1
76406.800873,1704.59,0.87998192,-1
76407.331594,1704.66,0.87994086,-1
76407.62484,1704.73,0.01141809,-1
76407.791004,1704.73,0.00795055,1
76409.281723,1704.4,0.001,1
76409.281723,1704.4,0.05,1
76409.281723,1704.4,0.03789386,1
76409.281443,1704.43,0.05867064,1
76409.280858,1704.5,0.31846583,1
76409.280858,1704.5,0.001,1
76409.280858,1704.62,0.0013613,1
76409.268785,1704.72,1,1
76409.267238,1704.74,1,1
76409.48505,1704.31,0.065224,-1
76409.858236,1704.31,0.005867,1
76411.461242,1704.3,0.00001798,1
76411.451757,1704.3,0.26731777,1
76411.451757,1704.3,0.001,1
76412.347525,1704.32,0.03342697,-1
76412.50955,1704.31,0.00000586,1
76412.497837,1704.31,0.00197147,1
76412.865353,1704.32,0.00001173,-1
76412.927946,1704.32,0.01523954,-1
76413.811986,1704.24,0.21391944,1
76413.81136,1704.28,1,1
76413.81136,1704.3,0.26733,1
76413.81136,1704.3,0.73266425,1
76413.81136,1704.31,0.27959963,1
76413.884685,1704.11,0.02726833,-1
76413.814354,1704.2,0.001,1
76415.62926,1704.12,1,1
76415.62926,1704.13,0.00001771,1
76415.628822,1704.13,0.3161,1
76419.258483,1704.11,0.93121823,-1
76419.258483,1704.11,0.09984419,-1
76425.069038,1704.08,0.37619,1
76425.069038,1704.08,0.2746931,1
76425.026058,1704.08,0.37619,1
76425.023963,1704.11,0.34012,-1
76425.022983,1704.11,0.18670411,-1
76425.022983,1704.11,0.17581802,-1
76425.022983,1704.11,0.05858787,-1
76425.022569,1704.08,0.3491169,1
76425.022569,1704.09,0.16505777,1
76425.022569,1704.1,0.00075362,1
76425.022569,1704.1,0.23362171,1
76425.022569,1704.1,1,1
76425.022569,1704.1,0.001,1
76425.295217,1703.93,0.038085,1
76425.288496,1704,0.001,1
76425.845496,1703.74,0.07502985,1
76425.845496,1703.8,0.001,1
76425.818569,1703.9,0.37650316,1
76425.817394,1703.9,0.62349684,1
76425.817394,1703.9,0.001,1
76425.817394,1703.92,1,1
76425.817394,1703.93,0.00000065,1
76426.046576,1703.6,0.001,1
76426.046576,1703.67,0.00000001,1
76426.046176,1703.67,0.14670155,1
76426.046176,1703.7,0.001,1
76426.817397,1703.49,0.146701,1
76426.814021,1703.5,0.001,1
76427.133482,1703.4,0.250345,1
76427.133482,1703.4,0.001,1
76428.251464,1703.3,0.10005682,1
76428.251464,1703.3,0.001,1
76428.532065,1703.13,0.14670156,1
76428.531862,1703.2,0.001,1
76429.111576,1702.9,0.001,1
76429.108573,1702.95,0.14670156,1
76429.108548,1703,0.001,1
76429.107204,1703.04,0.14670156,1
76429.103715,1703.1,0.001,1
76429.308081,1702.8,0.144776,1
76429.308081,1702.8,0.001,1
76429.386416,1702.7,0.13434321,1
76429.386416,1702.7,0.001,1
76429.316361,1702.8,0.00000021,1
76430.074261,1702.38,1.17470141,1
76430.069303,1702.4,1.99854076,1
76430.067997,1702.4,2.58052294,1
76430.067997,1702.4,0.05,1
76430.067997,1702.4,0.001,1
76430.066478,1702.43,0.31525,1
76430.066478,1702.43,0.35546104,1
76430.06587,1702.44,2.93374719,1
76430.064498,1702.45,1.26650356,1
76430.064498,1702.5,0.001,1
76430.064498,1702.6,0.001,1
76431.155414,1702.62,0.02787782,-1
76431.391049,1702.63,0.06158053,-1
76432.097804,1702.61,0.1724003,1
76432.097804,1702.61,0.14827085,1
76432.097804,1702.61,0.14827085,1
76432.583278,1702.66,0.9716277,-1
76432.575267,1702.66,1.174714,-1
76432.571908,1702.62,1.00068742,-1
76432.571908,1702.62,0.88099517,-1
76432.571908,1702.61,0.45172914,-1
76433.161489,1702.67,0.00134231,-1
76433.452805,1702.67,0.0244181,-1
76433.521293,1702.67,0.005867,-1
76435.137798,1702.62,0.00000587,1
76436.142331,1702.62,0.12786236,1
76436.142331,1702.62,0.00077964,1
76436.408244,1702.6,0.125883,1
76437.034433,1702.56,0.04720266,1
76437.596433,1702.6,0.122164,1
76437.880604,1702.61,0.057004,-1
76440.352408,1702.71,0.097093,1
76441.592905,1702.74,0.140059,1
76442.269696,1702.8,0.00053848,-1
76442.269696,1702.73,0.2494659,-1
76443.347325,1702.72,0.095254,1
76443.542139,1702.69,0.00761473,-1
76443.956448,1702.64,0.110873,1
76444.196296,1702.7,0.17,1
76444.873624,1702.71,0.136562,1
76446.202181,1702.66,0.03262446,1
76448.185908,1702.73,0.136278,1
76448.157829,1702.73,0.0007552,1
76448.157829,1702.73,0.1362788,1
76449.140702,1702.86,1.451,1
76449.137614,1702.88,0.14678253,-1
76449.137614,1702.87,0.70045477,-1
76449.132901,1702.81,1.17456515,-1
76449.132901,1702.8,0.00046152,-1
76449.132891,1702.75,0.88092791,-1
76449.132891,1702.74,0.05858787,-1
76449.851868,1702.89,0.02853606,-1
76450.208034,1702.79,0.38931661,1
76450.208034,1702.83,0.08933334,1
76450.208034,1702.84,0.05858787,1
76450.208034,1702.85,0.46276218,1
76452.975578,1702.47,0.03676463,1
76452.975578,1702.5,0.001,1
76452.956344,1702.6,0.07663372,1
76452.956344,1702.6,0.001,1
76453.749699,1702.4,0.10935016,1
76453.749699,1702.4,0.001,1
76454.314499,1702.3,0.093849,1
76454.314499,1702.3,0.001,1
76454.450716,1702.28,0.06109723,1
76456.29798,1702.41,0.00835421,-1
76457.757705,1702.43,0.079251,1
76459.724312,1702.49,0.10185381,1
76459.724312,1702.49,0.23555819,1
76462.057984,1702.49,0.05119801,1
76462.031038,1702.49,0.0008439,1
76462.031038,1702.49,0.116936,1
76462.031038,1702.49,0.1177791,1
76463.498956,1702.49,0.058889,1
76463.558443,1702.49,0.029445,1
76470.307755,1702.66,0.05858787,-1
76470.307755,1702.66,2.34699775,-1
76470.307755,1702.65,0.88098123,-1
76470.307755,1702.6,0.001,-1
76470.307755,1702.5,0.001,-1
76470.280393,1702.49,1.17462164,1
76470.280393,1702.49,0.99919579,1
76470.280393,1702.49,0.05858787,1
76470.280393,1702.49,0.08725686,1
76470.280393,1702.49,0.85314747,1
76470.280393,1702.49,1.13106748,1
76470.280393,1702.49,1.07320034,1
76470.280393,1702.49,0.613,1
76470.280393,1702.49,0.01472255,1
76474.063189,1702.7,0.00001174,-1
76474.234985,1702.69,0.00000587,1
76474.224528,1702.69,0.00840434,1
76475.16036,1702.69,0.00075238,1
76475.16036,1702.69,0.33724662,1
76475.248921,1702.66,1,1
76475.248921,1702.68,0.13641572,1
76475.248921,1702.68,1,1
76476.036325,1702.59,0.0001418,-1
76477.201662,1702.55,0.08401303,1
76477.201662,1702.56,0.13296684,1
76477.201065,1702.56,0.86703316,1
76477.200868,1702.58,1,1
76477.200868,1702.58,0.05858787,1
76477.200868,1702.58,0.35771578,1
76477.668118,1702.49,0.00051649,1
76480.174187,1702.46,0.1122054,1
76480.174187,1702.46,0.1468446,1
76481.081955,1702.46,0.003716,1
76481.041408,1702.44,0.007432,1
76481.13946,1702.48,0.001858,1
76483.199071,1702.34,3.41032198,1
76483.199071,1702.36,1.17469662,1
76483.199071,1702.37,0.16386512,1
76483.199071,1702.4,0.161,1
76483.199071,1702.4,0.001,1
76483.199071,1702.41,0.05858787,1
76483.199071,1702.46,0.32749145,1
76483.199071,1702.46,1.575,1
76483.199071,1702.46,0.00092917,1
76484.444558,1702.45,0.00000587,1
76485.851986,1702.45,0.127765,1
76487.066354,1702.33,0.06450746,1
76487.066354,1702.34,0.11364836,1
76487.066354,1702.42,0.1468446,1
76487.066354,1702.43,0.00075326,1
76487.066354,1702.43,0.14994755,1
76487.066354,1702.43,0.05858787,1
76488.658622,1702.45,0.311627,1
76490.508808,1702.19,0.0401973,1
76490.508808,1702.19,1.575,1
76490.508808,1702.2,0.001,1
76490.508808,1702.28,0.05858787,1
76490.508808,1702.3,0.001,1
76490.508808,1702.31,0.14820323,1
76490.508433,1702.31,0.20779111,1
76490.5165,1702.19,0.1066473,1
76490.633195,1702.18,0.18353589,-1
76490.630351,1702.12,0.8812555,-1
76490.630351,1702.11,0.17083,-1
76490.63006,1702.11,0.0873527,-1
76490.62916,1702.11,0.19146884,-1
76490.62916,1702.11,0.14988386,-1
76492.053639,1702.4,0.01063002,-1
76492.053639,1702.4,0.001,-1
76495.652823,1702.31,0.09354746,1
76495.652823,1702.31,0.10832457,1
76495.652823,1702.31,0.14684374,1
76496.780688,1702.24,0.02264305,1
76496.780688,1702.26,1.1747625,1
76496.780688,1702.27,0.05858787,1
76496.780688,1702.32,0.14684374,1
76496.780688,1702.33,0.25523977,1
76496.780688,1702.33,0.30023229,1
76496.893592,1702.27,0.00059917,1
76498.995151,1702.5,0.001,-1
76498.995151,1702.49,0.05858787,-1
76500.591298,1702.42,0.0007874,1
76500.591298,1702.42,0.1122426,1
76500.626261,1702.42,0.112242,1
76504.314982,1702.24,0.00094704,-1
76504.27684,1702.27,0.094847,1
76505.356307,1702.21,0.08357426,-1
76506.251778,1702.2,0.108931,1
76506.251778,1702.2,0.001,1
76508.323034,1702.22,0.00056996,-1
76508.956757,1702.11,0.20268861,-1
76509.11103,1702.1,0.001,1
76509.55431,1702.04,0.2726542,1
76509.55431,1702.04,0.06817905,1
76509.55431,1702.04,0.2394519,1
76509.941091,1701.8,0.001,1
76509.936876,1701.9,0.001,1
76509.936876,1702,0.001,1
76510.259533,1701.54,0.00000587,1
76510.250184,1701.54,0.00456589,1
76510.250184,1701.6,0.00000056,1
76510.244979,1701.6,0.028149,1
76510.23488,1701.6,0.00824742,1
76510.23488,1701.6,0.001,1
76510.23488,1701.7,0.001,1
76510.880333,1701.62,0.00523443,-1
76511.645071,1701.6,0.063339,1
76512.20366,1701.57,0.0027626,-1
76512.183468,1701.57,0.01427214,-1
76512.671253,1701.58,0.88153363,-1
76514.442628,1701.69,0.07243236,-1
76514.71082,1701.69,0.00581604,-1
76514.926378,1701.66,0.00290802,-1
76515.221939,1701.66,0.01226006,-1
76515.423931,1701.66,0.01454009,-1
76516.628307,1701.59,0.14540092,-1
76517.374956,1701.54,0.00099875,1
76517.374956,1701.54,0.15134925,1
76517.775193,1701.5,0.08640934,1
76517.775193,1701.5,0.001,1
76517.815215,1701.33,0.5,1
76517.815215,1701.4,0.001,1
76518.70516,1701.3,0.001,1
76518.812507,1700.84,0.00174633,1
76518.812507,1700.9,0.001,1
76518.812507,1701,0.05,1
76518.812507,1701,0.001,1
76518.812507,1701.05,1,1
76518.812507,1701.1,0.001,1
76518.812507,1701.2,0.001,1
76518.985009,1700.81,1.451,-1
76519.594071,1700.65,1.22679285,1
76519.594071,1700.66,0.05858787,1
76519.594071,1700.7,0.03603301,1
76519.594071,1700.7,0.001,1
76519.594071,1700.72,1.17579419,1
76519.594071,1700.78,0.00079208,1
76519.594071,1700.8,1,1
76519.594071,1700.8,0.001,1
76519.594071,1700.89,1,1
76520.239005,1700.72,0.00000587,1
76520.229332,1700.72,0.00108189,1
76520.432427,1700.35,0.03567268,1
76520.432427,1700.4,0.001,1
76520.432427,1700.41,0.04094479,1
76520.432427,1700.41,0.04094479,1
76520.432427,1700.42,0.08188958,1
76520.427911,1700.58,0.16456942,1
76520.420887,1700.41,3.15644139,1
76520.420536,1700.41,1.27975968,1
76520.420105,1700.41,0.14286263,1
76520.419343,1700.48,0.19999999,1
76520.419343,1700.49,0.05858787,1
76520.419343,1700.5,0.001,1
76520.419343,1700.51,1.575,1
76520.419343,1700.51,0.00088176,1
76520.418593,1700.58,1.17579419,1
76520.41844,1700.6,0.001,1
76520.41844,1700.64,0.3275583,1
76521.210578,1700.58,0.00302466,-1
76522.674985,1700.56,0.12116156,1
76522.907984,1700.42,0.083401,1
76524.903841,1700.41,0.0007471,-1
76525.235935,1700.39,0.12469032,1
76525.22845,1700.4,0.001,1
76526.307409,1700.3,0.145548,1
76526.307409,1700.3,0.001,1
76526.48801,1700.29,0.146943,1
76526.48801,1700.3,0.1553216,1
76526.48801,1700.3,0.00000098,1
76526.587323,1700.2,0.01930346,1
76526.587323,1700.2,0.001,1
76529.853705,1700.12,0.17359681,-1
76530.194023,1699.78,1.575,1
76530.194023,1699.8,1,1
76530.194023,1699.8,0.05,1
76530.194023,1699.8,0.001,1
76530.194023,1699.81,0.07638147,1
76530.193808,1699.89,0.2,1
76530.193808,1699.89,0.1,1
76530.193808,1699.89,0.88240602,1
76530.193808,1699.9,0.153,1
76530.193808,1699.9,0.001,1
76530.193808,1699.91,0.03531595,1
76530.193808,1699.92,0.05858787,1
76530.193808,1699.97,1.17627618,1
76530.193808,1699.97,0.00220592,1
76530.193808,1700,5,1
76530.193808,1700,0.001,1
76530.193808,1700,0.244,1
76530.193808,1700,0.0643882,1
76530.193808,1700,0.003,1
76530.193808,1700,18.05709391,1
76530.193734,1700,46.3373048,1
76530.193726,1700,12.89170259,1
76530.193726,1700,0.5,1
76530.193726,1700.01,0.146943,1
76530.193726,1700.05,1,1
76530.193726,1700.1,0.153,1
76530.193726,1700.1,0.001,1
76530.193726,1700.11,0.1553216,1
76530.193726,1700.11,0.96577812,1
76530.193726,1700.11,1.07929536,1
76530.193726,1700.11,0.554,1
76530.193726,1700.11,0.00075714,1
76530.193726,1700.11,0.10784252,1
76530.232008,1699.87,0.0943488,-1
76530.231342,1699.87,0.0471744,-1
76530.223551,1699.86,0.57853949,1
76530.203842,1699.61,1.90051628,1
76530.203842,1699.63,1.611,1
76530.203842,1699.63,0.14126382,1
76530.203842,1699.64,4.23370026,1
76530.203842,1699.7,0.001,1
76530.203842,1699.76,0.07063191,1
76530.203842,1699.77,0.04188773,1
76530.203002,1699.9,0.001,1
76530.512505,1699.89,0.4664068,-1
76530.911728,1699.9,0.82641,-1
76531.397976,1700.06,0.17359,-1
76531.397976,1700.06,0.82641,-1
76531.397976,1700.06,0.66602614,-1
76531.446258,1700.12,0.39111328,-1
76531.445052,1700.12,0.30494336,-1
76531.444667,1700.12,0.30394336,-1
76531.444667,1700.1,0.001,-1
76531.440271,1700.09,0.03292088,1
76532.543794,1700.16,0.02788798,-1
76533.380228,1700.2,0.001,-1
76533.379096,1700.18,1,-1
76533.376423,1700.16,0.02788,-1
76533.376423,1700.16,0.42494161,-1
76533.376024,1700.16,0.49999601,-1
76533.375343,1700.16,0.0471744,-1
76533.573762,1700.37,0.048,-1
76533.618768,1700.6,0.001,-1
76533.615296,1700.5,0.001,-1
76533.611834,1700.48,0.096,-1
76533.611834,1700.4,0.001,-1
76533.749276,1700.7,0.82308789,-1
76533.74215,1700.7,0.17691211,-1
76533.74215,1700.7,0.001,-1
76534.02674,1700.75,0.00067416,-1
76534.115254,1700.52,0.86026896,1
76534.115254,1700.53,3.82341696,1
76534.115254,1700.54,0.1553216,1
76534.115254,1700.59,2.34699775,1
76534.115254,1700.6,0.05858787,1
76534.115254,1700.66,1.1758342,1
76534.115254,1700.66,2.34699775,1
76534.115254,1700.71,3.88223876,1
76534.115254,1700.74,0.35033615,1
76534.216785,1700.78,1,-1
76534.216785,1700.76,1,-1
76534.525856,1700.82,0.23118945,-1
76534.525748,1700.82,0.76881055,-1
76534.525272,1700.8,1,-1
76534.525272,1700.8,0.001,-1
76535.437463,1700.9,0.5005,-1
76535.437011,1700.9,0.4995,-1
76535.437011,1700.9,0.001,-1
76535.750657,1700.98,1,-1
76536.387916,1701.02,0.5,-1
76536.387709,1701.02,0.5,-1
76536.38402,1701,0.5005,-1
76536.383982,1701,0.4995,-1
76536.383982,1701,0.001,-1
76536.544483,1700.98,0.175168,1
76536.996777,1700.95,0.1553216,1
76539.292725,1700.21,0.15940652,1
76539.285004,1700.1,0.161,1
76539.285004,1700.2,0.5,1
76539.274649,1700.03,0.17562951,1
76539.274649,1700.08,0.03428384,1
76539.274649,1700.1,0.161,1
76539.274649,1700.1,0.001,1
76539.274649,1700.16,1.575,1
76539.274649,1700.2,0.161,1
76539.274649,1700.2,0.001,1
76539.274649,1700.2,0.00113122,1
76539.261518,1700.3,0.55500205,1
76539.261518,1700.3,0.553,1
76539.261518,1700.31,0.55500205,1
76539.261518,1700.33,0.553,1
76539.261518,1700.34,0.10627102,1
76539.251189,1700.38,0.03593856,1
76539.251146,1700.38,0.85,1
76539.251144,1700.38,0.28981317,1
76539.251144,1700.38,0.14704671,1
76539.251144,1700.42,0.41314012,1
76539.250346,1700.42,0.5406784,1
76539.250216,1700.42,1.683,1
76539.249551,1700.42,0.14,1
76539.249038,1700.42,0.3006784,1
76539.248985,1700.42,0.097,-1
76539.248985,1700.42,1,-1
76539.248985,1700.41,0.549,-1
76539.248985,1700.41,0.55300103,-1
76539.248985,1700.4,0.10600103,-1
76539.248985,1700.4,0.097,-1
76539.248985,1700.4,0.161,-1
76539.248985,1700.4,1,-1
76539.248985,1700.39,0.549,-1
76539.248985,1700.39,0.55300103,-1
76539.248985,1700.38,0.29999999,-1
76539.248985,1700.38,0.0375,-1
76539.24826,1700.24,0.0806784,1
76539.247872,1700.24,1.3836784,1
76539.247872,1700.3,0.001,1
76539.247872,1700.38,0.2,1
76539.247872,1700.38,0.1,1
76539.238841,1700.4,5,1
76539.238841,1700.4,0.001,1
76539.238841,1700.4,0.05,1
76539.238841,1700.5,0.161,1
76539.238841,1700.5,0.001,1
76539.238841,1700.51,0.00088179,1
76539.238841,1700.53,0.88207357,1
76539.238841,1700.6,0.001,1
76539.238841,1700.6,0.153,1
76539.238841,1700.62,0.05858787,1
76539.238841,1700.62,0.14704671,1
76539.238841,1700.63,1.17575173,1
76539.238841,1700.65,0.5276631,1
76539.238841,1700.7,0.46245547,1
76539.238841,1700.7,0.001,1
76539.238841,1700.71,0.14704671,1
76539.238841,1700.73,1.03950671,1
76539.238841,1700.73,0.26183875,1
76539.238841,1700.73,0.1553216,1
76539.238841,1700.73,0.08758407,1
76539.400109,1700.42,0.01163194,-1
76539.348111,1700.25,0.03235532,-1
76539.296309,1700.03,0.56917545,1
76539.61268,1700.29,0.005344,1
76539.794721,1700.23,0.03235532,-1
76539.912753,1700.24,0.03235532,-1
76539.882928,1700.24,0.03235532,-1
76539.853701,1700.24,0.03235532,-1
76539.824443,1700.23,0.03235532,-1
76539.972858,1700.24,0.03235532,-1
76539.942574,1700.24,0.03235532,-1
76540.092571,1700.22,0.03235532,-1
76540.062959,1700.22,0.03235532,-1
76540.03261,1700.22,0.03235532,-1
76540.002133,1700.24,0.03235532,-1
76540.167681,1700.24,0.85021949,-1
76540.167681,1700.24,0.05858787,-1
76540.167681,1700.24,0.74115744,-1
76540.152068,1700.24,0.03235532,-1
76540.122636,1700.24,0.03235532,-1
76540.903973,1700.26,1,-1
76540.903973,1700.26,0.88221801,-1
76540.910587,1700.28,0.05858787,-1
76540.910587,1700.28,1,-1
76542.305967,1700.36,1,-1
76542.305967,1700.34,0.63348253,-1
76542.26553,1700.34,0.36651747,-1
76542.257429,1700.33,0.05858787,-1
76542.257429,1700.33,0.88218169,-1
76542.257429,1700.33,0.1718387,-1
76542.736815,1700.48,0.5,-1
76542.736259,1700.48,0.5,-1
76542.731246,1700.46,1,-1
76542.731246,1700.46,0.05858787,-1
76542.731246,1700.46,0.88211425,-1
76543.915247,1700.5,0.5005,-1
76543.915152,1700.5,0.4995,-1
76543.915152,1700.5,0.001,-1
76544.125524,1700.6,0.001,-1
76544.125524,1700.58,1,-1
76544.125524,1700.58,0.88205495,-1
76544.125524,1700.58,0.05858787,-1
76544.902908,1700.72,1,-1
76544.902908,1700.7,0.08528755,-1
76544.902782,1700.7,0.91471245,-1
76544.902782,1700.7,0.001,-1
76546.479728,1700.79,0.32776776,1
76546.479728,1700.79,0.00090653,1
76546.778635,1700.75,0.115202,1
76548.392724,1700.75,0.057601,1
76548.715754,1700.75,0.045946,1
76548.7067,1700.75,0.03429131,-1
76548.96011,1700.76,0.88195865,-1
76548.96011,1700.76,1,-1
76548.96011,1700.75,0.57702628,-1
76549.100407,1700.88,0.32426005,-1
76549.100173,1700.88,0.5576394,-1
76549.100173,1700.85,0.05858787,-1
76549.09972,1700.82,1,-1
76549.09972,1700.8,0.001,-1
76549.114842,1701.1,0.161,-1
76549.114842,1701.1,0.001,-1
76549.114842,1701.09,2.37925014,-1
76549.114842,1701,0.001,-1
76549.114842,1700.97,0.096,-1
76549.114842,1700.9,0.001,-1
76549.522146,1701.05,0.2,1
76549.682332,1701.06,0.18567068,-1
76549.682332,1701.06,0.28851314,-1
76551.496548,1701.4,0.05413856,-1
76551.496548,1701.4,0.001,-1
76551.496548,1701.3,0.001,-1
76551.496548,1701.2,0.001,-1
76551.438371,1701.1,0.44089277,-1
76551.438239,1701.1,0.44089277,-1
76551.42609,1701.04,0.18567,-1
76551.42609,1701.04,0.81433,-1
76551.42573,1701.02,0.18567,-1
76551.42573,1701.02,0.18567,-1
76551.42573,1701.02,0.62865932,-1
76551.919586,1701.36,0.5,-1
76551.919293,1701.36,0.5,-1
76551.912721,1701.34,0.5,-1
76551.912707,1701.34,0.5,-1
76552.227365,1701.5,0.001,-1
76552.227365,1701.42,0.4995,-1
76552.227257,1701.42,0.5005,-1
76552.227189,1701.4,1,-1
76552.227189,1701.4,0.001,-1
76552.366819,1701.65,0.02810464,-1
76552.366819,1701.6,0.001,-1
76552.600246,1701.61,0.355743,1
76552.675805,1701.61,0.21106403,-1
76552.675757,1701.61,0.21106404,-1
76553.692767,1701.64,0.2760716,-1
76553.692618,1701.64,0.7239284,-1
76553.688971,1701.62,0.21682806,-1
76553.688971,1701.62,0.39158597,-1
76553.688742,1701.62,0.60841403,-1
76555.222528,1701.65,0.45850575,-1
76555.763514,1701.8,0.001,-1
76555.763514,1701.7,0.001,-1
76555.763514,1701.65,0.01338961,-1
76556.721491,1702,0.169,-1
76556.721491,1702,0.001,-1
76556.721491,1701.96,0.88133905,-1
76556.721491,1701.93,1.17506992,-1
76556.721491,1701.9,1.575,-1
76556.721491,1701.9,0.001,-1
76557.479295,1702,0.00000587,1
76557.467313,1702,0.00006462,1
76558.09897,1701.98,0.5426631,1
76558.096323,1701.92,2.34435474,1
76558.095782,1701.93,0.30301731,1
76558.095673,1701.93,0.81731079,1
76558.094448,1702,0.5426631,1
76558.094448,1702,6.19752054,1
76558.200805,1701.51,0.573,1
76558.164837,1701.6,0.001,1
76558.157117,1701.7,0.001,1
76558.156044,1701.72,0.26233791,1
76558.156044,1701.72,0.05906367,1
76558.156044,1701.72,0.20730526,1
76558.156044,1701.72,0.099939,1
76558.156044,1701.8,0.001,1
76558.115165,1701.85,0.00075576,1
76558.115165,1701.85,0.30720816,1
76558.276462,1701.51,0.55429049,-1
76558.276462,1701.51,0.21106404,-1
76558.355354,1701.66,0.01115296,-1
76558.588607,1701.7,0.346946,1
76561.781915,1701.79,0.304299,1
76562.822776,1701.67,0.0024658,1
76563.574647,1701.61,0.88151809,-1
76566.559674,1701.79,0.347924,1
76566.695785,1701.7,0.169,1
76568.651501,1701.64,0.01737503,1
76568.862956,1701.65,0.05713688,-1
76569.416449,1701.63,0.01393334,-1
76569.67573,1701.51,0.00293247,1
76570.276102,1701.54,0.01950679,-1
76570.983856,1701.66,0.00392684,-1
76571.532258,1701.64,0.01141983,-1
76572.478937,1701.61,0.0228,1
76573.547687,1701.61,0.39862851,1
76574.518092,1701.62,0.08360293,-1
76574.416683,1701.62,0.00101813,-1
76574.964576,1701.61,0.00087545,1
76574.964576,1701.61,0.33112455,1
76575.046856,1701.55,0.11421734,-1
76576.005958,1701.55,0.11050013,-1
76576.005958,1701.53,0.88155953,-1
76576.057474,1701.54,0.00567244,-1
76577.390291,1701.54,0.05818259,-1
76577.333265,1701.53,0.088,1
76581.914729,1701.53,0.03902169,-1
76582.36772,1701.52,0.00000587,1
76584.570386,1701.53,0.107004,-1
76585.169501,1701.56,0.88154514,-1
76585.169501,1701.56,2,-1
76586.952715,1701.77,0.88143521,-1
76587.169807,1701.84,0.28456182,-1
76587.169807,1701.8,0.001,-1
76587.787311,1701.83,0.03502163,1
76588.74362,1701.81,0.279848,1
76589.577871,1701.82,0.005002,1
76589.557649,1702.11,1.71674528,-1
76589.557649,1702.1,2.34699775,-1
76589.557649,1702.1,0.169,-1
76589.557649,1702.1,0.001,-1
76589.557649,1702.06,1.147,-1
76589.557649,1702,0.001,-1
76589.557649,1702,0.169,-1
76589.557649,1701.99,1.575,-1
76589.557649,1701.98,2.21499692,-1
76589.557649,1701.91,1.17531013,-1
76589.557649,1701.9,0.001,-1
76589.557649,1701.82,0.88140931,-1
76589.557649,1701.81,0.05858787,-1
76589.794153,1701.92,0.139924,1
76592.262102,1701.93,0.05858787,-1
76592.262102,1701.93,0.48654678,-1
76592.261875,1701.93,0.68861705,-1
76592.35725,1701.99,0.00117454,1
76592.35725,1701.99,0.13552746,1
76592.409168,1701.94,0.00874533,1
76592.409168,1701.94,0.00437267,1
76595.025284,1702.06,0.00058168,-1
76596.940672,1702.09,0.00234949,1
76598.351318,1702.26,0.2242917,-1
76598.351318,1702.2,0.001,-1
76598.351318,1702.1,0.001,-1
76598.667585,1702.2,0.177,1
76599.451565,1702.23,0.063403,1
76599.594702,1702.2,0.85286507,1
76599.589288,1702.21,0.14689896,1
76599.589288,1702.22,0.22630578,1
76599.589288,1702.22,1,1
76600.158903,1702.01,0.17610225,-1
76601.789098,1702,0.19276345,1
76601.789098,1702,0.001,1
76603.192664,1702.01,0.025444,-1
76603.347373,1702.03,0.031702,1
76604.154478,1702.03,0.00792474,1
76604.154478,1702.03,0.00000026,1
76604.119465,1702.03,0.015851,1
76604.44354,1702.03,0.003963,1
76604.594598,1702.03,0.00198074,1
76604.594598,1702.03,0.00000026,1
76607.859348,1702.04,0.00091446,-1
76608.240876,1702.04,0.05,-1
76608.638295,1702.03,0.00000587,1
76609.773672,1702.13,0.0145401,-1
76609.723967,1702.04,1.17500504,-1
76609.723967,1702.04,0.83038092,-1
76610.290115,1702.22,0.001,1
76610.252466,1702.23,0.01393088,-1
76611.709306,1702.24,0.055909,1
76611.705171,1702.23,0.99456869,-1
76611.704995,1702.23,0.18043635,-1
76611.704995,1702.23,0.88119701,-1
76611.704995,1702.23,0.0447538,-1
76611.739778,1702.29,0.146879,1
76612.184119,1702.39,0.07775734,-1
76612.184119,1702.3,0.001,-1
76612.237028,1702.5,0.11992016,-1
76612.236912,1702.5,0.88007984,-1
76612.236912,1702.5,0.001,-1
76612.236912,1702.4,0.001,-1
76613.341066,1702.66,0.00870782,-1
76613.341066,1702.6,0.001,-1
76614.819224,1702.65,0.00000695,1
76615.287863,1702.68,0.58733678,-1
76615.287823,1702.68,0.58733678,-1
76615.284175,1702.66,0.43613427,-1
76615.284154,1702.66,0.43613428,-1
76615.319043,1702.7,0.44147101,-1
76615.31884,1702.7,0.43948276,-1
76615.31884,1702.7,0.001,-1
76615.31884,1702.7,0.00098826,-1
76615.971577,1702.79,0.02786127,-1
76616.107133,1702.8,0.001,-1
76616.106915,1702.79,0.42602297,-1
76616.106768,1702.79,0.42702297,-1
76616.230595,1702.9,0.02352257,-1
76616.230595,1702.9,0.001,-1
76617.168572,1702.9,0.95028457,-1
76617.168572,1702.9,0.85732774,-1
76617.303662,1702.99,0.146879,1
76618.71246,1702.98,0.00000587,1
76618.699542,1702.98,0.00004697,1
76619.064804,1702.98,0.14687984,1
76619.064804,1702.98,0.99994716,1
76619.888466,1702.99,0.01114327,-1
76619.970073,1702.85,0.33464821,1
76619.970073,1702.85,0.00150779,1
76619.945866,1702.96,1,1
76619.945642,1702.98,0.66204597,1
76619.94564,1702.98,0.33795403,1
76619.94564,1702.98,0.00000014,1
76620.089608,1702.76,0.22926019,1
76620.204523,1702.54,0.14519973,-1
76620.204417,1702.54,0.09804203,-1
76620.204349,1702.54,0.4738656,-1
76620.200833,1702.54,0.6399328,-1
76620.197521,1702.54,0.1704664,-1
76620.195402,1702.51,0.58734399,-1
76620.194895,1702.51,0.58734399,-1
76620.12326,1702.6,0.001,1
76620.118875,1702.66,0.29930747,1
76620.118875,1702.7,0.001,1
76621.495897,1702.79,0.16854002,-1
76621.495897,1702.79,0.49011649,-1
76621.49587,1702.79,0.68437218,-1
76621.49587,1702.79,0.88090721,-1
76621.49587,1702.79,0.09569489,-1
76621.545963,1703.04,0.00914451,-1
76621.545963,1703,0.001,-1
76621.545963,1702.9,0.001,-1
76621.676915,1703.13,0.06796875,-1
76621.676915,1703.1,0.001,-1
76622.457404,1703.5,0.001,-1
76622.457404,1703.49,1.575,-1
76622.457404,1703.48,0.05868468,-1
76622.455701,1703.4,0.001,-1
76622.455683,1703.3,0.001,-1
76622.446259,1703.26,0.76120127,-1
76622.446259,1703.26,0.88066635,-1
76622.446259,1703.2,0.001,-1
76622.902398,1703.44,0.45699762,1
76622.902398,1703.46,1,1
76626.380258,1703.44,0.23605153,-1
76626.37975,1703.44,0.23605153,-1
76626.375263,1703.41,0.19352187,-1
76626.375263,1703.41,0.53739745,-1
76626.375142,1703.41,0.63675066,-1
76626.375142,1703.41,0.09416866,-1
76626.455641,1703.57,0.00328,1
76626.411184,1703.55,0.006559,1
76628.242122,1703.56,0.00000587,1
76628.229073,1703.56,0.02903918,1
76628.946589,1703.57,0.02227658,-1
76629.428554,1703.53,0.14679804,1
76629.428554,1703.54,1,1
76629.427502,1703.56,0.00012582,1
76629.427298,1703.56,0.02891418,1
76629.427298,1703.56,0.29763849,1
76629.427298,1703.56,0.54300238,1
76629.427298,1703.56,0.42794495,1
76630.814422,1703.31,0.88063828,-1
76632.534095,1703.54,0.01415191,-1
76633.06713,1703.53,0.23151402,1
76633.06713,1703.53,0.00078556,1
76634.342162,1703.53,0.00145305,-1
76635.407552,1703.53,0.14911862,-1
76635.641957,1703.6,0.001,-1
76635.637784,1703.54,0.25982835,-1
76635.632184,1703.54,0.09785439,-1
76635.631852,1703.54,0.24885639,-1
76635.631852,1703.53,0.18526908,-1
76635.631852,1703.53,0.05868468,-1
76635.631852,1703.53,0.27969561,-1
76635.628245,1703.53,0.8942865,-1
76635.723537,1703.67,0.8804522,-1
76635.718954,1703.72,0.51204751,-1
76635.718856,1703.72,0.48795249,-1
76635.718856,1703.7,0.001,-1
76635.718856,1703.67,0.02309502,-1
76636.144392,1703.75,0.018,-1
76637.357627,1703.75,0.57044977,-1
76638.232143,1703.59,0.5,1
76638.219619,1703.69,0.14674806,1
76638.214901,1703.76,0.27020128,1
76638.211629,1703.76,0.72979872,1
76638.211629,1703.78,1,1
76638.211629,1703.79,0.34840266,1
76641.87945,1703.71,0.03846271,1
76641.87945,1703.71,0.00000029,1
76641.846094,1703.71,0.076926,1
76641.828471,1703.54,0.06106839,1
76641.827443,1703.56,0.46959686,-1
76641.827204,1703.56,0.41091219,-1
76641.827204,1703.55,0.05868468,-1
76641.994947,1703.71,0.019231,1
76643.593344,1703.73,0.03993032,-1
76644.254405,1703.72,0.01185592,1
76644.473012,1703.75,0.004808,1
76644.437948,1703.73,0.009616,1
76644.558136,1703.76,0.001202,1
76644.51493,1703.75,0.00240371,1
76644.51493,1703.75,0.00000029,1
76647.078944,1703.8,0.01291862,-1
76647.078944,1703.8,0.001,-1
76650.181257,1703.83,0.0069376,1
76650.449628,1703.83,0.00102341,1
76650.449628,1703.83,0.27198459,1
76652.168737,1703.83,0.13812805,-1
76652.303852,1703.83,0.02851747,-1
76654.512102,1703.83,0.00001172,-1
76654.744733,1703.83,0.01743132,-1
76654.833038,1703.83,0.37402988,-1
76654.833038,1703.83,0.04124164,-1
76655.598866,1703.83,0.01162088,-1
76655.751271,1703.84,0.4003746,-1
76655.751271,1703.83,0.05868468,-1
76655.939528,1703.97,1,-1
76655.939528,1703.96,0.40958728,-1
76655.939528,1703.96,0.00155828,-1
76655.939528,1703.96,0.47736777,-1
76655.939528,1703.9,0.001,-1
76658.732472,1704,0.083924,1
76658.726918,1704.01,0.012916,-1
76658.726918,1704,0.001,-1
76662.090265,1704.01,0.00018011,-1
76662.972339,1704.08,0.041962,1
76662.92282,1704.01,0.02387473,-1
76662.92282,1704.01,0.86718066,-1
76663.046819,1704.07,0.00087496,1
76663.046819,1704.07,0.62700404,1
76663.026273,1704.08,0.00000005,1
76663.017597,1704.08,0.02098095,1
76663.017597,1704.08,0.00000005,1
76663.151394,1704.08,0.02729163,-1
76663.678726,1704.06,0.0008973,1
76664.390105,1704.07,0.01452456,-1
76665.073187,1704.09,0.00000032,1
76665.067715,1704.09,0.493523,1
76665.425502,1704.14,0.88021228,-1
76665.421901,1704.1,0.001,-1
76665.421901,1704.09,0.10302078,-1
76667.46849,1704.24,0.19205327,-1
76667.46849,1704.18,0.19387296,-1
76667.465288,1704.18,0.97977181,-1
76667.464713,1704.22,1,-1
76667.464713,1704.21,0.05868468,-1
76667.464713,1704.2,0.001,-1
76667.457464,1704.17,1.17364477,-1
76667.457464,1704.15,1.575,-1
76667.457464,1704.15,0.8802042,-1
76667.527288,1704.42,0.048,-1
76667.527288,1704.4,0.001,-1
76667.516717,1704.34,0.43138469,-1
76667.516717,1704.34,0.01017289,-1
76667.516717,1704.34,0.48852471,-1
76667.516717,1704.3,0.001,-1
76667.637785,1704.44,0.28793182,-1
76667.637785,1704.44,0.28793183,-1
76667.774629,1704.49,0.01391349,-1
76668.539189,1704.48,0.01136164,1
76668.837198,1704.48,0.00000001,1
76668.836794,1704.48,0.99999999,1
76668.921423,1704.45,0.04954038,-1
76670.612264,1704.43,0.11404912,-1
76674.368119,1704.58,0.87998313,-1
76674.368119,1704.5,0.001,-1
76674.999991,1704.59,0.146668,1
76674.999991,1704.59,0.58015734,1
76675.302938,1704.58,0.03555462,1
76678.066109,1704.59,0.00087699,-1
76681.396209,1704.58,0.03554954,1
76681.396209,1704.58,0.146668,1
76681.396209,1704.58,0.00075793,1
76681.396209,1704.58,0.41693515,1
76681.396209,1704.58,0.96444538,1
76681.674332,1704.59,0.02903849,-1
76681.760178,1704.56,1,1
76681.760178,1704.58,0.99999,1
76681.760178,1704.58,0.41693515,1
76681.760178,1704.58,0.00000046,1
76682.651423,1704.4,0.02602193,1
76683.983684,1704.4,0.02602,1
76683.983684,1704.4,0.33786955,1
76683.982449,1704.4,0.29337673,1
76683.982449,1704.4,0.97397807,1
76684.033074,1704.36,0.03802611,1
76684.031821,1704.36,0.96197389,1
76684.300486,1704.3,0.03935552,1
76684.299679,1704.3,0.10730387,1
76684.299679,1704.3,0.001,1
76684.338304,1704.21,0.146659,1
76685.027075,1704.18,0.86330033,1
76685.027075,1704.2,0.30795917,1
76685.027075,1704.2,1,1
76685.027075,1704.2,0.001,1
76685.473038,1704.21,0.05807848,-1
76686.459971,1704.12,0.19482739,-1
76686.459971,1704.12,0.2645734,-1
76686.848631,1704.17,0.69942295,-1
76686.848631,1704.16,0.05868468,-1
76686.848631,1704.14,0.18890692,-1
76686.848631,1704.14,0.64350266,-1
76688.166056,1704,0.001,1
76688.155968,1704.1,0.00075463,1
76688.155968,1704.1,0.2661011,1
76688.155968,1704.1,0.001,1
76690.298242,1703.91,0.38211856,-1
76690.289926,1703.91,0.77917207,-1
76690.289567,1703.91,0.59529152,-1
76690.289567,1703.91,0.18388055,-1
76692.002665,1704.2,0.00945523,-1
76692.002665,1704.2,0.001,-1
76693.712561,1704.2,0.5809791,-1
76693.791587,1704.2,0.06120891,-1
76694.782234,1704.22,0.05861326,-1
76694.782234,1704.22,0.88016805,-1
76694.919918,1704.2,0.22408,1
76695.307394,1704.22,0.01161745,-1
76695.40847,1704.22,0.43427655,-1
76695.407551,1704.22,0.43427655,-1
76695.767764,1704.37,0.00902118,-1
76695.767764,1704.3,0.001,-1
76696.018252,1704.32,0.08512485,-1
76696.224983,1704.29,0.04356683,-1
76696.3435,1704.29,0.02904589,-1
76696.997375,1704.13,0.00473709,1
76697.343248,1704.11,0.29045129,-1
76697.492704,1704.54,0.62591844,-1
76697.475241,1704.55,0.98415324,-1
76697.475241,1704.55,0.59284676,-1
76697.475241,1704.55,0.048,-1
76697.447511,1704.5,0.001,-1
76697.447511,1704.48,0.88003379,-1
76697.447511,1704.48,0.37254477,-1
76697.447511,1704.48,0.20501,-1
76697.44697,1704.48,0.975,-1
76697.44697,1704.4,0.6,-1
76697.441169,1704.49,0.17463141,-1
76697.441169,1704.48,0.06614335,-1
76697.441169,1704.48,0.03162619,-1
76697.441169,1704.35,0.40183617,-1
76697.441158,1704.35,1.12382734,-1
76697.440092,1704.48,0.74837381,-1
76697.439636,1704.48,0.301,-1
76697.431014,1704.41,0.40253838,-1
76697.431014,1704.41,0.013703,-1
76697.431014,1704.41,0.45013284,-1
76697.431014,1704.41,1.575,-1
76697.431014,1704.4,0.195,-1
76697.431014,1704.4,0.001,-1
76697.43094,1704.3,0.195,-1
76697.43094,1704.28,1.52608103,-1
76697.43094,1704.2,0.195,-1
76697.43094,1704.13,1.17350267,-1
76697.43094,1704.12,0.8802197,-1
76697.43094,1704.11,0.17800451,-1
76697.43094,1704.11,0.05861326,-1
76697.43094,1704.11,0.1322867,-1
76697.43094,1704.11,0.11039612,-1
76697.43094,1704.11,1.28454871,-1
76698.085414,1704.48,0.77462168,1
76698.083913,1704.48,0.22537832,1
76698.079928,1704.5,0.24698861,1
76698.072702,1704.52,1,1
76698.303943,1704.24,0.375323,-1
76698.506194,1704.32,0.0918471,-1
76698.733883,1704.32,0.09455756,-1
76698.733883,1704.32,0.0194829,-1
76700.37274,1704.31,0.01425572,-1
76700.9363,1704.32,0.05702288,-1
76701.148213,1704.36,0.31451591,-1
76701.24287,1704.42,0.02904589,-1
76703.180192,1704.51,0.38690854,-1
76703.170969,1704.5,0.44051173,-1
76703.170881,1704.5,0.43951173,-1
76703.170881,1704.5,0.001,-1
76703.330941,1704.6,0.00175936,-1
76703.330941,1704.6,0.001,-1
76703.879561,1704.6,0.00580914,-1
76704.027645,1704.6,0.0044498,-1
76704.437312,1704.59,0.00087458,1
76704.437312,1704.59,0.17726742,1
76704.890489,1704.59,0.012818,1
76704.851395,1704.59,0.6281892,1
76705.998129,1704.59,0.01425514,-1
76708.803247,1704.36,0.14668263,1
76708.793707,1704.56,0.05012145,1
76708.79076,1704.56,0.94987855,1
76708.79076,1704.58,0.16411711,1
76708.79076,1704.58,1,1
76708.752884,1704.59,0.00112672,-1
76708.813117,1704.31,0.019363,-1
76708.987294,1704.3,0.17113128,1
76708.936156,1704.2,0.001,1
76708.936156,1704.3,0.001,1
76709.887911,1704.11,0.01669264,-1
76710.214455,1704.11,0.0074067,-1
76710.980338,1703.8,0.05,1
76710.980338,1703.8,0.205,1
76710.980338,1703.8,0.001,1
76710.974801,1703.83,0.00586615,1
76710.974801,1703.9,0.001,1
76710.974801,1704,0.001,1
76710.946697,1704.08,1,1
76710.945802,1704.1,0.16661867,1
76710.945802,1704.1,1,1
76710.945802,1704.1,0.001,1
