68178.361454,1682.53,0.00000594,1
68178.321649,1682.53,0.00790261,1
68177.68536,1682.69,0.37504101,1
68177.68536,1682.69,0.05935358,1
68177.68536,1682.73,0.59496011,1
68177.136192,1682.75,0.00117655,-1
68173.954935,1682.53,0.5,1
68173.954935,1682.6,0.001,1
68173.954935,1682.7,0.001,1
68173.934841,1682.72,0.00082152,1
68173.934837,1682.73,0.05935358,1
68173.868337,1682.78,0.059353,1
68170.12481,1682.99,0.1981372,-1
68170.12481,1682.99,0.05935358,-1
68170.12481,1682.98,0.23763142,-1
68170.12481,1682.93,0.36853656,-1
68170.12481,1682.9,0.12508493,-1
68170.12481,1682.89,0.01125631,-1
68168.884501,1682.9,0.00566385,-1
68168.884501,1682.89,0.02251262,-1
68168.875026,1682.9,0.02825122,-1
68168.875026,1682.84,0.04502524,-1
68168.045978,1682.81,0.00126042,1
68167.422828,1682.84,0.0071724,1
68166.390118,1682.73,0.00000594,1
68164.570246,1682.79,0.00113881,-1
68161.830028,1682.84,0.05935311,1
68161.830028,1682.84,0.54941665,1
68161.830028,1682.84,0.54452924,1
68161.708141,1682.99,0.001163,1
68157.411348,1682.91,0.00338316,-1
68157.100147,1682.91,0.000041,-1
68156.54816,1682.99,0.33863,1
68156.444499,1682.86,1.1886884,-1
68156.444499,1682.81,0.04137526,-1
68156.444499,1682.81,0.04137527,-1
68154.44577,1682.73,0.02493018,1
68153.334227,1682.7,1.19495938,1
68153.334227,1682.7,0.00000062,1
68153.303582,1682.7,0.16799938,1
68153.303582,1682.7,0.54626462,1
68153.303582,1682.7,0.001,1
68152.007364,1682.75,0.00959312,-1
68151.924163,1682.72,0.14057088,-1
68149.947612,1682.76,1,1
68148.388458,1682.89,0.18665772,1
68147.646302,1682.99,0.00927327,-1
68147.646302,1682.9,0.001,-1
68147.646302,1682.8,0.001,-1
68146.704448,1682.7,0.00607924,-1
68146.704448,1682.7,0.00772728,-1
68146.694851,1682.7,0.07463231,-1
68146.440973,1682.7,0.01470842,-1
68144.740318,1682.68,0.00588375,-1
68142.113416,1682.65,0.24910112,1
68141.298259,1682.78,0.001218,1
68141.136842,1682.78,0.00416834,1
68139.658552,1682.59,0.03301419,1
68138.299374,1682.66,0.05883576,-1
68137.501475,1682.67,0.00676684,-1
68134.192423,1682.51,0.04228139,-1
68134.021111,1682.51,0.11745546,-1
68132.206079,1682.75,0.00000594,-1
68132.195742,1682.75,0.00019008,-1
68132.181968,1682.75,0.47036897,-1
68131.661987,1682.74,0.00176502,-1
68130.964644,1682.72,0.00117674,-1
68130.449569,1682.9,1.29441977,-1
68130.449569,1682.9,0.096,-1
68130.449569,1682.9,0.001,-1
68130.449569,1682.89,2.38659086,-1
68130.449569,1682.89,6.027909,-1
68130.449569,1682.88,2.37957138,-1
68130.449569,1682.85,0.07207388,-1
68130.449569,1682.85,0.06713543,-1
68130.449569,1682.85,0.09052843,-1
68130.449569,1682.85,1.00043723,-1
68130.449569,1682.85,0.39965948,-1
68130.449569,1682.84,0.89333306,-1
68130.449569,1682.84,0.00560985,-1
68130.449569,1682.82,1.39829875,-1
68130.449569,1682.82,0.97636025,-1
68130.449569,1682.8,0.186,-1
68130.449569,1682.8,0.05,-1
68130.449569,1682.8,0.001,-1
68130.449569,1682.79,0.048,-1
68130.449569,1682.77,1.575,-1
68130.449569,1682.76,1.11042,-1
68130.449569,1682.75,2.37957138,-1
68130.449569,1682.75,0.89140286,-1
68130.449569,1682.74,1.18871752,-1
68130.449569,1682.73,2.83183629,-1
68130.449569,1682.72,0.05935358,-1
68130.449569,1682.7,0.001,-1
68130.449569,1682.7,0.10206054,-1
68130.449569,1682.67,2.37957138,-1
68130.449569,1682.6,0.10713908,-1
68130.249914,1682.6,0.0056363,-1
68130.224026,1682.6,0.00220002,-1
68130.224026,1682.59,0.00074186,-1
68180.178991,1682.51,0.00293608,-1
68180.2457,1682.51,0.07711362,-1
68180.2457,1682.51,0.14832389,-1
68180.40697,1682.5,0.00000594,1
68180.750011,1682.44,0.01101167,1
68180.750011,1682.5,0.00099406,1
68187.621566,1682.51,0.01697352,-1
68187.621566,1682.51,0.05612926,-1
68187.621003,1682.51,0.07310279,-1
68187.951714,1682.69,0.23771857,-1
68187.95169,1682.69,0.23771857,-1
68189.261314,1682.78,0.08564214,-1
68189.261314,1682.7,0.001,-1
68190.698027,1682.78,0.00067671,-1
68191.463146,1682.63,0.00000594,-1
68191.451082,1682.63,0.00471097,-1
68191.626809,1682.63,0.02818635,-1
68192.11297,1682.66,0.007574,-1
68193.030389,1682.59,0.01155111,-1
68194.328989,1682.61,0.00573731,-1
68195.422196,1682.62,0.007304,-1
68199.390625,1682.51,0.00149995,1
68199.390625,1682.51,0.05935358,1
68199.497454,1682.5,0.001,1
68199.535114,1682.4,0.001,1
68200.157884,1682.13,0.002492,1
68200.02273,1682.2,0.001,1
68200.019817,1682.24,0.1485734,1
68200.019817,1682.3,0.001,1
68200.45121,1682.14,0.11274511,-1
68200.934808,1682.14,0.08908174,-1
68201.47076,1682.11,0.05919019,-1
68202.116628,1681.87,0.1485734,1
68202.116628,1681.9,0.001,1
68202.113242,1681.96,0.1485734,1
68202.113242,1682,0.001,1
68202.113242,1682.1,0.001,1
68202.557238,1681.84,0.28182508,-1
68202.929956,1681.85,0.01444036,-1
68203.087365,1681.9,0.11274377,-1
68203.646856,1682.04,0.05883716,-1
68204.730433,1682.1,0.00060492,-1
68204.730433,1682.09,0.11609687,-1
68206.369131,1681.89,0.00000594,1
68210.14379,1682.02,0.05804843,-1
68210.726375,1682.12,0.14863435,-1
68210.726375,1682.1,0.001,-1
68210.726375,1682.1,0.00039508,-1
68211.202762,1682.3,0.00363818,-1
68211.202762,1682.3,0.001,-1
68211.202762,1682.2,0.001,-1
68211.989019,1682.26,0.000765,1
68211.989019,1682.26,1,1
68214.183334,1682.24,0.00449503,1
68214.56302,1682.22,0.99962489,1
68214.562781,1682.22,0.00037511,1
68214.562781,1682.24,0.00449,1
68214.562781,1682.24,0.99550497,1
68215.047582,1682.21,0.00882816,-1
68216.912557,1682.21,0.001424,-1
68220.512975,1682.2,1,1
68220.512975,1682.22,1,1
68221.134462,1682.21,0.00267506,1
68223.040397,1682.42,1.18891411,-1
68223.040397,1682.4,0.05,-1
68223.040397,1682.4,0.001,-1
68223.040397,1682.39,0.29723159,-1
68223.040397,1682.39,0.11887175,-1
68223.040397,1682.3,0.001,-1
68223.142747,1682.6,0.46090919,-1
68223.142747,1682.6,0.001,-1
68223.142747,1682.6,0.05,-1
68223.142747,1682.5,0.001,-1
68223.498656,1682.6,1,1
68223.438554,1682.64,1,1
68226.468494,1682.46,0.14861579,1
68226.468494,1682.5,1,1
68226.468253,1682.52,1,1
68226.468253,1682.53,0.00079717,1
68227.909646,1682.33,0.01707562,1
68228.096289,1682.34,0.0300082,-1
68228.291563,1682.42,1,1
68228.290562,1682.44,1,1
68228.412333,1682.06,0.66683068,-1
68228.412311,1682.06,0.52203307,-1
68228.35239,1682.1,0.001,1
68228.334434,1682.2,0.001,1
68228.330611,1682.3,0.001,1
68235.391289,1682.26,1,1
68235.391289,1682.28,1,1
68237.939931,1682.1,0.000764,1
68237.939931,1682.1,0.001,1
68238.082795,1682,0.001,1
68238.557787,1681.8,0.001,1
68238.557787,1681.9,0.001,1
68239.368759,1681.65,0.05904935,1
68239.368759,1681.7,0.001,1
68240.259603,1681.66,0.44105537,-1
68240.259603,1681.66,0.03448548,-1
68241.117947,1681.61,0.0276293,-1
68242.949712,1681.77,0.05885465,-1
68242.945531,1681.76,0.0027657,-1
68242.945531,1681.76,0.00862137,-1
68242.945531,1681.76,0.00862137,-1
68243.356789,1681.8,0.02080281,-1
68243.356789,1681.79,0.00862137,-1
68243.980943,1681.8,0.06335451,-1
68243.980943,1681.79,0.00431068,-1
68246.152762,1681.75,0.06156071,-1
68246.152762,1681.74,0.00215534,-1
68247.441449,1681.75,0.00178074,-1
68248.4128,1681.8,0.06450177,-1
68248.4128,1681.78,0.14865909,-1
68248.410327,1681.75,0.8285866,-1
68248.567834,1682.05,0.19986907,-1
68248.539156,1682,0.05,-1
68248.539156,1682,0.001,-1
68248.539156,1681.9,0.001,-1
68248.725826,1682.1,0.00000595,-1
68250.863293,1681.7,0.00688818,1
68250.863293,1681.7,0.001,1
68250.863293,1681.8,0.001,1
68251.476822,1681.73,0.00058868,-1
68252.711638,1681.86,0.0092241,-1
68252.711638,1681.83,0.00078333,-1
68254.79922,1681.85,0.05886515,-1
68255.018443,1681.85,0.00235469,-1
68257.538963,1681.7,1.01021485,-1
68257.538963,1681.69,0.89195987,-1
68258.306102,1681.74,1.01026008,-1
68258.306102,1681.69,0.89195987,-1
68259.125249,1681.65,0.95097996,-1
68259.280894,1681.65,0.01236212,-1
68259.602371,1681.42,0.59960832,1
68259.59873,1681.4,1.18946651,1
68259.59873,1681.4,0.001,1
68259.59873,1681.41,0.00061158,1
68259.595768,1681.44,3.56561323,1
68259.595768,1681.45,0.14862816,1
68259.595768,1681.49,0.14862816,1
68259.595768,1681.5,0.001,1
68259.595768,1681.51,0.05935546,1
68259.595768,1681.6,0.001,1
68259.579859,1681.64,0.00128637,1
68259.579859,1681.64,0.02969571,1
68259.948947,1681.3,0.159,1
68259.948947,1681.3,0.001,1
68260.670622,1681.31,0.65094525,-1
68260.670622,1681.28,0.30019582,-1
68260.81482,1681.29,0.00573943,-1
68262.337567,1681.32,0.007704,-1
68262.46837,1681.31,0.45277178,1
68264.917148,1681.1,0.11319295,1
68264.902968,1681.1,0.04580705,1
68264.89403,1681.11,0.11319295,1
68264.89403,1681.11,0.11319295,1
68264.881359,1681.09,0.00019592,1
68264.881359,1681.1,0.159,1
68264.881359,1681.1,0.001,1
68264.881359,1681.2,0.001,1
68264.940658,1681.1,0.08940235,1
68264.935204,1681.1,0.06959765,1
68265.790371,1681.1,0.008164,-1
68266.264936,1680.93,1.20664686,1
68266.264936,1680.94,0.05935546,1
68266.264936,1681,0.001,1
68266.264936,1681.01,0.11727495,1
68266.077129,1681.09,0.97326875,1
68266.077129,1681.09,0.00041125,1
68267.139306,1681.1,0.05935546,-1
68268.783093,1680.99,0.12412025,-1
68268.649674,1681.02,0.00588544,-1
68269.90439,1681.02,0.01195646,1
68273.450333,1681.29,0.02838167,-1
68273.450333,1681.2,0.001,-1
68274.155969,1681.35,0.00182081,-1
68274.155969,1681.3,0.001,-1
68277.537125,1681.18,0.14,1
68278.01073,1681.28,0.02889205,-1
68279.414337,1681.28,0.11284706,-1
68281.90078,1681.35,0.09238409,-1
68282.907494,1681.25,0.06984495,-1
68285.140233,1681.25,0.02311692,-1
68285.723359,1681.28,0.02383695,-1
68285.740955,1681.3,0.01577485,-1
68286.400606,1681.4,0.00050448,-1
68286.400606,1681.4,0.001,-1
68286.400606,1681.39,0.05935546,-1
68286.400606,1681.38,0.148698,-1
68286.400606,1681.35,0.10578682,-1
68286.568053,1681.43,0.01177625,-1
68287.453652,1681.35,0.018,-1
68287.438206,1681.33,0.214896,1
68287.972718,1681.31,0.0006748,-1
68288.654857,1681.4,0.00771367,-1
68291.396906,1681.53,0.02890008,-1
68291.396906,1681.5,0.001,-1
68291.511313,1681.53,0.05600696,-1
68293.9989,1681.54,0.39981653,-1
68293.9989,1681.53,0.19997654,-1
68293.9989,1681.53,0.11508498,-1
68294.057371,1681.65,0.99970944,-1
68294.052,1681.6,0.14987426,-1
68294.052,1681.6,0.84920474,-1
68294.052,1681.6,1.00007926,-1
68294.052,1681.6,0.001,-1
68295.107374,1681.7,0.00002279,-1
68295.853164,1681.8,0.00002762,-1
68295.852966,1681.8,0.04997238,-1
68295.852966,1681.8,0.001,-1
68295.852966,1681.7,0.00097721,-1
68298.218654,1682.1,0.001,-1
68298.210826,1682.11,0.89173828,-1
68298.210826,1682.11,1.59941673,-1
68298.210826,1682.1,0.001,-1
68298.210826,1682.1,0.00099405,-1
68298.210826,1682.05,0.11889584,-1
68298.210826,1682,0.05,-1
68298.210826,1682,0.001,-1
68298.210826,1681.9,0.001,-1
68298.270869,1682.21,0.048,-1
68298.270869,1682.2,0.001,-1
68298.230244,1682.13,0.48835754,-1
68298.438419,1682.35,0.08102579,-1
68298.438419,1682.3,0.001,-1
68299.572124,1682.35,0.06182826,-1
68301.247675,1682.34,1.11542454,1
68301.247675,1682.34,0.05935546,1
68301.247675,1682.34,0.33863,1
68301.430509,1682.35,0.03531516,-1
68301.941356,1682.35,0.02166938,-1
68302.123391,1682.5,0.001,-1
68302.119559,1682.4,0.001,-1
68302.219473,1682.7,0.001,-1
68302.219473,1682.65,0.23760581,-1
68302.219473,1682.6,0.001,-1
68302.464091,1682.77,0.00453143,1
68303.231474,1682.78,0.01404877,-1
68303.955824,1682.8,0.001,-1
68303.955824,1682.78,0.00572916,-1
68303.955824,1682.78,0.07477467,-1
68303.955824,1682.78,0.89979823,-1
68304.909152,1682.84,0.00281542,-1
68304.830958,1682.84,0.0058875,-1
68305.168277,1682.76,0.478833,1
68307.219905,1682.84,1.10181332,-1
68307.2313,1682.84,0.72606616,-1
68307.230516,1682.84,0.16366163,-1
68307.398627,1683.13,0.15411022,-1
68307.398627,1683.13,0.0008915,-1
68307.398627,1683.1,0.165,-1
68307.398627,1683.1,0.001,-1
68307.398627,1683.09,0.23770399,-1
68307.398627,1683,0.05,-1
68307.398627,1683,0.19994563,-1
68307.398627,1683,0.19994456,-1
68307.398627,1683,0.001,-1
68307.398627,1682.9,0.001,-1
68309.082667,1683.1,0.14398287,-1
68309.082667,1683.1,0.50689682,-1
68309.082667,1683.1,0.001,-1
68309.357139,1683.1,0.01466137,-1
68309.357139,1683.1,0.02101713,-1
68309.611747,1683.13,0.0019525,-1
68309.670412,1683.13,0.01652497,-1
68310.954758,1683.15,0.00072349,-1
68312.265538,1683.09,0.10148491,-1
68312.751344,1683.09,0.0144342,-1
68313.554941,1683.14,0.14725518,-1
68314.973374,1683.15,0.00279392,-1
68315.427583,1683.13,0.00279402,-1
68315.612221,1683.14,0.002941,-1
68316.105607,1683.14,0.02886887,-1
68317.328325,1683.13,0.05881829,-1
68318.076284,1683.14,0.00573499,-1
68318.218983,1683.13,0.08150291,1
68318.154788,1683.14,0.00422909,-1
68318.320424,1683.16,1.19923169,-1
68318.320424,1683.16,1.00011729,-1
68318.320424,1683.14,0.04939138,-1
68318.230925,1683.13,0.00000594,1
68318.778748,1683.19,0.003577,1
68318.746894,1683.2,0.00473506,-1
68318.746894,1683.2,0.001,-1
68318.978737,1683.14,0.02886904,-1
68322.000363,1682.91,0.02817496,-1
68321.96224,1682.91,0.00294095,-1
68322.776495,1682.91,0.00470549,-1
68326.373943,1683.12,0.05635048,-1
68326.457519,1683.05,0.37780486,1
68326.457519,1683.1,0.165,1
68326.457519,1683.11,0.4716663,1
68326.457519,1683.12,0.4926663,1
68326.457519,1683.18,0.33863,1
68327.410643,1683.16,0.51016706,1
68327.459962,1682.91,0.00736225,1
68328.993558,1682.91,0.03000648,1
68330.349435,1682.96,0.2818033,-1
68331.89823,1682.82,1.31594748,1
68331.89823,1682.82,0.17616305,1
68331.89823,1682.85,0.14852838,1
68331.89823,1682.88,1.18838749,1
68331.89823,1682.88,0.14852838,1
68331.89823,1682.9,0.001,1
68331.89823,1682.91,0.11762701,1
68331.89823,1682.91,0.02934898,1
68332.259987,1682.95,0.05900756,-1
68332.691788,1683.3,4.08409997,-1
68332.691788,1683.3,0.19933211,-1
68332.691788,1683.3,0.001,-1
68332.691788,1683.29,3.35155886,-1
68332.691788,1683.25,0.57760842,-1
68332.691788,1683.25,0.38483171,-1
68332.691788,1683.25,0.99857875,-1
68332.691788,1683.25,0.99881386,-1
68332.691788,1683.25,0.19969094,-1
68332.691788,1683.24,1.5466572,-1
68332.691788,1683.24,3.86204766,-1
68332.691788,1683.23,0.89333306,-1
68332.691788,1683.22,1.049,-1
68332.691788,1683.21,1.82569607,-1
68332.691788,1683.21,3.75403818,-1
68332.691788,1683.2,3.91269938,-1
68332.691788,1683.2,0.165,-1
68332.691788,1683.2,0.001,-1
68332.691788,1683.16,0.11882664,-1
68332.691788,1683.16,1.575,-1
68332.691788,1683.15,3.86204766,-1
68332.691788,1683.14,1.88481491,-1
68332.691788,1683.14,3.52814688,-1
68332.691788,1683.12,0.18171458,-1
68332.691788,1683.1,0.001,-1
68332.691788,1683.1,0.165,-1
68332.691788,1683.09,1.18838749,-1
68332.691788,1683.08,0.15278515,-1
68332.691788,1683.08,3.86204766,-1
68332.691788,1683.07,2.93680546,-1
68332.691788,1683.06,0.89333306,-1
68332.691788,1683.05,0.05935546,-1
68332.691788,1683.01,0.89126349,-1
68332.691788,1683,3.86204766,-1
68332.691788,1683,0.157,-1
68332.691788,1682.99,2.0165284,-1
68332.691788,1682.92,0.3,-1
68332.691788,1682.92,2.176,-1
68332.691788,1682.92,0.17451102,-1
68332.976744,1683.01,0.00085553,1
68332.976744,1683.01,0.00545347,1
68332.976744,1683.01,0.0708951,1
68332.976744,1683.01,0.21819795,1
68332.976744,1683.01,0.21274448,1
68332.976744,1683.01,0.00545347,1
68333.553325,1682.99,0.11272368,-1
68337.060695,1683.18,0.00493315,1
68339.215139,1683.2,0.00518825,-1
68339.215139,1683.2,0.06020702,-1
68339.215139,1683.2,0.12338159,-1
68339.215139,1683.2,0.001,-1
68339.215139,1683.19,0.28973249,-1
68339.276886,1683.24,0.00563556,-1
68339.500128,1683.23,0.05689097,1
68339.500128,1683.23,0.11378344,1
68339.500128,1683.23,0.17067515,1
68339.500128,1683.23,0.11378344,1
68342.034567,1683.12,0.00771367,1
68342.246573,1683.18,0.1656951,-1
68344.078031,1683.17,0.00508165,-1
68344.68486,1683.14,0.02940844,-1
68344.975228,1683.14,0.05938806,-1
68345.940376,1683.22,0.35848144,-1
68345.940376,1683.21,0.05935546,-1
68345.940376,1683.14,0.00469827,-1
68345.940376,1683.14,0.04846792,-1
68345.940376,1683.14,0.09959991,-1
68346.788151,1683.24,0.01467408,-1
68348.854363,1683.24,0.00588186,-1
68349.312088,1683.22,0.69044,1
68349.547983,1683.14,0.270649,1
68349.658837,1683.14,0.135324,1
68351.667498,1683.11,0.067662,1
68351.788775,1683.14,0.033831,1
68354.360822,1683.17,0.00000594,1
68356.16828,1683.24,0.22457367,-1
68356.16828,1683.24,0.94909944,-1
68360.270687,1683.29,0.0014,1
68364.926398,1683.37,0.01026958,-1
68364.926398,1683.3,0.001,-1
68367.304072,1683.39,0.25638228,1
68367.839806,1683.39,0.0312008,1
68368.508894,1683.43,0.01419645,-1
68368.508894,1683.4,0.001,-1
68370.210653,1683.43,0.08568424,-1
68370.391319,1683.43,0.01165025,-1
68370.391319,1683.43,0.01893078,-1
68371.950127,1683.53,0.25209898,-1
68371.950127,1683.5,0.182,-1
68371.950127,1683.5,0.001,-1
68371.950127,1683.48,0.05935546,-1
68371.950127,1683.48,0.11884385,-1
68371.950127,1683.48,0.11884168,-1
68371.950127,1683.48,0.1499597,-1
68373.631036,1683.63,0.29491461,-1
68373.630699,1683.63,0.70591461,-1
68373.630699,1683.6,0.001,-1
68373.617298,1683.59,0.70791461,-1
68373.617142,1683.59,0.00237138,-1
68373.617142,1683.57,0.29154323,-1
68373.606058,1683.58,0.00347817,-1
68373.606058,1683.58,0.048,-1
68373.606058,1683.51,0.24143644,-1
68373.605931,1683.51,0.64955915,-1
68373.605931,1683.5,0.05935546,-1
68373.699371,1683.63,0.70591461,-1
68373.698757,1683.63,0.07725718,-1
68373.698757,1683.62,0.21865743,-1
68373.688877,1683.59,0.423914,1
68373.688831,1683.67,0.10760485,-1
68373.688831,1683.66,0.59830976,-1
68373.688777,1683.66,0.2950233,-1
68373.688777,1683.64,0.00089131,-1
68373.643262,1683.63,0.70591461,-1
68373.643096,1683.63,0.29591461,-1
68373.817971,1683.62,0.10099518,-1
68373.817971,1683.62,0.4729989,-1
68373.748781,1683.62,0.10932826,1
68373.748781,1683.62,0.42291461,1
68373.748781,1683.62,0.16268513,1
68374.726753,1683.67,0.70591461,-1
68374.726612,1683.67,0.29591461,-1
68374.715545,1683.63,0.29591461,-1
68374.715358,1683.63,0.18256631,-1
68374.715358,1683.62,0.05935546,-1
68374.715358,1683.62,0.46399284,-1
68374.824775,1683.69,0.29591461,-1
68374.824392,1683.69,0.70591461,-1
68378.713847,1683.86,0.42291443,1
68378.713847,1683.86,0.18400178,1
68378.713847,1683.86,0.18400179,1
68378.686863,1683.85,0.18631761,-1
68378.663071,1683.85,0.70491461,-1
68378.661362,1683.85,0.29691461,-1
68378.650304,1683.84,0.29591461,-1
68378.649816,1683.84,0.09455915,-1
68378.649816,1683.8,0.001,-1
68378.649816,1683.8,0.05,-1
68378.649816,1683.79,0.5,-1
68378.649816,1683.7,0.001,-1
68378.649816,1683.69,0.05935546,-1
68378.745723,1683.69,0.70591461,-1
68379.008703,1683.68,0.00277339,1
68379.008703,1683.68,0.42391461,1
68379.036609,1683.68,0.423914,1
68379.187409,1683.68,0.42291378,1
68379.187409,1683.68,0.00000022,1
68379.152162,1683.68,0.42291439,1
68379.152162,1683.68,0.00000061,1
68379.142222,1683.69,0.00573366,-1
68379.512965,1683.7,0.29591461,-1
68379.512817,1683.7,0.70591461,-1
68379.49786,1683.73,0.29591461,-1
68379.497517,1683.73,0.46789101,-1
68379.497517,1683.69,0.17866814,-1
68379.497517,1683.69,0.05935546,-1
68379.76924,1683.73,0.70491461,-1
68379.768873,1683.73,0.29691461,-1
68381.928813,1683.73,0.00425401,-1
68381.928813,1683.73,0.03473061,-1
68381.928813,1683.73,0.08045714,-1
68381.839969,1683.73,0.29391461,-1
68381.839765,1683.73,0.64855915,-1
68381.839765,1683.73,0.05935546,-1
68382.025161,1683.8,0.42391399,1
68382.025161,1683.8,0.00000001,1
68381.993672,1683.8,0.4239146,1
68381.993672,1683.8,0.0000004,1
68381.957496,1683.8,0.42491421,1
68381.957496,1683.8,0.18400179,1
68382.061472,1683.8,0.42391438,1
68382.061472,1683.8,0.00000062,1
68383.818628,1683.6,0.001,1
68383.818628,1683.61,0.01,1
68383.880485,1683.3,0.42791461,1
68383.880485,1683.3,0.58454519,1
68383.880485,1683.3,0.00000061,1
68383.850029,1683.3,0.428914,1
68383.827774,1683.29,0.04908524,1
68383.827774,1683.3,1.48517792,1
68383.827774,1683.3,0.001,1
68383.827774,1683.31,0.09200089,1
68383.827774,1683.37,1.18808939,1
68383.819656,1683.37,0.90006992,1
68383.819595,1683.37,0.28801947,1
68383.819595,1683.4,0.001,1
68383.819595,1683.4,0.20532398,1
68383.819595,1683.5,0.001,1
68383.925834,1683.29,1.48518674,1
68383.925834,1683.31,1.18808939,1
68383.925834,1683.32,1.48516027,1
68384.332123,1683.36,0.00588001,-1
68385.688663,1683.34,0.00588071,-1
68387.336104,1683.35,0.05139348,-1
68387.336104,1683.35,0.23952113,-1
68387.336072,1683.35,0.65155915,-1
68387.336072,1683.34,0.05935546,-1
68387.41666,1683.38,0.29091461,-1
68387.416216,1683.38,0.70986175,-1
68387.416216,1683.35,0.00105286,-1
68387.372506,1683.35,0.02689793,-1
68387.372506,1683.35,0.01350219,-1
68387.438233,1683.41,0.05699324,-1
68387.437953,1683.41,0.29091461,-1
68387.428126,1683.39,0.29091461,-1
68387.427979,1683.39,0.71091461,-1
68389.304,1683.28,0.42391378,1
68389.304,1683.28,0.00000022,1
68389.272801,1683.28,0.42391439,1
68389.272801,1683.28,0.00000061,1
68389.23442,1683.28,0.424914,1
68391.760261,1683.22,0.02729579,1
68398.600742,1683.15,0.422914,1
68398.541359,1683.2,0.001157,1
68398.541359,1683.2,0.001,1
68398.719736,1683.13,0.42091378,1
68398.719736,1683.13,0.00000022,1
68398.687328,1683.13,0.42091439,1
68398.687328,1683.13,0.00000061,1
68398.657985,1683.13,0.422914,1
68400.016904,1683.1,0.20441013,1
68400.016904,1683.1,0.001,1
68400.016904,1683.11,0.42291461,1
68400.016904,1683.12,0.42191461,1
68400.277401,1683.12,0.09851007,-1
68401.303776,1683.13,0.29791461,-1
68401.303773,1683.13,0.70391461,-1
68401.411867,1683.41,0.05935546,-1
68401.411867,1683.4,0.001,-1
68401.374902,1683.13,0.09417702,-1
68401.374902,1683.13,0.13572006,-1
68401.422718,1683.47,0.23762977,-1
68401.830097,1683.5,0.001,-1
68402.698249,1683.57,0.423914,1
68403.442324,1683.41,0.02817262,-1
68404.135239,1683.4,0.00593,1
68404.775085,1683.41,0.001623,-1
68405.087818,1683.4,0.00653439,1
68406.123583,1683.45,0.02063286,-1
68406.137601,1683.4,0.01380175,1
68407.48637,1683.31,0.00207999,-1
68408.584714,1683.3,0.001,1
68410.138429,1683.2,0.00001212,1
68415.350081,1683.34,0.00100552,1
68415.350081,1683.34,0.09819548,1
68418.483155,1683.2,0.46291412,1
68418.483155,1683.2,0.00098788,1
68419.123436,1682.81,0.19310082,1
68419.122152,1682.81,0.25393008,1
68419.121973,1682.81,0.218,1
68419.119385,1682.81,0.19389918,1
68419.119367,1682.81,0.06989918,1
68419.115691,1682.73,0.0686275,1
68419.115691,1682.76,2.49489849,1
68419.114795,1682.76,1.66385912,1
68419.112415,1682.79,0.03431375,1
68419.112415,1682.8,0.001,1
68419.103319,1682.9,0.001,1
68419.099834,1682.9,0.001,1
68419.090893,1683,0.001,1
68419.080941,1683.1,0.001,1
68419.212351,1682.7,0.001,1
68419.132918,1682.81,3.22992835,1
68419.352916,1682.6,0.001,1
68419.518464,1682.66,0.20090564,1
68419.518464,1682.67,0.33863,1
68419.518464,1682.67,0.46891461,1
68419.518464,1682.67,0.04909775,1
68419.50038,1682.61,0.05935546,-1
68419.50038,1682.6,0.14852662,-1
68419.489866,1682.51,0.77991461,-1
68419.458414,1682.5,0.221,1
68419.458414,1682.5,0.001,1
68419.546025,1682.67,0.77991461,-1
68420.156227,1682.66,3.96902214,1
68420.156227,1682.7,0.221,1
68420.156227,1682.75,0.46791461,1
68420.156227,1682.76,0.46691461,1
68420.156227,1682.77,0.46691461,1
68420.156227,1682.79,0.46691461,1
68420.156227,1682.8,0.46691461,1
68420.156227,1682.81,0.46591461,1
68420.156227,1682.82,0.02454887,1
68420.156227,1682.82,0.46591461,1
68420.508888,1682.99,0.462914,1
68420.508888,1682.99,0.33863,1
68420.542358,1682.99,0.46091439,1
68420.542358,1682.99,0.33863,1
68420.542358,1682.99,0.00000061,1
68421.247626,1682.99,0.03000216,1
68421.247626,1682.99,0.00000022,1
68421.719419,1683,0.0065754,-1
68421.719419,1683,0.001,-1
68421.989373,1682.79,0.463914,1
68421.831541,1682.94,6.23950798,1
68421.831541,1682.95,1.18866293,1
68424.45933,1682.82,0.000243,-1
68424.861027,1682.82,0.05881619,-1
68426.026707,1682.82,0.76591461,-1
68426.425835,1682.9,0.45691439,1
68426.425835,1682.9,0.21,1
68426.425835,1682.9,0.00000061,1
68426.389201,1682.9,0.457914,1
68426.328711,1682.94,0.458914,1
68426.560525,1682.98,0.01761161,-1
68426.897919,1682.97,0.455914,1
68426.847147,1682.99,0.45591376,1
68426.847147,1682.99,0.02108024,1
68426.978519,1682.93,0.456914,1
68427.082338,1682.93,0.45391417,1
68427.082338,1682.93,0.00000083,1
68427.041282,1682.93,0.45391378,1
68427.041282,1682.93,0.00000022,1
68427.011544,1682.93,0.45391439,1
68427.011544,1682.93,0.00000061,1
68427.4979,1682.9,0.000765,1
68427.4979,1682.9,0.21,1
68429.552562,1682.88,0.01054,1
68431.313175,1682.7,0.21,1
68431.313175,1682.7,0.001,1
68431.344965,1682.7,0.20999939,1
68431.344965,1682.7,0.45591461,1
68432.460579,1682.71,0.03269173,-1
68433.586949,1682.8,0.2922618,-1
68433.586949,1682.78,0.89138211,-1
68434.811219,1682.9,0.001,-1
68434.900501,1683.02,0.048,-1
68434.88999,1683,0.001,-1
68434.874704,1682.99,0.5857637,-1
68434.851837,1682.95,0.02686721,-1
68435.219811,1682.93,0.448914,1
68435.187675,1682.93,0.00527,1
68435.955966,1682.9,0.00330725,1
68435.955966,1682.9,0.00131756,1
68435.955966,1682.9,0.00131756,1
68437.177077,1682.91,0.74591461,-1
68437.228835,1682.95,0.05227634,-1
68437.228835,1682.94,0.14855133,-1
68437.228835,1682.91,0.02246091,-1
68437.228835,1682.91,0.00385233,-1
68438.12239,1683.1,0.00017662,-1
68438.12239,1683.1,0.001,-1
68438.28663,1683.1,0.0027944,-1
68438.573713,1683.36,0.58603598,-1
68438.573713,1683.32,0.17334414,-1
68438.573713,1683.3,0.21,-1
68438.573713,1683.3,0.001,-1
68438.573713,1683.28,1.18846207,-1
68438.573713,1683.27,1.575,-1
68438.573713,1683.24,0.89867746,-1
68438.573713,1683.22,1.063,-1
68438.573713,1683.21,0.1536,-1
68438.573713,1683.21,0.89115952,-1
68438.573713,1683.2,0.05935546,-1
68438.573713,1683.2,0.21,-1
68438.573713,1683.2,0.05,-1
68438.573713,1683.2,0.001,-1
68438.573713,1683.1,0.0040469,-1
68441.555356,1683.24,0.02771668,-1
68441.555356,1683.2,0.00115785,-1
68441.727396,1683.24,0.89113901,-1
68441.849887,1683.3,0.001,-1
68442.258558,1683.4,0.001,-1
68442.508044,1683.49,0.33863,1
68442.727403,1683.25,1.18816098,1
68442.727403,1683.25,0.00131756,1
68442.727403,1683.25,0.05935546,1
68443.862065,1683.02,0.00588288,-1
68443.827257,1683.1,0.000947,1
68443.827257,1683.1,0.001,1
68448.233405,1683,0.00076514,1
68448.371952,1683,0.00000594,1
68450.377238,1683,0.00045721,1
68450.377238,1683,0.00022892,1
68450.427242,1683.01,0.01690387,-1
68451.5373,1683.19,0.33863,1
68451.717111,1683.14,1.18847,1
68452.555455,1683.13,0.05893781,-1
68453.363709,1683.3,0.00081763,-1
68453.363709,1683.3,0.001,-1
68453.363709,1683.2,0.001,-1
68453.497469,1683.23,0.038579,1
68453.580554,1683.19,0.21643608,1
68453.77993,1683.2,0.21,1
68454.034069,1683.16,0.03648748,1
68454.034069,1683.17,0.01929012,1
68454.507276,1683.17,0.009645,1
68455.196435,1683.14,0.03123378,1
68455.196435,1683.15,0.00482256,1
68455.612278,1683.13,0.002411,1
68455.709501,1683.11,1.18829,1
68455.649997,1683.12,0.46691418,1
68455.649997,1683.12,0.49538982,1
68456.1031,1683.11,0.00076253,1
68456.1031,1683.11,1.18829047,1
68456.182975,1683.26,1.3068832,-1
68456.182975,1683.25,0.1536,-1
68456.182975,1683.19,0.14854427,-1
68456.182975,1683.19,0.04215297,-1
68456.182975,1683.18,0.05935546,-1
68456.182975,1683.12,0.5987942,-1
68456.348513,1683.03,0.03099393,-1
68456.471114,1683.02,0.059355,1
68456.712042,1683.03,0.01408815,-1
68456.761188,1683.03,0.00563526,-1
68457.797789,1683.23,0.325961,1
68458.049165,1683.15,0.08149047,1
68458.049165,1683.15,0.08149053,1
68459.615006,1683.1,0.459914,1
68459.631452,1683.11,0.01732157,-1
68460.196166,1683.38,0.75491461,-1
68460.167381,1683.3,0.001,-1
68460.22766,1683.4,0.001,-1
68460.48586,1683.49,1.18843919,1
68460.388653,1683.49,1.18843845,1
68460.388653,1683.49,0.08149055,1
68460.679298,1683.21,0.059355,1
68461.487532,1683.23,0.059355,1
68461.977089,1683.25,1.18829476,1
68461.940542,1683.41,0.66929476,1
68461.940248,1683.41,0.519,1
68462.069115,1683.21,0.42593755,1
68462.065012,1683.21,0.76235721,1
68462.065012,1683.21,0.05935546,1
68462.314496,1683.2,1.07726299,1
68462.314496,1683.2,0.47091461,1
68462.314496,1683.2,2.176,1
68462.314496,1683.2,0.0000004,1
68462.287377,1683.2,0.1989996,1
68462.287377,1683.2,0.47091461,1
68462.287377,1683.2,1.15001426,1
68462.287377,1683.2,1.07477153,1
68462.257548,1683.2,0.199,1
68462.257548,1683.2,0.001,1
68462.609069,1683.2,0.198995,1
68462.596209,1683.2,0.00000498,1
68462.596209,1683.2,0.00000096,1
68463.126215,1683.16,0.09554593,1
68463.126215,1683.2,0.46891461,1
68463.126215,1683.2,0.00000002,1
68463.877383,1683.2,0.18056,1
68463.992054,1683.25,0.14853103,-1
68463.992054,1683.25,0.89113461,-1
68463.991678,1683.21,0.05935546,-1
68463.991678,1683.21,0.55925471,-1
68464.412866,1683.39,1.188311,1
68464.362757,1683.39,0.040046,1
68464.326695,1683.39,1.188311,1
68464.326695,1683.39,0.33863,1
68465.040159,1683.4,0.05134828,-1
68465.040159,1683.4,0.001,-1
68465.177941,1683.44,0.457914,1
68466.979205,1683.22,0.059355,1
68468.799325,1683.4,0.18430429,-1
68468.794043,1683.39,1.78878649,-1
68468.790702,1683.39,0.33310164,-1
68468.790702,1683.36,1.18831172,-1
68468.789128,1683.33,0.33711038,-1
68468.789128,1683.31,3.46587391,-1
68468.789112,1683.31,3.96131734,-1
68468.789112,1683.29,0.03395651,-1
68468.789112,1683.29,0.05935546,-1
68468.789112,1683.28,2.91725981,-1
68468.788819,1683.28,0.05313133,-1
68468.788819,1683.28,0.89111734,-1
68468.788819,1683.27,0.14982518,-1
68468.788819,1683.27,0.14982518,-1
68468.823996,1683.65,0.68608323,-1
68468.823996,1683.65,0.11872575,-1
68468.823996,1683.63,0.89093253,-1
68468.82072,1683.6,0.05,-1
68468.82072,1683.6,0.001,-1
68468.820503,1683.58,0.096,-1
68468.815287,1683.55,0.11880483,-1
68468.815287,1683.52,0.048,-1
68468.815287,1683.5,0.001,-1
68470.200366,1683.65,0.0064697,-1
68471.308541,1683.66,1,1
68471.34587,1683.62,1,1
68471.34587,1683.64,0.00088431,1
68471.826144,1683.69,0.05522252,-1
68472.262926,1683.66,0.00000593,1
68472.250967,1683.66,0.00144922,1
68472.606363,1683.66,0.00144915,1
68472.606363,1683.66,0.00000085,1
68472.571159,1683.66,0.998544,1
68472.922442,1683.66,0.99998915,1
68472.922442,1683.66,0.00000085,1
68473.230625,1683.66,0.99998915,1
68473.230625,1683.66,0.00000085,1
68473.586648,1683.66,0.99997915,1
68473.586648,1683.66,0.00000085,1
68473.542335,1683.66,0.99998915,1
68473.542335,1683.66,0.00000085,1
68474.078108,1683.43,0.05556023,-1
68474.605873,1683.41,0.09324234,-1
68477.09818,1683.41,0.01215296,-1
68478.148243,1683.34,0.1485222,1
68478.148243,1683.4,0.001,1
68479.266923,1683.31,0.08831143,-1
68480.863408,1683.31,0.03098657,-1
68481.514936,1683.31,0.02940163,-1
68482.061241,1683.31,0.003903,-1
68482.250688,1683.24,0.00000594,1
68482.239915,1683.2,0.00106552,1
68482.239915,1683.2,0.001,1
68482.239915,1683.3,0.001,1
68483.287759,1683.21,0.03568623,1
68484.356873,1683.1,0.001,1
68484.334187,1683.13,1.1882714,1
68484.334187,1683.22,0.00079093,1
68485.705807,1683,0.209,1
68485.705807,1683,0.001,1
68487.682219,1682.97,0.08314656,-1
68487.9869,1682.97,0.01176184,-1
68488.864543,1682.91,0.05618346,-1
68490.151109,1683,0.18200716,-1
68490.151109,1682.96,0.14851779,-1
68490.151109,1682.92,0.89130796,-1
68490.151109,1682.91,0.05935546,-1
68490.151109,1682.91,0.58482811,-1
68490.151109,1682.91,0.13398352,-1
68490.495557,1682.9,0.00096084,1
68490.495557,1682.9,0.001,1
68490.495557,1682.91,0.00000053,1
68490.478076,1682.91,1.10244277,1
68490.478076,1682.91,0.53300823,1
68491.02209,1682.91,0.04528793,-1
68492.399004,1682.8,0.209,1
68492.399004,1682.8,0.001,1
68492.337845,1682.81,0.289148,1
68493.090951,1682.87,0.17322594,-1
68493.836834,1683.05,0.144574,1
68493.958575,1683.04,0.072287,1
68494.537305,1683.04,0.01807121,1
68494.537305,1683.04,0.01807179,1
68495.797291,1683.07,0.05636117,-1
68496.265418,1683.02,0.00000594,1
68496.255458,1683.02,0.00214495,1
68496.869669,1682.94,0.045177,1
68499.790226,1682.99,0.124603,-1
68499.880933,1683.08,0.022588,1
68500.493673,1683.01,0.00333078,1
68500.749495,1682.96,0.05868168,-1
68500.731241,1682.98,0.01470545,-1
68502.360723,1682.87,1.1884307,1
68502.360723,1682.88,1.48554858,1
68502.360723,1682.89,0.00110122,1
68502.360723,1682.89,0.05935546,1
68502.360723,1682.89,0.01698205,1
68502.462177,1682.8,0.001,1
68502.462177,1682.83,0.1574307,1
68502.461784,1682.83,1.031,1
68503.150832,1682.71,0.01443504,-1
68503.67996,1682.71,0.00865913,-1
68503.668795,1682.71,0.00294112,-1
68503.891478,1682.71,0.00588211,-1
68504.223162,1682.71,0.00186718,-1
68505.473609,1682.7,1.01563,1
68505.473609,1682.7,1.575,1
68505.441919,1682.7,0.209,1
68505.441919,1682.7,0.001,1
68509.155888,1683.04,0.01806815,-1
68509.155888,1683.04,0.00347785,-1
68509.155888,1683,0.001,-1
68509.391521,1683.2,0.02623613,-1
68509.391521,1683.2,0.001,-1
68509.391521,1683.1,0.001,-1
68509.933221,1683.5,0.001,-1
68509.933036,1683.46,0.01806364,-1
68509.933036,1683.46,0.00347698,-1
68509.930491,1683.4,0.05,-1
68509.930491,1683.4,0.001,-1
68509.930491,1683.3,0.001,-1
68510.377315,1683.6,0.00003731,-1
68510.984721,1683.59,0.04088924,1
68510.984721,1683.59,0.01570854,1
68511.882099,1683.59,0.01200438,1
68515.354065,1683.59,1.18789453,1
68515.354065,1683.59,0.00076296,1
68515.354065,1683.59,0.05935546,1
68515.354065,1683.59,1.1003644,1
68515.354065,1683.59,1.11470734,1
68515.354065,1683.59,1.01776631,1
68515.842322,1683.6,0.00096269,-1
68518.602494,1683.68,0.28858933,-1
68518.885788,1683.68,0.87850682,-1
68519.099794,1683.7,0.001,-1
68519.099794,1683.68,0.28768147,-1
68519.517341,1683.81,0.05779982,-1
68519.517341,1683.8,0.001,-1
68519.452054,1683.75,1.23756095,-1
68520.295144,1683.94,0.01815672,-1
68520.295144,1683.9,0.001,-1
68520.433104,1683.94,0.016443,-1
68520.62082,1683.94,0.35279868,-1
68521.351241,1683.94,0.02805691,-1
68522.504394,1683.9,0.12111993,1
68522.504394,1683.91,0.00392714,1
68522.504394,1683.91,0.00392714,1
68524.300776,1684.27,0.33863,1
68524.240628,1684.21,1.083,-1
68524.240628,1684.2,0.05,-1
68524.240628,1684.2,0.001,-1
68524.240628,1684.19,1,-1
68524.240628,1684.1,0.001,-1
68524.240134,1684,0.001,-1
68524.240134,1684,0.05,-1
68524.237123,1683.94,0.58515322,-1
68525.818505,1684.2,0.00005153,1
68530.710258,1684.04,0.03520434,1
68530.710258,1684.09,0.54115869,1
68530.710258,1684.29,0.00076165,1
68531.011309,1684.09,0.5212715,-1
68531.004998,1684.09,0.66640068,-1
68531.004998,1684.08,0.00144296,-1
68531.004998,1684.08,0.89069402,-1
68531.004998,1684.08,0.59318693,-1
68530.973183,1684.08,0.00288592,-1
68531.107278,1684.18,1.18767218,-1
68531.105541,1684.12,0.34388238,-1
68536.274234,1683.8,0.00000593,1
68536.261074,1683.8,0.00228548,1
68536.261074,1683.8,0.001,1
68536.261074,1683.9,0.001,1
68536.261074,1684,0.001,1
68536.564326,1683.8,0.00000593,1
68536.554109,1683.81,0.00208455,1
68538.28006,1683.85,0.00059964,-1
68540.340043,1683.8,0.00076086,1
68540.340043,1683.8,0.00098814,1
68541.437363,1683.79,0.00650117,-1
68541.646504,1683.79,0.11542406,-1
68542.339713,1683.67,3.3668898,1
68542.336093,1683.67,18.62529256,1
68542.335467,1683.67,6.02460093,1
68542.335467,1683.7,0.001,1
68542.753048,1683.6,0.001,1
68543.159523,1683.5,0.001,1
68543.320681,1683.2,0.001,1
68543.31518,1683.3,0.001,1
68543.288093,1683.4,0.001,1
68544.669392,1682.91,0.05798052,1
68544.669392,1683,0.001,1
68544.669392,1683.1,0.001,1
68545.797336,1682.91,0.0461697,-1
68547.833034,1682.91,0.25630622,-1
68547.832718,1682.91,0.19695076,-1
68547.832718,1682.91,0.05935546,-1
68548.228866,1683.12,0.00000594,1
68548.216865,1683.12,0.01058153,1
68549.700415,1683.17,0.05935546,-1
68549.787911,1683.18,0.00132854,-1
68550.227822,1683.11,0.362905,1
68553.367617,1682.9,0.000762,1
68553.367617,1682.9,0.001,1
68553.428726,1682.8,0.252,1
68553.428726,1682.8,0.001,1
68555.075685,1682.72,0.00941445,-1
68555.377607,1682.71,0.059355,1
68556.19851,1682.7,0.252,1
68556.19851,1682.7,0.001,1
68558.056441,1682.61,0.000664,-1
68559.299079,1682.57,0.034852,1
68559.255248,1682.6,0.252,1
68559.255248,1682.6,0.001,1
68560.01194,1682.6,0.181452,1
68560.01194,1682.6,0.252,1
68560.920098,1682.54,0.46618747,-1
68561.123217,1682.5,0.001,1
68561.618541,1682.41,0.01146816,-1
68562.095428,1682.41,0.032484,-1
68563.745574,1682.41,0.22524043,-1
68564.787527,1682.41,0.08662875,-1
68564.928591,1682.41,0.03607659,-1
68564.89559,1682.41,0.01444036,-1
68565.091033,1682.41,0.08454936,-1
68565.409387,1682.4,0.000763,1
68565.409387,1682.4,0.001,1
68565.789041,1682.31,0.04795638,-1
68565.881777,1682.31,0.00573642,-1
68565.87206,1682.3,0.252,1
68565.836593,1682.3,0.252,1
68565.836593,1682.3,0.001,1
68566.048357,1682.47,0.117573,1
68566.368218,1682.52,1.5749994,1
68566.368218,1682.52,0.20844,1
68566.368218,1682.52,0.0587866,1
68566.44786,1682.5,0.252,1
68566.77264,1682.55,0.00866047,-1
68567.071532,1682.52,0.01352618,-1
68567.422042,1682.57,0.00588351,-1
68567.417507,1682.57,0.06641539,-1
68567.978523,1682.45,0.67643001,1
68567.978523,1682.45,0.06987299,1
68568.369741,1682.45,0.00000594,1
68569.058742,1682.5,0.02887728,-1
68569.201139,1682.46,0.00294221,-1
68571.725609,1682.39,0.00294186,-1
68571.684038,1682.36,0.02542073,1
68571.684038,1682.36,0.00000027,1
68571.647624,1682.36,0.050843,1
68572.005973,1682.37,0.00061631,1
68573.147834,1682.47,0.013874,1
68573.780395,1682.42,0.01402675,-1
68575.988591,1682.35,0.01395,1
68576.04743,1682.34,1.189064,1
68576.388634,1682.31,0.059355,1
68577.6752,1682.3,1.575,1
68577.6752,1682.3,0.001,1
68578.212492,1682.3,0.34369209,-1
68579.253384,1682.48,0.97883554,1
68579.253384,1682.48,0.00079446,1
68580.114687,1682.49,0.05953227,1
68580.305224,1682.35,4.40380716,1
68580.305224,1682.36,0.89333306,1
68580.305224,1682.37,3.91269938,1
68580.305224,1682.38,1.18877547,1
68580.305224,1682.4,0.252,1
68580.305224,1682.42,6.23704329,1
68580.305224,1682.5,1.575,1
68580.305224,1682.51,0.06138116,1
68580.305224,1682.51,0.12838116,1
68580.305224,1682.51,0.42838116,1
68580.305224,1682.52,1.575,1
68580.305224,1682.52,0.00697542,1
68580.254058,1682.57,0.8452159,-1
68580.254058,1682.56,0.05935546,-1
68580.254058,1682.53,0.14859106,-1
68580.254058,1682.5,0.001,-1
68580.535325,1682.7,10,-1
68580.535325,1682.7,0.001,-1
68580.535325,1682.6,0.001,-1
68581.125149,1682.66,0.91706,1
68581.801338,1682.61,0.003487,1
68582.982666,1682.69,0.02818635,-1
68583.538351,1682.69,0.015837,1
68584.219734,1682.5,0.614524,1
68584.219734,1682.5,0.001,1
68584.395845,1682.51,0.00288911,-1
68584.384883,1682.46,0.00000594,1
68584.478701,1682.48,0.00378444,1
68584.793654,1682.49,0.09019846,-1
68584.910659,1682.41,0.059355,1
68584.84852,1682.47,0.059355,1
68584.975618,1682.41,0.40990501,-1
68586.227536,1682.4,1.575,1
68586.227536,1682.4,0.001,1
68586.459131,1682.39,2.17599952,1
68586.459131,1682.39,1.575,1
68586.459131,1682.39,0.02628374,1
68586.459131,1682.39,0.02628374,1
68587.078109,1682.33,0.01314113,1
68587.078109,1682.33,0.01314187,1
68588.651625,1682.48,0.14407386,-1
68588.651625,1682.4,0.29718389,-1
68589.408826,1682.39,0.00044486,-1
68590.426586,1682.45,0.025813,-1
68591.394868,1682.39,0.01471121,-1
68592.464139,1682.3,0.000826,1
68592.464139,1682.3,0.001,1
68593.022682,1682.3,0.03720453,-1
68593.387223,1682.18,0.14859459,1
68593.387223,1682.19,1.188835,1
68593.387223,1682.19,0.00059457,1
68593.387223,1682.2,0.001,1
68593.378463,1682.25,0.03362677,1
68593.481666,1682.11,0.034503,1
68594.413739,1682.03,0.14859459,1
68594.413739,1682.06,0.00037454,1
68594.40527,1682.1,0.001,1
68594.475555,1681.9,0.14859459,1
68594.475555,1681.9,0.001,1
68594.47474,1681.93,0.1554672,1
68594.47474,1681.93,0.01327003,1
68594.47474,1682,0.001,1
68594.442756,1682.01,0.11552422,-1
68594.697832,1681.81,0.00588463,-1
68596.617957,1681.81,0.016813,1
68596.880865,1681.8,0.228,1
68596.880865,1681.8,0.001,1
68597.189571,1681.73,0.038256,1
68597.653141,1681.62,0.19999993,1
68597.653141,1681.63,0.05936026,1
68597.652816,1681.69,0.10703518,1
68597.652816,1681.7,0.001,1
68597.652756,1681.72,0.14829165,1
68597.652756,1681.73,0.00000021,1
68598.447187,1681.61,0.01400505,-1
68600.693409,1681.43,1.26760815,1
68600.693409,1681.43,0.26943611,1
68600.693409,1681.43,0.25697757,1
68600.693409,1681.43,0.02478297,1
68600.693409,1681.5,0.228,1
68600.693409,1681.5,0.001,1
68600.693409,1681.6,0.00042915,1
68600.66316,1681.6,0.00057085,1
68600.91136,1681.74,1.18948312,1
68600.91136,1681.74,1.575,1
68600.91136,1681.74,0.00525429,1
68600.91136,1681.74,0.0015763,1
68600.91136,1681.74,0.00157629,1
68600.951638,1681.74,1.57499982,1
68600.951638,1681.74,1.18948318,1
68602.852324,1682,0.05,-1
68602.852324,1682,0.001,-1
68602.852324,1681.9,0.001,-1
68602.847547,1681.8,0.001,-1
68603.188389,1682.09,1.57499999,1
68603.188389,1682.09,0.60313001,1
68604.256035,1682.29,0.00743373,-1
68604.256035,1682.2,0.001,-1
68604.256035,1682.2,0.05,-1
68604.256035,1682.1,0.001,-1
68606.127957,1682.29,1.04389292,1
68606.127957,1682.29,1.17909108,1
68609.712894,1682.51,1.31726238,-1
68609.712894,1682.5,2.20827423,-1
68609.712894,1682.5,0.001,-1
68609.712894,1682.5,0.24,-1
68609.712894,1682.41,0.03031365,-1
68609.712894,1682.4,0.228,-1
68609.712894,1682.39,0.59579654,-1
68609.661943,1682.4,0.02741494,-1
68609.661943,1682.4,0.001,-1
68609.661943,1682.3,0.001,-1
68610.065524,1682.47,0.01353406,-1
68612.751349,1682.59,0.00065982,1
68613.953015,1682.69,0.00477865,-1
68613.953015,1682.69,0.05045658,-1
68613.953015,1682.6,0.001,-1
68614.319654,1682.69,0.00577859,-1
68615.641766,1682.65,0.001374,1
68617.928171,1682.69,1.04643235,1
68617.928171,1682.69,1.09864852,1
68617.928171,1682.69,1.15491896,1
68617.928171,1682.69,0.05936026,1
68617.928171,1682.69,1.18862891,1
68617.928171,1682.69,1.575,1
68617.968027,1682.69,1.18842689,1
68617.968027,1682.69,0.00000011,1
68618.666278,1682.56,0.03382203,-1
68618.795619,1682.64,0.00588349,-1
68618.946205,1682.67,0.00060015,-1
68621.623311,1682.63,0.05936,1
68622.81391,1682.68,0.02818171,-1
68623.511824,1682.8,0.05,-1
68623.511824,1682.8,0.001,-1
68623.511824,1682.7,0.001,-1
68623.693801,1682.9,0.57646956,-1
68623.693801,1682.9,0.001,-1
68626.062571,1683.2,0.0007947,-1
68626.062571,1683.1,0.001,-1
68626.062571,1683,0.001,-1
68626.612162,1683.3,0.00097139,-1
68626.612162,1683.2,0.0002053,-1
68627.051307,1683.13,0.00057054,1
68627.048512,1683.19,0.00294174,-1
68627.190933,1683.2,0.00281805,-1
68627.365854,1683.29,0.0016179,-1
68627.688446,1683.3,0.05816513,-1
68627.688446,1683.3,0.00002861,-1
68627.688446,1683.2,0.264,-1
68627.688446,1683.19,0.25527536,-1
68628.224086,1683.19,0.03946162,-1
68628.079471,1683.1,0.01470894,-1
68628.263985,1683.14,0.00000594,1
68628.254634,1683.14,0.0022458,1
68628.38589,1683.19,0.01182394,-1
68628.38589,1683.19,0.08817606,-1
68629.199605,1683.19,0.20286247,1
68629.199605,1683.19,0.06762091,1
68629.199605,1683.19,0.27048362,1
68629.291774,1683.1,0.00058834,-1
68629.386063,1683.18,0.02941549,-1
68629.509379,1683.19,0.00176504,-1
68631.768688,1683.24,0.00363174,-1
68634.265961,1683.1,0.02540317,-1
68634.374604,1683.14,0.00000594,1
68634.627917,1683.19,0.10988694,-1
68634.990873,1683.17,0.28725255,1
68635.307768,1683.07,0.00119109,1
68635.307768,1683.07,0.05936026,1
68636.984043,1683.18,0.971822,1
68637.709493,1683.18,0.03381363,-1
68638.247792,1683.19,0.08452876,-1
68639.624513,1683.3,0.001,-1
68641.311081,1683.39,0.05935999,1
68641.311081,1683.39,0.97918301,1
68641.367817,1683.35,0.05936,1
68641.443059,1683.29,0.30994665,-1
68644.386142,1683.1,0.00000594,1
68648.104392,1683.39,0.00125364,1
68648.662764,1683.6,0.00320795,-1
68648.662764,1683.54,0.0060602,-1
68648.662764,1683.5,0.001,-1
68648.662764,1683.4,0.001,-1
68649.405431,1683.54,0.01786499,-1
68650.103418,1683.6,0.00125283,-1
68650.103418,1683.6,0.001,-1
68650.445445,1683.59,0.00091532,1
68650.445445,1683.59,0.05936026,1
68650.445445,1683.59,0.41002342,1
68651.544554,1683.58,0.00593986,-1
68653.256633,1683.31,0.29401571,-1
68654.186683,1683.39,0.00563442,-1
68656.356372,1683.32,0.04251259,1
68657.874907,1683.39,0.00845164,-1
68659.811205,1683.55,0.08820915,-1
68661.455353,1683.55,0.01785975,1
68661.634075,1683.66,0.07869405,-1
68661.633913,1683.64,0.19983373,-1
68661.633913,1683.64,0.19986528,-1
68661.630881,1683.6,0.001,-1
68661.630881,1683.56,0.19986485,-1
68661.630881,1683.56,0.19999899,-1
68662.070888,1683.69,0.11372,1
68662.242622,1683.45,0.105254,1
68662.443087,1683.45,0.00000079,1
68663.092636,1683.41,0.11269689,-1
68663.721149,1683.17,0.14561388,1
68663.721149,1683.2,0.226,1
68663.721149,1683.2,0.001,1
68663.721149,1683.3,0.226,1
68663.721149,1683.3,0.00079629,1
68663.721149,1683.3,0.001,1
68663.721149,1683.4,0.001,1
68664.3701,1683.38,0.41225,1
68667.887515,1683.26,0.56468882,1
68667.887515,1683.27,0.05936026,1
68667.887515,1683.3,0.37595092,1
68668.217915,1683.25,0.05936,1
68668.256042,1683.25,0.57323974,1
68668.256042,1683.25,0.00000026,1
68668.238208,1683.26,0.01408363,-1
68668.429148,1683.21,0.11269689,-1
68670.727802,1683.33,0.00588144,-1
68673.988544,1683.21,0.059326,1
68674.404654,1683.2,0.001,1
68674.441411,1683.1,0.00099994,1
68674.441411,1683.1,0.00099406,1
68676.088374,1682.8,0.001,1
68676.023002,1682.9,0.001,1
68676.019615,1683,0.001,1
68676.019615,1683.1,0.00000006,1
68676.154308,1682.7,0.000763,1
68676.154308,1682.7,0.001,1
68677.592609,1682.61,0.02310204,-1
68677.671238,1682.61,0.05870469,-1
68677.997608,1682.31,3.11826557,1
68677.997608,1682.33,3.91269938,1
68677.990652,1682.28,3.91269938,1
68677.990652,1682.29,0.1,1
68677.990652,1682.29,0.2,1
68677.990652,1682.3,0.001,1
68677.990652,1682.34,0.00089133,1
68677.990652,1682.4,0.001,1
68677.985581,1682.42,1.18872006,1
68677.985581,1682.43,0.89156599,1
68677.977037,1682.44,2.30623844,1
68677.977037,1682.44,0.89333306,1
68677.977037,1682.45,1.48592825,1
68677.977037,1682.5,0.001,1
68677.977037,1682.6,0.001,1
68678.086289,1682.26,1.1886952,1
68678.048119,1682.28,1.11646512,-1
68678.044402,1682.27,2.06213952,-1
68678.041831,1682.27,0.05693024,-1
68678.041559,1682.27,0.05693024,-1
68678.041372,1682.27,0.11386047,-1
68678.031247,1682.25,0.10886047,-1
68678.030242,1682.28,0.8686775,-1
68678.02994,1682.28,0.7756025,-1
68678.02994,1682.27,0.59396,-1
68678.02822,1682.27,0.98104,-1
68678.02822,1682.25,1.19496,-1
68678.026487,1682.25,0.98104,-1
68678.026487,1682.25,0.10696,-1
68678.026227,1682.25,1.088,-1
68678.009224,1682.26,0.06831749,1
68678.00742,1682.28,0.05932625,1
68678.00742,1682.31,0.22887883,1
68678.004044,1682.3,0.1553216,1
68678.004044,1682.31,3.71617168,1
68678.125054,1681.99,0.08256056,1
68678.125054,1682,0.06695114,1
68678.125054,1682,0.001,1
68678.125054,1682.1,0.001,1
68678.125054,1682.11,0.03415874,1
68678.125054,1682.2,0.001,1
68679.307254,1682.06,0.05772711,-1
68679.724785,1682.14,0.14852573,-1
68679.724785,1682.13,6.83443725,-1
68679.724785,1682.08,1,-1
68679.724705,1682.06,0.05772,-1
68679.724705,1682.06,0.94227289,-1
68679.801172,1682.29,0.00563439,-1
68680.207459,1681.91,0.0107614,-1
68680.207459,1681.91,0.24137169,-1
68680.552272,1681.9,0.001,1
68680.718079,1681.88,0.099975,1
68680.658468,1681.9,2.176,1
68680.758082,1681.89,0.02817296,-1
68682.418917,1681.94,0.05932625,-1
68682.418917,1681.94,1,-1
68682.418917,1681.92,1,-1
68683.313849,1681.96,0.03550356,-1
68687.59118,1681.96,0.01444413,-1
68687.996859,1681.96,0.14092677,-1
68688.417295,1681.9,0.06766439,-1
68688.901729,1681.9,0.00588599,-1
68689.100371,1681.9,0.00416211,-1
68689.765034,1681.9,0.0778314,-1
68689.765034,1681.9,0.01444,-1
68689.765034,1681.9,0.0254519,-1
68689.895666,1681.89,3.912699,1
68689.87552,1681.75,7.4150605,1
68689.87552,1681.76,6.54000851,1
68689.87552,1681.8,0.89189951,1
68689.87552,1681.8,0.001,1
68689.87552,1681.83,1.18907725,1
68689.87552,1681.83,1.034,1
68689.87552,1681.86,1.48644952,1
68689.87552,1681.86,3.91269938,1
68689.87552,1681.89,0.00076359,1
68689.87552,1681.89,0.25740964,1
68689.87552,1681.9,0.05932625,1
68690.384562,1681.93,0.00573884,-1
68690.935062,1681.9,0.0005886,-1
68691.384532,1681.94,0.01471498,-1
68691.972076,1681.94,0.00101492,-1
68692.019855,1681.94,0.00397304,-1
68692.332773,1681.94,0.0144431,-1
68692.730397,1681.96,0.01444422,-1
68692.786575,1681.95,0.09417584,-1
68696.109758,1681.73,0.05777894,-1
68697.160204,1681.7,0.001,1
68697.265328,1681.39,3.32671299,1
68697.265328,1681.4,0.06492894,1
68697.265328,1681.4,0.001,1
68697.265328,1681.42,3.91269938,1
68697.265328,1681.45,0.03246447,1
68697.265328,1681.46,0.05932625,1
68697.265328,1681.5,0.001,1
68697.265328,1681.53,0.17717848,1
68697.265328,1681.53,0.01921921,1
68697.265328,1681.6,0.001,1
68697.403935,1681.4,0.22499947,1
68697.403935,1681.4,0.62213953,1
68697.403935,1681.4,0.001,1
68697.448377,1681.41,0.0434225,-1
68697.430377,1681.4,0.06927865,1
68697.430377,1681.4,1.0917386,1
68697.430377,1681.4,1.17510622,1
68697.430377,1681.4,0.00000053,1
68700.517736,1681.4,0.611378,1
68700.517736,1681.4,0.001,1
68701.616589,1681.21,0.00669738,-1
68701.547384,1681.29,0.1483152,1
68701.547384,1681.3,0.001,1
68701.729316,1681.2,0.000765,1
68701.729316,1681.2,0.001,1
68708.063998,1681.11,0.05170803,-1
68708.259473,1680.91,0.043533,-1
68708.243865,1680.9,0.00000594,1
68708.231984,1680.9,0.00375269,1
68708.231984,1681,0.001,1
68708.231984,1681.1,0.001,1
68710.023362,1680.92,0.00279585,-1
68710.023318,1680.92,0.11524641,-1
68710.001897,1680.9,0.02936202,1
68710.300274,1680.91,0.00882899,-1
68710.242394,1680.9,0.00000594,1
68710.231831,1680.9,0.00133261,1
68711.867743,1680.9,0.00099912,1
68711.867743,1680.9,0.16553988,1
68713.282047,1681.11,1.575,-1
68714.480435,1681.28,0.99961588,-1
68714.480435,1681.2,0.001,-1
68716.683034,1681.28,0.08671739,-1
68716.73081,1681.28,0.01445152,-1
68717.319357,1681.2,0.288578,1
68719.97913,1681.3,0.001,-1
68719.97913,1681.28,0.47421521,-1
68720.349592,1681.39,0.89211833,1
68720.349592,1681.39,0.05932625,1
68720.349592,1681.39,0.00110136,1
68720.349592,1681.39,1.17425039,1
68720.349592,1681.39,0.18758367,1
68720.458411,1681.2,1.04,1
68720.436292,1681.21,0.02950256,-1
68720.423605,1681.26,0.5,1
68720.423605,1681.39,0.00000069,1
68721.013393,1681.11,0.09302806,-1
68724.466445,1681.1,0.001,1
68724.670607,1680.9,0.001,1
68724.670607,1680.9,0.00000088,1
68724.666539,1681,0.001,1
68725.22936,1680.7,0.04572105,1
68725.22936,1680.7,0.001,1
68725.22936,1680.8,0.001,1
68726.899239,1680.62,0.00293939,-1
68726.896723,1680.62,0.14105252,-1
68729.535263,1680.76,0.14875551,-1
68729.535263,1680.73,0.14875551,-1
68729.534202,1680.64,1,-1
68729.534202,1680.62,0.14399,-1
68729.534202,1680.62,0.85600809,-1
68729.627714,1680.84,0.09540133,1
68729.627714,1680.84,2.176,1
68729.627714,1680.84,0.09540167,1
68730.737087,1680.99,0.09646679,-1
68730.737087,1680.99,0.14875551,-1
68730.737087,1680.9,0.001,-1
68730.988235,1681,6.98274094,-1
68730.988235,1681,0.001,-1
68731.608423,1681.5,0.07419982,-1
68731.608423,1681.5,0.001,-1
68731.608423,1681.48,1,-1
68731.608423,1681.47,0.89208126,-1
68731.608007,1681.4,0.001,-1
68731.60751,1681.38,2.51774775,-1
68731.60747,1681.38,0.456,-1
68731.60747,1681.38,0.096,-1
68731.601219,1681.34,5.52079604,-1
68731.601219,1681.3,0.001,-1
68731.601219,1681.28,0.048,-1
68731.601219,1681.2,0.001,-1
68731.601219,1681.2,0.05,-1
68731.600498,1681.1,0.001,-1
68731.710643,1681.59,0.38004,1
68731.709951,1681.67,0.54850993,-1
68731.709951,1681.6,0.001,-1
68731.679564,1681.59,1.19496,1
68731.909476,1681.69,0.095401,1
68731.972429,1681.68,1,1
68733.468255,1681.58,1,1
68733.526128,1681.66,0.27614932,-1
68733.522119,1681.67,1.27780651,-1
68733.522119,1681.66,0.27614933,-1
68733.521157,1681.67,1.67916292,-1
68733.521134,1681.67,1.30257822,-1
68733.521134,1681.65,1.575,-1
68733.98987,1681.69,1.42304856,1
68734.82554,1681.69,1.19495988,1
68734.82554,1681.69,5.64924717,1
68734.82554,1681.69,1.48659978,1
68734.82554,1681.69,0.89195987,1
68734.82554,1681.69,0.05940933,1
68734.82554,1681.69,1.01513106,1
68734.82554,1681.69,0.67386991,1
68734.812725,1681.69,0.03125826,1
68734.811157,1681.69,0.04782327,1
68736.974392,1681.7,0.001,-1
68737.477411,1681.9,0.25000695,-1
68737.477411,1681.9,0.001,-1
68737.477411,1681.8,0.001,-1
68737.627285,1682.09,0.02844956,-1
68737.627285,1682,0.001,-1
68737.713851,1682.05,0.10411658,1
68737.713851,1682.05,0.16192533,1
68738.263953,1682.04,0.77000264,1
68738.263953,1682.05,0.19082971,1
68739.121997,1682.07,0.0169258,-1
68740.60887,1682.02,0.229997,1
68740.60887,1682.02,0.77,1
68740.576792,1682.06,0.77,1
68740.576792,1682.06,0.00110344,1
68740.576792,1682.06,0.23,1
68740.63793,1682.02,0.76999964,1
68740.63793,1682.02,0.22999,1
68740.63793,1682.02,0.00000036,1
68741.401859,1682.1,0.001,-1
68741.391314,1682,2.03124336,-1
68741.39127,1682,0.32954618,-1
68741.39127,1681.99,1.18905418,-1
68741.39127,1681.98,1.53437689,-1
68741.39127,1681.95,0.50458514,-1
68742.636343,1682.03,0.11556252,-1
68743.578833,1682.02,1,1
68744.617983,1681.94,1,1
68748.140985,1682.1,0.001,-1
68748.688902,1682.4,0.05,-1
68748.688902,1682.4,0.001,-1
68748.688902,1682.3,0.001,-1
68748.678692,1682.2,0.001,-1
68749.333382,1682.26,0.01177247,-1
68749.431034,1682.27,0.00044147,-1
68750.655464,1682.27,0.00882935,-1
68751.654705,1682.3,0.01271427,-1
68751.65283,1682.3,0.01177247,-1
68751.858033,1682.29,0.00079167,1
68751.858033,1682.29,0.05940933,1
68752.460336,1682.29,0.01471559,-1
68752.691417,1682.29,0.01127869,-1
68754.008438,1682.39,0.059409,1
68754.487117,1682.36,0.01155268,1
68755.050488,1682.38,1,1
68757.100003,1682.39,0.00573774,-1
68758.362932,1682.38,1,1
68759.77373,1682.39,0.428,-1
68759.77373,1682.3,0.272,-1
68760.111652,1682.38,0.0507389,-1
68761.618758,1682.48,0.00573774,-1
68761.818331,1682.44,1,1
68762.497789,1682.36,0.00000594,1
68763.014266,1682.54,0.1998651,-1
68763.014266,1682.54,0.19986538,-1
68763.014266,1682.54,0.19986459,-1
68763.014266,1682.54,0.19999892,-1
68763.014266,1682.5,0.001,-1
68764.878291,1682.63,0.081268,-1
68764.878291,1682.6,0.001,-1
68765.32741,1682.63,0.01471559,-1
68766.031753,1682.63,0.02599208,-1
68766.769691,1682.64,0.19999948,-1
68766.769691,1682.63,0.21354328,-1
68766.769691,1682.63,0.19986513,-1
68766.769691,1682.63,0.07788928,-1
68767.639594,1682.68,0.05892703,1
68767.639594,1682.69,0.00091464,1
68767.639594,1682.69,0.05940933,1
68768.737688,1682.68,0.05892997,1
68768.737688,1682.68,0.94106703,1
68772.11159,1682.69,0.11274245,-1
68772.929559,1682.7,0.001,-1
68773.216172,1682.79,0.00117669,-1
68776.548681,1682.79,0.16002589,-1
68776.778895,1682.76,0.00000003,1
68776.778895,1682.76,0.99999,1
68776.774536,1682.78,1,1
68777.376471,1682.51,0.005414,-1
68778.023653,1682.51,0.11550363,-1
68778.71011,1682.5,0.00279507,1
68778.71011,1682.5,0.001,1
68779.107328,1682.48,1,1
68779.107328,1682.5,0.00279,1
68779.107328,1682.5,0.99720493,1
68779.225954,1682.4,0.001,1
68779.376257,1682.3,0.000763,1
68779.376257,1682.3,0.001,1
68779.76449,1682.18,1,1
68779.76449,1682.2,1,1
68779.76449,1682.2,0.001,1
68779.933361,1682.1,0.001,1
68780.92937,1682,0.001,1
68780.92937,1682.02,1,1
68780.92937,1682.04,1,1
68782.316888,1682.08,0.00115473,1
68782.34919,1682.08,0.00000594,1
68782.339099,1682.08,0.01075454,1
68786.967485,1682.4,0.0364973,-1
68786.967485,1682.4,0.001,-1
68786.967485,1682.3,0.001,-1
68786.967485,1682.2,0.001,-1
68788.361831,1682.43,0.89156755,1
68791.776123,1682.21,0.71231667,-1
68791.776123,1682.21,0.17042808,-1
68792.432187,1682.2,0.00000594,1
68794.162103,1682.21,0.00000594,-1
68794.152392,1682.21,0.00588276,-1
68796.332397,1682.21,0.0064048,-1
68797.978761,1682.24,0.58851154,-1
68798.325409,1682.39,0.04260702,-1
68799.247978,1682.49,0.034,1
68799.582191,1682.6,0.001,-1
68799.582191,1682.6,0.05,-1
68799.582191,1682.5,0.001,-1
68800.23616,1682.8,0.00728662,-1
68800.23616,1682.8,0.05,-1
68800.23616,1682.8,0.001,-1
68800.23616,1682.7,0.001,-1
68801.024458,1682.9,0.05676829,-1
68801.024458,1682.9,0.001,-1
68801.56968,1683,0.55031258,-1
68801.56968,1683,0.285,-1
68801.56968,1683,0.001,-1
68801.56968,1682.99,0.08277689,-1
68801.56968,1682.98,0.08091053,-1
68801.876503,1682.99,0.017312,-1
68801.876503,1682.98,0.02022763,-1
68801.876503,1682.98,0.02022763,-1
68802.01451,1682.98,0.03666726,1
68802.01451,1682.99,0.28988618,1
68801.985499,1682.98,0.10953396,1
68801.985499,1682.99,1.575,1
68801.985499,1682.99,0.43357113,1
68801.981217,1682.99,0.14620122,1
68803.824928,1682.99,0.00288909,-1
68803.801819,1682.99,0.02086273,-1
68804.847899,1682.91,0.00150148,1
68804.847899,1682.91,0.89130911,1
68806.494254,1682.71,0.28872304,-1
68807.229201,1682.69,0.8914287,1
68807.229201,1682.7,0.001,1
68810.308087,1682.68,0.89143139,1
68811.624068,1682.61,0.00573662,-1
68811.751414,1682.6,0.001,1
68811.902799,1682.52,0.15047736,-1
68812.065554,1682.52,0.05883716,-1
68812.296791,1682.5,0.001,1
68812.296791,1682.51,0.05936955,1
68812.511087,1682.3,0.96411555,1
68812.511087,1682.3,0.001,1
68812.511087,1682.32,0.05936955,1
68812.511087,1682.32,0.1553216,1
68812.511087,1682.4,0.001,1
68812.445823,1682.41,0.02887556,-1
68814.785654,1682.48,0.00294172,-1
68815.165373,1682.48,0.22549506,-1
68815.333793,1682.7,0.89152203,-1
68815.333793,1682.7,0.001,-1
68815.333793,1682.7,0.314,-1
68815.333793,1682.6,0.001,-1
68815.333793,1682.59,0.05936955,-1
68815.333793,1682.52,2.11716284,-1
68815.333793,1682.48,0.14397994,-1
68815.648682,1682.69,0.00197853,-1
68815.949463,1682.68,0.89143006,1
68816.016276,1682.67,0.01470859,-1
68816.487029,1682.67,0.00000595,-1
68817.448786,1682.67,0.01443795,-1
68818.396551,1682.66,0.00000594,1
68818.636633,1682.66,0.00076349,1
68818.636633,1682.66,0.89144568,1
68819.041934,1682.57,0.38006648,-1
68819.041934,1682.56,0.29159752,-1
68819.397247,1682.57,0.05884031,-1
68820.90782,1682.71,4.75605878,-1
68820.90782,1682.7,0.001,-1
68820.972217,1682.9,0.001,-1
68820.972217,1682.8,0.001,-1
68821.187459,1682.95,0.617756,1
68821.051716,1682.96,0.20602409,-1
68821.050925,1682.96,0.15208539,-1
68821.050925,1682.95,0.19991461,-1
68821.048124,1682.95,0.352,-1
68821.226802,1682.95,1.188543,1
68823.145308,1683,0.001,-1
68823.357718,1683.1,0.001,-1
68823.702826,1683.19,0.01553493,1
68826.462993,1683.19,0.01146128,1
68826.940346,1683.39,0.02687253,-1
68826.940346,1683.3,0.001,-1
68826.940346,1683.2,0.001,-1
68830.464764,1683.37,0.0181604,1
68831.98868,1683.34,0.00082333,1
68831.98868,1683.34,0.01554051,1
68831.978374,1683.34,0.04382904,1
68831.978374,1683.34,0.89108557,1
68832.39379,1683.35,0.00000594,1
68835.10429,1683.4,1.05458568,-1
68835.10429,1683.4,0.001,-1
68835.859565,1683.6,0.00010227,-1
68835.859565,1683.5,0.001,-1
68837.209705,1682.87,1.20438619,1
68837.209705,1682.87,5.79170521,1
68837.209705,1682.88,0.4,1
68837.209705,1682.88,0.1,1
68837.209705,1682.88,0.2,1
68837.209705,1682.88,0.06586107,1
68837.209705,1682.89,0.03293054,1
68837.209705,1682.9,10,1
68837.209705,1682.9,0.001,1
68837.209705,1682.91,0.89333306,1
68837.209705,1682.95,3.91269938,1
68837.209705,1682.96,6.08065385,1
68837.209705,1682.96,2.31671928,1
68837.209705,1682.96,2.86920137,1
68837.209705,1682.97,3.56464938,1
68837.209705,1683,0.05,1
68837.209705,1683,0.313,1
68837.209705,1683,0.001,1
68837.209705,1683.02,1.575,1
68837.209705,1683.04,0.2,1
68837.209705,1683.04,0.1,1
68837.209705,1683.04,3.56464938,1
68837.209705,1683.05,0.89333306,1
68837.209705,1683.06,4.09754028,1
68837.209705,1683.06,0.0593169,1
68837.209705,1683.09,3.91269938,1
68837.209705,1683.1,0.313,1
68837.209705,1683.1,0.001,1
68837.209705,1683.12,5.84427387,1
68837.209705,1683.13,3.56464938,1
68837.209705,1683.19,1.575,1
68837.209705,1683.2,3.60169052,1
68837.209705,1683.2,0.1553216,1
68837.209705,1683.2,0.001,1
68837.209705,1683.2,0.313,1
68837.209705,1683.21,3.91269938,1
68837.209705,1683.22,0.89333306,1
68837.209705,1683.22,1.059,1
68837.209705,1683.24,3.56464938,1
68837.209705,1683.25,6.79639313,1
68837.209705,1683.3,0.001,1
68837.209705,1683.3,0.313,1
68837.209705,1683.31,3.56464938,1
68837.209705,1683.32,3.91269938,1
68837.209705,1683.33,0.52453451,1
68837.209705,1683.33,4.65083821,1
68837.209705,1683.34,1.48514263,1
68837.209705,1683.35,0.05711967,1
68837.209705,1683.42,0.45420123,1
68837.209705,1683.49,0.05936955,1
68837.209705,1683.49,1.18806117,1
68837.30886,1683.39,1.188061,1
68837.341455,1683.39,1.188061,1
68837.543648,1683.33,0.50899275,1
68837.543648,1683.34,0.05936955,1
68837.543648,1683.34,1.06,1
68837.540517,1683.35,0.94291461,1
68837.529694,1683.35,0.05183433,1
68837.529694,1683.35,0.89108028,1
68838.811716,1683.21,0.0663,1
68839.321777,1683.22,0.04902184,-1
68839.544517,1683.18,0.94091461,1
68839.544517,1683.2,0.001,1
68839.532289,1683.21,0.94191461,1
68841.22914,1683.06,0.02058347,-1
68846.144344,1683.14,0.88391461,1
68846.143893,1683.12,0.89120205,1
68846.143893,1683.13,0.05936955,1
68846.143893,1683.15,0.00091436,1
68846.133975,1683.15,0.88391461,1
68846.254476,1683,0.001,1
68847.655288,1682.91,0.00578177,-1
68849.271185,1683.14,0.20492967,-1
68852.034431,1683.3,0.11057696,-1
68852.034431,1683.2,0.001,-1
68852.876096,1683.3,0.001,-1
68853.08716,1683.5,0.01590468,-1
68853.08716,1683.4,0.001,-1
68855.204951,1683.5,0.03463888,-1
68855.349596,1683.5,0.01859867,-1
68857.97621,1683.5,0.014454,-1
68858.572711,1683.5,0.00573359,-1
68860.668745,1683.5,0.22989611,-1
68860.668745,1683.5,0.001,-1
68861.516501,1683.5,0.01470151,-1
68867.595256,1683.53,0.00168779,-1
68868.409624,1683.53,0.29402972,-1
68870.299542,1683.31,0.04704485,-1
68870.170088,1683.31,0.5,1
68870.125579,1683.37,0.92191461,1
68870.121928,1683.43,0.89103291,1
68870.121928,1683.44,0.05936955,1
68870.115342,1683.5,1.18794071,1
68870.115342,1683.52,0.00128048,1
68871.105345,1683.38,0.09524229,-1
68871.270944,1683.38,0.17316797,-1
68872.228558,1683.36,0.00231124,-1
68872.481897,1683.31,0.86354506,1
68872.481897,1683.31,0.05936955,1
68873.562303,1683.27,0.8911213,1
68873.552089,1683.3,1.18812946,1
68873.552089,1683.3,0.001,1
68873.673506,1683.1,0.001,1
68873.64491,1683.18,1.544685,1
68873.64491,1683.19,0.07643021,1
68873.644468,1683.19,0.07889139,1
68873.644468,1683.2,0.89115969,1
68873.644468,1683.2,1.18812946,1
68873.644468,1683.2,0.001,1
68873.727515,1683,0.001,1
68873.904284,1682.8,0.001,1
68873.884254,1682.86,1.18814742,1
68873.884254,1682.9,0.001,1
68873.944882,1682.66,0.05868349,1
68873.944882,1682.67,0.59770929,1
68873.942864,1682.67,0.29372965,1
68873.942864,1682.7,0.001,1
68874.050834,1682.66,1.18847904,1
68874.050834,1682.66,0.89144568,1
68874.050834,1682.66,0.00000028,1
68874.01816,1682.66,0.234899,1
68874.313425,1682.64,1.188549,1
68875.059105,1682.61,0.01470256,-1
68875.605073,1682.61,0.00865713,-1
68875.698883,1682.61,0.005734,-1
68876.504847,1682.78,0.02886441,-1
68876.98614,1682.78,0.02020792,-1
68877.220594,1682.78,0.03098823,-1
68877.208323,1682.77,0.13801913,1
68877.349844,1682.78,0.00279324,-1
68878.149631,1682.78,0.01154493,-1
68879.104348,1682.88,0.02887728,-1
68880.450697,1682.84,1.18865533,1
68880.450697,1682.86,0.89133974,1
68880.449599,1682.89,0.00076078,1
68880.558767,1682.72,1.18865533,1
68880.558767,1682.72,1.54500565,1
68880.6127,1682.6,0.001,1
68880.827971,1682.51,0.05773054,-1
68881.222021,1682.51,0.0057342,-1
68883.802671,1682.5,1.18854854,1
68883.802671,1682.5,0.89153046,1
68883.802671,1682.5,0.001,1
68883.867518,1682.4,0.001,1
68883.974028,1682.3,0.001,1
68883.974028,1682.31,0.1553216,1
68883.974028,1682.33,0.1553216,1
68883.964063,1682.33,0.93691461,1
68885.706752,1682.21,0.47524141,-1
68885.773966,1682.22,0.00250918,-1
68885.773966,1682.21,0.0876732,-1
68886.194507,1682.22,0.01176219,-1
68886.706764,1682.22,0.95038684,-1
68886.920236,1682.22,0.00144136,-1
68887.006016,1682.22,0.02731104,-1
68887.972232,1682.22,0.92974848,-1
68887.972232,1682.22,0.01176,-1
68887.972232,1682.22,0.00909857,-1
68888.498551,1682.22,0.31845698,-1
68888.491871,1682.22,0.63214302,-1
68888.491871,1682.22,0.56591461,-1
68888.491871,1682.22,0.04939152,-1
68888.688481,1682.44,0.19043,-1
68888.688481,1682.44,0.17774,-1
68888.688481,1682.44,0.01268942,-1
68888.683682,1682.44,0.29736058,-1
68888.683682,1682.44,0.32177913,-1
68888.680485,1682.44,0.19042942,-1
68888.662576,1682.44,0.17773285,-1
68888.644465,1682.44,0.3100586,-1
68888.833282,1682.76,0.333,-1
68888.833282,1682.72,0.048,-1
68888.833282,1682.7,0.001,-1
68888.833282,1682.7,0.283,-1
68888.833282,1682.6,0.001,-1
68888.833282,1682.6,0.05,-1
68888.833282,1682.6,0.283,-1
68888.833282,1682.5,0.001,-1
68888.975575,1682.55,0.09864043,-1
68888.975575,1682.54,0.56791461,-1
68888.975575,1682.52,0.00443486,-1
68888.975575,1682.52,0.27939694,-1
68889.485175,1682.55,0.89150396,1
68891.338438,1682.36,0.028879,-1
68891.468541,1682.36,0.05638529,-1
68891.713004,1682.3,0.001,1
68891.702219,1682.35,0.05935395,1
68892.08601,1682.22,0.00041784,-1
68892.002885,1682.21,0.05974249,1
68894.089752,1682.22,0.00176552,-1
68894.079245,1682.22,0.02022428,-1
68894.26845,1682.22,0.01761957,-1
68894.638649,1682.22,0.00235403,-1
68895.794504,1682.21,0.06660396,1
68896.63445,1682.2,0.001,1
68896.63445,1682.2,0.00099406,1
68897.791814,1682,2.3476015,1
68897.789872,1682,1.17679186,1
68897.789872,1682,0.001,1
68897.78893,1682.01,0.0210321,1
68897.78893,1682.01,0.00191032,1
68897.765704,1682.1,0.00100765,1
68897.765704,1682.1,0.001,1
68897.919114,1681.85,0.199999,1
68897.893416,1681.9,0.001,1
68898.045057,1681.8,0.001,1
68898.045057,1681.85,0.00000009,1
68898.228714,1681.7,0.001,1
68898.228714,1681.71,0.19999919,1
68898.351232,1681.68,0.00000056,1
68898.268793,1681.68,0.200133,1
68898.454848,1681.66,0.00253602,-1
68900.882967,1681.66,0.01804366,-1
68902.208435,1681.66,0.03270339,-1
68902.699155,1681.66,0.0355177,-1
68902.990676,1681.65,1.38551585,1
68903.238111,1681.66,0.0338068,-1
68903.774065,1681.61,0.0591937,-1
68903.919417,1681.5,1.19496,1
68903.919417,1681.5,0.297,1
68903.919417,1681.5,0.001,1
68903.851115,1681.56,0.95591461,1
68903.851115,1681.6,0.001,1
68904.682597,1681.9,0.14878811,-1
68904.682597,1681.8,0.001,-1
68904.682597,1681.8,0.297,-1
68904.682597,1681.79,0.14191591,-1
68906.522891,1681.78,0.11557437,-1
68906.693666,1681.82,0.28022311,-1
68908.460537,1682.2,0.16959967,-1
68908.460537,1682.18,1,-1
68908.460537,1682.16,0.05935395,-1
68908.460537,1682.16,0.60420252,-1
68908.460537,1682.16,0.39579,-1
68908.460537,1682.1,0.001,-1
68908.460537,1682,0.001,-1
68908.448618,1681.9,4.23094614,-1
68908.448618,1681.9,0.001,-1
68909.562707,1682.18,0.89170005,1
68909.562707,1682.19,0.00076271,1
68909.699434,1681.7,0.06847243,1
68909.699434,1681.71,0.1553216,1
68909.699434,1681.81,0.02054507,1
68909.699434,1681.81,0.00606047,1
68909.699434,1681.86,1.1889393,1
68909.699434,1681.9,0.05935395,1
68909.699434,1681.9,0.001,1
68909.699434,1681.96,0.5,1
68912.476613,1681.99,0.05085861,1
68913.262614,1681.99,0.00010198,1
68913.365679,1682,0.00004105,-1
68914.095933,1682.03,0.01589501,-1
68915.068005,1682.32,0.05944173,-1
68915.068005,1682.3,0.001,-1
68915.068005,1682.2,0.001,-1
68915.068005,1682.1,0.001,-1
68916.244986,1682.4,0.00449781,-1
68916.244986,1682.4,0.001,-1
68916.837531,1682.4,0.05777516,-1
68920.18589,1682.5,0.57691461,-1
68920.18589,1682.5,0.001,-1
68920.279005,1682.6,0.57891461,-1
68920.279005,1682.6,0.001,-1
68922.034104,1682.66,0.05638998,-1
68923.442811,1682.8,0.05,-1
68923.442811,1682.8,0.001,-1
68923.442811,1682.7,0.001,-1
68923.611238,1682.9,5.95721658,-1
68923.602342,1682.9,1.07833305,-1
68923.602342,1682.9,0.58891461,-1
68923.602342,1682.9,0.001,-1
68923.598817,1682.89,0.58991461,-1
68924.737162,1682.99,0.01732703,-1
68925.260461,1682.98,1.0054976,1
68925.260461,1682.98,0.05935395,1
68925.260461,1682.98,0.89127618,1
68925.246646,1682.98,0.98991461,1
68928.835572,1682.94,0.01233621,-1
68928.831349,1682.94,0.17906205,-1
68928.823604,1682.94,0.40251635,-1
68929.189044,1682.94,0.23563696,1
68929.189044,1682.94,0.14285642,1
68930.001795,1683.33,1.4084403,-1
68930.001795,1683.32,0.940275,-1
68930.001795,1683.32,0.00089139,-1
68930.001795,1683.3,0.001,-1
68930.001795,1683.28,0.89111816,-1
68930.001795,1683.28,4.75280936,-1
68930.001795,1683.28,0.89333306,-1
68930.001795,1683.25,1.18855986,-1
68930.001795,1683.24,0.05935395,-1
68930.001795,1683.21,4.75280936,-1
68930.001795,1683.2,0.297,-1
68930.001795,1683.2,0.001,-1
68930.001795,1683.2,0.05,-1
68930.001795,1683.14,4.75280936,-1
68930.001795,1683.13,0.89333306,-1
68930.001795,1683.1,2.42238565,-1
68930.001795,1683.1,0.297,-1
68930.001795,1683.1,0.001,-1
68930.001795,1683,0.001,-1
68930.001795,1682.99,0.57458758,-1
68930.001795,1682.98,0.59391461,-1
68930.001795,1682.97,0.59391461,-1
68930.001795,1682.96,0.59891461,-1
68930.001795,1682.95,0.59891461,-1
68930.866419,1683.2,0.11976389,-1
68930.8608,1683.2,0.24546889,-1
68930.8608,1683.2,0.001,-1
68932.423679,1683.39,1.00091461,1
68932.438091,1683.39,0.00137131,1
68932.438091,1683.39,0.89105911,1
68933.116904,1683.28,0.09002103,1
68933.748986,1683.29,0.02940687,-1
68934.783731,1683.29,0.04000982,-1
68935.474386,1683.19,0.10975407,1
68935.474386,1683.19,0.89116054,1
68935.463185,1683.28,1.00091461,1
68935.565394,1683.09,1.00091461,1
68935.54326,1683.1,0.001,1
68935.530311,1683.12,1.188113,1
68935.530311,1683.12,2.176,1
68936.372838,1683.08,0.02940478,-1
68937.047849,1683.09,0.00279364,-1
68938.282825,1683.25,0.187199,1
68938.268853,1683.25,1.00091461,1
68938.910177,1683.29,0.02886373,-1
68938.894948,1683.28,0.61091461,-1
68938.894948,1683.27,0.60991461,-1
68938.894948,1683.26,0.95747216,-1
68938.894948,1683.26,0.09438821,-1
68938.894948,1683.26,0.09438822,-1
68938.894948,1683.26,0.60991461,-1
68939.852494,1683.29,0.01791136,1
68939.837174,1683.3,0.01457967,-1
68939.837174,1683.3,0.001,-1
68939.995914,1683.3,0.0294067,-1
68941.10372,1683.34,0.00882201,-1
68941.818845,1683.28,1.00091461,1
68941.791557,1683.28,1.00091461,1
68941.758129,1683.28,1.00091461,1
68941.72885,1683.32,1.00091461,1
68941.718748,1683.32,0.0504645,1
68941.718748,1683.32,0.05935395,1
68941.718748,1683.32,0.89109616,1
68941.708739,1683.33,1.00091461,1
68942.097137,1683.29,0.00161737,-1
68942.617915,1683.28,1.00091461,1
68942.578268,1683.28,1.00091461,1
68942.721807,1683.29,0.00573431,-1
68942.693408,1683.29,0.063414,-1
68942.631765,1683.28,0.07557568,1
68942.631765,1683.28,28.50487732,1
68942.737864,1683.29,0.01408874,-1
68944.796494,1683.29,0.011864,-1
68947.057353,1683.62,0.05882327,-1
68947.057353,1683.6,0.05,-1
68947.057353,1683.6,0.001,-1
68947.057353,1683.6,0.00089773,-1
68947.057353,1683.5,0.001,-1
68947.057353,1683.4,0.001,-1
68949.715445,1683.57,0.05935395,1
68949.706381,1683.66,0.00100743,1
68949.706381,1683.66,1.18792352,1
68949.706381,1683.66,0.89091399,1
68952.408016,1683.57,0.04851176,-1
68952.408016,1683.56,0.65991461,-1
68952.408016,1683.55,0.65991461,-1
68952.408016,1683.54,0.75433286,-1
68952.408016,1683.54,0.65991461,-1
68952.408016,1683.54,0.1033439,-1
68953.835884,1683.41,0.030984,-1
68954.854018,1683.41,0.00294022,-1
68955.011065,1683.42,0.0082326,-1
68955.335107,1683.5,0.00577448,-1
68955.85364,1683.61,0.04507029,-1
68956.964738,1683.42,0.00563349,-1
68962.49127,1683.49,0.00000594,1
68962.917387,1683.5,0.11268983,-1
68962.847718,1683.5,0.01485456,-1
68964.063294,1683.46,0.187984,1
68964.049639,1683.46,1.00006121,1
68964.049639,1683.46,0.0008534,1
68964.039039,1683.47,0.23760518,-1
68964.036599,1683.46,1.00091461,1
68965.107098,1683.41,0.37846781,-1
68965.107098,1683.41,0.20341082,-1
68967.480722,1683.4,0.001,1
68967.556665,1683.2,0.001,1
68967.546362,1683.25,0.5,1
68967.546362,1683.28,0.00000046,1
68967.535108,1683.3,0.001,1
68968.679732,1683.11,0.00057631,-1
68969.372504,1683.1,0.00379981,1
68969.372504,1683.1,0.001,1
68978.319984,1683.37,0.00203507,1
68978.319984,1683.37,0.00085194,1
68980.447884,1683.39,0.00000594,1
68981.996408,1683.26,0.07810178,-1
68981.996408,1683.25,0.56991461,-1
68981.996408,1683.2,0.309,-1
68981.996408,1683.19,0.04298361,-1
68981.945928,1683.34,0.5,1
68984.088804,1683.6,0.02215237,-1
68984.088804,1683.6,0.001,-1
68984.088804,1683.59,0.05935395,-1
68984.088804,1683.5,0.001,-1
68984.088804,1683.4,0.001,-1
68988.329684,1683.54,0.109494,-1
68991.141713,1683.82,0.5970929,-1
68991.141713,1683.82,0.00089111,-1
68991.141713,1683.8,0.361,-1
68991.141713,1683.8,0.001,-1
68991.141713,1683.8,0.05,-1
68991.141713,1683.76,0.89086459,-1
68991.141713,1683.7,0.361,-1
68991.141713,1683.7,0.001,-1
68991.141713,1683.59,0.05935395,-1
68991.141713,1683.58,0.56391461,-1
68991.330403,1683.63,0.05350077,1
68991.656573,1683.66,0.027534,-1
68993.079543,1683.57,0.00094696,1
68993.079543,1683.57,1.18784035,1
68996.080609,1683.52,0.22881951,-1
68996.080609,1683.48,0.04824219,-1
68997.876078,1683.58,0.03206488,-1
68997.876078,1683.58,0.02412109,-1
68998.482489,1683.62,0.00042003,-1
68999.089117,1683.7,0.001,-1
68999.089117,1683.64,0.05935395,-1
68999.921875,1683.73,0.00294027,-1
69000.188927,1683.72,0.83791461,1
69000.902527,1683.56,0.03855327,1
69000.902527,1683.56,0.05935395,1
69001.222589,1683.57,0.01154288,-1
69001.840152,1683.57,0.00563325,-1
69002.218312,1683.23,0.04033818,-1
69002.192182,1683.3,0.001,1
69002.181677,1683.37,0.03242262,1
69002.120804,1683.4,0.80891461,1
69002.120804,1683.4,0.001,1
69002.101701,1683.5,1.18794164,1
69002.101701,1683.5,0.001,1
69002.086972,1683.56,0.05935395,1
69002.552561,1683.23,0.06056844,-1
69002.914745,1683.2,0.001,1
69003.311903,1683.3,0.02970522,1
69003.365594,1683.3,0.23774725,1
69004.354495,1683.32,0.00573318,-1
69007.118638,1683.33,0.02096346,-1
69007.118638,1683.31,0.01206054,-1
69011.26003,1683.33,0.51515819,-1
69011.26003,1683.33,0.74753219,-1
69011.26003,1683.33,0.46391461,-1
69011.26003,1683.33,0.00603028,-1
69011.779243,1683.36,0.00600079,-1
69011.779243,1683.36,0.00301514,-1
69011.889315,1683.41,0.1561655,-1
69012.005998,1683.6,0.001,-1
69012.005998,1683.6,0.05,-1
69012.005998,1683.57,0.00000965,-1
69012.005998,1683.5,0.001,-1
69013.100277,1683.69,0.00112735,1
69013.700967,1683.7,0.001,-1
69015.072763,1683.5,0.001,1
69015.425849,1683.47,0.05772094,-1
69015.942859,1683.42,0.76191461,1
69017.644842,1683.64,0.00848458,-1
69021.126322,1683.44,0.66556066,1
69021.126322,1683.45,0.05935395,1
69021.424765,1683.41,0.27706828,-1
69021.9213,1683.41,0.05771614,-1
69022.344474,1683.4,0.00000594,1
69022.681759,1683.4,0.00099406,1
69023.512396,1683.36,0.331034,-1
69023.620726,1683.35,0.12442219,1
69023.620726,1683.35,0.59849242,1
69023.63172,1683.3,0.001,1
69024.057881,1682.74,2.2324234,1
69024.057881,1682.74,0.12839357,1
69024.057881,1682.75,2.95095555,1
69024.057881,1682.98,1.18822748,1
69024.056113,1682.75,1.14762303,1
69024.056113,1682.77,0.00089112,1
69024.056113,1682.8,0.001,1
69024.056113,1682.8,0.297,1
69024.056113,1682.83,1.54419067,1
69024.056113,1682.84,0.06419679,1
69024.056113,1682.88,0.03209839,1
69024.056113,1682.9,1.099,1
69024.056113,1682.9,0.312,1
69024.056113,1682.9,0.001,1
69024.056113,1683,0.001,1
69024.037068,1683.1,0.001,1
69024.023709,1683.2,0.001,1
69025.361881,1682.71,0.00294036,-1
69026.479729,1682.77,0.01889858,-1
69026.726861,1682.76,0.00085859,1
69027.020018,1682.75,0.05352464,-1
69027.016575,1682.75,0.03987173,-1
69027.178929,1682.6,0.02591461,1
69027.178929,1682.6,0.001,1
69027.178929,1682.61,0.2,1
69027.178929,1682.61,0.1,1
69027.169974,1682.7,0.001,1
69027.169974,1682.72,0.89141237,1
69027.169974,1682.74,0.46964588,1
69027.168763,1682.74,0.71891461,1
69027.384381,1682.52,0.27252128,-1
69027.384381,1682.51,0.13626064,-1
69028.128616,1682.92,0.00005469,-1
69028.128616,1682.92,0.05935395,-1
69028.630678,1682.7,0.73691461,1
69028.630678,1682.7,0.001,1
69028.799063,1682.51,0.00676286,-1
69029.279752,1682.52,0.02253502,-1
69029.390272,1682.51,0.20804494,1
69029.390272,1682.51,0.53186967,1
69029.385182,1682.52,0.02816961,-1
69029.512702,1682.5,0.73891461,1
69029.512702,1682.5,0.001,1
69029.618975,1682.39,0.4467335,1
69029.616726,1682.39,0.74191461,1
69029.571016,1682.4,0.73891461,1
69029.571016,1682.4,0.001,1
69029.529206,1682.43,0.1536,1
69029.717687,1682.2,0.001,1
69029.701586,1682.3,0.001,1
69029.729712,1682.19,0.74191461,1
69030.470301,1682.49,0.93356722,-1
69030.470301,1682.44,0.19998772,-1
69030.470301,1682.4,0.001,-1
69030.470301,1682.4,0.227,-1
69030.470301,1682.3,0.05935395,-1
69030.470301,1682.2,0.74091461,-1
69030.470301,1682.19,0.44591461,-1
69030.470301,1682.11,0.33406515,-1
69031.145938,1682.26,0.74791461,1
69031.592865,1682.9,0.001,-1
69031.592865,1682.8,0.001,-1
69031.592865,1682.79,0.39302297,-1
69031.589857,1682.79,0.05389164,-1
69031.589857,1682.79,2.08660316,-1
69031.577392,1682.79,1.852,-1
69031.573755,1682.71,0.03502443,-1
69031.573547,1682.71,0.00673372,-1
69031.573547,1682.71,0.04175814,-1
69031.571663,1682.72,0.31412075,-1
69031.571663,1682.68,0.6,-1
69031.571663,1682.58,0.08351629,-1
69031.569957,1682.79,0.09925684,-1
69031.569957,1682.79,0.096,-1
69031.569957,1682.78,2.39451658,-1
69031.569526,1682.78,2.35868812,-1
69031.569526,1682.77,0.048,-1
69031.569526,1682.72,2.0156035,-1
69031.569526,1682.71,1.23130466,-1
69031.568552,1682.71,1.10112098,-1
69031.568191,1682.71,2.42077906,-1
69031.568191,1682.49,0.16703258,-1
69031.567145,1682.72,3.08959721,-1
69031.566388,1682.66,1.215,-1
69031.566388,1682.64,1.39419384,-1
69031.566388,1682.64,0.860874,-1
69031.566388,1682.6,0.001,-1
69031.566388,1682.6,0.05,-1
69031.566388,1682.59,0.89148337,-1
69031.566119,1682.5,0.001,-1
69031.56301,1682.27,0.44891461,-1
69031.56301,1682.26,0.44691461,-1
69031.56301,1682.25,0.44691461,-1
69031.56301,1682.24,0.44691461,-1
69031.664348,1682.7,0.227,-1
69031.664348,1682.65,0.74624342,-1
69031.664348,1682.65,0.13134375,-1
69031.664269,1682.65,0.64865625,-1
69031.647806,1682.77,0.15,1
69031.646631,1682.79,0.53351627,1
69031.646631,1682.79,0.06648372,1
69031.633203,1682.79,0.44691461,-1
69031.633203,1682.78,0.57481593,-1
69031.633203,1682.78,0.39583229,-1
69031.632936,1682.78,0.05108232,-1
69031.632936,1682.77,0.44691461,-1
69031.632936,1682.76,0.00089164,-1
69031.632936,1682.75,0.44691461,-1
69031.632936,1682.74,0.447,-1
69031.632936,1682.74,0.74875658,-1
69031.632936,1682.74,0.44691461,-1
69031.632936,1682.73,0.74875658,-1
69031.632936,1682.73,0.782,-1
69031.632936,1682.73,2.176,-1
69031.632936,1682.72,2.176,-1
69031.619426,1682.76,0.44602297,-1
69031.888454,1682.66,0.546859,1
69031.927646,1682.66,2.17599949,1
69031.927646,1682.66,0.00000051,1
69033.356165,1682.73,0.05524319,-1
69033.622609,1682.73,0.00302339,-1
69033.961559,1682.7,1,1
69033.961559,1682.72,1.18855692,1
69033.961559,1682.72,0.05935395,1
69033.961559,1682.72,0.21508539,1
69033.961405,1682.72,0.78491461,1
69034.045787,1682.67,0.39591461,1
69035.90581,1682.66,1,1
69035.905525,1682.68,0.89143292,1
69035.905525,1682.68,1,1
69037.671155,1682.67,0.00606019,-1
69040.149074,1682.68,1,1
69040.138451,1682.72,0.00076433,1
69040.138451,1682.72,1,1
69040.257409,1682.56,0.11160349,-1
69041.005351,1682.59,0.00263652,-1
69041.734269,1682.63,0.38142917,-1
69042.591504,1682.73,0.0140905,-1
69043.917601,1682.73,1.07490717,-1
69043.87692,1682.73,0.00069322,-1
69043.947948,1682.88,0.00263311,-1
69043.947948,1682.8,0.001,-1
69044.191565,1682.9,0.03151948,-1
69044.191565,1682.9,0.001,-1
69044.730617,1682.9,0.009814,-1
69046.882443,1682.86,1,1
69046.882443,1682.88,0.16548567,1
69046.873195,1682.88,0.83451433,1
69046.873195,1682.89,0.225,1
69047.204915,1682.73,0.00576895,-1
69047.303868,1682.69,0.16594294,-1
69047.236387,1682.72,1,1
69047.236387,1682.72,0.00176143,1
69047.764923,1682.71,0.01013829,1
69048.68192,1682.71,0.00000594,1
69050.537095,1682.7,0.56160522,1
69050.537095,1682.71,0.00506915,1
69050.537095,1682.71,0.10524024,1
69050.711533,1682.71,0.05883332,-1
69051.615135,1683,0.02687591,-1
69051.615135,1683,0.001,-1
69051.615135,1682.9,0.001,-1
69052.557659,1683,0.00102364,-1
69054.014971,1682.98,1,1
69054.014971,1683,0.00082507,1
69054.014971,1683,1,1
69057.039173,1682.81,0.03945951,-1
69058.070692,1682.81,0.00865877,-1
69059.55423,1682.87,0.01411362,1
69059.55423,1682.87,0.02974353,1
69061.250161,1682.81,0.05635888,-1
69061.897697,1682.81,0.115493,-1
69062.9815,1682.95,0.09342964,-1
69063.179746,1682.92,0.01764905,-1
69063.233185,1682.92,0.00756999,-1
69065.190333,1682.81,0.01154836,-1
69065.947017,1682.9,0.00588302,-1
69066.091878,1682.9,0.00294151,-1
69066.651156,1682.81,0.03645495,1
69067.492266,1682.88,0.04227536,-1
69068.390431,1682.8,0.00000594,1
69068.757778,1682.83,0.11765615,-1
69068.742384,1682.81,0.00296528,1
69071.16727,1682.81,0.01000077,-1
69071.544348,1682.81,0.00281291,-1
69071.906138,1682.81,0.00172959,-1
69072.527079,1682.81,0.00880669,-1
69074.307276,1682.81,0.01485769,-1
69074.37802,1682.8,0.00000594,1
69074.352972,1682.81,0.05883017,-1
69075.872251,1683.05,0.00147075,-1
69075.849783,1683.05,0.01470754,-1
69076.015928,1683.03,0.02941456,-1
69078.670145,1682.99,5.41997709,-1
69078.670145,1682.93,0.29712384,-1
69078.670145,1682.92,0.05935395,-1
69078.670145,1682.91,0.36954512,-1
69079.757102,1683,0.93375026,-1
69079.757102,1682.99,0.05935395,-1
69079.757102,1682.92,0.18477256,-1
69080.66497,1682.82,0.00036425,-1
69082.300868,1682.84,0.00000594,1
69082.750308,1682.9,0.006,-1
69083.97914,1682.91,0.01239978,-1
69086.103998,1682.84,0.00007704,-1
69087.591368,1682.88,0.0148561,-1
69095.080253,1682.6,2.47686365,1
69095.080253,1682.6,0.001,1
69095.080253,1682.64,0.89333306,1
69095.080253,1682.66,0.5,1
69095.080253,1682.7,0.001,1
69095.080253,1682.73,0.89140632,1
69095.078864,1682.75,1.18843716,1
69095.078864,1682.76,0.05935395,1
69095.078476,1682.8,0.001,1
69095.078476,1682.8,0.00098812,1
69095.078279,1682.83,0.00253607,1
69097.375653,1682.55,0.41091461,1
69097.375554,1682.55,0.59091461,1
69101.058428,1682.5,0.001,1
69101.480318,1682.45,0.54391461,1
69101.480153,1682.45,0.45791461,1
69101.466572,1682.46,0.45791461,1
69101.466301,1682.46,0.54391461,1
69102.144023,1682.4,0.45891461,1
69102.143976,1682.4,0.54191461,1
69102.143976,1682.4,0.001,1
69102.376833,1682.39,0.45491461,1
69102.376757,1682.39,0.54691461,1
69104.933863,1682.48,0.44591461,1
69104.93375,1682.48,0.55591461,1
69105.153172,1682.47,0.01690649,-1
69105.932914,1682.51,0.01592292,1
69106.530155,1682.43,0.64473178,1
69106.530155,1682.46,1.18861539,1
69106.530155,1682.46,0.89154736,1
69107.184166,1682.46,0.2887934,-1
69108.141821,1682.45,0.00076191,1
69110.895941,1682.4,0.02021825,-1
69113.045979,1682.48,0.00017316,-1
69113.627516,1682.49,0.059,1
69113.975974,1682.44,0.53691461,1
69113.97572,1682.44,0.40556066,1
69113.97572,1682.45,0.05935395,1
69114.040223,1682.42,0.11026546,1
69114.040223,1682.43,0.42664915,1
69114.03983,1682.43,0.46491461,1
69114.35651,1682.5,1.6116809,-1
69114.35651,1682.49,0.32391461,-1
69114.35651,1682.47,0.47991461,-1
69114.35651,1682.46,0.32391461,-1
69114.35651,1682.45,0.32291461,-1
69114.35651,1682.44,0.32291461,-1
69114.35651,1682.43,0.08668425,-1
69114.35651,1682.43,0.32191461,-1
69115.465713,1682.43,0.02353531,-1
69116.538393,1682.5,1.85048738,-1
69117.055902,1682.5,0.05884451,-1
69117.3658,1682.5,0.01471113,-1
69117.973127,1682.5,0.00400622,-1
69118.246639,1682.49,0.00175207,1
69120.070462,1682.49,0.73591461,1
69120.181091,1682.49,0.73615021,1
69120.181091,1682.49,0.0007644,1
69120.159649,1682.49,0.22580887,1
69120.159649,1682.49,0.51110574,1
69120.131496,1682.49,0.67756066,1
69120.131496,1682.49,0.05935395,1
69120.245577,1682.38,0.5,1
69120.203947,1682.4,0.00000594,-1
69120.191961,1682.4,0.04981364,1
69120.191961,1682.45,0.00132128,1
69120.420335,1682.11,0.03157447,-1
69120.388222,1682.08,0.00000594,-1
69120.377964,1682.08,0.00902687,-1
69120.360309,1682.1,0.001,1
69120.333425,1682.14,0.06258301,1
69120.333425,1682.16,0.03129151,1
69120.295331,1682.18,0.73491461,1
69120.295331,1682.2,0.001,1
69120.258104,1682.3,0.001,1
69120.841675,1682.38,0.04622642,-1
69120.841675,1682.38,0.01578723,-1
69121.803527,1682.24,0.17241072,1
69123.134302,1682.25,0.02887917,-1
69123.456679,1682.24,0.15365965,1
69123.456679,1682.24,0.08620536,1
69123.456679,1682.24,0.05935395,1
69123.456679,1682.24,0.29605318,1
69123.456679,1682.24,0.12364247,1
69123.623908,1682.21,0.71791461,1
69124.107789,1682.22,0.00563697,-1
69126.054984,1682.22,0.01443958,-1
69126.179945,1682.43,0.05884136,-1
69126.171681,1682.4,0.02575758,-1
69126.171681,1682.4,0.07727272,-1
69126.171681,1682.4,0.24401918,-1
69126.495702,1682.5,0.17652303,-1
69127.175342,1682.5,0.061643,-1
69129.061044,1682.5,0.02347756,-1
69129.151137,1682.5,0.25256194,-1
69129.246428,1682.5,0.00166828,-1
69135.164692,1682.47,2.26736476,1
69135.164692,1682.47,1.63156806,1
69135.164692,1682.49,0.5,1
69135.164692,1682.49,1.18854352,1
69135.164692,1682.49,0.05935395,1
69135.164692,1682.49,0.42647525,1
69135.164574,1682.7,0.05935395,-1
69135.164574,1682.7,7.137,-1
69135.164574,1682.67,1.575,-1
69135.164028,1682.7,0.096,-1
69135.163813,1682.7,2.767,-1
69135.163813,1682.7,0.276,-1
69135.163813,1682.7,0.001,-1
69135.160846,1682.64,0.048,-1
69135.160846,1682.6,0.05,-1
69135.160846,1682.6,0.001,-1
69135.160846,1682.56,0.68721732,-1
69135.160663,1682.56,0.00563697,-1
69135.160458,1682.56,0.35852482,-1
69135.160458,1682.5,0.001,-1
69135.160458,1682.5,0.02041308,-1
69135.169058,1682.47,0.00000594,1
69135.168831,1682.5,0.03383333,-1
69135.16805,1682.5,0.045163,-1
69136.932213,1682.45,0.02942046,-1
69136.660101,1682.47,0.84615251,1
69136.660101,1682.49,0.0007621,1
69136.410443,1682.5,0.00404663,-1
69136.098772,1682.5,0.00022948,-1
69137.08909,1682.42,0.00683425,1
69139.413644,1682.5,0.01471025,-1
69141.16193,1682.48,0.05947743,1
69141.071136,1682.5,0.01634603,-1
69140.13231,1682.5,0.10004789,-1
69139.804386,1682.5,0.29420343,-1
69141.843423,1682.42,0.1,1
69141.843423,1682.42,0.19316575,1
69141.842256,1682.48,0.36425742,1
69141.84204,1682.48,1.06216691,1
69143.176117,1682.46,0.05236831,-1
69143.1315,1682.36,0.17352474,1
69144.031534,1682.25,2.509,1
69143.454396,1682.33,0.00117682,-1
69148.166912,1682.31,0.10886816,-1
69149.823904,1682.3,0.05935393,1
69149.823904,1682.3,0.00076207,1
69149.823904,1682.3,0.001,1
69149.823904,1682.3,0.276,1
69149.806607,1682.31,0.00577884,-1
69149.883414,1682.3,0.27599998,1
69149.883414,1682.3,0.00000002,1
69150.117753,1682.31,0.05775812,-1
69150.723358,1682.26,0.059353,1
69150.9198,1682.15,0.86991461,1
69150.869553,1682.2,0.001,1
69150.849395,1682.26,0.00000095,1
69150.935606,1682.1,0.001,1
69150.935606,1682.15,0.1553216,1
69152.156188,1682.06,0.00001177,-1
69152.385424,1682.06,0.09709863,-1
69154.150021,1681.84,1.1616242,1
69154.150021,1681.84,2.79487824,1
69154.149906,1681.84,1.07575047,1
69154.149906,1681.89,2.87975197,1
69154.149906,1681.9,0.001,1
69154.125674,1681.98,0.04067173,1
69154.125462,1681.98,1.44567174,1
69154.125462,1682,0.001,1
69154.118443,1682.03,0.18860538,1
69154.118169,1682.03,0.38512388,1
69154.115871,1682.04,0.89177427,1
69154.041711,1682.05,0.05935395,1
69154.041711,1682.05,0.1553216,1
69153.851587,1682.06,0.05068012,-1
69153.851587,1682.06,0.42480421,-1
69155.139001,1681.9,0.11276388,-1
69154.854528,1681.9,0.02942383,-1
69154.595473,1681.9,0.47548433,-1
69156.730765,1681.97,0.001763,-1
69158.18767,1682,0.53094469,-1
69158.184404,1682,1.32349291,-1
69158.171477,1682,0.13921,-1
69158.168076,1682,0.11326,-1
69158.163412,1682,2.52245146,-1
69158.159786,1682,0.88293,-1
69158.159244,1682,4.28022573,-1
69158.155777,1682,7.48281547,-1
69158.284521,1682.18,0.048,-1
69158.222282,1682,19.04855253,-1
69158.218006,1682,0.16256,-1
69159.060528,1682.4,0.00043,-1
69159.060528,1682.3,0.001,-1
69159.511709,1682.4,0.04999999,-1
69159.511709,1682.4,0.001,-1
69159.511709,1682.3,0.001,-1
69160.733197,1682.6,0.00362133,-1
69160.733197,1682.6,0.001,-1
69160.733197,1682.5,0.001,-1
69164.527094,1682.7,0.0107682,-1
69164.527094,1682.7,0.001,-1
69165.518576,1682.78,0.21482564,-1
69165.944628,1682.77,0.0382493,1
69166.576054,1682.78,0.00297738,-1
69167.629825,1682.78,0.0588564,-1
69168.81826,1682.73,0.00140357,1
69169.962874,1682.56,0.08946173,-1
69170.882294,1682.58,0.05942065,-1
69171.627828,1682.78,0.9118841,-1
69172.291035,1682.84,0.01632816,-1
69172.291035,1682.8,0.001,-1
69174.063639,1682.84,0.00740631,-1
69174.368443,1682.83,0.00000594,1
69174.822426,1682.84,0.11278064,-1
69175.898716,1682.83,1.05865042,1
69178.200575,1682.79,0.0035655,1
69179.361037,1682.84,0.01732518,-1
69179.620697,1682.9,0.001,-1
69179.620697,1682.84,0.34944546,-1
69179.595824,1682.84,0.1665364,-1
69179.595457,1682.84,0.71952555,-1
69179.592321,1682.84,0.0717682,-1
69179.56205,1682.84,0.1138841,-1
69180.160703,1683,10,-1
69180.160703,1683,10,-1
69180.160703,1683,10,-1
69180.160703,1683,0.001,-1
69180.15683,1682.99,2.97090297,-1
69180.266361,1683.4,0.001,-1
69180.266361,1683.3,0.001,-1
69180.241939,1683.2,6.97882387,-1
69180.241479,1683.2,0.3720728,-1
69180.237068,1683.2,2.64910333,-1
69180.237068,1683.2,0.001,-1
69180.237068,1683.2,0.05,-1
69180.237068,1683.1,0.001,-1
69180.925025,1683.5,0.001,-1
69181.084357,1684.03,1.575,-1
69181.08295,1684,0.940275,-1
69181.08295,1684,0.001,-1
69181.08295,1684,0.05,-1
69181.08295,1683.9,0.001,-1
69181.082701,1683.8,0.05,-1
69181.082701,1683.8,0.001,-1
69181.082701,1683.7,0.001,-1
69181.081361,1683.6,0.001,-1
69181.255344,1683.99,0.89074061,1
69184.312852,1683.86,0.05935395,1
69184.468428,1683.75,0.00733011,-1
69185.528396,1683.65,0.04509359,-1
69186.128056,1683.82,0.00281737,-1
69187.281148,1683.78,0.0014703,-1
69187.569657,1683.78,0.02885619,-1
69187.528968,1683.75,0.00573533,-1
69194.710507,1683.9,0.001,-1
69194.796598,1684.2,0.00373533,-1
69194.796598,1684.2,0.001,-1
69194.796598,1684.1,0.001,-1
69194.796438,1684,0.001,-1
69194.796438,1683.96,0.05951762,-1
69194.796438,1683.96,0.11689664,-1
69194.796598,1684.2,0.00373533,-1
69194.796598,1684.2,0.001,-1
69194.796598,1684.1,0.001,-1
69194.796438,1684,0.001,-1
69194.796438,1683.96,0.05951762,-1
69194.796438,1683.96,0.11689664,-1
69194.710507,1683.9,0.001,-1
69187.569657,1683.78,0.02885619,-1
69187.528968,1683.75,0.00573533,-1
69187.281148,1683.78,0.0014703,-1
69186.128056,1683.82,0.00281737,-1
69185.528396,1683.65,0.04509359,-1
69184.468428,1683.75,0.00733011,-1
69184.312852,1683.86,0.05935395,1
69181.255344,1683.99,0.89074061,1
69181.084357,1684.03,1.575,-1
69181.08295,1684,0.940275,-1
69181.08295,1684,0.001,-1
69181.08295,1684,0.05,-1
69181.08295,1683.9,0.001,-1
69181.082701,1683.8,0.05,-1
69181.082701,1683.8,0.001,-1
69181.082701,1683.7,0.001,-1
69181.081361,1683.6,0.001,-1
69180.925025,1683.5,0.001,-1
69180.266361,1683.4,0.001,-1
69180.266361,1683.3,0.001,-1
69180.241939,1683.2,6.97882387,-1
69180.241479,1683.2,0.3720728,-1
69180.237068,1683.2,2.64910333,-1
69180.237068,1683.2,0.001,-1
69180.237068,1683.2,0.05,-1
69180.237068,1683.1,0.001,-1
69180.160703,1683,10,-1
69180.160703,1683,10,-1
69180.160703,1683,10,-1
69180.160703,1683,0.001,-1
69180.15683,1682.99,2.97090297,-1
69179.620697,1682.9,0.001,-1
69179.620697,1682.84,0.34944546,-1
69179.595824,1682.84,0.1665364,-1
69179.595457,1682.84,0.71952555,-1
69179.592321,1682.84,0.0717682,-1
69179.56205,1682.84,0.1138841,-1
69179.361037,1682.84,0.01732518,-1
69178.200575,1682.79,0.0035655,1
69175.898716,1682.83,1.05865042,1
69174.822426,1682.84,0.11278064,-1
69174.368443,1682.83,0.00000594,1
69174.063639,1682.84,0.00740631,-1
69172.291035,1682.84,0.01632816,-1
69172.291035,1682.8,0.001,-1
69171.627828,1682.78,0.9118841,-1
69170.882294,1682.58,0.05942065,-1
69169.962874,1682.56,0.08946173,-1
69168.81826,1682.73,0.00140357,1
69167.629825,1682.78,0.0588564,-1
69166.576054,1682.78,0.00297738,-1
69165.944628,1682.77,0.0382493,1
69165.518576,1682.78,0.21482564,-1
69164.527094,1682.7,0.0107682,-1
69164.527094,1682.7,0.001,-1
69160.733197,1682.6,0.00362133,-1
69160.733197,1682.6,0.001,-1
69160.733197,1682.5,0.001,-1
69159.511709,1682.4,0.04999999,-1
69159.511709,1682.4,0.001,-1
69159.511709,1682.3,0.001,-1
69159.060528,1682.4,0.00043,-1
69159.060528,1682.3,0.001,-1
69158.284521,1682.18,0.048,-1
69158.222282,1682,19.04855253,-1
69158.218006,1682,0.16256,-1
69158.18767,1682,0.53094469,-1
69158.184404,1682,1.32349291,-1
69158.171477,1682,0.13921,-1
69158.168076,1682,0.11326,-1
69158.163412,1682,2.52245146,-1
69158.159786,1682,0.88293,-1
69158.159244,1682,4.28022573,-1
69158.155777,1682,7.48281547,-1
69156.730765,1681.97,0.001763,-1
69155.139001,1681.9,0.11276388,-1
69154.854528,1681.9,0.02942383,-1
69154.595473,1681.9,0.47548433,-1
69154.150021,1681.84,1.1616242,1
69154.150021,1681.84,2.79487824,1
69154.149906,1681.84,1.07575047,1
69154.149906,1681.89,2.87975197,1
69154.149906,1681.9,0.001,1
69154.125674,1681.98,0.04067173,1
69154.125462,1681.98,1.44567174,1
69154.125462,1682,0.001,1
69154.118443,1682.03,0.18860538,1
69154.118169,1682.03,0.38512388,1
69154.115871,1682.04,0.89177427,1
69154.041711,1682.05,0.05935395,1
69154.041711,1682.05,0.1553216,1
69153.851587,1682.06,0.05068012,-1
69153.851587,1682.06,0.42480421,-1
69155.139001,1681.9,0.11276388,-1
69154.854528,1681.9,0.02942383,-1
69154.595473,1681.9,0.47548433,-1
69154.150021,1681.84,1.1616242,1
69154.150021,1681.84,2.79487824,1
69154.149906,1681.84,1.07575047,1
69154.149906,1681.89,2.87975197,1
69154.149906,1681.9,0.001,1
69154.125674,1681.98,0.04067173,1
69154.125462,1681.98,1.44567174,1
69154.125462,1682,0.001,1
69154.118443,1682.03,0.18860538,1
69154.118169,1682.03,0.38512388,1
69154.115871,1682.04,0.89177427,1
69154.041711,1682.05,0.05935395,1
69154.041711,1682.05,0.1553216,1
69153.851587,1682.06,0.05068012,-1
69153.851587,1682.06,0.42480421,-1
69152.385424,1682.06,0.09709863,-1
69152.156188,1682.06,0.00001177,-1
69150.935606,1682.1,0.001,1
69150.935606,1682.15,0.1553216,1
69150.9198,1682.15,0.86991461,1
69150.869553,1682.2,0.001,1
69150.849395,1682.26,0.00000095,1
69150.723358,1682.26,0.059353,1
69150.117753,1682.31,0.05775812,-1
69149.883414,1682.3,0.27599998,1
69149.883414,1682.3,0.00000002,1
69149.823904,1682.3,0.05935393,1
69149.823904,1682.3,0.00076207,1
69149.823904,1682.3,0.001,1
69149.823904,1682.3,0.276,1
69149.806607,1682.31,0.00577884,-1
69148.166912,1682.31,0.10886816,-1
69144.031534,1682.25,2.509,1
69143.454396,1682.33,0.00117682,-1
69143.176117,1682.46,0.05236831,-1
69143.1315,1682.36,0.17352474,1
69141.843423,1682.42,0.1,1
69141.843423,1682.42,0.19316575,1
69141.842256,1682.48,0.36425742,1
69141.84204,1682.48,1.06216691,1
69141.16193,1682.48,0.05947743,1
69141.071136,1682.5,0.01634603,-1
69140.13231,1682.5,0.10004789,-1
69139.804386,1682.5,0.29420343,-1
69139.413644,1682.5,0.01471025,-1
69137.08909,1682.42,0.00683425,1
69136.932213,1682.45,0.02942046,-1
69136.660101,1682.47,0.84615251,1
69136.660101,1682.49,0.0007621,1
69136.410443,1682.5,0.00404663,-1
69136.098772,1682.5,0.00022948,-1
69135.169058,1682.47,0.00000594,1
69135.168831,1682.5,0.03383333,-1
69135.16805,1682.5,0.045163,-1
69135.164692,1682.47,2.26736476,1
69135.164692,1682.47,1.63156806,1
69135.164692,1682.49,0.5,1
69135.164692,1682.49,1.18854352,1
69135.164692,1682.49,0.05935395,1
69135.164692,1682.49,0.42647525,1
69135.164574,1682.7,0.05935395,-1
69135.164574,1682.7,7.137,-1
69135.164574,1682.67,1.575,-1
69135.164028,1682.7,0.096,-1
69123.623908,1682.21,0.71791461,1
69123.456679,1682.24,0.15365965,1
69123.456679,1682.24,0.08620536,1
69123.456679,1682.24,0.05935395,1
69123.456679,1682.24,0.29605318,1
69123.456679,1682.24,0.12364247,1
69121.803527,1682.24,0.17241072,1
69120.360309,1682.1,0.001,1
69120.333425,1682.14,0.06258301,1
69120.333425,1682.16,0.03129151,1
69120.295331,1682.18,0.73491461,1
69120.295331,1682.2,0.001,1
69120.258104,1682.3,0.001,1
69120.245577,1682.38,0.5,1
69120.191961,1682.4,0.04981364,1
69120.191961,1682.45,0.00132128,1
69120.181091,1682.49,0.73615021,1
69120.181091,1682.49,0.0007644,1
69120.159649,1682.49,0.22580887,1
69120.159649,1682.49,0.51110574,1
69120.131496,1682.49,0.67756066,1
69120.131496,1682.49,0.05935395,1
69120.070462,1682.49,0.73591461,1
69118.246639,1682.49,0.00175207,1
69114.040223,1682.42,0.11026546,1
69114.040223,1682.43,0.42664915,1
69114.03983,1682.43,0.46491461,1
69113.975974,1682.44,0.53691461,1
69113.97572,1682.44,0.40556066,1
69113.97572,1682.45,0.05935395,1
69113.627516,1682.49,0.059,1
69108.141821,1682.45,0.00076191,1
69106.530155,1682.43,0.64473178,1
69118.246639,1682.49,0.00175207,1
69114.040223,1682.42,0.11026546,1
69114.040223,1682.43,0.42664915,1
69114.03983,1682.43,0.46491461,1
69113.975974,1682.44,0.53691461,1
69113.97572,1682.44,0.40556066,1
69113.97572,1682.45,0.05935395,1
69113.627516,1682.49,0.059,1
69108.141821,1682.45,0.00076191,1
69106.530155,1682.43,0.64473178,1
69106.530155,1682.46,1.18861539,1
69106.530155,1682.46,0.89154736,1
69105.932914,1682.51,0.01592292,1
69104.933863,1682.48,0.44591461,1
69104.93375,1682.48,0.55591461,1
69102.376833,1682.39,0.45491461,1
69102.376757,1682.39,0.54691461,1
69102.144023,1682.4,0.45891461,1
69102.143976,1682.4,0.54191461,1
69102.143976,1682.4,0.001,1
69101.480318,1682.45,0.54391461,1
69101.480153,1682.45,0.45791461,1
69101.466572,1682.46,0.45791461,1
69101.466301,1682.46,0.54391461,1
69101.058428,1682.5,0.001,1
69097.375653,1682.55,0.41091461,1
69097.375554,1682.55,0.59091461,1
69095.080253,1682.6,2.47686365,1
69197.891366,1684.14,0.0066149,-1
69201.17494,1684.18,0.03057947,-1
69202.520601,1684.16,0.02768618,-1
69203.235895,1684.16,0.02860693,-1
69208.518241,1684.17,0.07588065,-1
69208.718316,1684.16,0.002382,1
69208.786157,1684.08,0.00414354,-1
69210.061859,1684.05,0.00415359,-1
69214.053557,1683.95,0.0293936,-1
69214.410442,1683.95,0.06476712,-1
69214.361881,1683.94,0.00149046,1
69215.288266,1683.95,0.05878965,-1
69216.192679,1683.94,0.01319439,1
69217.070187,1684.03,0.03210369,-1
69217.251216,1684.04,0.09968779,-1
69218.137002,1684.03,1.187476,1
69218.561227,1683.99,0.05770894,-1
69220.044522,1683.99,0.010094,-1
69224.071156,1683.99,0.01499118,-1
69224.876355,1683.98,0.00076196,1
69224.876355,1683.98,1.17096304,1
69224.863681,1683.98,0.0165133,1
69225.000467,1683.98,0.04478896,-1
69224.955966,1683.98,1.187476,1
69225.935512,1683.98,0.00480857,-1
69227.796971,1684.19,1.01839203,1
69227.796971,1684.19,1.18747634,1
69227.796971,1684.19,0.38041563,1
69227.91477,1684.11,0.00046699,-1
69227.828049,1684.19,1.18747545,1
69227.828049,1684.19,0.00000055,1
69230.002616,1683.94,0.00367119,-1
69231.148948,1683.97,0.29765318,-1
69231.148948,1683.96,0.20477934,-1
69231.148948,1683.96,0.20477934,-1
69231.148948,1683.96,0.44691461,-1
69231.765621,1683.99,0.04393298,-1
69232.025666,1683.98,1.18754307,1
69232.249823,1683.9,0.00000593,1
69232.239615,1683.9,0.00187427,1
69232.239615,1683.9,0.001,1
69232.840031,1683.97,0.01731417,-1
69235.733801,1684.13,0.01252852,-1
69236.940115,1684.14,0.03233488,-1
69238.338117,1684.18,0.02815991,-1
69238.637998,1684.18,0.03739565,-1
69243.033104,1684.44,0.05279394,-1
69243.015953,1684.44,0.00656001,-1
69243.015953,1684.4,0.001,-1
69243.015953,1684.4,0.05,-1
69243.015953,1684.3,0.001,-1
69243.015953,1684.2,0.001,-1
69243.186589,1684.5,0.001,-1
69246.898305,1684.58,0.12687947,-1
69246.898305,1684.58,0.01735358,-1
69247.660456,1684.6,0.001,-1
69247.660456,1684.59,0.01502506,-1
69247.791292,1684.8,0.001,-1
69247.784824,1684.76,0.01264116,-1
69247.784824,1684.7,0.001,-1
69248.097836,1684.86,0.02884368,-1
69249.095394,1684.86,0.053074,-1
69249.198793,1684.85,0.00161915,1
69249.198793,1684.85,1.18692456,1
69249.306585,1684.71,0.00281548,-1
69249.303948,1684.71,0.0005643,-1
69249.606994,1684.85,0.02,-1
69249.566326,1684.77,0.00117541,-1
69250.049751,1684.86,0.00352625,-1
69250.181316,1684.86,0.02884368,-1
69250.516087,1684.86,0.00117537,-1
69250.680092,1684.86,0.04224097,-1
69251.212269,1684.86,0.00293854,-1
69251.271731,1684.86,0.00352625,-1
69251.711926,1684.86,0.01442184,-1
69252.508118,1684.86,0.00345613,-1
69252.720725,1684.85,1.18692456,1
69253.046992,1684.61,0.05632837,-1
69256.02452,1684.61,0.00293891,-1
69256.16783,1684.61,1,-1
69259.403385,1684.61,0.05601804,-1
69259.403385,1684.61,0.05935395,-1
69260.581902,1684.61,0.14659971,-1
69261.518672,1684.6,0.000761,1
69261.518672,1684.6,0.001,1
69262.687211,1684.54,1.187186,1
69267.622639,1684.5,1.187184,1
69267.566891,1684.5,1.187184,1
69267.566891,1684.5,0.001,1
69267.659819,1684.5,1.187184,1
69269.705647,1684.4,0.09071264,1
69269.705647,1684.4,0.235,1
69269.705647,1684.4,1.18166136,1
69269.690754,1684.4,0.00552317,1
69269.690754,1684.4,0.001,1
69270.383115,1684.41,0.0027916,-1
69271.303499,1684.41,0.01308098,-1
69275.284074,1684.41,0.01645485,-1
69276.209077,1684.4,1.187184,1
69276.180571,1684.4,0.00076067,1
69276.180571,1684.4,1.4981198,1
69276.180571,1684.4,1.18718453,1
69276.563837,1684.3,0.757461,1
69276.563837,1684.3,0.001,1
69278.437187,1684.31,0.05877429,-1
69280.039418,1684.3,0.001,1
69284.704516,1684.21,0.04786578,-1
69286.120006,1683.91,0.10437138,1
69286.120006,1684,0.001,1
69286.120006,1684,0.02788624,1
69286.11985,1684,0.23211376,1
69286.11985,1684.01,0.05935395,1
69286.11985,1684.07,0.89069903,1
69286.11985,1684.1,0.001,1
69286.11524,1684.15,1.18719627,1
69286.11524,1684.2,0.00076239,1
69286.11524,1684.2,0.001,1
69286.25443,1683.9,0.001,1
69286.30684,1683.8,0.001,1
69286.265568,1683.83,0.5,1
69288.449875,1683.74,0.004778,1
69289.307513,1683.75,0.00764111,-1
69289.803003,1683.75,0.05171284,-1
69290.576446,1683.84,0.00155965,-1
69290.709285,1683.84,0.02183755,-1
69290.74808,1683.84,0.01346824,-1
69291.309144,1683.84,0.00844687,-1
69291.852351,1683.84,0.00646688,-1
69292.195613,1683.93,0.00064605,-1
69292.195613,1683.91,0.05935395,-1
69294.476223,1683.99,0.00000593,1
69295.066201,1684.08,0.11443091,-1
69295.066201,1684,0.001,-1
69295.718584,1684.1,0.001,-1
69295.718584,1684.08,1.46056909,-1
69296.388495,1684.3,0.012444,-1
69296.388495,1684.3,0.001,-1
69296.388495,1684.2,0.001,-1
69297.798575,1684.26,1.18728305,1
69297.798575,1684.26,0.05935395,1
69297.737894,1684.28,0.05935343,1
69297.737894,1684.28,0.89058657,1
69297.884548,1684.26,0.941395,1
69297.870195,1684.26,0.2458883,1
69299.709949,1684.22,0.24162504,-1
69299.709949,1684.21,0.18084645,-1
69300.495476,1684.04,0.00000593,1
69300.484953,1684,0.00165439,1
69300.484953,1684,0.001,1
69299.709949,1684.22,0.24162504,-1
69299.709949,1684.21,0.18084645,-1
69297.884548,1684.26,0.941395,1
69297.870195,1684.26,0.2458883,1
69297.798575,1684.26,1.18728305,1
69297.798575,1684.26,0.05935395,1
69297.737894,1684.28,0.05935343,1
69297.737894,1684.28,0.89058657,1
69296.388495,1684.3,0.012444,-1
69296.388495,1684.3,0.001,-1
69296.388495,1684.2,0.001,-1
69295.718584,1684.1,0.001,-1
69295.718584,1684.08,1.46056909,-1
69295.066201,1684.08,0.11443091,-1
69295.066201,1684,0.001,-1
69294.476223,1683.99,0.00000593,1
69292.195613,1683.93,0.00064605,-1
69292.195613,1683.91,0.05935395,-1
69291.852351,1683.84,0.00646688,-1
69291.309144,1683.84,0.00844687,-1
69290.74808,1683.84,0.01346824,-1
69290.709285,1683.84,0.02183755,-1
69290.576446,1683.84,0.00155965,-1
69289.803003,1683.75,0.05171284,-1
69289.307513,1683.75,0.00764111,-1
69288.449875,1683.74,0.004778,1
69286.30684,1683.8,0.001,1
69286.265568,1683.83,0.5,1
69286.25443,1683.9,0.001,1
69286.120006,1683.91,0.10437138,1
69286.120006,1684,0.001,1
69286.120006,1684,0.02788624,1
69286.11985,1684,0.23211376,1
69286.11985,1684.01,0.05935395,1
69286.11985,1684.07,0.89069903,1
69286.11985,1684.1,0.001,1
69286.11524,1684.15,1.18719627,1
69286.11524,1684.2,0.00076239,1
69286.11524,1684.2,0.001,1
69284.704516,1684.21,0.04786578,-1
69280.039418,1684.3,0.001,1
69278.437187,1684.31,0.05877429,-1
69276.563837,1684.3,0.757461,1
69276.563837,1684.3,0.001,1
69276.209077,1684.4,1.187184,1
69276.180571,1684.4,0.00076067,1
69276.180571,1684.4,1.4981198,1
69276.180571,1684.4,1.18718453,1
69275.284074,1684.41,0.01645485,-1
69271.303499,1684.41,0.01308098,-1
69270.383115,1684.41,0.0027916,-1
69269.705647,1684.4,0.09071264,1
69269.705647,1684.4,0.235,1
69269.705647,1684.4,1.18166136,1
69269.690754,1684.4,0.00552317,1
69269.690754,1684.4,0.001,1
69267.659819,1684.5,1.187184,1
69267.622639,1684.5,1.187184,1
69267.566891,1684.5,1.187184,1
69267.566891,1684.5,0.001,1
69262.687211,1684.54,1.187186,1
69261.518672,1684.6,0.000761,1
69261.518672,1684.6,0.001,1
69260.581902,1684.61,0.14659971,-1
69259.403385,1684.61,0.05601804,-1
69259.403385,1684.61,0.05935395,-1
69256.16783,1684.61,1,-1
69256.02452,1684.61,0.00293891,-1
69253.046992,1684.61,0.05632837,-1
69252.720725,1684.85,1.18692456,1
69252.508118,1684.86,0.00345613,-1
69251.711926,1684.86,0.01442184,-1
69251.271731,1684.86,0.00352625,-1
69251.212269,1684.86,0.00293854,-1
69250.680092,1684.86,0.04224097,-1
69250.516087,1684.86,0.00117537,-1
69250.181316,1684.86,0.02884368,-1
69250.049751,1684.86,0.00352625,-1
69249.606994,1684.85,0.02,-1
69249.566326,1684.77,0.00117541,-1
69249.306585,1684.71,0.00281548,-1
69249.303948,1684.71,0.0005643,-1
69249.198793,1684.85,0.00161915,1
69249.198793,1684.85,1.18692456,1
69249.095394,1684.86,0.053074,-1
69248.097836,1684.86,0.02884368,-1
69247.791292,1684.8,0.001,-1
69247.784824,1684.76,0.01264116,-1
69247.784824,1684.7,0.001,-1
69247.660456,1684.6,0.001,-1
69247.660456,1684.59,0.01502506,-1
69246.898305,1684.58,0.12687947,-1
69246.898305,1684.58,0.01735358,-1
69243.186589,1684.5,0.001,-1
69243.033104,1684.44,0.05279394,-1
69243.015953,1684.44,0.00656001,-1
69243.015953,1684.4,0.001,-1
69247.660456,1684.6,0.001,-1
69247.660456,1684.59,0.01502506,-1
69246.898305,1684.58,0.12687947,-1
69246.898305,1684.58,0.01735358,-1
69243.186589,1684.5,0.001,-1
69243.033104,1684.44,0.05279394,-1
69243.015953,1684.44,0.00656001,-1
69243.015953,1684.4,0.001,-1
69243.015953,1684.4,0.05,-1
69243.015953,1684.3,0.001,-1
69243.015953,1684.2,0.001,-1
69238.637998,1684.18,0.03739565,-1
69238.338117,1684.18,0.02815991,-1
69236.940115,1684.14,0.03233488,-1
69235.733801,1684.13,0.01252852,-1
69232.840031,1683.97,0.01731417,-1
69232.249823,1683.9,0.00000593,1
69232.239615,1683.9,0.00187427,1
69232.239615,1683.9,0.001,1
69232.025666,1683.98,1.18754307,1
69231.765621,1683.99,0.04393298,-1
69231.148948,1683.97,0.29765318,-1
69231.148948,1683.96,0.20477934,-1
69231.148948,1683.96,0.20477934,-1
69231.148948,1683.96,0.44691461,-1
69230.002616,1683.94,0.00367119,-1
69227.91477,1684.11,0.00046699,-1
69227.828049,1684.19,1.18747545,1
69227.828049,1684.19,0.00000055,1
69227.796971,1684.19,1.01839203,1
69227.796971,1684.19,1.18747634,1
69227.796971,1684.19,0.38041563,1
69225.935512,1683.98,0.00480857,-1
69225.000467,1683.98,0.04478896,-1
69224.955966,1683.98,1.187476,1
69224.876355,1683.98,0.00076196,1
69224.876355,1683.98,1.17096304,1
69224.863681,1683.98,0.0165133,1
69224.071156,1683.99,0.01499118,-1
69220.044522,1683.99,0.010094,-1
69218.561227,1683.99,0.05770894,-1
69218.137002,1684.03,1.187476,1
69217.251216,1684.04,0.09968779,-1
69217.070187,1684.03,0.03210369,-1
69216.192679,1683.94,0.01319439,1
69215.288266,1683.95,0.05878965,-1
69214.410442,1683.95,0.06476712,-1
69214.361881,1683.94,0.00149046,1
69214.053557,1683.95,0.0293936,-1
69210.061859,1684.05,0.00415359,-1
69208.786157,1684.08,0.00414354,-1
69208.718316,1684.16,0.002382,1
69208.518241,1684.17,0.07588065,-1
69203.235895,1684.16,0.02860693,-1
69202.520601,1684.16,0.02768618,-1
69201.17494,1684.18,0.03057947,-1
69197.891366,1684.14,0.0066149,-1
69194.796598,1684.2,0.00373533,-1
69194.796598,1684.2,0.001,-1
69194.796598,1684.1,0.001,-1
69194.796438,1684,0.001,-1
69194.796438,1683.96,0.05951762,-1
69194.796438,1683.96,0.11689664,-1
69194.710507,1683.9,0.001,-1
69187.569657,1683.78,0.02885619,-1
69187.528968,1683.75,0.00573533,-1
69187.281148,1683.78,0.0014703,-1
69186.128056,1683.82,0.00281737,-1
69185.528396,1683.65,0.04509359,-1
69184.468428,1683.75,0.00733011,-1
69184.312852,1683.86,0.05935395,1
69181.255344,1683.99,0.89074061,1
69181.084357,1684.03,1.575,-1
69178.200575,1682.79,0.0035655,1
69175.898716,1682.83,1.05865042,1
69174.368443,1682.83,0.00000594,1
69168.81826,1682.73,0.00140357,1
69165.944628,1682.77,0.0382493,1
69154.150021,1681.84,1.1616242,1
69154.150021,1681.84,2.79487824,1
69154.149906,1681.84,1.07575047,1
69154.149906,1681.89,2.87975197,1
69154.149906,1681.9,0.001,1
69154.125674,1681.98,0.04067173,1
69154.125462,1681.98,1.44567174,1
69154.125462,1682,0.001,1
69154.118443,1682.03,0.18860538,1
69154.118169,1682.03,0.38512388,1
69154.115871,1682.04,0.89177427,1
69154.041711,1682.05,0.05935395,1
69154.041711,1682.05,0.1553216,1
69150.935606,1682.1,0.001,1
69150.935606,1682.15,0.1553216,1
69150.9198,1682.15,0.86991461,1
69150.869553,1682.2,0.001,1
69150.849395,1682.26,0.00000095,1
69150.723358,1682.26,0.059353,1
69149.883414,1682.3,0.27599998,1
69149.883414,1682.3,0.00000002,1
69149.823904,1682.3,0.05935393,1
69154.150021,1681.84,1.1616242,1
69154.150021,1681.84,2.79487824,1
69154.149906,1681.84,1.07575047,1
69154.149906,1681.89,2.87975197,1
69154.149906,1681.9,0.001,1
69154.125674,1681.98,0.04067173,1
69154.125462,1681.98,1.44567174,1
69154.125462,1682,0.001,1
69154.118443,1682.03,0.18860538,1
69154.118169,1682.03,0.38512388,1
69154.115871,1682.04,0.89177427,1
69154.041711,1682.05,0.05935395,1
69154.041711,1682.05,0.1553216,1
69150.935606,1682.1,0.001,1
69150.935606,1682.15,0.1553216,1
69150.9198,1682.15,0.86991461,1
69150.869553,1682.2,0.001,1
69150.849395,1682.26,0.00000095,1
69150.723358,1682.26,0.059353,1
69149.883414,1682.3,0.27599998,1
69149.883414,1682.3,0.00000002,1
69149.823904,1682.3,0.05935393,1
69149.823904,1682.3,0.00076207,1
69149.823904,1682.3,0.001,1
69149.823904,1682.3,0.276,1
69144.031534,1682.25,2.509,1
69143.1315,1682.36,0.17352474,1
69141.843423,1682.42,0.1,1
69141.843423,1682.42,0.19316575,1
69141.842256,1682.48,0.36425742,1
69301.963271,1684.11,0.00587866,-1
69302.221674,1683.91,0.059353,1
69302.195134,1684,0.001,1
69302.195134,1684.06,0.00097466,1
69302.191485,1684.06,0.74226358,1
69302.30908,1683.9,0.97846881,1
69302.30908,1683.9,0.001,1
69302.256151,1683.91,1.18757305,1
69302.256151,1683.91,0.00000095,1
69302.402476,1683.74,0.0000009,1
69302.399163,1683.74,1.187573,1
69302.399163,1683.74,1.575,1
69302.363431,1683.8,0.97653786,1
69302.363431,1683.8,0.001,1
69303.80187,1683.71,0.11376952,-1
69303.751238,1683.76,0.01509164,-1
69304.37063,1683.87,0.031435,-1
69306.144484,1683.91,0.02365874,-1
69306.144484,1683.91,0.07994104,-1
69308.544418,1683.91,0.00865517,-1
69309.738644,1684,0.001,-1
69310.631167,1684.26,0.00073587,-1
69310.631167,1684.22,0.00499632,-1
69310.609411,1684.81,0.0708849,-1
69310.609411,1684.8,1.81430593,-1
69310.609411,1684.8,0.235,-1
69310.609411,1684.8,0.001,-1
69310.609411,1684.72,0.05929791,-1
69310.609411,1684.72,1.08229688,-1
69310.609411,1684.72,0.89774561,-1
69310.609411,1684.71,0.2,-1
69310.609411,1684.7,0.001,-1
69310.609411,1684.7,0.235,-1
69310.609411,1684.69,0.4,-1
69310.609411,1684.69,1,-1
69310.609411,1684.68,0.1,-1
69310.609411,1684.68,0.2,-1
69310.609411,1684.65,0.1,-1
69310.609411,1684.64,1.91997737,-1
69310.609411,1684.6,0.192,-1
69310.609411,1684.6,0.235,-1
69310.609411,1684.6,0.001,-1
69310.609411,1684.59,1.575,-1
69310.609411,1684.58,1.163,-1
69310.609411,1684.5,0.1553216,-1
69310.609411,1684.5,0.235,-1
69310.609411,1684.5,0.001,-1
69310.609411,1684.45,4.0961322,-1
69310.609411,1684.42,1.575,-1
69310.609411,1684.41,2.31480713,-1
69310.609411,1684.41,1.02139861,-1
69310.609411,1684.4,0.001,-1
69310.609411,1684.4,0.235,-1
69310.609411,1684.37,0.096,-1
69310.609411,1684.36,1.18753678,-1
69310.609411,1684.35,0.93701346,-1
69310.609411,1684.32,0.00089084,-1
69310.609411,1684.3,0.001,-1
69310.609411,1684.3,0.222556,-1
69310.609411,1684.26,0.048,-1
69310.609411,1684.25,0.8906066,-1
69310.609411,1684.2,0.001,-1
69310.609411,1684.2,0.235,-1
69310.609411,1684.13,1.575,-1
69310.609411,1684.11,1.575,-1
69310.609411,1684.1,0.84750071,-1
69310.609411,1684.1,0.001,-1
69310.609411,1684.09,0.05930609,-1
69310.609411,1684.06,0.01998526,-1
69310.609411,1684.06,0.01998526,-1
69310.660468,1684.23,0.01154082,-1
69311.260189,1684.3,0.08639254,-1
69311.260189,1684.3,0.001,-1
69311.489288,1684.6,0.212,1
69311.458362,1684.6,0.212,1
69311.427805,1684.6,0.212,1
69311.518423,1684.6,0.212,1
69313.108021,1684.5,0.01469968,-1
69313.792969,1684.39,0.01190877,-1
69313.792969,1684.38,0.0174871,-1
69315.086128,1684.33,0.00058792,-1
69316.088428,1684.31,0.00800145,-1
69316.088428,1684.31,0.00874355,-1
69316.619091,1684.31,0.048345,-1
69317.975705,1684.31,0.00057602,-1
69317.963765,1684.3,0.000854,1
69317.963765,1684.3,0.001,1
69319.590521,1684.5,0.48674543,-1
69319.590521,1684.5,0.212,-1
69319.590521,1684.44,1.575,-1
69319.590521,1684.43,0.940275,-1
69319.590521,1684.4,0.212,-1
69319.590521,1684.36,0.05930609,-1
69319.590521,1684.36,0.89054829,-1
69319.590521,1684.35,0.47091461,-1
69319.590521,1684.34,0.46991461,-1
69319.590521,1684.33,0.46991461,-1
69319.590521,1684.32,0.46991461,-1
69319.590521,1684.31,0.41299214,-1
69320.386431,1684.31,0.01569167,1
69324.288969,1684.68,0.00352667,-1
69324.282349,1684.69,0.01879152,-1
69324.282349,1684.66,0.0073627,-1
69324.282349,1684.6,0.001,-1
69324.282349,1684.5,0.001,-1
69325.459838,1684.7,0.001,-1
69331.115175,1684.79,0.00076233,1
69331.115175,1684.79,1.15858308,1
69331.115175,1684.79,1.18702767,1
69331.115175,1684.79,0.15422292,1
69331.147062,1684.79,1.187027,1
69331.347667,1684.76,1.18702767,1
69331.607704,1684.69,0.00666588,1
69331.740346,1684.78,0.00001187,1
69331.751433,1684.78,0.00000593,1
69334.166644,1684.8,0.01053835,-1
69334.166644,1684.8,0.001,-1
69334.883346,1684.8,0.05836825,-1
69335.737264,1684.73,0.43259615,-1
69336.350832,1684.74,0.00753026,1
69337.822659,1684.88,0.03284556,-1
69337.822659,1684.87,0.00668486,-1
69337.822659,1684.86,0.01802653,-1
69337.822659,1684.85,0.0001187,-1
69344.62786,1684.61,1.18694991,1
69344.62786,1684.61,0.05930609,1
69344.587034,1684.7,0.00000071,1
69344.586599,1684.7,0.00091437,1
69344.586599,1684.7,1.15498963,1
69344.582954,1684.7,0.03196081,1
69344.659835,1684.6,0.16379823,1
69344.656601,1684.6,1.02315221,1
69344.656601,1684.6,0.001,1
69344.833745,1684.3,0.1155252,1
69344.833745,1684.4,0.001,1
69344.833745,1684.5,0.001,1
69345.256785,1684.31,0.48504973,1
69345.383749,1684.24,0.034672,1
69345.353745,1684.3,0.38727336,1
69345.353745,1684.3,0.001,1
69345.604117,1684.2,0.191,1
69345.604117,1684.2,0.001,1
69346.258386,1684.11,0.297105,-1
69346.44303,1684.13,0.030605,-1
69346.828355,1684.27,1.187496,1
69346.767801,1684.29,1.187496,1
69346.887548,1684.25,1.187496,1
69347.117292,1684.15,1.187496,1
69347.068648,1684.18,1.187496,1
69349.126951,1684.17,0.00857364,-1
69349.149097,1684.17,0.01744713,-1
69349.610934,1684.1,1.02277796,1
69349.610934,1684.1,0.001,1
69349.832786,1684,0.001,1
69353.692266,1684.2,0.001,-1
69354.639769,1684.28,0.29780934,1
69354.639769,1684.28,0.29780966,1
69357.089469,1684.3,0.001,-1
69357.741653,1684.3,0.00079341,1
69357.741653,1684.3,1.18727359,1
69357.72375,1684.23,0.03024486,1
69357.715013,1684.3,1.187273,1
69357.657907,1684.3,1.187273,1
69357.657907,1684.3,0.182,1
69357.827187,1684.3,1.187273,1
69357.772484,1684.3,1.187273,1
69361.053778,1684.3,0.016155,-1
69361.397802,1684.31,0.07094044,-1
69361.397802,1684.3,0.0080775,-1
69361.397802,1684.3,0.28603518,-1
69362.726934,1684.26,0.01735027,-1
69362.954615,1684.11,0.08447556,-1
69366.890601,1684.14,0.05518234,-1
69368.032553,1684.21,0.00577198,-1
69370.394672,1684.51,0.00000593,1
69370.357986,1684.59,0.02615472,-1
69370.357986,1684.5,0.001,-1
69370.357986,1684.4,0.001,-1
69370.602219,1684.52,0.05631198,-1
69371.136286,1684.52,0.02939186,-1
69371.26067,1684.3,0.001,1
69371.25967,1684.4,0.89052481,1
69371.25967,1684.41,0.05930609,1
69371.25967,1684.45,1.1870634,1
69371.25967,1684.51,0.00076296,1
69371.372122,1684.2,0.001,1
69371.372122,1684.21,0.49518143,1
69371.372122,1684.23,1.1870634,1
69371.509373,1684.19,0.00676025,-1
69371.507934,1684.18,0.68989017,1
69371.507934,1684.18,0.63541199,1
69371.507934,1684.18,0.00000084,1
69371.477251,1684.18,0.690445,1
69371.44824,1684.18,0.034326,1
69371.65618,1684.17,0.19374227,-1
69371.745696,1684.17,0.02815489,-1
69372.348601,1684.18,0.03548227,-1
69372.44702,1684.17,0.689781,1
69372.734308,1684.16,0.32019845,-1
69372.734308,1684.14,1,-1
69372.734308,1684.13,0.24146069,-1
69372.746061,1684.16,0.67980155,-1
69373.240536,1684.36,0.0058771,-1
69373.590805,1684.35,0.410081,1
69373.701048,1684.32,0.01379362,1
69373.701048,1684.35,0.00000071,1
69373.809651,1684.32,1.173443,1
69373.838467,1684.32,1.187237,1
69374.522158,1684.33,0.01469532,-1
69374.474797,1684.33,0.00058783,-1
69374.738125,1684.33,0.01469532,-1
69375.497931,1684.34,0.00573145,-1
69376.099033,1684.34,0.00058784,-1
69377.304811,1684.34,0.3361328,-1
69377.304811,1684.32,0.31043005,-1
69377.304748,1684.32,0.68311285,-1
69377.304748,1684.32,0.00645,-1
69377.407818,1684.4,0.001,-1
69377.407818,1684.34,0.00573,-1
69377.407818,1684.34,0.1289202,-1
69377.406016,1684.34,0.32745787,-1
69377.403767,1684.34,0.20116984,-1
69378.47782,1684.44,0.00645956,-1
69380.474532,1684.41,0.29996874,-1
69381.434275,1684.36,0.43471679,1
69382.365706,1684.36,0.00000593,1
69383.882902,1684.44,0.02140035,-1
69384.253697,1684.49,0.00573049,-1
69387.659487,1684.39,0.05930561,1
69387.659487,1684.39,1.18685039,1
69387.646614,1684.39,0.00027602,1
69387.646614,1684.39,0.00097669,1
69388.536722,1684.41,0.05930559,1
69388.536722,1684.41,1.18712641,1
69388.536722,1684.41,2.176,1
69392.420621,1684.41,0.00000593,1
69393.477834,1684.42,0.03266242,-1
69394.307469,1684.4,0.05930609,1
69394.307469,1684.4,1.18712641,1
69394.394188,1684.22,0.00336279,-1
69395.500072,1684.21,0.033982,1
69395.686919,1684.21,0.11263466,-1
69397.359633,1684.21,0.01442312,-1
69398.353038,1684.21,0.04194276,-1
69399.061289,1684.2,0.000763,1
69399.061289,1684.2,0.001,1
69399.368347,1684.12,1.187179,1
69399.781525,1684.1,0.001,1
69400.66439,1684.01,0.026945,-1
69401.796296,1684.01,0.29713733,-1
69401.796296,1684.01,0.43291461,-1
69401.796296,1684.01,2.149055,-1
69402.446543,1683.84,0.06035675,1
69402.446543,1683.9,0.001,1
69402.446543,1684,0.001,1
69403.029928,1683.81,0.061185,-1
69404.657913,1683.8,0.00000593,1
69404.928729,1683.81,0.02815623,-1
69405.913668,1683.8,0.07301575,1
69405.913668,1683.8,0.00099407,1
69407.779402,1683.76,0.00349576,1
69407.951708,1683.77,0.03604467,-1
69408.813307,1683.77,0.04294023,-1
69408.813307,1683.77,0.06969644,-1
69409.026022,1683.77,0.02815957,-1
69411.72499,1683.7,0.182,1
69411.72499,1683.7,0.001,1
69412.956996,1683.66,0.0245,1
69413.992145,1683.61,0.055224,-1
69420.580869,1683.73,0.00358351,-1
69421.604188,1683.72,0.31409772,-1
69421.604188,1683.72,0.02643528,-1
69422.977508,1683.84,0.001406,1
69427.734323,1683.68,0.0006722,1
69427.764125,1683.68,0.00555318,1
69428.6837,1683.76,0.00000036,-1
69430.076871,1683.79,0.05070485,-1
69431.358559,1683.86,0.557234,1
69431.724554,1684.1,0.00211596,-1
69431.724554,1684,0.001,-1
69431.724554,1683.9,0.001,-1
69431.824199,1684.2,0.02685876,-1
69431.824199,1684.2,0.001,-1
69431.824199,1684.1,0.001,-1
69431.797961,1684.09,2.016,1
69431.765744,1684.09,0.13930831,1
69431.765744,1684.09,0.13930869,1
69432.110467,1684.29,1.10113578,1
69432.110467,1684.29,0.91890234,1
69432.110467,1684.29,0.13930888,1
69433.722047,1684.4,0.00289779,-1
69433.722047,1684.4,0.001,-1
69433.722047,1684.3,0.001,-1
69433.780238,1684.32,0.019044,-1
69433.778638,1684.32,0.01442835,-1
69434.17497,1684.32,0.00073495,-1
69434.386908,1684.32,0.0288567,-1
69434.996532,1684.32,0.00573281,-1
69435.312618,1684.32,0.01469924,-1
69436.907877,1684.37,0.00104062,-1
69437.20517,1684.39,0.00252328,1
69437.175108,1684.41,0.00865476,-1
69437.359967,1684.41,0.01154185,-1
69438.658637,1684.49,0.00094661,1
69438.658637,1684.49,1.18714686,1
69438.658637,1684.49,0.05930609,1
69438.658637,1684.49,0.08922744,1
69438.996784,1684.47,0.0000119,-1
69439.047649,1684.48,0.00587757,-1
69441.412502,1684.63,0.04501708,-1
69441.412502,1684.6,0.001,-1
69441.412502,1684.5,0.001,-1
69441.620322,1684.9,0.03272536,-1
69441.620322,1684.9,0.001,-1
69441.620322,1684.82,0.00089057,-1
69441.620322,1684.8,0.001,-1
69441.620322,1684.7,0.001,-1
69442.375869,1684.76,0.00043493,-1
69443.037205,1684.67,0.00774854,-1
69443.037205,1684.65,0.55538626,-1
69446.026646,1684.59,0.11261065,-1
69450.738798,1684.53,0.059281,1
69450.80335,1684.48,1.18715877,1
69450.80335,1684.5,0.001,1
69450.80335,1684.51,0.05928137,1
69450.907716,1684.4,1.18715789,1
69450.907716,1684.4,0.00076111,1
69450.907716,1684.4,0.001,1
69451.039132,1684.35,0.05631198,-1
69452.716264,1684.35,0.23074668,-1
69453.268452,1684.28,0.033642,1
69453.230808,1684.3,0.001,1
69455.242953,1684.22,0.00000593,-1
69455.231189,1684.22,0.0001187,-1
69455.219586,1684.22,0.29378708,-1
69455.366267,1684.22,0.25683714,-1
69455.366267,1684.22,0.0370029,-1
69456.962374,1684.2,0.05757889,1
69456.962374,1684.2,0.001,1
69459.334515,1684.3,0.00563078,-1
69460.663383,1684.26,0.00060543,-1
69464.562479,1684.36,0.16598608,-1
69464.562479,1684.36,0.05928137,-1
69464.77342,1684.37,0.00257683,1
69465.104164,1684.37,0.50493525,1
69466.427043,1684.58,0.01977148,-1
69466.427043,1684.5,0.001,-1
69466.427043,1684.4,0.001,-1
69468.60577,1684.59,0.16854453,1
69469.178183,1684.8,0.03023748,-1
69469.178183,1684.79,0.05928137,-1
69469.178183,1684.7,0.173,-1
69469.178183,1684.7,0.001,-1
69469.178183,1684.6,0.001,-1
69469.69733,1684.7,0.09405282,-1
69470.385504,1684.71,1.30675444,1
69470.385504,1684.75,0.36933326,1
69471.026489,1684.74,0.216896,-1
69473.716957,1684.73,0.0187039,1
69473.716957,1684.77,0.00130965,1
69473.716957,1684.77,0.18466663,1
69474.857647,1684.7,0.00521427,1
69475.241625,1684.74,0.02571279,-1
69476.240175,1684.74,0.009946,-1
69476.196071,1684.76,0.02884077,-1
69476.985413,1684.74,0.01295168,-1
69478.593604,1684.76,0.00682109,1
69480.506212,1684.5,0.00000593,1
69482.019235,1684.51,0.0123407,-1
69482.535159,1684.5,1.187079,1
69482.535159,1684.5,0.00099407,1
69482.62052,1684.41,0.0288418,-1
69490.790469,1684.58,0.00067185,1
69494.654804,1684.9,0.00266261,-1
69494.654804,1684.9,0.001,-1
69494.654804,1684.8,0.001,-1
69494.654804,1684.77,0.00609106,-1
69494.654804,1684.7,0.001,-1
69495.129431,1684.71,0.11537404,-1
69496.001357,1684.65,0.00293842,-1
69496.841848,1684.69,0.05768325,-1
69496.816865,1684.68,0.06643811,1
69496.816865,1684.69,0.05928137,1
69496.816865,1684.7,0.00139938,1
69496.985369,1684.69,0.00562994,-1
69497.430896,1684.69,0.00058767,-1
69498.390779,1684.3,0.001,1
69498.390493,1684.41,3.86291984,1
69498.388952,1684.48,0.207,1
69498.388678,1684.48,0.173,1
69498.387737,1684.48,0.747,1
69498.387491,1684.32,0.1,1
69498.387491,1684.32,0.03330654,1
69498.387491,1684.33,3.86291984,1
69498.387491,1684.34,0.89333306,1
69498.387491,1684.35,0.05927471,1
69498.387491,1684.35,3.74547074,1
69498.386604,1684.39,0.90944979,1
69498.386422,1684.4,3.86291984,1
69498.386422,1684.4,0.001,1
69498.386422,1684.42,0.2,1
69498.386422,1684.44,1.04,1
69498.386422,1684.48,5.35320329,1
69498.383337,1684.47,1.52338976,1
69498.382431,1684.47,0.03397,1
69498.382074,1684.47,0.03131,1
69498.381871,1684.47,2.27425008,1
69498.381871,1684.48,6.313362,1
69498.381871,1684.5,0.001,1
69498.381871,1684.5,0.2027,1
69498.381395,1684.5,0.2973,1
69498.380323,1684.63,1.29910246,1
69498.379901,1684.63,0.18490292,1
69498.379297,1684.6,0.89041556,1
69498.377261,1684.64,1.48399658,1
69498.376617,1684.69,1.18725009,1
69498.375434,1684.71,0.05928137,1
69498.375434,1684.75,0.14627386,1
69498.498078,1684.2,0.135,1
69498.496,1684.1,1.96163661,1
69498.494036,1684.1,0.61576327,1
69498.494036,1684.26,2.44456471,1
69498.492549,1684.01,1.575,1
69498.492549,1684.08,0.17768,1
69498.492442,1684.1,0.001,1
69498.492442,1684.14,0.13322616,1
69498.492442,1684.2,0.001,1
69498.490373,1684.25,4.09474825,1
69498.490373,1684.26,0.06661308,1
69498.489656,1684.29,2.34593115,1
69498.489656,1684.3,0.03297348,1
69498.488345,1684.35,0.05927471,1
69498.475293,1684.35,0.27372529,1
69498.475293,1684.35,0.05927471,1
69498.625304,1684.31,0.92686817,-1
69498.622046,1684.27,0.05928137,-1
69498.596226,1684.18,0.08422464,-1
69498.592033,1684.18,0.13011232,-1
69498.588855,1684.18,0.01703744,-1
69498.588096,1684.18,0.11103744,-1
69498.584147,1684.18,0.06001248,-1
69498.5815,1684.26,0.02201248,-1
69498.570117,1684.2,0.12050624,-1
69498.5604,1684.2,0.03825312,-1
69498.554768,1684.2,0.00762656,-1
69498.53536,1684.21,1.70708187,-1
69498.53536,1684.14,2.52391984,-1
69498.534792,1684.14,0.562,-1
69498.53393,1684.14,0.777,-1
69498.527825,1684.15,0.50481328,-1
69498.942973,1684.22,1.07759269,1
69498.942206,1684.22,0.90158815,1
69498.942206,1684.25,0.89333306,1
69498.940062,1683.83,2.80379853,1
69498.940062,1683.84,1.24210147,1
69498.939692,1683.84,1.70716419,1
69498.939692,1683.84,2.29603379,1
69498.939692,1683.89,0.34900202,1
69498.939618,1683.89,0.54433104,1
69498.939618,1683.9,0.001,1
69498.939618,1683.9,0.182,1
69498.939618,1683.95,0.12258139,1
69498.939618,1683.95,0.04308757,1
69498.938239,1683.95,1.08854056,1
69498.938239,1683.97,0.940275,1
69498.938239,1684,3.86291984,1
69498.938239,1684,0.2,1
69498.938239,1684,0.1,1
69498.938239,1684,0.001,1
69498.938239,1684.01,0.89333306,1
69498.938239,1684.03,0.91199785,1
69498.938239,1684.04,0.02101385,1
69498.938239,1684.07,3.86291984,1
69498.93813,1684.21,0.89333306,1
69498.93813,1684.21,2.07500773,1
69498.935478,1684.21,0.23463,1
69498.935419,1684.21,0.11224,1
69498.934451,1684.21,0.78973146,1
69498.933681,1684.21,0.03173065,1
69498.933514,1684.21,0.35458,1
69498.933136,1684.21,0.265,1
69498.93294,1684.04,1.3445227,1
69498.93294,1684.06,0.0612907,1
69498.93294,1684.12,0.03064535,1
69498.93294,1684.14,0.47401278,1
69498.9326,1684.14,0.16624,1
69498.932038,1684.14,0.13092,1
69498.931827,1684.14,0.10233,1
69498.931603,1684.14,0.27431828,1
69498.931376,1684.14,0.76182179,1
69498.931376,1684.38,0.01290886,1
69498.930842,1684.38,4.019,1
69498.930523,1684.38,0.06235,1
69498.929954,1684.14,1.52031828,1
69498.929659,1684.14,0.43295871,1
69498.929659,1684.15,0.1536,1
69498.929659,1684.15,2.46445362,1
69498.929659,1684.15,0.89333306,1
69498.929143,1684.43,0.08414318,1
69498.929087,1684.21,0.1553216,1
69498.929087,1684.21,1.28121634,1
69498.92904,1684.21,0.05884675,1
69498.928913,1684.21,0.15384675,1
69498.928822,1684.21,0.22667,1
69498.928541,1684.21,2.14234,1
69498.927645,1684.3,1.038,1
69498.926908,1684.37,3.29130847,1
69498.926668,1684.41,0.08414318,1
69498.926668,1684.41,0.41138529,1
69498.926289,1684.41,3.68283774,1
69498.891079,1684.77,0.00099875,-1
69499.03708,1684,0.02850017,1
69499.032158,1684.12,0.60298749,-1
69499.022241,1684.19,1.575,-1
69499.022241,1684.18,1.575,-1
69499.022241,1684.13,0.1190025,-1
69499.022241,1684.13,0.4260025,-1
69499.022241,1684.13,0.0390025,-1
69499.022241,1684.13,0.0190025,-1
69499.001469,1684.17,0.52800251,-1
69499.001469,1684.16,0.64551669,-1
69499.001469,1684.16,0.60682398,-1
69498.998962,1684.02,0.89326694,1
69498.998962,1684.14,0.00003306,1
69498.998851,1684.14,0.8933,1
69498.994281,1683.9,0.89333306,1
69498.994281,1684.02,0.00003306,1
69498.992629,1684.02,0.8933,1
69498.988831,1684.15,0.00003306,1
69498.988801,1684.15,0.8933,1
69498.983083,1684.05,0.05928137,1
69498.983083,1684.14,0.00003306,1
69498.979051,1684.14,0.8933,1
69498.977601,1683.83,2.15895395,1
69498.977601,1683.83,0.89670572,1
69498.977601,1683.83,1.05912131,1
69498.977601,1683.89,0.00003306,1
69498.977601,1683.9,1.80668596,1
69498.975208,1683.9,2.05623388,1
69498.975208,1684.01,0.42226612,1
69498.974508,1684.01,0.47106694,1
69498.974508,1684.13,0.19333306,1
69498.971921,1684.13,0.4,1
69498.971349,1684.13,0.2,1
69498.971027,1684.13,0.1,1
69498.967124,1683.89,0.8933,1
69498.966541,1684.05,0.89333306,1
69498.956079,1684.1,0.4,1
69498.956079,1684.1,0.2,1
69498.956079,1684.1,0.1,1
69498.950338,1684.11,0.74444069,1
69498.947484,1684.11,2.19427812,1
69498.947484,1684.13,0.89333306,1
69498.947029,1684.18,1.22840883,1
69498.946848,1684.18,0.34558245,1
69498.946653,1684.18,2.28892856,1
69498.946627,1684.25,0.89333306,1
69499.052334,1683.6,0.001,1
69499.047685,1683.63,2.03765521,1
69499.047309,1683.63,5.97842944,1
69499.046948,1683.64,0.22800139,1
69499.046948,1683.7,0.001,1
69499.046948,1683.71,1.10311368,1
69499.046948,1683.77,0.00089059,1
69499.046948,1683.8,0.001,1
69499.046948,1683.81,0.1140007,1
69499.046948,1683.83,0.08728614,1
69499.046948,1683.94,0.05700035,1
69499.054489,1683.52,1.19981954,1
69499.168919,1683.58,0.00279153,-1
69499.138516,1683.4,0.001,1
69499.138516,1683.42,0.21744138,1
69499.135374,1683.42,0.90544085,1
69499.128705,1683.5,0.001,1
69499.109199,1683.52,0.17114242,1
69499.109199,1683.53,0.021,1
69499.109199,1683.53,0.02,1
69499.109199,1683.53,0.029,1
69499.109199,1683.53,0.033,1
69499.109199,1683.53,0.019,1
69499.109199,1683.53,0.012,1
69499.109199,1683.53,0.041,1
69499.109199,1683.53,0.02,1
69499.109199,1683.53,0.107,1
69499.109199,1683.53,0.12,1
69499.109199,1683.53,0.044,1
69499.109199,1683.53,0.012,1
69499.109199,1683.53,0.005,1
69499.109199,1683.53,0.325,1
69499.109199,1683.53,0.11,1
69499.392905,1683.76,1,-1
69499.392905,1683.74,1,-1
69499.392905,1683.73,0.05928137,-1
69499.360817,1683.54,1.372768,-1
69499.563039,1684.16,0.0058767,-1
69499.552886,1684.15,0.69054192,-1
69499.549566,1683.99,4.95196368,-1
69499.547028,1684.15,2.35949942,-1
69499.546372,1684.06,0.89333306,-1
69499.545917,1684.01,7.42214174,-1
69499.545147,1683.94,7.42214174,-1
69499.468237,1683.9,0.00587684,-1
69499.703278,1684.19,0.23767435,-1
69499.696303,1684.12,0.096,-1
69499.696033,1684.11,0.192,-1
69499.69219,1684,0.048,-1
69499.631543,1683.98,0.29999999,-1
69499.63125,1683.98,0.3,-1
69499.597421,1683.86,0.096,-1
69499.596587,1683.74,0.048,-1
69499.592001,1683.9,0.172,1
69499.592001,1684,0.172,1
69499.592001,1684.01,0.643,1
69499.592001,1684.01,0.61,1
69499.592001,1684.1,0.172,1
69499.774139,1684.33,0.11541284,-1
69499.774139,1684.3,0.172,-1
69499.774139,1684.2,0.001,-1
69499.869891,1684.24,1.18716,1
69499.866702,1684.25,0.01153609,-1
69500.339568,1684.07,1.18716,1
69500.428384,1684.07,0.01099925,1
69500.428384,1684.07,1.18716075,1
69500.395842,1684.07,1.18716,1
69500.36748,1684.07,1.18716,1
69500.520029,1684.07,1.31446,1
69500.490485,1684.07,1.18716025,1
69500.490485,1684.07,0.00000075,1
69500.459352,1684.07,0.0109985,1
69500.459352,1684.07,1.18716075,1
69500.459352,1684.07,0.00000075,1
69500.551679,1684.07,0.600999,1
69500.737347,1684.07,0.59999775,1
69500.737347,1684.07,0.00000025,1
69501.089913,1684.1,1,-1
69501.089913,1684.08,1,-1
69501.643018,1684.15,0.03378432,-1
69502.149966,1684.14,0.08155314,1
69502.304866,1684.18,1,-1
69502.304132,1684.16,0.24713922,-1
69502.295732,1684.16,0.75286078,-1
69502.295732,1684.15,0.01689216,-1
69502.295732,1684.15,0.075,-1
69502.295732,1684.15,0.19121568,-1
69502.815354,1684.3,0.049005,-1
69502.815354,1684.3,0.001,-1
69504.419284,1684.17,0.01442587,-1
69504.496729,1684.18,0.01442527,-1
69504.996711,1684.2,0.23691854,-1
69504.990917,1684.2,0.76308146,-1
69504.990917,1684.18,0.01442,-1
69504.990917,1684.18,0.98557473,-1
69505.644217,1684.29,0.00112827,-1
69507.479826,1684.28,0.21045771,1
69508.89149,1684.32,0.28651278,-1
69508.89149,1684.3,1,-1
69510.600333,1684.13,0.00732462,-1
69512.50811,1684.14,0.00921059,-1
69513.075857,1684.14,0.14732513,-1
69513.918627,1684,0.001,1
69513.914784,1684.08,1.18728326,1
69513.906822,1684.1,0.001,1
69513.906822,1684.11,0.05928137,1
69513.906822,1684.13,0.00088823,1
69513.998268,1683.9,1.18728326,1
69513.998268,1683.9,0.001,1
69515.353496,1683.6,0.00031548,1
69515.353496,1683.7,0.001,1
69515.353496,1683.8,0.001,1
69516.210398,1683.68,1,-1
69516.210398,1683.66,1,-1
69516.298228,1683.71,4.70697063,-1
69517.922436,1683.61,0.00947909,1
69518.02273,1683.62,1,-1
69518.642579,1683.65,0.26328156,1
69518.642336,1683.65,0.59383331,1
69518.642193,1683.65,0.33055175,1
69520.389936,1683.5,0.315294,1
69520.374753,1683.5,0.87240056,1
69520.374753,1683.5,0.001,1
69520.35411,1683.56,1.18769473,1
69520.35411,1683.6,0.001,1
69520.35411,1683.6,0.00068452,1
69520.453164,1683.41,0.78306624,1
69520.452516,1683.41,0.17330945,1
69520.452374,1683.41,0.23131904,1
69520.452374,1683.41,0.05928137,1
69521.443517,1683.41,0.11756742,-1
69521.906363,1683.41,0.00214881,-1
69521.906363,1683.41,0.01254712,-1
69524.425177,1683.42,0.14273233,-1
69524.425177,1683.41,0.05928137,-1
69524.729538,1683.44,0.6721432,-1
69524.729538,1683.42,0.05928137,-1
69524.729538,1683.42,0.84283761,-1
69524.660464,1683.42,0.01443006,-1
69525.699923,1683.44,0.02938924,-1
69526.008114,1683.44,0.11759815,-1
69526.151887,1683.44,0.02939,-1
69526.151887,1683.44,0.67214,-1
69526.151887,1683.44,0.18086941,-1
69526.523614,1683.52,0.00587785,-1
69526.636182,1683.61,0.01971638,-1
69526.631588,1683.54,1,-1
69526.631588,1683.52,1,-1
69526.631588,1683.52,0.04212215,-1
69526.63987,1683.61,0.03956499,-1
69526.750943,1683.67,0.19999094,-1
69526.750829,1683.64,0.096,-1
69526.916753,1683.75,0.00017571,-1
69526.916753,1683.7,0.001,-1
69527.405296,1683.75,0.47519765,1
69527.711864,1683.61,0.01408271,-1
69527.838676,1683.64,0.24582422,-1
69527.838676,1683.62,1,-1
69527.838676,1683.61,0.00704136,-1
69527.838676,1683.61,0.28857338,-1
69528.070486,1683.68,0.75417578,-1
69529.4971,1683.63,0.00166391,1
69531.502372,1683.62,0.35538503,-1
69531.502372,1683.62,0.40091461,-1
69531.502372,1683.62,1,-1
69532.35029,1683.68,1,-1
69532.35029,1683.66,1,-1
69532.644563,1683.94,0.33691461,-1
69532.644509,1683.94,0.66491461,-1
69532.633682,1683.94,0.33691461,-1
69532.633583,1683.94,0.66491461,-1
69532.604227,1683.94,0.33691461,-1
69532.603959,1683.94,0.66491461,-1
69532.575656,1683.94,0.66491461,-1
69532.574995,1683.94,0.33691461,-1
69532.565148,1683.94,0.66391461,-1
69532.565082,1683.94,0.33791461,-1
69532.554426,1683.9,0.001,-1
69532.554426,1683.8,0.001,-1
69532.666151,1684.02,0.00082922,-1
69532.666151,1684,0.33608539,-1
69532.665912,1684,0.66391461,-1
69532.665912,1684,0.001,-1
69532.655027,1683.98,0.33691461,-1
69532.654944,1683.98,0.66491461,-1
69532.780202,1684.1,0.66391461,-1
69532.779334,1684.1,0.33791461,-1
69532.769623,1684.1,0.66391461,-1
69532.769362,1684.1,0.33691461,-1
69532.769362,1684.1,0.001,-1
69532.757975,1684.02,0.6309251,-1
69532.757779,1684.02,0.55668041,-1
69532.757779,1684.02,0.99917078,-1
69532.896184,1684.11,0.22609631,1
69532.896184,1684.11,0.22609631,1
69533.596024,1683.9,0.34391461,-1
69533.595921,1683.9,0.55694142,-1
69533.595921,1683.89,0.10097319,-1
69533.565994,1683.9,0.65791461,-1
69533.565676,1683.9,0.14196824,-1
69533.565676,1683.89,0.20194637,-1
69533.55491,1683.81,0.15696277,-1
69533.55491,1683.81,0.18695184,-1
69533.74549,1683.93,0.0015777,-1
69533.735326,1683.94,0.65791461,-1
69533.734943,1683.95,0.33129296,-1
69533.734943,1683.94,0.01262165,-1
69533.724542,1683.96,0.05800957,-1
69533.724542,1683.96,0.28590504,-1
69533.72432,1683.96,0.60742802,-1
69533.72432,1683.89,0.05048659,-1
69533.88313,1683.96,0.48783349,-1
69533.882753,1683.96,0.34491461,-1
69534.03354,1684.04,0.54580057,-1
69534.033512,1684.04,0.34491461,-1
69534.81857,1684.07,0.394914,1
69534.787308,1684.07,0.00140239,1
69534.787308,1684.07,0.39391461,1
69534.911766,1684.07,0.39391378,1
69534.911766,1684.07,0.00000022,1
69534.88414,1684.07,0.39391439,1
69534.88414,1684.07,0.00000061,1
69534.99943,1684.07,0.39391456,1
69534.99943,1684.07,0.00000044,1
69534.967136,1684.07,0.39391417,1
69534.967136,1684.07,0.00000083,1
69535.059654,1684.07,0.39491434,1
69535.059654,1684.07,0.00000066,1
69535.02614,1684.07,0.39491395,1
69535.02614,1684.07,0.00000005,1
69535.369697,1684.08,0.00506926,-1
69535.354947,1684.08,0.00901508,-1
69537.662021,1684.1,0.001,-1
69537.662021,1684.09,0.00550875,-1
69537.650186,1684.08,0.33491461,-1
69537.650147,1684.08,0.60763324,-1
69537.650147,1684.08,0.05928137,-1
69537.813508,1684.47,0.33391461,-1
69537.803368,1684.43,0.03583791,-1
69537.803002,1684.43,0.33391461,-1
69537.795953,1684.42,0.02774,-1
69537.792479,1684.43,0.13024748,-1
69537.792479,1684.41,0.19995631,-1
69537.792479,1684.38,0.33771082,-1
69537.79243,1684.38,0.20044355,-1
69537.792356,1684.38,0.33391461,-1
69537.791094,1684.38,0.53486902,-1
69537.791094,1684.38,0.00085098,-1
69537.791016,1684.38,0.0595,-1
69537.790751,1684.38,0.0535,-1
69537.789319,1684.38,0.56787644,-1
69537.787566,1684.32,0.89056711,-1
69537.787128,1684.38,0.21346,-1
69537.786891,1684.33,1.54991444,-1
69537.786399,1684.33,0.191,-1
69537.782441,1684.33,0.445,-1
69537.782317,1684.33,0.45043822,-1
69537.782237,1684.33,1.46,-1
69537.781118,1684.34,0.66791461,-1
69537.781032,1684.34,0.33391461,-1
69537.778656,1684.4,0.53644108,-1
69537.778656,1684.4,0.1553216,-1
69537.778656,1684.4,0.001,-1
69537.778656,1684.38,0.19412603,-1
69537.778207,1684.38,0.25602,-1
69537.777762,1684.38,0.44254783,-1
69537.777762,1684.37,4.09627938,-1
69537.777762,1684.35,0.50983823,-1
69537.777762,1684.32,1.89395239,-1
69537.777762,1684.32,0.00089084,-1
69537.777762,1684.3,0.001,-1
69537.776978,1684.25,0.048,-1
69537.774408,1684.2,0.001,-1
69537.770987,1684.17,0.096,-1
69537.770625,1684.15,0.19999633,-1
69537.770625,1684.14,1.07644189,-1
69537.768771,1684.14,0.11116693,-1
69537.768771,1684.14,0.22274768,-1
69537.768489,1684.14,0.66791461,-1
69537.869878,1684.47,0.08552708,-1
69537.868691,1684.47,0.02452708,-1
69537.848144,1684.47,0.62734509,-1
69537.848144,1684.47,0.55941845,-1
69538.050179,1684.47,0.0000294,-1
69538.832219,1684.49,0.05928137,-1
69538.886412,1684.5,0.07894373,-1
69538.886412,1684.5,0.001,-1
69539.018341,1684.53,0.21554618,-1
69539.01805,1684.53,0.67491461,-1
69542.572021,1684.58,0.00220305,1
69543.208055,1684.66,0.68691461,-1
69543.207792,1684.66,0.31491461,-1
69543.180642,1684.6,0.00498653,-1
69543.180642,1684.6,0.001,-1
69543.180466,1684.59,0.62763324,-1
69543.180466,1684.59,0.05928137,-1
69544.506668,1684.69,0.08448108,-1
69544.6413,1684.69,0.00000593,-1
69544.628312,1684.69,0.0058741,-1
69544.718582,1684.68,0.047471,1
69546.331976,1684.69,0.31491461,-1
69546.331805,1684.69,0.68691461,-1
69546.366995,1684.73,0.31591461,-1
69546.366799,1684.73,0.68591461,-1
69546.352532,1684.7,0.001,-1
69546.352532,1684.69,0.04798853,-1
69546.704836,1684.8,0.01993308,-1
69546.704836,1684.8,0.001,-1
69546.805816,1684.8,1,-1
69547.249974,1684.9,0.22552673,-1
69547.249974,1684.9,0.19,-1
69547.249974,1684.9,0.001,-1
69547.249974,1684.88,0.89027424,-1
69547.249974,1684.83,0.2002136,-1
69547.249974,1684.8,1.18730755,-1
69547.249974,1684.8,0.19,-1
69548.233883,1684.83,0.029384,-1
69549.029714,1684.83,0.02533669,-1
69549.980705,1684.83,0.08314996,-1
69552.310821,1684.8,1,1
69552.310179,1684.82,0.00000079,1
69552.3073,1684.82,0.00085,1
69552.3073,1684.82,1,1
69553.955921,1684.66,0.2756598,-1
69553.955921,1684.66,0.01814362,-1
69554.91043,1684.69,0.1909274,-1
69554.910065,1684.69,0.63662847,-1
69554.910065,1684.68,0.05928614,-1
69554.899619,1684.67,0.19446748,-1
69554.899611,1684.67,0.69591461,-1
69555.077189,1684.79,0.00305261,-1
69556.174077,1684.76,1,1
69556.174077,1684.78,1,1
69556.626261,1684.61,0.01125928,-1
69560.116567,1684.67,0.01175311,-1
69560.103063,1684.67,0.11743783,-1
69560.103063,1684.67,0.05928614,-1
69560.103063,1684.67,0.00907181,-1
69561.128084,1684.67,0.05768428,-1
69561.531215,1684.67,0.02938278,-1
69561.766251,1684.66,0.004,1
69562.06348,1684.67,0.21859363,-1
69562.297631,1684.66,0.2970377,1
69562.248472,1684.67,0.00587656,-1
69564.273501,1684.67,0.10556963,-1
69567.639758,1684.73,0.05106222,-1
69567.639758,1684.72,0.05928614,-1
69567.841837,1684.77,0.00572961,-1
69568.48658,1684.77,0.00711154,-1
69569.820415,1684.82,0.26076908,-1
69569.820415,1684.82,0.43914553,-1
69569.82002,1684.82,0.24262847,-1
69569.82002,1684.81,0.05928614,-1
69569.928644,1684.84,0.03872909,-1
69569.928644,1684.84,0.24882291,-1
69569.927871,1684.84,0.69991461,-1
69569.927548,1684.84,0.23840117,-1
69569.927548,1684.84,0.06351344,-1
69570.036902,1685,0.001,-1
69570.036902,1685,3.5857274,-1
69570.036461,1685,1.51403496,-1
69569.943437,1684.91,0.19999046,-1
69569.943437,1684.91,0.048,-1
69569.943437,1684.9,0.001,-1
69569.943437,1684.87,0.14017078,-1
69569.94079,1684.87,0.30191461,-1
69569.940621,1684.87,0.69991461,-1
69570.0774,1685.1,0.001,-1
69570.0774,1685.1,0.01205319,-1
69570.048098,1685.05,0.70491461,-1
69570.047929,1685.05,0.09692527,-1
69570.047929,1685.04,0.19998934,-1
69570.247697,1685.1,0.421914,1
69571.376742,1685.11,0.01762957,-1
69572.494377,1685.11,0.00085202,-1
69572.95356,1685.11,0.01783257,-1
69572.95356,1685.11,0.04080455,-1
69573.364939,1685.13,0.19674286,-1
69573.364395,1685.13,0.69340109,-1
69573.364395,1685.12,0.00451352,-1
69573.770523,1685.21,0.02261263,-1
69573.770523,1685.2,0.001,-1
69573.770523,1685.19,0.00453591,-1
69574.214549,1685.17,0.26345009,-1
69574.214549,1685.17,0.89012043,-1
69574.463117,1685.18,0.0281477,-1
69575.38153,1685.18,0.03701989,-1
69575.63779,1685.19,1.148,-1
69575.63779,1685.18,0.03122628,-1
69575.63779,1685.18,1.18680959,-1
69575.63779,1685.18,0.05118418,-1
69575.698801,1685.27,0.30191461,-1
69575.698412,1685.27,0.65191461,-1
69575.698412,1685.27,0.048,-1
69575.647545,1685.22,0.03026311,-1
69575.647545,1685.2,0.19019228,-1
69575.64747,1685.2,0.69991461,-1
69578.082908,1685.35,0.58649549,-1
69578.082908,1685.3,0.001,-1
69578.762345,1685.35,0.00179812,1
69579.658023,1685.32,0.419914,1
69579.598244,1685.34,0.41891461,1
69579.598244,1685.34,1,1
69579.749813,1685.32,0.00000061,1
69579.877898,1685.3,0.03658942,-1
69581.862043,1685.32,0.00281412,-1
69582.03062,1685.32,0.01527433,-1
69582.7321,1685.32,0.0064325,-1
69583.113726,1685.32,0.03476519,-1
69583.236513,1685.4,0.001,-1
69583.22618,1685.38,0.69891461,-1
69583.225848,1685.38,0.30291461,-1
69583.286162,1685.57,0.01053212,-1
69583.286162,1685.5,0.001,-1
69583.280863,1685.43,0.17727983,-1
69588.183626,1685.11,0.04669782,1
69588.174561,1685.1,0.41991461,1
69588.171798,1685.11,0.09339563,1
69588.169285,1685.1,0.56447934,1
69588.159347,1684.97,0.0657303,1
69588.158578,1685,0.001,1
69588.157435,1685.03,0.03286515,1
69588.157435,1685.1,0.001,1
69588.157435,1685.13,0.07947758,1
69588.156402,1685.13,0.22065641,1
69588.15495,1685.13,0.18779126,1
69588.153792,1685.13,0.11207475,1
69588.15308,1685.13,0.11207475,1
69588.128061,1685.38,0.08033764,1
69588.127724,1685.38,0.21852838,1
69588.123829,1685.12,0.31206918,1
69588.123829,1685.31,1.48340661,1
69588.121812,1685.05,1.63892562,1
69588.121812,1685.3,1.48341541,1
69588.12069,1685.1,0.001,1
69588.12069,1685.11,3.13189344,1
69588.12069,1685.2,0.001,1
69588.120642,1685.28,0.5441187,1
69588.120498,1685.28,0.34594073,1
69588.120498,1685.3,0.001,1
69588.120498,1685.36,0.65076548,1
69588.120498,1685.36,1.18666177,1
69588.120498,1685.37,0.70843708,1
69588.117868,1685.4,0.05928614,1
69588.117868,1685.4,0.199,1
69588.117868,1685.45,0.41891461,1
69588.117868,1685.46,0.41891461,1
69588.117868,1685.49,0.41891461,1
69588.117868,1685.5,0.003,1
69588.117799,1685.5,0.41891461,1
69588.112777,1685.5,1,1
69588.112777,1685.52,0.42291461,1
69588.112777,1685.52,0.29886602,1
69588.112546,1685.52,0.70113398,1
69588.112546,1685.53,0.42291461,1
69588.112546,1685.53,0.59773204,1
69590.98725,1685,0.16718172,1
69590.98725,1685,0.41991461,1
69590.98725,1685.01,0.41991461,1
69590.98725,1685.02,0.000762,1
69590.98725,1685.02,1.16127066,1
69590.98725,1685.02,1.06798455,1
69590.98725,1685.02,0.41891461,1
69591.557001,1685.01,0.00293674,-1
69592.176971,1685,1.16392748,1
69592.176971,1685,1.04324652,1
69594.251574,1685.01,0.0028895,1
69595.227001,1684.98,0.08581196,1
69595.212912,1685.04,0.59508511,-1
69595.212912,1685.02,1,-1
69596.708713,1685.04,0.23494094,-1
69597.179011,1685.18,0.52454897,-1
69597.179011,1685.14,1.18689145,-1
69597.179011,1685.14,0.00408811,-1
69597.179011,1685.13,0.96351966,-1
69597.179011,1685.13,1.2859906,-1
69597.179011,1685.12,0.89014588,-1
69597.179011,1685.06,1,-1
69597.179011,1685.05,0.05928614,-1
69597.179011,1685.04,0.23494,-1
69597.179011,1685.04,0.59508,-1
69597.179011,1685.04,0.16997395,-1
69600.017874,1685.12,0.04131058,-1
69600.94739,1685.12,0.01098688,-1
69601.218706,1685.19,1,-1
69601.218706,1685.17,0.05928614,-1
69601.21421,1685.17,1.08235021,-1
69601.211999,1685.14,1,-1
69601.211999,1685.13,0.8901423,-1
69601.211999,1685.12,0.06315175,-1
69601.211999,1685.12,1.40839215,-1
69601.211999,1685.12,0.04131,-1
69601.211999,1685.12,0.75070254,-1
69601.211738,1685.12,0.197,-1
69601.311424,1685.29,0.03697892,-1
69601.311424,1685.28,0.1536,-1
69601.311424,1685.27,0.18347012,-1
69601.311424,1685.24,0.57662746,-1
69601.310512,1685.19,1.18683764,-1
69601.561551,1685.29,1.16366105,1
69601.561551,1685.29,1.08827769,1
69601.561551,1685.29,0.31168626,1
69602.370329,1685.3,0.20083987,-1
69602.370329,1685.3,0.001,-1
69603.95235,1685.16,0.08062043,-1
69603.95235,1685.16,0.20083,-1
69604.137974,1685.16,0.28835978,-1
69606.206265,1685.16,0.02654304,-1
69606.423036,1685.12,0.02974792,-1
69606.423036,1685.12,0.02654,-1
69606.86054,1685.11,0.00091488,1
69606.86054,1685.11,0.94624612,1
69607.016592,1685.01,0.01407051,-1
69609.03251,1685.02,0.66162847,-1
69609.03251,1685.01,0.05928614,-1
69609.131885,1685.16,0.71991461,-1
69609.122298,1685.15,0.61738833,-1
69609.122298,1685.15,0.10352628,-1
69609.105308,1685.15,0.70899072,-1
69609.105308,1685.12,0.01192389,-1
69609.063655,1685.07,0.72091461,-1
69609.053142,1685.04,0.38254308,-1
69609.053142,1685.02,0.33837153,-1
69609.22353,1685.41,0.72091461,-1
69609.21313,1685.44,0.01151842,-1
69609.21313,1685.4,0.001,-1
69609.21313,1685.34,0.096,-1
69609.21313,1685.33,0.56339619,-1
69609.21313,1685.3,0.001,-1
69609.21313,1685.23,0.048,-1
69609.198191,1685.18,0.61746,-1
69610.073875,1685.32,0.71591461,-1
69610.058661,1685.32,0.20916477,-1
69610.058661,1685.31,0.05928614,-1
69610.058661,1685.31,0.00330684,-1
69610.058661,1685.31,0.44415686,-1
69610.153114,1685.34,0.64099399,-1
69610.153114,1685.32,0.07492062,-1
69610.318444,1685.42,0.1536,-1
69610.318444,1685.41,0.05928614,-1
69610.308599,1685.4,0.11179582,-1
69610.308599,1685.33,0.17511879,-1
69610.308176,1685.33,0.71491461,-1
69610.373182,1685.45,0.11185391,-1
69610.373182,1685.44,0.6030607,-1
69610.373127,1685.44,0.28691461,-1
69610.645409,1685.44,0.28791461,-1
69610.645342,1685.44,0.71391461,-1
69610.634897,1685.44,0.28791461,-1
69610.634646,1685.44,0.71391461,-1
69610.623225,1685.44,0.71491461,-1
69610.622101,1685.44,0.28691461,-1
69610.569974,1685.44,0.02532632,-1
69610.732621,1685.44,0.28791461,-1
69610.679693,1685.45,0.28791461,-1
69610.679372,1685.45,0.71391461,-1
69611.090591,1685.44,0.11185391,-1
69611.090591,1685.44,0.1760607,-1
69611.090089,1685.44,0.71391461,-1
69611.067787,1685.44,0.71391461,-1
69611.067155,1685.44,0.10645636,-1
69611.067155,1685.44,0.18145825,-1
69611.193109,1685.44,0.28791461,-1
69611.192802,1685.44,0.71391461,-1
69611.906451,1685.44,0.28791461,-1
69611.906199,1685.44,0.71391461,-1
69611.962454,1685.44,0.28791461,-1
69611.962355,1685.44,0.71391461,-1
69611.951474,1685.44,0.71391461,-1
69611.951114,1685.44,0.10300682,-1
69611.951114,1685.44,0.18490779,-1
69612.068269,1685.6,0.19997378,-1
69612.068269,1685.6,0.001,-1
69612.056054,1685.54,0.29091461,-1
69612.056032,1685.54,0.18795534,-1
69612.056032,1685.52,0.52295927,-1
69612.020697,1685.5,0.71391461,-1
69612.020402,1685.5,0.28791461,-1
69612.004219,1685.49,0.71391461,-1
69612.00418,1685.49,0.28791461,-1
69611.986239,1685.45,0.28791461,-1
69611.986158,1685.45,0.71391461,-1
69611.974604,1685.49,0.71391461,-1
69611.974214,1685.5,0.22762847,-1
69611.974214,1685.5,0.001,-1
69611.974214,1685.45,0.05928614,-1
69612.315407,1685.64,0.42591439,1
69612.315407,1685.64,0.00000061,1
69612.257993,1685.64,0.425914,1
69612.395256,1685.64,0.42691417,1
69612.395256,1685.64,0.00000083,1
69612.3552,1685.64,0.42591378,1
69612.3552,1685.64,0.00000022,1
69612.497478,1685.64,0.42791395,1
69612.497478,1685.64,0.00000005,1
69612.467416,1685.64,0.42791456,1
69612.467416,1685.64,0.00000044,1
69614.744866,1685.4,0.428914,1
69614.744866,1685.4,0.001,1
69614.696852,1685.43,0.37792156,1
69614.798593,1685.3,0.001,1
69615.173173,1685.24,0.70925617,-1
69615.173124,1685.24,0.28891461,-1
69615.162414,1685.24,0.00182922,-1
69615.162414,1685.22,0.71108539,-1
69615.162286,1685.22,0.28891461,-1
69615.04006,1685.21,0.1221246,-1
69615.039831,1685.21,0.28891461,-1
69618.495738,1685.22,0.02936831,-1
69618.689947,1685.22,0.03119753,-1
69618.689947,1685.22,0.68071708,-1
69618.689929,1685.22,0.28991461,-1
69619.337704,1685.22,0.01153,-1
69619.59411,1685.22,0.00280653,-1
69620.339961,1685.22,0.00288443,-1
69621.322923,1685.21,0.13484966,1
69621.272634,1685.22,0.00562697,-1
69622.985966,1685.32,1.18671378,-1
69622.985966,1685.24,1,-1
69622.982757,1685.23,0.079,-1
69622.982711,1685.23,0.00183715,-1
69622.982711,1685.22,0.00562,-1
69622.982711,1685.22,0.00289,-1
69622.982711,1685.22,0.01433,-1
69622.982711,1685.22,0.26923746,-1
69622.982705,1685.22,0.70791461,-1
69623.174764,1685.36,0.05928614,1
69623.174718,1685.39,0.00100571,1
69623.174718,1685.39,0.19724019,1
69623.174718,1685.39,0.19724019,1
69623.376735,1685.27,0.00078664,-1
69627.407559,1685.26,0.99999939,1
69627.407559,1685.26,0.42291461,1
69628.295848,1685.27,0.00000593,1
69628.285977,1685.27,0.003762,1
69631.313371,1685.3,0.16885374,-1
69632.93457,1685.26,0.99999,1
69632.93457,1685.26,0.00000061,1
69632.93457,1685.28,1,1
69633.649812,1685.29,0.09787477,1
69633.649812,1685.29,0.09787477,1
69634.20743,1685.21,0.01960297,-1
69634.626732,1685.21,0.60308041,-1
69634.626732,1685.21,1.15924847,-1
69634.76832,1685.21,0.0173002,-1
69635.287346,1685.04,0.043044,1
69635.287346,1685.05,0.89018127,1
69635.287346,1685.06,1,1
69635.287346,1685.1,1.48359147,1
69635.287346,1685.1,0.001,1
69635.287346,1685.2,0.05928614,1
69635.287346,1685.2,0.42991461,1
69635.287346,1685.2,0.001,1
69635.828031,1685,0.433914,1
69635.828031,1685,0.001,1
69635.756079,1685.12,0.05928614,1
69635.756079,1685.15,0.00076437,1
69635.859148,1685,0.43291439,1
69635.859148,1685,0.35276,1
69635.859148,1685,0.00000061,1
69638.857878,1685.05,0.430914,1
69638.889206,1685.05,0.42791439,1
69638.889206,1685.05,0.00000061,1
69639.646227,1684.74,0.00232003,1
69639.646227,1684.77,0.00089004,1
69639.646227,1684.8,0.001,1
69639.646227,1684.9,0.001,1
69639.646227,1684.94,0.00208245,1
69639.748066,1684.86,0.11256582,-1
69641.166414,1684.84,0.01975076,1
69644.618196,1685.03,0.0157624,-1
69645.70905,1685.08,0.10957862,-1
69645.70905,1685.07,0.05928614,-1
69646.838617,1685.01,1.31446,-1
69646.838617,1685.01,0.13027,-1
69646.83844,1685.01,1.44473,-1
69646.846666,1685.1,0.001,-1
69646.846666,1685.09,1.159,-1
69646.846666,1685.08,0.24431087,-1
69646.846521,1685.08,0.70891461,-1
69646.846303,1685.08,0.23362847,-1
69646.846303,1685.07,0.05928614,-1
69646.998258,1685.19,0.42191432,1
69646.998258,1685.19,0.15415768,1
69647.436424,1685.18,0.23893672,-1
69647.436424,1685.1,0.22,-1
69647.436424,1685.09,0.52292114,-1
69650.620297,1685.2,0.00058751,-1
69651.801235,1685.2,0.00041249,-1
69651.969826,1685.3,0.001,-1
69652.120745,1685.49,0.08661991,-1
69652.120745,1685.4,0.209,-1
69652.120745,1685.4,0.001,-1
69652.926088,1685.72,0.33091461,-1
69652.925771,1685.72,0.67091461,-1
69652.916619,1685.65,0.67091461,-1
69652.915326,1685.65,0.33091461,-1
69652.903723,1685.72,0.46877393,-1
69652.903723,1685.65,0.20214068,-1
69652.903427,1685.65,0.33091461,-1
69652.893915,1685.72,0.33091461,-1
69652.8938,1685.72,0.66891461,-1
69652.8938,1685.7,0.001,-1
69652.8938,1685.6,0.001,-1
69652.881673,1685.51,1.14249374,-1
69652.881673,1685.5,0.001,-1
69652.9368,1685.72,0.33091461,-1
69653.134937,1685.69,0.01354062,-1
69653.12674,1685.9,0.17926556,-1
69653.12674,1685.9,0.001,-1
69653.12674,1685.82,0.048,-1
69653.12674,1685.8,0.001,-1
69653.12674,1685.69,0.02708124,-1
69653.12674,1685.69,0.07656781,-1
69653.110499,1685.69,0.04258124,-1
69653.110097,1685.69,0.01158124,-1
69653.080723,1685.69,0.40091461,1
69653.080723,1685.69,0.00000061,1
69653.034145,1685.72,0.16719787,-1
69653.034145,1685.71,0.26146057,-1
69653.034145,1685.7,0.24125617,-1
69653.034065,1685.7,0.33191461,-1
69652.999284,1685.7,0.33191461,-1
69652.99928,1685.69,0.402914,1
69652.999257,1685.7,0.66991461,-1
69653.373424,1686.1,0.001,-1
69653.373424,1686.05,0.01974996,-1
69653.373424,1686,0.001,-1
69653.602288,1686.19,1,-1
69653.920156,1686.3,0.001,-1
69653.920156,1686.2,0.001,-1
69653.952121,1686.39,0.67491461,-1
69653.951946,1686.39,0.22257426,-1
69653.951946,1686.39,0.05928614,-1
69653.951946,1686.38,0.04505421,-1
69653.948736,1686.37,0.404914,1
69654.178106,1686.38,0.00943433,-1
69654.168397,1686.38,0.32591461,-1
69654.167924,1686.38,0.66465106,-1
69654.167924,1686.38,0.01126355,-1
69654.012192,1686.39,0.67491461,-1
69654.011808,1686.39,0.3043875,-1
69654.011808,1686.38,0.02252711,-1
69654.81501,1686.36,0.81643381,1
69654.814518,1686.38,1,1
69654.780238,1686.39,0.66648,1
69654.889692,1686.36,0.18356,1
69654.889692,1686.36,0.00000019,1
69654.868989,1686.36,0.183566,1
69655.22526,1686.22,0.99999918,1
69655.22526,1686.22,0.41091461,1
69655.22526,1686.22,0.59436821,1
69655.724504,1686.22,0.41091366,1
69655.724504,1686.22,0.00000034,1
69655.686962,1686.22,0.41091427,1
69655.686962,1686.22,0.55282073,1
69655.649881,1686.22,0.44716927,1
69655.649881,1686.22,0.00000082,1
69655.798338,1686.22,0.41091405,1
69655.798338,1686.22,0.00000095,1
69656.916228,1686.28,0.68891461,-1
69656.915822,1686.28,0.16150667,-1
69656.915822,1686.27,0.15140794,-1
69657.033779,1686.32,0.31391461,-1
69657.033513,1686.32,0.62862847,-1
69657.033513,1686.32,0.05928614,-1
69656.973994,1686.3,0.68791461,-1
69656.97314,1686.3,0.31391461,-1
69657.114557,1686.42,0.31391461,-1
69657.102643,1686.41,0.31391461,-1
69657.102111,1686.41,0.68791461,-1
69657.08008,1686.42,0.00082922,-1
69657.08008,1686.4,0.31308539,-1
69657.079511,1686.4,0.68691461,-1
69657.079511,1686.4,0.001,-1
69657.062694,1686.39,0.40423222,-1
69657.062694,1686.39,0.28368239,-1
69657.062274,1686.39,0.31391461,-1
69657.050194,1686.35,0.68791461,-1
69657.049877,1686.35,0.31391461,-1
69658.204633,1686.4,0.00747193,1
69658.655165,1686.38,1,1
69658.655165,1686.4,0.00134063,1
69658.655165,1686.4,1,1
69660.864151,1686.34,1,1
69660.864151,1686.36,1,1
69661.055388,1686.26,0.0065585,1
69662.428066,1686.3,0.18422727,-1
69662.427955,1686.3,0.64862847,-1
69662.427955,1686.29,0.05928614,-1
69662.442421,1686.32,0.70691461,-1
69662.441986,1686.33,0.29491461,-1
69662.647541,1686.43,0.29691461,-1
69662.646823,1686.43,0.70491461,-1
69663.117202,1686.46,0.19880761,1
69664.12451,1686.6,0.001,-1
69664.12451,1686.55,0.00605205,-1
69664.12451,1686.5,0.001,-1
69664.114605,1686.49,1.161,-1
69664.114546,1686.48,1.18611712,-1
69664.114546,1686.48,0.44891293,-1
69664.113145,1686.48,0.44051656,-1
69664.113145,1686.47,0.05928614,-1
69664.113145,1686.47,0.05677798,-1
69664.113145,1686.47,0.05677797,-1
69664.113145,1686.47,0.11355596,-1
69664.427902,1686.62,0.16581367,1
69664.427902,1686.64,1,1
69664.471658,1686.62,0.40003048,1
69664.470963,1686.62,0.01114573,1
69664.470577,1686.62,0.00075379,1
69664.470577,1686.62,0.1988,1
69664.470577,1686.62,0.22344621,1
69664.464239,1686.62,0.41193251,1
69664.830664,1686.4,0.436914,1
69664.830664,1686.4,0.001,1
69664.802871,1686.42,1,1
69665.565687,1686.36,1,1
69665.564805,1686.38,1,1
69666.146273,1686.37,0.61235865,-1
69666.146273,1686.37,0.05677798,-1
69666.146273,1686.37,0.05677798,-1
69666.963798,1686.42,0.11860532,1
69667.101581,1686.44,0.18026052,-1
69667.101581,1686.43,0.05928614,-1
69667.101581,1686.43,0.88945334,-1
69667.347964,1686.44,0.26102689,1
69667.347964,1686.44,0.8814,1
69668.158255,1686.42,0.66462847,-1
69668.158255,1686.41,0.05928614,-1
69669.253609,1686.43,0.02881119,-1
69669.73627,1686.43,0.11741196,-1
69670.740625,1686.43,0.02462504,-1
69671.324882,1686.32,0.0943488,1
69671.323372,1686.32,0.00088952,1
69671.323238,1686.32,0.00088952,1
69671.323219,1686.32,0.00088952,1
69671.322949,1686.32,0.00088952,1
69671.322778,1686.32,0.00088952,1
69671.322629,1686.32,0.00088952,1
69671.307279,1686.41,0.43491461,1
69671.307279,1686.42,0.00038065,1
69671.307139,1686.42,0.00038065,1
69671.307139,1686.42,0.43491461,1
69671.40715,1686.32,0.42791431,1
69671.40715,1686.32,0.00000069,1
69671.3789,1686.32,0.334228,1
69671.670607,1686.2,0.434914,1
69671.670607,1686.2,0.001,1
69671.995439,1686.21,0.18474133,-1
69672.085809,1686.29,0.66362847,-1
69672.085809,1686.28,0.05928614,-1
69672.2255,1686.33,0.11417985,-1
69672.326756,1686.62,0.5,-1
69672.326756,1686.6,0.001,-1
69672.323505,1686.57,0.00595937,1
69672.311126,1686.5,0.001,-1
69672.637389,1686.67,0.42691439,1
69672.637389,1686.67,0.00000061,1
69672.607628,1686.67,0.297634,1
69672.553498,1686.67,0.13028,1
69674.47459,1686.48,0.05928614,-1
69675.872343,1686.47,0.24780573,-1
69675.872168,1686.47,0.64162847,-1
69675.872168,1686.45,0.05928614,-1
69678.329343,1686.6,0.69791461,-1
69678.328526,1686.6,0.24362847,-1
69678.328526,1686.6,0.05928614,-1
69678.328526,1686.6,0.001,-1
69678.688619,1686.7,0.001,-1
69678.666459,1686.69,0.00182922,-1
69678.666459,1686.69,0.30308539,-1
69678.666211,1686.69,0.69691461,-1
69679.204797,1686.8,0.15086525,-1
69679.204797,1686.8,0.001,-1
69679.204797,1686.79,0.00369729,-1
69679.328733,1687.02,0.02509013,-1
69679.328733,1687.02,0.04112575,-1
69679.328733,1687,0.001,-1
69679.311904,1686.94,1,-1
69679.293555,1686.9,0.001,-1
69679.293555,1686.89,0.5223837,-1
69679.282611,1686.89,0.30791461,-1
69679.282541,1686.89,0.63682469,-1
69679.282541,1686.88,0.05708992,-1
69679.387608,1687.22,0.03607186,1
69679.353971,1687.21,0.00369636,-1
69679.353971,1687.2,0.096,-1
69679.353971,1687.2,0.001,-1
69679.353971,1687.19,0.04717078,-1
69679.343344,1687.19,0.69391461,-1
69679.342931,1687.19,0.25891461,-1
69679.342931,1687.1,0.048,-1
69679.342931,1687.1,0.001,-1
69679.83874,1687.23,0.11853748,-1
69680.518861,1687.23,0.16386447,1
69680.518861,1687.24,1.18524058,1
69680.518861,1687.24,0.57637713,1
69680.518861,1687.25,0.41691461,1
69680.518861,1687.27,0.41691461,1
69680.518861,1687.28,0.41691461,1
69680.518861,1687.29,0.41691461,1
69681.161879,1687.29,0.57145439,1
69681.161879,1687.29,0.41558061,1
69681.14892,1687.29,0.000889,1
69681.14878,1687.29,0.000889,1
69681.148642,1687.29,0.000889,1
69681.148545,1687.29,0.000889,1
69681.148371,1687.29,0.000889,1
69681.147868,1687.29,0.000889,1
69681.282625,1686.93,4.32235737,1
69681.282625,1687,0.001,1
69681.282625,1687,0.209,1
69681.282625,1687.05,1.575,1
69681.282625,1687.06,1.31760662,1
69681.282625,1687.06,0.89333306,1
69681.282625,1687.1,0.209,1
69681.282625,1687.11,0.05928614,1
69681.282625,1687.2,1.18530382,1
69681.282625,1687.22,0.51197561,1
69681.282625,1687.23,0.25305014,1
69681.282625,1687.24,0.42091461,1
69681.282625,1687.25,0.42091461,1
69681.282625,1687.25,0.14286391,1
69681.282625,1687.25,0.14286392,1
69681.462249,1687.18,0.09999851,-1
69681.462249,1687.18,0.07142752,-1
69681.462249,1687.18,0.17142602,-1
69681.462249,1687.18,0.11428402,-1
69681.785448,1687.3,0.00188207,-1
69681.785448,1687.3,0.001,-1
69682.391745,1687.2,0.0029349,-1
69682.538553,1687.19,0.371431,1
69683.108102,1687.18,1.185303,1
69683.850787,1687.16,0.00000593,-1
69684.323546,1687.16,0.05879703,-1
69684.291888,1687.16,0.05867157,-1
69685.566778,1687.25,0.00088905,-1
69685.566594,1687.25,0.00088905,-1
69685.566451,1687.25,0.00088905,-1
69685.566258,1687.25,0.00088905,-1
69685.566148,1687.25,0.00088905,-1
69685.565973,1687.25,0.00088905,-1
69685.565727,1687.25,0.00088905,-1
69685.565548,1687.25,0.00088905,-1
69685.565365,1687.25,0.00088905,-1
69685.565198,1687.25,0.00088905,-1
69685.564994,1687.25,0.00088905,-1
69685.564923,1687.25,0.00088905,-1
69685.555821,1687.2,1.168,-1
69685.555821,1687.19,0.05928614,-1
69685.555821,1687.14,0.88907855,-1
69685.555821,1687.13,0.17777313,-1
69685.555821,1687.13,0.17777314,-1
69686.367149,1687.08,0.00000592,1
69686.531942,1687.1,0.01728563,-1
69686.421064,1687.09,0.23718813,1
69689.108942,1686.94,0.11881195,1
69689.108942,1687,0.00107167,1
69689.108942,1687,0.001,1
69690.024816,1686.77,0.05236594,1
69690.024158,1686.77,0.0069202,1
69690.024158,1686.77,0.000889,1
69690.024158,1686.8,0.001,1
69690.024158,1686.8,0.03523919,1
69690.024158,1686.89,1.18541048,1
69690.024158,1686.9,0.001,1
69690.099406,1686.66,0.65576339,1
69690.099406,1686.68,4.48151697,1
69690.099406,1686.7,0.001,1
69690.099406,1686.7,0.14095677,1
69690.099406,1686.72,1.575,1
69690.099406,1686.74,0.41591461,1
69690.099406,1686.74,0.07047839,1
69690.099406,1686.75,0.41591461,1
69690.099406,1686.76,0.41591461,1
69690.099406,1686.77,0.41591461,1
69690.099406,1686.78,0.42755819,1
69690.099406,1686.78,0.41591461,1
69690.099406,1686.79,0.41591461,1
69690.099406,1686.89,1.18541048,1
69690.543265,1686.78,0.00000592,-1
69690.530965,1686.79,0.00011852,-1
69690.517362,1686.76,0.29334468,-1
69691.488601,1686.82,0.235185,-1
69693.073021,1686.82,0.0058698,-1
69695.237939,1686.8,1.18561,1
69695.177491,1686.81,1.18561,1
69699.046232,1686.8,1.0740227,1
69699.046232,1686.8,0.41491461,1
69699.046232,1686.81,0.0675852,1
69699.046232,1686.81,0.112642,1
69699.046232,1686.81,0.1802272,1
69699.046232,1686.81,0.41491461,1
69700.694716,1686.82,0.04899968,1
69700.694716,1686.82,0.05928614,1
69700.914094,1686.8,0.05047367,-1
69702.629384,1686.8,0.05869101,-1
69704.999708,1686.9,0.001,-1
69705.744812,1687,0.00188169,-1
69705.744812,1687,0.001,-1
69706.238404,1687.2,0.007258,-1
69706.238404,1687.2,0.05,-1
69706.238404,1687.2,0.001,-1
69706.238404,1687.1,0.001,-1
69709.995185,1686.92,0.07042922,-1
69710.989552,1686.92,0.28115207,-1
69711.541452,1686.82,0.01999146,1
69711.541452,1686.82,0.61533641,1
69711.540626,1686.82,0.95966359,1
69711.530683,1686.88,1.18546965,1
69711.530683,1686.9,0.001,1
69711.530683,1686.91,0.00119053,1
69711.530683,1686.91,0.05928614,1
69711.624784,1686.62,0.1177,1
69711.624784,1686.7,0.001,1
69711.582894,1686.8,0.001,1
69711.546866,1686.82,1.16547819,1
69711.807871,1686.62,1.4573,1
69711.909142,1686.61,0.00001185,-1
69711.893915,1686.61,0.04104966,-1
69712.234154,1686.6,0.00000592,1
69712.223908,1686.6,0.00176032,1
69712.223908,1686.6,0.00000061,1
69712.207931,1686.6,0.422914,1
69712.207931,1686.6,0.001,1
69712.764386,1686.67,1.79383727,-1
69712.764386,1686.61,0.05928614,-1
69712.764386,1686.61,0.0524716,-1
69712.764386,1686.61,0.15741479,-1
69712.764386,1686.61,0.2098864,-1
69712.764386,1686.61,0.88934609,-1
69713.110323,1686.59,0.0642,1
69713.646724,1686.58,1.18575742,1
69713.646724,1686.59,0.99811981,1
69713.666963,1686.5,1.185757,1
69713.666963,1686.5,0.001,1
69713.941082,1686.59,0.05187203,-1
69714.234861,1686.59,0.01186089,-1
69715.558921,1686.51,0.78566669,1
69715.530106,1686.52,0.00058698,-1
69715.620491,1686.41,0.42191409,1
69715.620491,1686.41,0.00000091,1
69715.58873,1686.41,0.64566902,1
69715.58873,1686.41,0.65595937,1
69715.58873,1686.41,0.42191461,1
69715.559314,1686.51,0.00078473,1
69715.559314,1686.51,0.40009073,1
69715.924722,1686.49,0.00088942,1
69716.840213,1686.41,0.0224888,-1
69717.563235,1686.48,0.0254083,1
69718.412953,1686.41,0.11737368,-1
69718.814664,1686.41,0.02479356,-1
69718.814664,1686.41,0.04958713,-1
69718.814664,1686.41,0.02479357,-1
69718.814664,1686.41,0.09917425,-1
69720.389861,1686.3,0.00000593,1
69720.378181,1686.2,0.00166712,1
69720.378181,1686.2,0.001,1
69720.378181,1686.3,0.001,1
69720.378181,1686.4,0.001,1
69722.340389,1686.51,0.01037279,-1
69726.186795,1686.75,0.40791461,-1
69726.186795,1686.75,0.04958712,-1
69726.186795,1686.75,0.04958713,-1
69726.782639,1686.77,0.40391461,-1
69728.516989,1686.69,0.00486927,-1
69728.516989,1686.69,0.02479357,-1
69730.760029,1686.73,0.00845288,-1
69730.760029,1686.73,0.0347557,-1
69731.774661,1686.66,0.41691461,-1
69731.774661,1686.66,0.00868893,-1
69731.774661,1686.66,0.00868893,-1
69731.906018,1686.7,0.23,-1
69731.906018,1686.69,0.00868893,-1
69732.132115,1686.77,0.00434446,-1
69732.029517,1686.73,0.05928614,-1
69733.136474,1686.76,0.41891461,-1
69733.136474,1686.76,0.00108611,-1
69733.136474,1686.76,0.00108612,-1
69733.136474,1686.75,0.41891461,-1
69733.48053,1686.77,0.00041267,-1
69733.950922,1686.79,0.13757762,-1
69733.950922,1686.78,0.02025373,-1
69733.950922,1686.77,0.0030047,-1
69733.950922,1686.77,0.05928614,-1
69734.136698,1686.79,0.00809278,1
69737.223887,1686.8,0.001,-1
69737.656041,1687,0.001,-1
69737.656041,1687,0.05,-1
69737.65234,1686.9,0.001,-1
69737.753181,1687.2,0.001,-1
69737.743801,1687.1,0.001,-1
69737.882522,1687.36,0.000889,-1
69737.88242,1687.36,0.000889,-1
69737.882377,1687.36,0.000889,-1
69737.882273,1687.36,0.000889,-1
69737.88211,1687.36,0.000778,-1
69737.88211,1687.3,0.000111,-1
69737.882107,1687.3,0.000889,-1
69738.73421,1687.35,1.185109,1
69738.69724,1687.35,0.05928533,1
69738.69724,1687.35,1.13499396,1
69738.69724,1687.35,1.18510971,1
69739.124477,1687.35,0.00513251,-1
69739.681812,1687.36,5.99671274,-1
69739.681812,1687.36,5.99671274,-1
69739.681812,1687.36,5.99237874,-1
69739.890822,1687.4,0.241,-1
69740.058093,1687.44,0.47991461,-1
69740.058093,1687.44,0.00256625,-1
69740.234382,1687.45,0.0117202,-1
69740.432691,1687.48,0.00064156,-1
69740.432691,1687.48,0.00064156,-1
69741.109411,1687.5,0.00067887,-1
69741.285298,1687.58,0.05892348,-1
69741.285298,1687.5,0.00032113,-1
69741.495992,1687.69,0.00014996,-1
69741.495992,1687.6,0.001,-1
69742.016664,1687.65,0.00638966,-1
69742.016664,1687.61,0.00064156,-1
69743.129419,1687.64,0.05759241,-1
69744.136052,1687.64,1.18512937,1
69744.136052,1687.66,0.00213255,1
69744.413053,1687.49,0.11858633,1
69744.931084,1687.44,0.00293325,-1
69745.146225,1687.41,0.47591461,-1
69745.248243,1687.43,0.47591461,-1
69746.421359,1687.51,0.0146671,-1
69746.61016,1687.56,0.00586684,-1
69746.715761,1687.56,0.11242643,-1
69747.595708,1687.66,0.0021459,-1
69747.595708,1687.66,0.02540689,-1
69747.679555,1687.74,0.09066446,-1
69747.677357,1687.74,2.46715004,-1
69747.677357,1687.7,2.96261183,-1
69747.677357,1687.7,0.001,-1
69747.677357,1687.66,0.05928614,-1
69747.677357,1687.66,0.01377639,-1
69747.677357,1687.66,0.47291461,-1
69747.677357,1687.66,0.02326099,-1
69747.946382,1687.62,0.68273,1
69747.925925,1687.64,1.22161991,-1
69747.925925,1687.63,0.1119213,-1
69747.925925,1687.63,0.09519677,-1
69747.925925,1687.63,0.07615741,-1
69747.925925,1687.63,0.15,-1
69747.925925,1687.62,0.37791461,-1
69747.919856,1687.41,0.42850918,1
69747.919856,1687.5,0.241,1
69747.919856,1687.51,0.15231483,1
69747.919856,1687.52,0.32733986,1
69747.919856,1687.54,0.07615742,1
69747.919856,1687.62,0.03807871,1
69747.918096,1687.54,1.01106,1
69747.914978,1687.61,0.53572,1
69747.912909,1687.74,0.2004235,-1
69747.912909,1687.74,0.45010764,-1
69747.912909,1687.7,0.241,-1
69747.912909,1687.64,0.4318403,-1
69747.912909,1687.63,0.47091461,-1
69747.912909,1687.62,0.47091461,-1
69747.912909,1687.61,0.00925934,-1
69747.910952,1687.52,0.20264322,1
69747.910952,1687.52,0.05928614,1
69747.910952,1687.52,0.29537032,1
69747.910952,1687.52,0.29537032,1
69747.897136,1687.64,0.03907431,-1
69747.897136,1687.62,0.01851869,-1
69749.636158,1687.77,0.00278659,-1
69750.293989,1687.69,0.00000592,1
69750.283695,1687.69,0.0098537,1
69750.561802,1687.66,0.67401,1
69752.238617,1687.68,0.00000592,1
69752.226894,1687.68,0.00969378,1
69753.108294,1687.51,0.02378129,-1
69753.950448,1687.51,0.01990203,-1
69754.226052,1687.45,0.00000592,1
69754.214801,1687.45,0.00274526,1
69754.214801,1687.5,0.001,1
69754.648515,1687.59,0.60659301,-1
69754.648515,1687.57,0.1553216,-1
69754.619057,1687.57,0.70162847,-1
69754.619057,1687.57,0.05928614,-1
69754.563873,1687.49,0.11251205,-1
69754.563873,1687.49,0.11251205,-1
69754.721953,1687.76,0.76191461,-1
69754.708235,1687.77,0.76191461,-1
69754.697546,1687.78,0.76091461,-1
69754.697546,1687.7,0.001,-1
69754.6871,1687.69,0.76291461,-1
69754.670749,1687.66,0.76191461,-1
69754.661124,1687.58,0.76191461,-1
69754.762475,1687.8,0.76091461,-1
69754.747331,1687.78,0.76091461,-1
69755.610669,1687.89,0.55991612,-1
69755.610669,1687.89,0.19999849,-1
69755.601509,1687.8,0.001,-1
69755.601509,1687.8,0.43012973,-1
69755.601463,1687.8,0.43112973,-1
69755.591435,1687.78,0.58811642,-1
69755.591435,1687.78,0.05928614,-1
69755.591435,1687.78,0.11251205,-1
69755.678036,1687.94,0.19983409,-1
69755.66636,1687.93,0.75991461,-1
69755.651371,1687.9,0.001,-1
69756.319347,1687.97,0.75991461,-1
69757.775168,1687.96,0.456914,1
69757.747431,1687.96,0.00075839,1
69757.747431,1687.96,0.45591461,1
69758.598535,1687.94,0.04740149,-1
69758.598535,1687.94,0.05625603,-1
69758.591696,1687.93,0.455914,1
69758.701002,1687.94,0.01439612,-1
69758.969735,1687.64,0.76291461,-1
69758.937938,1687.62,0.76391461,-1
69758.926675,1687.7,0.001,1
69759.10022,1687.6,0.45691461,1
69759.10022,1687.6,0.001,1
69759.026933,1687.68,0.10722599,1
69759.026933,1687.68,0.17870999,1
69759.026933,1687.68,0.28593599,1
69759.721506,1687.51,0.06463051,-1
69759.927312,1687.51,0.76091461,-1
69760.104865,1687.54,0.54530687,-1
69760.104865,1687.53,0.1553216,-1
69760.104865,1687.53,0.05928614,-1
69760.06909,1687.52,0.75991461,-1
69760.056134,1687.53,0.01045973,-1
69760.056134,1687.51,0.74945488,-1
69760.286262,1687.56,0.75991461,-1
69761.375833,1687.57,0.14392791,-1
69762.275524,1687.59,0.75691461,-1
69762.265892,1687.58,0.54230687,-1
69762.265892,1687.57,0.1553216,-1
69762.265892,1687.57,0.05928614,-1
69762.490771,1687.66,0.05928614,-1
69762.453421,1687.61,0.75491461,-1
69763.543669,1687.69,0.75291461,-1
69763.560532,1687.73,0.05928614,-1
69763.748399,1687.8,0.001,-1
69763.748399,1687.77,0.00271716,-1
69764.11301,1687.87,0.00547943,-1
69764.636606,1687.79,0.00000592,-1
69764.779833,1687.68,0.448914,1
69765.802831,1687.76,0.36856743,-1
69765.802831,1687.74,0.05928614,-1
69765.802831,1687.74,0.31406104,-1
69765.895471,1687.82,0.58459301,-1
69765.895471,1687.81,0.1553216,-1
69766.112978,1687.86,0.01196909,1
69766.400761,1687.87,0.00293323,-1
69766.531159,1687.92,0.65594712,-1
69766.531159,1687.91,0.05928614,-1
69766.531159,1687.91,0.02268135,-1
69766.511149,1687.9,0.00000592,1
69766.50033,1687.9,0.11763137,1
69766.467117,1687.9,0.001,-1
69766.54361,1687.92,0.73791461,-1
69766.924149,1687.91,0.44191439,1
69766.924149,1687.91,0.00000061,1
69766.897623,1687.91,0.442914,1
69767.839185,1687.74,0.29919543,1
69768.125667,1687.74,0.04219168,1
69770.776908,1687.75,0.05923863,-1
69771.690326,1687.73,0.11732151,-1
69772.855303,1687.78,0.71291461,-1
69772.854674,1687.78,0.28891461,-1
69772.844436,1687.77,0.05928614,-1
69774.23462,1687.88,0.00000592,1
69774.223054,1687.88,0.00422423,1
69775.883015,1687.89,0.12564527,-1
69775.883015,1687.89,0.1553216,-1
69776.037788,1687.95,0.44982922,-1
69776.037788,1687.95,0.27508539,-1
69776.027554,1687.95,0.72491461,-1
69776.000362,1687.9,0.43120773,-1
69776.000362,1687.89,0.0024581,-1
69776.000362,1687.89,0.01626991,-1
69776.000362,1687.89,0.03319234,-1
69776.000362,1687.89,0.24178653,-1
69775.978159,1687.89,0.67062847,-1
69775.978159,1687.89,0.05428614,-1
69775.975022,1687.89,0.005,-1
69775.975022,1687.89,1.22,-1
69776.086247,1688,0.74591461,-1
69776.076733,1688,0.576,-1
69776.076527,1688,0.73491461,-1
69776.060098,1688,0.72791461,-1
69776.049538,1687.99,0.1756171,-1
69776.049538,1687.98,0.54929751,-1
69777.368771,1688,0.0224764,-1
69777.80141,1688,0.94991461,-1
69777.916204,1688,0.95291461,-1
69777.861167,1688,0.95191461,-1
69778.008291,1688,0.95691461,-1
69778.131859,1688,0.96091461,-1
69778.092063,1688,0.95991461,-1
69778.211166,1688,0.96391461,-1
69778.166692,1688,0.96291461,-1
69778.339483,1688,0.96891461,-1
69778.318503,1688,0.96691461,-1
69778.297965,1688,0.96591461,-1
69778.3744,1688,0.96991461,-1
69778.552208,1688.24,0.97991461,-1
69778.550679,1688.24,0.99851839,-1
69778.550679,1688.23,4.08718874,-1
69778.550679,1688.2,0.001,-1
69778.550679,1688.2,0.05,-1
69778.550679,1688.19,5.03839554,-1
69778.550679,1688.18,2.86491725,-1
69778.550679,1688.18,2.31724798,-1
69778.550679,1688.14,0.00258754,-1
69778.550679,1688.11,1.18489191,-1
69778.550679,1688.1,0.70892523,-1
69778.550679,1688.1,0.001,-1
69778.550679,1688.03,1.227,-1
69778.550679,1688.03,0.8886142,-1
69778.550679,1688.02,1.26302168,-1
69778.550679,1688,0.05928614,-1
69778.550679,1688,1,-1
69778.550679,1688,0.001,-1
69778.550679,1688,19.09,-1
69778.550679,1688,17.86614601,-1
69778.536086,1688,0.97891461,-1
69778.524826,1688,0.97591461,-1
69778.502323,1688,0.97491461,-1
69778.467272,1688,0.97091461,-1
69778.463241,1687.99,0.0773767,1
69778.562016,1688.02,0.98191461,-1
69778.732118,1688.02,0.08345433,-1
69778.732118,1688.02,0.10107028,-1
69778.732118,1688,0.79639,-1
69778.728271,1688,0.58891461,1
69778.728271,1688,0.7344179,1
69778.728271,1688.01,0.03207783,1
69778.728014,1688.01,0.55683678,1
69778.707382,1688.01,0.77475461,-1
69778.707382,1688.01,0.20716,-1
69778.70298,1688,0.58891461,1
69778.70298,1688.01,0.58891461,1
69778.70298,1688.02,0.58991461,1
69778.70298,1688.03,0.58991461,1
69778.70298,1688.04,0.58991461,1
69778.70298,1688.05,0.00130905,1
69778.70298,1688.05,0.07580271,1
69778.70298,1688.05,0.22740812,1
69778.70298,1688.05,0.10107029,1
69778.758795,1688,0.58891461,1
69778.758795,1688.01,0.58791461,1
69778.758795,1688.02,0.03680037,1
69778.758795,1688.02,0.11040106,1
69778.758795,1688.02,0.14720144,1
69778.922654,1688,0.97891461,-1
69778.909116,1688,0.97891461,-1
69778.88757,1688,0.97891461,-1
69780.039724,1688,0.12892166,-1
69780.039724,1688,0.85499295,-1
69780.240723,1687.99,0.88863085,-1
69780.240723,1687.99,0.05928614,-1
69780.206568,1687.8,0.01285865,1
69780.206568,1687.89,1.18489191,1
69780.206568,1687.9,0.05928614,1
69780.206568,1687.96,0.43491461,1
69780.206568,1687.97,0.43491461,1
69780.206568,1687.98,0.43491461,1
69780.206568,1687.99,0.44191461,1
69782.150363,1687.99,0.05928614,-1
69782.610441,1688,0.06168182,-1
69782.745442,1688,1.00091461,-1
69782.70329,1688,1.00091461,-1
69782.841553,1688,1.00091461,-1
69782.824326,1688,1.00091461,-1
69782.778995,1688,1.00091461,-1
69782.944298,1688,1.00091461,-1
69782.918784,1688,1.00091461,-1
69782.85243,1688,1.00091461,-1
69782.976457,1688,0.00222911,-1
69782.976457,1688,0.01310714,-1
69782.976457,1688,0.02672667,-1
69782.954299,1688,1.00091461,-1
69783.127023,1688.04,0.77662079,1
69783.126593,1688.04,0.0441509,1
69783.126593,1688.05,0.89333306,1
69783.126593,1688.12,1.575,1
69783.126593,1688.16,0.05928614,1
69783.126593,1688.17,0.88853577,1
69783.126593,1688.2,0.61391461,1
69783.126593,1688.25,0.94062847,1
69783.126593,1688.26,0.14720143,1
69783.126593,1688.26,0.61391461,1
69783.126593,1688.27,0.90491461,1
69783.126593,1688.28,0.61291461,1
69783.126593,1688.29,0.61291461,1
69783.069727,1688.27,0.096,-1
69783.056815,1688.23,0.05928614,-1
69783.056815,1688.2,0.001,-1
69783.046115,1688.09,1.228,-1
69783.17121,1688.29,1.08064266,1
69783.17121,1688.29,0.60991461,1
69783.17121,1688.29,0.07360072,1
69783.17121,1688.29,0.00000001,1
69783.169694,1688.3,0.99991461,-1
69783.169694,1688.3,0.001,-1
69783.144819,1688.29,0.6119146,1
69783.144819,1688.29,1.1845954,1
69783.493564,1688.39,1.18453,1
69783.480349,1688.39,0.70700111,1
69783.480349,1688.39,1.18454107,1
69783.708797,1688.06,0.68166694,1
69783.708797,1688.07,0.89333306,1
69783.708797,1688.3,0.61091461,1
69783.708797,1688.34,0.05928614,1
69783.708797,1688.37,0.8884305,1
69783.708797,1688.38,1.18453011,1
69784.011531,1688.16,0.28159982,-1
69784.003817,1688.16,0.088,-1
69784.001294,1688.18,0.13040019,-1
69784.001294,1688.17,0.28159981,-1
69783.999898,1688.18,0.71931479,-1
69783.999898,1688.17,0.28159982,-1
69783.984951,1688.15,1.575,1
69783.984951,1688.32,0.05928614,1
69783.984951,1688.32,0.60791461,1
69784.237519,1688.2,0.89333306,1
69784.237519,1688.3,0.60591461,1
69784.237519,1688.32,0.88845624,1
69784.237519,1688.32,0.60591461,1
69784.237519,1688.34,0.05928614,1
69784.237519,1688.34,0.60591461,1
69784.237519,1688.35,0.60591461,1
69784.237519,1688.36,0.60591461,1
69784.237519,1688.38,0.60491461,1
69784.237519,1688.39,1.575,1
69784.237519,1688.39,0.45920008,1
69784.237519,1688.39,0.60491461,1
69784.386214,1688.31,0.00000593,1
69784.515131,1688.08,2.478382,1
69784.515131,1688.09,1.97613534,1
69784.515131,1688.1,0.001,1
69784.515131,1688.11,1.48094614,1
69784.515131,1688.2,0.89333306,1
69784.515131,1688.31,0.05928614,1
69784.515131,1688.32,1.575,1
69784.515131,1688.32,0.7388358,1
69784.713727,1688.53,0.45674627,-1
69784.68821,1688.53,1.1943858,-1
69784.68821,1688.5,0.001,-1
69784.683892,1688.4,0.00162054,-1
69784.683892,1688.4,0.001,-1
69784.683892,1688.4,0.10817062,-1
69784.683559,1688.4,0.11079117,-1
69784.751936,1688.6,0.001,-1
69784.865801,1688,0.001,1
69784.865801,1688,0.412,1
69784.865801,1688.05,0.1349298,1
69784.865801,1688.1,1.575,1
69784.865801,1688.15,0.0674649,1
69784.865801,1688.22,0.6,1
69784.865801,1688.23,0.03373245,1
69784.865801,1688.28,1.575,1
69784.865801,1688.45,0.7316716,1
69785.023867,1688.37,0.37039995,-1
69785.022383,1688.36,0.59999939,1
69785.022383,1688.36,0.59391461,1
69785.006634,1688.27,1.19397153,1
69785.006634,1688.35,1.18414744,1
69785.006634,1688.36,0.59391461,1
69785.006634,1688.36,0.7303432,1
69785.113203,1688.43,1.184147,1
69785.055939,1688.08,0.48116162,1
69785.055939,1688.14,5.33176935,1
69785.055939,1688.15,3.1830663,1
69785.055939,1688.15,0.89333306,1
69785.055939,1688.18,0.6,1
69785.055939,1688.22,5.62674541,1
69785.055939,1688.22,0.1536,1
69785.055939,1688.36,0.59291461,1
69785.055939,1688.37,0.05928614,1
69785.055939,1688.37,0.61851466,1
69785.055939,1688.38,0.59291461,1
69785.055939,1688.39,1.18414744,1
69785.055939,1688.39,0.59291461,1
69785.055939,1688.41,1.575,1
69785.055939,1688.42,0.41480002,1
69785.055939,1688.43,0.59291461,1
69785.214035,1688.38,0.00007679,1
69785.155523,1688.38,0.00000593,1
69785.660998,1688.39,4.20858009,1
69785.660209,1688.39,0.72726725,-1
69785.660209,1688.39,0.19629999,-1
69785.660209,1688.39,0.09814999,-1
69785.660209,1688.39,0.09815,-1
69785.810504,1688.39,0.00000593,1
69785.867533,1688.18,0.88852841,1
69785.867533,1688.2,0.001,1
69785.867533,1688.29,1.575,1
69785.867533,1688.3,0.05928614,1
69785.867533,1688.38,0.59091461,1
69785.867533,1688.39,1.18414744,1
69785.867533,1688.39,2.81454675,1
69786.02776,1688.37,0.00000593,1
69786.137799,1688.37,1.18414151,1
69786.230397,1688.36,0.88844076,-1
69786.2238,1688.33,3.69879934,-1
69786.22377,1688.25,0.19629999,-1
69786.274701,1688.43,1.249075,1
69786.274701,1688.43,0.250925,1
69786.386708,1688.54,0.31663578,-1
69786.568443,1688.27,0.89333306,1
69786.568443,1688.3,0.001,1
69786.568443,1688.33,1.575,1
69786.568443,1688.36,0.88843448,1
69786.568443,1688.46,0.58691461,1
69786.568443,1688.47,0.05928614,1
69786.568443,1688.47,0.58691461,1
69786.568443,1688.48,0.58691461,1
69786.568443,1688.49,0.58691461,1
69786.568443,1688.5,0.58591461,1
69786.568443,1688.51,0.58591461,1
69786.568443,1688.53,1.18465901,1
69786.568443,1688.53,0.58591461,1
69786.715339,1688.53,0.00006826,1
69786.751049,1688.53,0.45322653,1
69786.750958,1688.53,0.73136422,1
69788.505611,1688.33,6.21899756,-1
69788.839352,1688.5,0.001,-1
69789.039164,1688.84,0.63749586,-1
69789.039164,1688.83,0.11180625,-1
69789.039164,1688.81,0.2236125,-1
69789.027549,1688.82,0.76631461,-1
69789.027549,1688.81,0.1536,-1
69789.027549,1688.8,0.001,-1
69789.027549,1688.8,0.05,-1
69789.027549,1688.7,0.001,-1
69789.027549,1688.6,0.001,-1
69789.143323,1688.99,0.82691461,-1
69789.143323,1688.9,0.001,-1
69789.143323,1688.89,0.048,-1
69789.143323,1688.85,0.096,-1
69789.510275,1689,0.001,-1
69789.510275,1688.99,0.05590312,-1
69789.630182,1689.11,0.96591461,-1
69789.617385,1689.1,0.93796305,-1
69789.617385,1689.1,0.02795156,-1
69789.583645,1689.11,0.96591461,-1
69789.583645,1689.1,0.001,-1
69789.810733,1689.1,0.88804688,-1
69789.790816,1689.09,0.96291461,-1
69790.491743,1689.1,0.61152344,-1
69790.491229,1689.1,0.27652344,-1
69790.491229,1689.1,0.335,-1
69790.619869,1688.84,0.49891776,1
69790.619869,1688.85,0.57791461,1
69790.619869,1688.86,0.07325302,1
69790.619869,1688.86,0.57791461,1
69790.605596,1688.74,5.00901473,1
69790.605596,1688.8,0.001,1
69790.605596,1688.81,0.05928614,1
69790.604324,1688.9,0.001,1
69790.598473,1689.09,0.00000001,1
69790.598473,1689.1,0.96391461,1
69790.598473,1689.11,1.48006938,1
69790.598473,1689.11,0.51175183,1
69790.598159,1689.11,0.06616278,1
69790.598159,1689.12,0.57791461,1
69790.598159,1689.13,0.57791461,1
69790.598159,1689.14,0.57791461,1
69790.598159,1689.15,0.57791461,1
69790.598159,1689.17,0.57791461,1
69790.676016,1688.86,0.90931232,-1
69790.676016,1688.86,0.05060229,-1
69790.834837,1688.95,0.95991461,-1
69790.824325,1688.92,0.07174908,-1
69790.824325,1688.88,0.88816553,-1
69790.814393,1688.86,0.95991461,-1
69791.516475,1689.2,0.001,-1
69791.516475,1689.18,0.02530115,-1
69792.229018,1689.19,0.30158132,-1
69792.213794,1689.19,0.14920934,1
69792.213794,1689.19,0.14920933,1
69792.213794,1689.19,0.29841867,1
69792.213794,1689.19,0.77782595,1
69792.211032,1689.19,0.17008866,1
69792.164764,1689.13,0.00632528,-1
69792.153448,1689.09,0.01265057,-1
69792.780018,1688.93,0.0943488,1
69792.779968,1689,0.00000461,1
69792.778469,1689,0.56791,1
69792.772311,1688.7,4.10930913,1
69792.772311,1688.7,0.001,1
69792.772311,1688.71,0.88824758,1
69792.772311,1688.8,0.001,1
69792.772311,1688.82,0.00085357,1
69792.772311,1688.9,0.001,1
69792.771027,1689,0.001,1
69792.770747,1689.01,0.05928614,1
69792.763687,1689.1,0.93626404,1
69792.763687,1689.11,0.56891461,1
69792.763687,1689.12,0.56891461,1
69792.763687,1689.13,0.56891461,1
69792.763687,1689.15,0.79396131,1
69792.763563,1689.15,0.14762802,1
69792.763563,1689.16,0.56891461,1
69792.763563,1689.17,0.56891461,1
69792.763563,1689.18,0.56891461,1
69792.763563,1689.19,0.64633329,1
69792.876731,1688.97,0.79312395,-1
69792.876731,1688.97,0.07539533,-1
69792.876731,1688.97,0.07539533,-1
69792.865851,1688.95,0.94491461,-1
69792.864724,1688.94,0.18301936,1
69792.861754,1688.95,0.05603934,-1
69793.07724,1688.96,0.11850939,1
69793.853434,1688.97,0.94491461,-1
69794.39877,1688.95,0.56591439,1
69794.39877,1688.95,0.00000061,1
69794.348924,1688.95,0.566914,1
69794.74102,1688.61,0.56791461,1
69794.737861,1688.62,0.56791461,1
69794.727807,1688.61,0.56891461,1
69794.724532,1688.62,0.56891461,1
69794.678174,1688.54,0.5,1
69794.677559,1688.54,4.26865151,1
69794.677559,1688.69,0.56891461,1
69794.677559,1688.71,0.56891461,1
69794.677559,1688.72,0.52460466,1
69794.677559,1688.72,0.56891461,1
69794.674744,1688.55,0.81530823,1
69794.674744,1688.6,0.001,1
69794.674744,1688.61,7.10500607,1
69794.674744,1688.61,0.89333306,1
69794.674744,1688.62,0.05928614,1
69794.674744,1688.68,1.1260665,1
69794.673284,1688.68,0.4489335,1
69794.673284,1688.7,1.48042873,1
69794.673284,1688.7,0.001,1
69794.673284,1688.71,1.1842049,1
69794.770552,1688.6,0.19672674,1
69794.770387,1688.6,0.06557559,1
69794.770387,1688.61,0.50133902,1
69794.766287,1688.61,0.06557559,1
69794.754229,1688.61,0.56791461,1
69795.658053,1688.52,0.88562847,-1
69795.658053,1688.52,0.05928614,-1
69799.218694,1688.52,0.000002,-1
69799.162764,1688.52,0.76125694,-1
69799.162764,1688.52,0.11437153,-1
69799.162764,1688.51,0.05928614,-1
69800.707724,1688.35,1.18447674,1
69800.707724,1688.5,0.001,1
69800.772063,1688.36,0.55991461,1
69800.772063,1688.37,0.55991461,1
69801.092251,1688.32,0.80855355,-1
69801.092251,1688.32,0.12436106,-1
69801.507291,1688.32,0.05755275,-1
69802.991376,1688.31,0.01465789,-1
69803.133331,1688.3,0.001,1
69803.152086,1688.2,0.001,1
69804.671558,1688.13,0.00571658,-1
69805.087323,1688.16,0.88383552,-1
69805.087323,1688.14,0.05755,-1
69805.087323,1688.14,0.00052909,-1
69805.07547,1688.14,0.00899461,-1
69805.07547,1688.14,0.93292,-1
69805.059626,1688.13,0.06007403,-1
69805.059626,1688.13,0.88284058,-1
69805.185968,1688.27,0.88462847,-1
69805.185968,1688.27,0.05928614,-1
69805.175078,1688.21,0.82675013,-1
69805.175078,1688.16,0.11616448,-1
69805.334619,1688.4,0.0143893,-1
69805.299945,1688.4,0.01890838,-1
69805.299945,1688.4,0.001,-1
69806.607281,1688.31,0.02502575,1
69806.607281,1688.39,0.00076375,1
69806.684874,1688.35,0.01123308,-1
69807.204616,1688.24,0.03453809,-1
69807.287825,1688.24,0.00533212,-1
69808.392534,1688.24,0.02808452,-1
69808.769662,1688.24,0.017267,-1
69808.766655,1688.24,0.00278533,-1
69808.989306,1688.24,0.93491461,-1
69809.100763,1688.32,0.93391461,-1
69809.083695,1688.32,0.04543492,-1
69809.083695,1688.28,0.88847969,-1
69809.073081,1688.26,0.82959993,-1
69809.073081,1688.25,0.05928614,-1
69809.073081,1688.24,0.02808,-1
69809.073081,1688.24,0.01694854,-1
69809.182813,1688.34,0.04545745,-1
69809.182813,1688.32,0.88845716,-1
69810.246829,1688.36,0.00842636,-1
69810.158619,1688.36,0.1990913,-1
69810.158619,1688.35,0.05928614,-1
69810.440066,1688.33,0.23505171,-1
69810.403138,1688.33,0.01413759,-1
69810.682703,1688.33,0.14045098,-1
69810.681859,1688.33,0.00077379,-1
69811.088508,1688.34,0.87062847,-1
69811.088508,1688.33,0.05928614,-1
69811.158129,1688.5,0.20838048,-1
69811.158129,1688.5,0.001,-1
69811.158129,1688.48,0.048,-1
69811.158129,1688.4,0.001,-1
69811.419617,1688.5,0.01411364,-1
69811.679062,1688.5,0.00077222,-1
69815.207329,1688.28,0.05928614,-1
69815.207329,1688.28,0.12706989,-1
69815.207329,1688.28,0.1270699,-1
69816.167735,1688.47,0.91791461,-1
69816.160039,1688.34,1.79515893,-1
69816.160039,1688.33,1.18467282,-1
69816.160039,1688.31,0.12706989,-1
69816.157164,1688.34,1.401,-1
69816.156315,1688.34,2.134,-1
69816.156283,1688.47,0.91791461,-1
69816.152565,1688.39,5.33015893,-1
69816.152082,1688.35,0.88844137,-1
69816.152082,1688.33,1.18467282,-1
69816.152082,1688.32,0.05928614,-1
69816.148575,1688.3,0.00088848,-1
69816.14847,1688.3,0.00088848,-1
69816.148325,1688.3,0.00088848,-1
69816.258271,1687.8,0.0008885,1
69816.257898,1687.8,0.00088851,1
69816.257756,1687.87,0.51459579,1
69816.257756,1687.94,0.6180845,1
69816.257728,1687.94,0.0008885,1
69816.257528,1687.94,0.95425,1
69816.257157,1687.94,0.0008885,1
69816.257086,1687.94,0.0008885,1
69816.256612,1687.87,0.00088851,1
69816.255409,1688.11,0.00088851,1
69816.255138,1688.11,0.0008885,1
69816.25512,1688.11,0.00088851,1
69816.25486,1688.11,0.00088851,1
69816.254711,1688.11,0.0008885,1
69816.254616,1688.11,0.00088851,1
69816.254341,1688.11,0.0008885,1
69816.253951,1688.11,0.0008885,1
69816.253793,1687.87,0.0008885,1
69816.251172,1687.63,0.07190688,1
69816.251172,1687.63,0.1,1
69816.251172,1687.64,4.08635226,1
69816.251172,1687.68,0.55191461,1
69816.251172,1687.68,0.989,1
69816.251172,1687.69,0.16,1
69816.251172,1687.69,0.55191461,1
69816.251172,1687.79,0.7033728,1
69816.251172,1687.8,0.05915882,1
69816.251172,1687.88,0.13411626,1
69816.251172,1687.88,0.55191461,1
69816.251172,1687.91,0.26823252,1
69816.251172,1688,0.55191461,1
69816.251172,1688.08,0.55191461,1
69816.251172,1688.1,0.1173728,1
69816.251172,1688.11,0.55091461,1
69816.249291,1688.2,0.001,1
69816.247824,1688.31,0.02458155,-1
69816.247824,1688.27,0.89333306,-1
69816.240488,1687.7,0.001,1
69816.240488,1687.79,0.06658236,1
69816.240488,1687.8,0.05915882,1
69816.240488,1687.8,10,1
69816.240488,1687.8,0.001,1
69816.240488,1687.81,1.575,1
69816.240488,1687.84,6.37521191,1
69816.240488,1687.84,0.98062167,1
69816.240488,1687.85,0.03329118,1
69816.240488,1687.87,0.88869084,1
69816.240488,1687.9,7.82120865,1
69816.240384,1687.9,2.17879135,1
69816.240384,1687.9,0.001,1
69816.240384,1687.91,2.94955471,1
69816.240384,1687.98,1.575,1
69816.240384,1687.99,3.06189258,1
69816.240384,1687.99,0.940275,1
69816.240384,1688,10,1
69816.240384,1688,10,1
69816.240384,1688,0.288,1
69816.240384,1688,0.001,1
69816.240384,1688.07,4.54808787,1
69816.240384,1688.07,10.20588398,1
69816.240384,1688.1,1.2807,1
69816.240384,1688.1,0.001,1
69816.240384,1688.11,3.1390084,1
69816.240384,1688.11,0.71664919,1
69816.240384,1688.2,0.288,1
69816.240384,1688.2,0.001,1
69816.240384,1688.21,0.05928614,1
69816.240384,1688.25,1.575,1
69816.240384,1688.26,0.940275,1
69816.240384,1688.3,0.288,1
69816.240384,1688.42,0.55091461,1
69816.240384,1688.43,0.55091461,1
69816.240384,1688.46,0.577,1
69816.240384,1688.46,0.5616864,1
69816.240384,1688.46,0.13411626,1
69816.240384,1688.46,0.11823253,1
69816.240384,1688.46,0.01588373,1
69816.240384,1688.46,0.13411626,1
69816.240384,1688.46,0.13411626,1
69816.240384,1688.46,0.55091461,1
69816.292499,1687.86,0.059158,1
69816.285845,1687.87,0.85614264,-1
69816.282863,1687.87,0.11857132,-1
69816.279449,1687.87,0.16528566,-1
69816.273332,1687.81,0.168,-1
69816.272131,1687.69,0.12060283,-1
69816.272131,1687.64,0.36927,-1
69816.272131,1687.62,0.36927,-1
69816.266689,1687.4,1.575,1
69816.266689,1687.4,0.001,1
69816.260289,1687.68,0.28,1
69816.260289,1687.68,0.6411184,1
69816.259414,1687.87,0.54864461,-1
69816.259414,1687.61,0.36927,-1
69816.25897,1687.49,0.13064958,1
69816.25897,1687.5,0.001,1
69816.25897,1687.52,0.17768,1
69816.25897,1687.57,1.575,1
69816.25897,1687.6,0.001,1
69816.25897,1687.63,0.4171184,1
69816.25897,1687.63,0.2871184,1
69816.25897,1687.63,0.17768,1
69816.25897,1687.63,0.12809312,1
69816.25897,1687.65,0.89333306,1
69816.25897,1687.69,1.458464,1
69816.25897,1687.69,0.06705813,1
69816.258521,1687.8,0.05738181,1
69816.520166,1688.22,0.90291461,-1
69816.390571,1688.09,0.05827,1
69816.365144,1688,0.288,-1
69816.632864,1688.4,0.01246271,-1
69816.632864,1688.33,0.8884519,-1
69816.620599,1688.34,0.90191461,-1
69816.888513,1688.27,0.540914,1
69817.127487,1688.28,0.04,-1
69817.177883,1688.29,0.04637632,-1
69817.177883,1688.28,0.85253829,-1
69817.165597,1688.28,0.14746171,-1
69817.165597,1688.28,0.16569584,-1
69817.165597,1688.28,0.05928614,-1
69817.165597,1688.28,0.52647092,-1
69817.324877,1688.3,0.0104364,-1
69817.324877,1688.28,0.88847821,-1
69817.360731,1688.32,0.00944166,-1
69817.360731,1688.29,0.88847295,-1
69818.639836,1688.3,0.83862847,-1
69818.639836,1688.3,0.05928614,-1
69818.838103,1688.3,0.89791461,-1
69818.951989,1688.3,0.89791461,-1
69818.939943,1688.3,0.5229903,-1
69818.939943,1688.3,0.05928614,-1
69818.939943,1688.3,0.05923118,-1
69818.939943,1688.3,0.1553216,-1
69818.939943,1688.3,0.10208539,-1
69818.88049,1688.3,0.89791461,-1
69819.026531,1688.3,0.64389256,-1
69819.026531,1688.3,0.25402205,-1
69819.014512,1688.3,0.89791461,-1
69818.966132,1688.3,0.42306334,-1
69818.966132,1688.3,0.18803204,-1
69818.966132,1688.3,0.28681923,-1
69819.098164,1688.3,0.89791461,-1
69819.060569,1688.3,0.00944693,-1
69819.060569,1688.3,0.88846768,-1
69819.181653,1688.3,0.89791461,-1
69819.159872,1688.3,0.23027615,-1
69819.159872,1688.3,0.66763846,-1
69819.438931,1687.95,0.16807222,1
69819.438931,1688,0.62371366,1
69819.438709,1688,0.56102018,1
69819.438709,1688,5.33015893,1
69819.438709,1688,0.001,1
69819.438709,1688.02,1.0637507,1
69819.438405,1688.02,0.2037893,1
69819.438405,1688.03,4.80141616,1
69819.438405,1688.04,1.44318421,1
69819.438405,1688.04,0.05928614,1
69819.438405,1688.29,0.00076056,1
69819.532826,1687.93,0.76331383,-1
69819.532826,1687.93,0.13160078,-1
69819.514732,1687.93,0.21482922,-1
69819.514732,1687.93,0.68008539,-1
69819.499897,1687.93,0.89491461,-1
69819.449069,1688.07,0.00088859,1
69819.448902,1688.07,0.00088859,1
69819.448658,1688.07,0.00088859,1
69819.448568,1688.07,0.00088859,1
69819.448408,1688.07,0.00088859,1
69819.448345,1688.07,0.00088859,1
69819.566248,1687.93,0.83562847,-1
69819.566248,1687.93,0.05928614,-1
69819.549673,1687.93,0.47313729,-1
69819.549673,1687.93,0.42177732,-1
69819.725635,1687.93,0.28664393,1
69819.725635,1687.93,0.31676453,1
69819.655869,1687.93,0.89491461,-1
69820.077048,1687.94,0.89391461,-1
69820.059772,1687.94,0.89391461,-1
69820.250975,1687.94,0.01123388,-1
69823.247176,1687.92,0.89991461,-1
69823.234868,1687.91,0.84062847,-1
69823.234868,1687.91,0.05928614,-1
69823.206483,1687.91,0.45829688,-1
69823.206483,1687.91,0.44161773,-1
69823.302308,1687.94,0.4136124,-1
69823.302308,1687.94,0.48530221,-1
69823.28676,1687.94,0.51469779,-1
69823.28676,1687.92,0.38521682,-1
69823.26986,1687.92,0.79982922,-1
69823.26986,1687.92,0.10008539,-1
69823.353124,1687.96,0.6,-1
69824.026803,1687.98,0.0471744,1
69824.215843,1687.89,0.759981,-1
69824.215843,1687.88,0.06109902,-1
69824.215843,1687.87,0.24439606,-1
69824.215843,1687.87,1.321638,-1
69824.215106,1687.86,0.12219803,-1
69824.204359,1687.86,0.89691461,-1
69824.189559,1687.81,0.00088867,1
69824.185097,1687.87,0.00088867,1
69824.185052,1687.87,0.00088867,1
69824.184903,1687.87,0.00088867,1
69824.1849,1687.87,0.00088867,1
69824.184807,1687.8,0.00088867,1
69824.181556,1687.9,0.001,1
69825.122425,1687.91,0.12172195,1
69826.249528,1687.91,0.00000592,1
69826.239414,1687.91,0.00147519,1
69828.135313,1687.92,0.02093475,1
69828.130217,1687.93,0.00424822,-1
69828.130217,1687.93,0.88866639,-1
69828.075286,1687.91,0.06398979,1
69828.075286,1687.91,0.41471155,1
69828.071883,1687.92,0.72654308,-1
69828.071883,1687.92,0.05928614,-1
69828.071883,1687.92,0.10708539,-1
69828.049756,1687.92,0.89291461,-1
69828.230559,1687.92,0.3,1
69831.306397,1687.8,0.00011133,1
69831.306397,1687.92,0.0007611,1
69831.782623,1687.7,0.533914,1
69831.782623,1687.7,0.001,1
69832.996967,1687.68,0.07189751,-1
69833.931444,1687.68,0.0292595,-1
69836.949775,1687.72,0.88991461,-1
69836.934702,1687.68,0.00202404,-1
69836.934702,1687.68,0.01057011,-1
69836.934702,1687.68,0.02150172,-1
69836.934702,1687.68,0.02926,-1
69836.934702,1687.68,0.05928614,-1
69836.934702,1687.68,0.07189,-1
69836.934702,1687.68,0.89884299,-1
69836.962701,1687.72,0.77882922,-1
69836.962701,1687.72,0.11008539,-1
69837.270039,1687.86,0.00591984,1
69838.231608,1687.79,0.00000592,1
69838.220759,1687.79,0.00598415,1
69838.720651,1687.8,1,-1
69838.720651,1687.8,0.273,-1
69839.531246,1687.78,0.00439117,-1
69839.531246,1687.78,0.01527475,-1
69839.719059,1687.78,0.0028799,-1
69840.568992,1687.62,1.31571386,1
69840.568992,1687.68,0.05928614,1
69840.666344,1687.61,0.528008,1
69840.653773,1687.61,0.00000592,1
69840.643992,1687.61,0.00090068,1
69841.159801,1687.62,0.5,-1
69841.349079,1687.36,0.41301836,1
69841.349079,1687.4,0.001,1
69841.349079,1687.5,0.001,1
69841.349079,1687.6,0.001,1
69842.131502,1687.31,0.52108079,1
69842.13114,1687.31,0.00583382,1
69842.13114,1687.31,0.51524697,1
69842.125271,1687.31,0.00088897,1
69842.12498,1687.31,0.00088897,1
69842.124733,1687.31,0.00088897,1
69842.124587,1687.31,0.00088897,1
69842.124524,1687.31,0.00088897,1
69842.124449,1687.31,0.00088897,1
69842.124086,1687.31,0.00088897,1
69842.123973,1687.31,0.00088897,1
69842.123847,1687.31,0.00088897,1
69842.123838,1687.31,0.00088897,1
69842.123567,1687.31,0.00088897,1
69842.123272,1687.31,0.00088897,1
69842.117372,1687.35,5.62924601,1
69842.114059,1687.36,3.67793325,1
69842.114059,1687.36,0.41190296,1
69842.113869,1687.36,0.4814301,1
69842.113861,1687.42,3.88603995,1
69842.113859,1687.42,1.74320606,1
69842.113859,1687.43,3.8939797,1
69842.113436,1687.49,1.18516975,1
69842.202606,1687.07,3.35483938,1
69842.202606,1687.1,0.259,1
69842.202606,1687.1,0.001,1
69842.202606,1687.2,0.259,1
69842.202606,1687.2,0.001,1
69842.202606,1687.3,0.52291461,1
69842.202606,1687.3,0.001,1
69843.2372,1687.52,0.048,-1
69843.2372,1687.5,0.001,-1
69843.145042,1687.31,0.00183126,-1
69843.145042,1687.31,0.00848155,-1
69843.145042,1687.3,0.90114846,-1
69843.141879,1687.3,0.00088901,-1
69843.141808,1687.3,0.09796253,-1
69843.141808,1687.29,0.05928614,-1
69843.141808,1687.28,0.71266594,-1
69843.141789,1687.28,0.00088901,-1
69843.141516,1687.28,0.00088901,-1
69843.141415,1687.28,0.00088901,-1
69843.141296,1687.28,0.00088901,-1
69843.14115,1687.28,0.00088901,-1
69843.141055,1687.28,0.00088901,-1
69843.138165,1687.28,0.282,-1
69843.865443,1687.6,0.00075891,1
69843.865443,1687.6,1.18529748,1
69843.865443,1687.6,0.51991461,1
69843.865443,1687.6,0.36927,1
69844.546953,1687.61,0.12618219,1
69846.248876,1687.57,0.00000592,1
69846.239069,1687.57,0.02438417,1
69846.265047,1687.57,0.05708167,1
69848.368072,1687.58,0.00000593,-1
69848.610898,1687.58,0.08637476,-1
69849.03102,1687.5,0.0008889,-1
69849.030813,1687.5,0.0008889,-1
69849.03069,1687.5,0.0008889,-1
69849.030682,1687.5,0.0008889,-1
69849.030568,1687.5,0.0008889,-1
69849.030477,1687.5,0.0008889,-1
69850.395938,1687.4,0.00000592,1
69850.765311,1687.53,0.00088894,-1
69850.765155,1687.53,0.00088894,-1
69850.765064,1687.53,0.00088894,-1
69850.764966,1687.53,0.00088894,-1
69850.764756,1687.53,0.00088894,-1
69850.76462,1687.53,0.00088894,-1
69850.761259,1687.44,0.66942504,-1
69850.760823,1687.44,0.33057496,-1
69850.760823,1687.42,0.05928614,-1
69850.760823,1687.42,0.00533,-1
69850.760823,1687.42,0.91361931,-1
69850.760823,1687.42,0.0810466,-1
69852.357168,1687.46,0.16699261,-1
69852.357168,1687.46,0.05928614,-1
69852.357168,1687.46,1,-1
69852.553633,1687.46,0.39881288,-1
69852.553633,1687.46,0.18785379,-1
69853.708438,1687.46,0.96342585,-1
69853.708438,1687.46,0.12004091,-1
69856.312434,1687.41,0.16861396,-1
69857.866519,1687.42,0.02053382,-1
69859.774592,1687.34,0.45042986,1
69859.774592,1687.4,0.00085357,1
69859.774592,1687.4,0.00099408,1
69861.110347,1687.42,0.7770507,-1
69861.110347,1687.4,0.32440939,-1
69861.057862,1687.4,0.030676,-1
69861.039077,1687.4,0.64491461,-1
69861.324257,1687.47,0.0016562,-1
69861.324257,1687.47,0.00680192,-1
69861.324257,1687.47,0.01725354,-1
69861.324257,1687.46,0.03657415,-1
69861.324257,1687.46,0.16583548,-1
69861.324257,1687.46,0.02053,-1
69862.401472,1687.6,0.02779548,-1
69862.401472,1687.6,0.001,-1
69862.760072,1687.62,1,-1
69862.759733,1687.6,0.02779,-1
69862.759733,1687.6,0.97220452,-1
69863.764592,1687.7,0.02665694,-1
69863.764592,1687.7,0.001,-1
69865.883438,1687.58,0.19482421,-1
69865.883196,1687.58,0.60351563,-1
69865.883102,1687.58,0.20166016,-1
69866.471287,1687.66,0.00058663,-1
69867.434396,1687.66,0.00272682,-1
69867.434396,1687.66,0.02606337,-1
69867.845072,1687.67,0.00150063,-1
69867.845072,1687.67,0.00546343,-1
69867.845072,1687.67,0.01386871,-1
69867.845072,1687.66,0.02938,-1
69867.845072,1687.66,0.97061624,-1
69869.425376,1687.7,0.02228184,-1
69869.462416,1687.7,0.00102662,-1
69870.397663,1687.7,0.00043995,-1
69870.615489,1687.7,0.05925065,-1
69871.031718,1687.7,0.02879019,-1
69871.213298,1687.7,0.00278634,-1
69872.077908,1687.66,0.01466493,-1
69872.85711,1687.66,0.04174894,-1
69872.85711,1687.66,0.01691507,-1
69873.152549,1687.66,0.00278634,-1
69873.524292,1687.66,0.00278655,-1
69874.229623,1687.66,0.00503887,-1
69875.271349,1687.64,0.12797637,-1
69875.271349,1687.64,0.03158,-1
69876.911354,1687.4,0.001,1
69876.911354,1687.44,1.18524977,1
69876.911354,1687.5,0.0010945,1
69876.911354,1687.5,0.001,1
69877.021762,1687.34,1.18524977,1
69877.021762,1687.34,0.36927,1
69877.226745,1687.3,0.001,1
69878.232364,1687.27,0.09647346,-1
69878.232364,1687.27,0.02071654,-1
69878.60693,1687.27,0.02809867,-1
69878.9816,1687.26,0.610468,1
69878.968999,1687.26,0.57504337,1
69879.255156,1687.25,0.07388625,1
69879.939349,1687.26,0.00430665,-1
69879.939349,1687.26,0.01035828,-1
69881.360782,1687.26,0.02167442,-1
69882.255305,1687.28,0.03868746,-1
69882.255305,1687.26,0.03330507,-1
69883.928892,1687.2,0.01390722,1
69883.928892,1687.2,0.001,1
69884.380027,1687.22,0.01232139,-1
69884.698073,1687.22,0.61823084,-1
69884.868295,1687.27,0.01516126,-1
69886.004182,1687.25,0.21455142,1
69886.772965,1687.37,0.00728109,-1
69886.772965,1687.31,0.00135582,-1
69887.229204,1687.42,0.01114232,-1
69887.452432,1687.41,0.0354154,-1
69889.167528,1687.26,0.00792058,-1
69890.879426,1687.35,0.11972144,1
69891.575497,1687.27,0.05540293,-1
69892.055719,1687.27,0.00206441,-1
69892.391222,1687.25,0.00000592,1
69896.362714,1687.23,0.0880073,-1
69897.543981,1687.15,0.00583906,1
69897.543981,1687.2,0.00121966,1
69897.543981,1687.2,0.001,1
69898.625938,1687.3,0.22553688,-1
69898.625938,1687.29,0.05928614,-1
69898.625938,1687.23,0.88903194,-1
69899.198298,1687.22,1.18536395,1
69902.982654,1687.16,0.07027786,-1
69905.604025,1687.19,0.052346,-1
69905.599457,1687.19,0.01405308,-1
69905.897265,1687.25,0.236243,-1
69908.248573,1687.33,0.10134946,1
69908.258515,1687.33,0.00000592,1
69908.84231,1687.33,0.00251653,1
69909.184962,1687.4,0.001,-1
69909.184962,1687.34,0.00437574,-1
69909.184962,1687.34,0.01111084,-1
69909.184962,1687.34,0.00863021,-1
69910.792413,1687.63,0.31004943,-1
69910.792413,1687.6,0.211,-1
69910.792413,1687.6,0.05,-1
69910.792413,1687.6,0.001,-1
69910.792413,1687.5,0.001,-1
69910.792413,1687.48,0.00164262,-1
69910.792413,1687.42,0.00122503,-1
69914.148257,1687.62,0.00234174,-1
69914.017165,1687.6,0.00953812,-1
69914.44776,1687.62,0.00562117,-1
69914.648139,1687.66,0.05928614,-1
69914.648139,1687.66,0.096,-1
69914.648139,1687.62,0.88086277,-1
69914.714114,1687.69,0.1286426,1
69915.924189,1687.7,0.00322466,-1
69915.924189,1687.7,0.00520734,-1
69915.857721,1687.7,0.00369306,-1
69915.857721,1687.7,0.001,-1
69919.455863,1687.75,0.01854941,-1
69927.387756,1687.76,0.0058081,-1
69927.387756,1687.76,0.00005773,-1
69931.306254,1687.79,0.01151449,-1
69932.343982,1687.79,0.00293292,-1
69932.685753,1687.8,0.001,-1
69932.685753,1687.79,0.87428874,-1
69932.760742,1688,0.05,-1
69932.760742,1688,0.001,-1
69932.760742,1688,0.1355,-1
69932.760703,1688,0.1375,-1
69932.760703,1687.91,0.048,-1
69932.760703,1687.9,0.001,-1
69932.855411,1688.09,1.18490392,1
69934.719611,1687.99,0.00571902,-1
69935.529536,1687.89,0.11433993,-1
69935.529536,1687.89,0.8886869,-1
69935.452218,1687.97,0.05757901,-1
69937.449543,1687.87,0.11965944,-1
69938.555678,1687.9,1.10288307,1
69938.555678,1687.91,0.00252609,1
69938.555678,1687.91,0.50197814,1
69938.82254,1687.89,0.252898,-1
69940.711439,1687.66,0.00088876,1
69940.711427,1687.66,0.00088876,1
69940.711088,1687.62,0.00088876,1
69940.71088,1687.62,0.00088876,1
69940.710878,1687.62,0.00088876,1
69940.710791,1687.62,0.00088876,1
69940.710746,1687.62,0.00088876,1
69940.710478,1687.62,0.00088876,1
69940.710406,1687.62,0.00088876,1
69940.710357,1687.62,0.00088876,1
69940.710095,1687.62,0.00088876,1
69940.710046,1687.62,0.00088876,1
69940.707904,1687.62,0.32822202,1
69940.707904,1687.63,0.88881798,1
69940.707904,1687.69,1.35896,1
69940.707904,1687.7,0.001,1
69940.699893,1687.84,0.81081406,1
69940.699614,1687.84,0.37408986,1
69940.699614,1687.85,0.05928614,1
69940.699614,1687.87,0.37743807,1
69940.770467,1687.6,0.2,1
69940.770467,1687.6,0.001,1
69942.653393,1687.58,0.16859663,-1
69943.113779,1687.6,1,-1
69943.113779,1687.58,0.16859,-1
69943.113779,1687.58,0.83140337,-1
69943.684611,1687.69,0.01466328,-1
69943.77525,1687.69,0.0112374,-1
69945.117649,1687.66,0.11709704,-1
69945.290501,1687.65,0.36927,1
69946.028644,1687.65,0.00561897,-1
69948.716288,1687.64,0.56211893,1
69950.748795,1687.65,0.00328267,1
69950.758146,1687.65,0.00000592,1
69952.354637,1687.66,0.0168584,-1
69952.53835,1687.65,0.0007577,1
69952.53835,1687.65,0.00164134,1
69952.53835,1687.65,0.24397896,1
69953.463873,1687.64,0.14665308,-1
69954.389426,1687.63,0.00000592,1
69955.560689,1687.64,0.00730952,-1
69958.484995,1687.64,0.00268706,-1
69960.724315,1688.14,0.096,-1
69960.724315,1688.13,1.575,-1
69960.724315,1688.12,0.1553216,-1
69960.724315,1688.1,0.001,-1
69960.724315,1688,0.001,-1
69960.723583,1687.98,0.80242594,-1
69960.723532,1687.98,3.28508406,-1
69960.723532,1687.97,0.54014102,-1
69960.723532,1687.97,1.18500621,-1
69960.715923,1687.96,0.54014102,-1
69960.714639,1687.96,0.91320784,-1
69960.709507,1687.99,0.048,-1
69960.709507,1687.98,4.08757183,-1
69960.709507,1687.97,1.18500621,-1
69960.704388,1687.93,0.18592375,-1
69960.704388,1687.9,1.717636,-1
69960.704388,1687.9,0.001,-1
69960.689476,1687.81,0.88873014,-1
69960.688581,1687.8,0.001,-1
69960.688581,1687.8,1.241,-1
69960.688581,1687.76,0.05928614,-1
69960.688054,1687.66,0.01685,-1
69960.688054,1687.66,0.9831416,-1
69960.688054,1687.64,0.00268,-1
69960.688054,1687.64,0.00731,-1
69960.688054,1687.64,0.14665,-1
69960.688054,1687.64,0.83801742,-1
69960.686733,1687.64,0.00088882,-1
69960.686551,1687.64,0.00088882,-1
69960.686485,1687.64,0.00088882,-1
69960.685442,1687.64,0.00088882,-1
69960.685302,1687.64,0.00088882,-1
69960.685147,1687.64,0.00088882,-1
69960.855066,1688.2,0.001,-1
69960.855066,1688.17,0.50813266,-1
69960.855066,1688.16,1.243,-1
69960.940053,1688.14,0.33709,1
69960.940053,1688.14,0.66291,1
69960.938857,1688.16,1,1
69960.938857,1688.16,0.12281311,1
69960.936645,1688.19,1.18494372,1
69960.936645,1688.19,0.36927,1
69961.13846,1687.79,0.035777,1
69962.752494,1688.1,0.0000018,-1
69963.308718,1688.4,0.05,-1
69963.308718,1688.4,0.001,-1
69963.300273,1688.3,0.001,-1
69963.296506,1688.3,0.001,-1
69963.294591,1688.22,0.00713096,-1
69963.239787,1688.1,0.0009982,-1
69963.939239,1688.64,0.0071,-1
69963.869197,1688.6,0.04992969,-1
69963.869197,1688.6,0.001,-1
69963.869197,1688.57,0.00110709,-1
69963.869197,1688.57,0.00286322,-1
69963.869197,1688.5,0.001,-1
69965.399882,1688.69,0.05928524,1
69965.399882,1688.69,1.18420476,1
69965.399882,1688.69,1.575,1
69965.399882,1688.69,0.36927,1
69965.485067,1688.69,1.09472924,1
69965.485067,1688.69,1.18420476,1
69965.485067,1688.69,1.575,1
69965.454066,1688.69,1.1842041,1
69965.454066,1688.69,0.0000009,1
69966.92335,1688.69,0.11844821,1
69966.92335,1688.69,0.00000047,1
69967.842726,1688.7,0.03973429,-1
69967.804091,1688.7,0.05520387,-1
69967.804091,1688.7,0.001,-1
69970.68543,1688.79,0.13896046,-1
69970.68543,1688.79,0.00100026,-1
69970.68543,1688.79,0.00229322,-1
69970.68543,1688.79,0.0043085,-1
69970.899551,1688.79,0.02302721,-1
69971.300266,1688.79,0.01684988,-1
69971.717784,1688.79,0.21886109,-1
69971.717784,1688.79,0.1268866,-1
69972.61867,1688.8,0.0001725,-1
69972.61867,1688.8,0.001,-1
69975.319543,1689,0.05,-1
69975.319543,1689,0.001,-1
69975.31829,1688.97,2.88058968,-1
69975.317365,1688.97,8.93452526,-1
69975.316886,1688.97,8.93452526,-1
69975.316812,1688.97,11.93430973,-1
69975.316812,1688.9,0.001,-1
69975.280604,1688.8,0.9048895,-1
69975.79098,1689.13,0.00043813,-1
69975.79098,1689.1,0.001,-1
69975.79098,1689.07,0.00975097,-1
69975.79098,1689.04,0.00000162,-1
69978.532246,1689.13,1.22284272,-1
69978.531897,1689.13,0.71037731,-1
69978.53175,1689.13,1.51634184,-1
