71787.222949,1704.33,0.01337117,-1
71784.088721,1704.33,0.12309588,-1
71783.297264,1704.34,0.02873467,1
71783.297264,1704.34,0.00126533,1
71783.090396,1704.54,0.29861508,1
71783.090396,1704.54,0.29861509,1
71782.79267,1704.41,0.21606253,-1
71782.792645,1704.41,0.138,-1
71782.792397,1704.41,0.5260074,-1
71781.221964,1704.6,0.18771309,-1
71781.221964,1704.6,0.001,-1
71781.221964,1704.53,1.17359248,-1
71781.221964,1704.52,0.1536,-1
71781.221964,1704.51,0.17554124,-1
71781.221964,1704.5,0.001,-1
71781.221964,1704.42,0.88006511,-1
71781.221964,1704.4,0.001,-1
71777.198474,1704.21,3.38050024,-1
71777.198474,1704.2,0.70063471,-1
71777.198474,1704.2,3.03864019,-1
71777.198474,1704.11,0.88022486,-1
71775.165633,1704.22,5.94064819,-1
71775.165633,1704.19,1.17359248,-1
71775.165633,1704.12,0.8802197,-1
71775.165633,1704.12,0.00276981,-1
71775.165633,1704.12,0.00276982,-1
71773.789178,1704.18,0.039,1
71773.789178,1704.2,0.001,1
71773.401804,1704.31,0.00000586,1
71773.389264,1704.31,0.0000176,1
71773.185935,1704.36,3.13080438,-1
71773.185935,1704.35,1.066839,-1
71773.185935,1704.35,3.79130082,-1
71773.185935,1704.28,0.0110558,-1
71771.877703,1704.48,0.0138884,-1
71771.877703,1704.47,0.0041116,-1
71771.876942,1704.47,0.018,-1
71771.474217,1704.49,0.005868,1
71771.410738,1704.49,0.04,-1
71771.291854,1704.41,1.02580587,-1
71771.291854,1704.41,0.048,-1
71771.291854,1704.4,5.1352507,-1
71771.291854,1704.4,0.001,-1
71771.291854,1704.39,0.1536,-1
71771.291854,1704.37,0.75420349,-1
71771.291854,1704.3,0.001,-1
71771.291854,1704.28,0.88013994,-1
71771.291854,1704.2,0.001,-1
71769.11519,1704.11,0.05849229,-1
71769.091603,1704.15,1.31975629,-1
71769.091603,1704.1,1.17370794,-1
71769.091603,1704.01,0.88027652,-1
71768.659828,1704.19,0.15600741,1
71767.191548,1704.13,2.31057142,-1
71767.191548,1704.12,1.46670577,-1
71767.191548,1704.07,0.88024552,-1
71767.191548,1704.07,0.16212769,-1
71767.191548,1704.07,1.0961264,-1
71767.191548,1704.07,0.0842232,-1
71765.556171,1704.13,0.23377853,-1
71765.556171,1704.13,0.15799368,-1
71765.556171,1704.12,0.1536,-1
71765.556171,1704.04,0.88026102,-1
71765.12004,1704.13,0.88037555,-1
71765.12004,1704.13,0.70074642,-1
71765.12004,1704.13,0.048,-1
71765.12004,1704.11,1.575,-1
71765.12004,1704.1,0.212,-1
71765.12004,1704.1,0.05866823,-1
71765.12004,1704.1,0.001,-1
71765.12004,1704.03,1.211,-1
71765.12004,1704.02,0.0585802,-1
71765.12004,1704,0.88028495,-1
71765.12004,1703.93,0.0421116,-1
71765.12004,1703.93,0.02105581,-1
71765.12004,1703.93,0.0210558,-1
71765.12004,1703.93,0.0421116,-1
71765.12004,1703.93,0.04211159,-1
71763.800304,1703.67,0.8804522,-1
71763.800304,1703.67,0.37641,-1
71763.72673,1703.61,0.37641,-1
71763.707301,1703.6,0.01239584,1
71763.707301,1703.6,0.001,1
71763.707301,1703.7,0.212,1
71763.707301,1703.7,0.001,1
71763.707301,1703.73,0.17133573,1
71763.70276,1703.73,0.32866427,1
71763.70276,1703.8,0.212,1
71763.70276,1703.8,0.001,1
71763.70276,1703.9,0.10229138,1
71763.70276,1703.9,0.001,1
71763.102786,1704.08,1.81162194,-1
71763.102786,1704.07,0.0585802,-1
71763.102786,1704.01,0.1710594,-1
71763.102786,1704.01,0.88027652,-1
71763.102786,1704.01,0.37641,-1
71762.751824,1704.01,0.718,1
71762.360857,1704.02,0.6,-1
71761.991679,1703.87,0.00095151,-1
71761.954583,1703.86,1.17356006,1
71788.239128,1704.06,0.7,1
71788.239128,1704.06,0.719,1
71788.239128,1704.06,0.051,1
71788.239128,1704.06,1.575,1
71788.219969,1704.06,0.4,1
71788.211718,1704,0.718,1
71788.207426,1703.9,0.001,1
71788.207426,1703.93,7.38005202,1
71788.207426,1704.1,0.718,1
71788.207171,1704.11,0.716,1
71788.206812,1703.99,0.47436142,1
71788.206812,1704,1.575,1
71788.206812,1704.06,0.5,1
71788.204727,1703.99,1.05126666,1
71788.204727,1704,0.001,1
71788.204727,1704.05,1.076,1
71788.204727,1704.06,1.71018296,1
71788.204727,1704.1,0.001,1
71788.203538,1704.18,1.265,1
71788.203337,1704.18,3.735,1
71788.198408,1704.2,0.001,1
71788.198408,1704.2,0.201,1
71788.198408,1704.23,1.17348492,1
71788.198408,1704.24,0.53678697,1
71788.198231,1704.24,3.32956545,1
71788.198231,1704.24,4.22015607,1
71788.198018,1704.3,0.201,1
71788.198018,1704.3,0.001,1
71788.198018,1704.31,1.46686929,1
71788.198018,1704.31,0.0585802,1
71788.198018,1704.32,1.5905,1
71788.198018,1704.32,1.03871085,1
71788.198018,1704.32,0.605,1
71788.198018,1704.32,0.703,1
71788.198018,1704.32,0.17478928,1
71789.145735,1704.16,3.73278616,-1
71789.145735,1704.12,1.17384057,-1
71789.145735,1704.11,0.0585802,-1
71789.145735,1704.1,0.15450105,-1
71789.145735,1703.98,0.88029202,-1
71789.812082,1704.05,0.05295907,1
71790.152911,1703.91,0.23244954,1
71790.301713,1703.51,0.02899367,1
71790.301713,1703.6,0.001,1
71790.242198,1703.7,0.001,1
71790.242198,1703.82,0.02899367,1
71790.208742,1703.8,0.001,1
71790.208742,1703.82,0.02899367,1
71790.202324,1703.82,0.12376795,1
71790.202324,1703.82,0.02899367,1
71790.645806,1703.5,0.20099989,1
71790.645806,1703.5,0.00000011,1
71790.609647,1703.5,0.189999,1
71790.609647,1703.5,0.001,1
71790.839008,1703.5,0.252098,1
71791.304729,1703.5,0.43518292,-1
71791.304729,1703.48,1,-1
71791.304729,1703.47,1.17417529,-1
71791.304729,1703.46,1,-1
71791.45257,1703.61,0.8804832,-1
71791.437195,1703.51,1.17417529,-1
71791.703113,1703.72,0.747,-1
71791.70306,1703.72,0.253,-1
71791.70306,1703.7,1,-1
71791.70306,1703.7,0.001,-1
71791.994532,1703.96,0.017,-1
71791.994532,1703.9,0.001,-1
71793.396943,1704.1,0.13113791,-1
71793.396943,1704.1,0.001,-1
71793.396943,1703.94,1,-1
71793.396943,1703.93,0.6886992,-1
71793.396943,1703.92,1,-1
71793.396943,1703.92,0.88032301,-1
71793.396943,1703.91,0.79149409,-1
71793.396413,1703.91,0.17980578,-1
71793.396413,1703.91,0.1536,-1
71793.396413,1703.91,1.17394001,-1
71794.12975,1703.8,0.71899998,1
71794.12975,1703.8,0.18291402,1
71794.57813,1703.76,0.16549084,-1
71795.049792,1703.76,0.028524,-1
71795.442249,1703.96,2.06809439,-1
71795.442249,1703.9,0.18697942,-1
71795.442249,1703.85,1.06846514,-1
71795.440394,1703.85,0.10543743,-1
71795.440394,1703.85,0.1467162,-1
71795.440394,1703.78,1,-1
71795.440394,1703.76,0.02852,-1
71795.440394,1703.76,0.88040569,-1
71795.440394,1703.76,0.16549,-1
71795.440394,1703.76,0.80598516,-1
71797.18323,1703.93,2.3567232,-1
71797.18323,1703.9,1.49586296,-1
71797.18323,1703.9,0.201,-1
71797.18323,1703.84,0.18495811,-1
71797.18323,1703.8,0.201,-1
71797.18323,1703.77,0.1467162,-1
71797.18323,1703.77,0.68580392,-1
71797.182754,1703.77,0.48809865,-1
71797.182754,1703.76,1,-1
71797.182754,1703.74,1,-1
71797.182754,1703.74,0.23983696,-1
71798.616299,1704,0.05696638,-1
71798.604907,1704.08,0.9302003,-1
71798.604907,1704.08,0.1553216,-1
71798.601895,1704.05,0.58397646,-1
71798.601895,1704,0.001,-1
71798.600303,1703.97,1.44707,-1
71798.600202,1703.91,0.1467162,-1
71798.600202,1703.89,0.00114643,-1
71798.599838,1703.89,0.15245357,-1
71798.599838,1703.82,0.1467162,-1
71798.599838,1703.78,1,-1
71798.599838,1703.77,1.17390257,-1
71798.599838,1703.76,0.24392766,-1
71798.59805,1703.76,0.75607234,-1
71798.59805,1703.75,0.88041085,-1
71799.132566,1704.07,0.018,-1
71799.132445,1704.07,0.018,-1
71799.249145,1703.92,0.89684679,1
71799.249145,1703.95,7.38005202,1
71799.249145,1704.04,0.00096205,1
71799.249145,1704.04,0.33419098,1
71799.249145,1704.04,1,1
71799.249145,1704.06,1,1
71799.249145,1704.06,0.0585802,1
71800.308787,1704.05,0.00097036,1
71801.197699,1704.13,0.00481122,-1
71801.197699,1704.1,0.001,-1
71802.959137,1704.1,0.59535656,1
71802.959137,1704.12,1,1
71805.475872,1704.08,0.00290471,-1
71808.490214,1704.06,0.27409356,1
71808.490214,1704.06,0.59535,1
71808.490214,1704.06,0.40464344,1
71809.014566,1703.7,2.77561331,1
71809.014566,1703.7,0.201,1
71809.014566,1703.7,0.001,1
71809.014566,1703.75,1.45336,1
71809.014566,1703.77,2.19227571,1
71809.014171,1703.77,1.50102508,1
71809.013963,1703.77,3.68675123,1
71809.013963,1703.78,0.81324877,1
71809.013525,1703.78,0.36040541,1
71809.013525,1703.79,0.4,1
71809.013525,1703.8,0.001,1
71809.013525,1703.86,1.575,1
71809.013525,1703.87,0.0585802,1
71809.013525,1703.89,0.14670845,1
71809.013525,1703.9,1.46722225,1
71809.013525,1703.9,0.001,1
71809.013525,1703.91,0.14670845,1
71809.013525,1704,1,1
71809.013525,1704.02,0.34337524,1
71809.013525,1704.02,1,1
71809.090175,1704.04,0.49039332,-1
71809.090175,1704.03,1.17365418,-1
71809.090175,1704.02,1.575,-1
71809.090175,1704.02,0.281,-1
71809.090175,1704.02,0.464,-1
71809.090175,1704.01,0.19503402,-1
71809.090175,1703.9,0.201,-1
71809.090175,1703.84,0.03747452,-1
71809.090175,1703.84,0.03747452,-1
71809.090175,1703.84,0.01498982,-1
71809.090175,1703.84,0.02997962,-1
71811.371537,1703.78,1,1
71811.371537,1703.8,0.36990975,1
71811.371537,1703.8,1,1
71811.371537,1703.8,0.001,1
71811.630128,1703.61,0.08883904,-1
71811.630128,1703.61,0.02902648,-1
71811.626623,1703.61,0.03093276,-1
71813.403813,1703.7,1.46722225,-1
71813.403813,1703.7,0.201,-1
71813.403813,1703.68,1.02530685,-1
71813.403813,1703.68,0.96965477,-1
71813.403813,1703.68,1.00269357,-1
71813.403813,1703.68,1.17388518,-1
71813.403813,1703.68,0.88044703,-1
71815.43727,1703.95,0.88539758,-1
71815.43727,1703.9,0.001,-1
71815.43727,1703.9,0.201,-1
71815.43727,1703.88,0.16439224,-1
71815.43727,1703.87,0.0585802,-1
71815.43727,1703.8,1.17388518,-1
71815.43727,1703.8,0.201,-1
71815.43727,1703.78,0.88039535,-1
71815.494453,1703.6,0.78935186,1
71815.494453,1703.6,0.001,1
71815.494453,1703.66,1.46742894,1
71815.494453,1703.66,0.4,1
71815.494453,1703.67,0.0585802,1
71815.494453,1703.72,0.14670845,1
71815.494453,1703.76,0.28346108,1
71815.494453,1703.77,0.00096589,1
71815.494453,1703.79,0.28501018,1
71815.494453,1703.79,0.28501019,1
71815.791941,1703.6,0.88049257,-1
71815.791941,1703.6,0.201,-1
71816.22104,1703.6,0.28350115,-1
71816.22104,1703.6,0.201,-1
71816.22104,1703.56,0.1574949,-1
71816.22104,1703.56,0.88050905,-1
71816.22104,1703.56,0.1574949,-1
71816.364424,1703.51,0.00000587,1
71816.814664,1703.57,5.74970322,-1
71816.814664,1703.56,1.46742894,-1
71816.814664,1703.52,0.33537,-1
71816.814664,1703.52,0.07874891,-1
71816.814664,1703.52,0.03937447,-1
71816.814664,1703.52,0.03937446,-1
71817.193457,1703.79,2.47216168,-1
71817.193457,1703.78,0.0585802,-1
71817.193457,1703.72,1.45514,-1
71817.193457,1703.7,0.201,-1
71817.193457,1703.67,0.18003016,-1
71817.193457,1703.63,0.88047287,-1
71817.193457,1703.63,1.17386617,-1
71817.193457,1703.62,0.07874892,-1
71817.472264,1703.63,0.02404355,1
71818.04296,1703.63,0.31064086,1
71823.135301,1703.77,0.97658169,-1
71823.135301,1703.72,1.208,-1
71823.135301,1703.7,0.201,-1
71823.135301,1703.61,1.17417603,-1
71823.135301,1703.61,0.88048524,-1
71823.93275,1703.6,0.26683872,1
71823.93275,1703.6,0.746,1
71826.257083,1703.5,0.00000587,1
71826.246663,1703.5,0.0333528,1
71826.246663,1703.5,0.001,1
71827.533533,1703.5,0.04426485,1
71827.507499,1703.51,0.00000586,-1
71827.494205,1703.51,0.00095059,-1
71828.344819,1703.73,0.1553216,-1
71828.344819,1703.7,0.06919633,-1
71828.344509,1703.7,1.39165367,-1
71828.344509,1703.6,1.52624037,-1
71828.344419,1703.51,0.00002068,-1
71828.344285,1703.51,1.17412408,-1
71828.344285,1703.51,0.16529748,-1
71828.344285,1703.51,0.87957844,-1
71828.604021,1703.72,0.00000473,1
71829.158408,1703.87,0.57586316,-1
71829.158408,1703.86,0.1536,-1
71829.158408,1703.8,0.001,-1
71829.158408,1703.79,0.048,-1
71829.158408,1703.74,0.88041602,-1
71829.158408,1703.73,0.18112354,-1
71829.158408,1703.73,0.05139624,-1
71829.158408,1703.73,1.17398431,-1
71829.856632,1703.74,1,1
71830.038973,1703.6,0.00081438,1
71830.038973,1703.6,0.1261083,1
71830.035753,1703.6,0.14960674,1
71830.028327,1703.68,1,1
71831.330459,1703.5,0.15700754,1
71831.330459,1703.5,0.001,1
71831.562996,1703.44,0.13385596,1
71831.562996,1703.44,0.00059642,1
71833.293977,1703.55,3.62820166,-1
71833.293977,1703.54,0.88560625,-1
71833.293977,1703.45,0.88056591,-1
71833.293977,1703.44,0.0585802,-1
71833.293977,1703.41,0.19187335,-1
71833.293977,1703.41,1.17417263,-1
71834.255861,1703.47,0.00000587,1
71834.245815,1703.47,0.0057647,1
71835.968619,1703.54,0.00000473,-1
71835.890955,1703.54,0.00055791,-1
71836.518694,1703.47,0.00160408,-1
71838.126434,1703.4,0.08394032,1
71838.126434,1703.4,1,1
71838.126434,1703.4,0.001,1
71838.093827,1703.46,0.20125409,1
71838.519627,1703.17,1.5905,1
71838.486492,1703.2,10,1
71838.486492,1703.2,2.42309084,1
71838.486316,1703.2,7.57690916,1
71838.486316,1703.2,0.001,1
71838.486316,1703.2,0.05,1
71838.486316,1703.21,1.46781665,1
71838.486316,1703.3,0.001,1
71838.735873,1703,0.00000001,1
71838.735776,1703,0.00099999,1
71838.735776,1703,0.05,1
71838.735776,1703.1,0.001,1
71838.967996,1702.9,0.201,1
71838.967996,1702.9,0.00000001,1
71838.966958,1702.9,0.7510047,1
71838.966958,1702.9,0.001,1
71838.980494,1702.9,0.20099918,1
71838.980494,1702.9,0.20400941,1
71838.980494,1702.9,0.54600941,1
71839.137251,1703.05,4.23857484,-1
71839.137251,1702.91,0.18428621,-1
71839.137251,1702.91,0.1536,-1
71840.292315,1703.1,1,1
71840.458133,1703.04,0.15198171,1
71840.458133,1703.04,1,1
71841.449173,1703.12,1.64302202,-1
71841.449173,1702.96,0.17782795,-1
71841.449173,1702.96,0.5847303,-1
71841.449173,1702.94,1.174447,-1
71841.449173,1702.91,0.88084514,-1
71843.463523,1703.01,4.25090997,-1
71843.463523,1703,0.88079859,-1
71843.463523,1702.99,1.174447,-1
71844.322572,1703.14,1.505028,-1
71844.322572,1703.13,0.1536,-1
71844.322572,1703.13,0.1553216,-1
71844.311412,1703.01,0.88079341,-1
71844.311412,1703.01,1.174447,-1
71844.424856,1703.13,0.01373104,-1
71844.423939,1703.13,0.88073135,-1
71844.415582,1703.13,0.19575535,-1
71844.415582,1703.13,0.17581956,-1
71845.322573,1703.38,0.85499135,-1
71845.322573,1703.37,1.46781665,-1
71845.322573,1703.33,0.14678942,-1
71845.322573,1703.3,0.211,-1
71845.322573,1703.3,0.001,-1
71845.322573,1703.24,0.14678942,-1
71845.322573,1703.22,0.88068746,-1
71845.322573,1703.2,0.17998496,-1
71845.322573,1703.2,1.17441446,-1
71845.322573,1703.2,0.001,-1
71845.379394,1703.18,0.82178919,1
71845.379394,1703.19,0.24856574,1
71845.379394,1703.19,0.00093364,1
71845.379394,1703.2,0.0585802,1
71845.379394,1703.2,1,1
71845.379394,1703.21,0.28570829,1
71845.379394,1703.21,0.28570829,1
71845.481751,1703.18,0.17821081,1
71846.664165,1703.01,0.000085,-1
71847.126048,1703.18,5.77477555,-1
71847.126048,1703.01,0.88079341,-1
71847.126048,1703.01,0.17001658,-1
71847.126048,1703.01,1.17441446,-1
71847.415651,1703.09,0.0612621,-1
71848.484946,1703.17,0.00063928,-1
71849.330522,1703.26,0.10950829,-1
71849.318043,1703.38,0.04201225,-1
71849.318043,1703.3,0.211,-1
71849.318043,1703.3,0.001,-1
71849.318043,1703.29,1.209,-1
71849.318043,1703.28,4.25090997,-1
71849.318043,1703.25,0.17293808,-1
71849.318043,1703.17,1.17441446,-1
71849.318043,1703.17,0.05865113,-1
71849.318043,1703.17,0.88007411,-1
71849.446051,1703.23,0.01392188,-1
71851.227357,1703.23,0.02506116,-1
71851.691906,1703.23,0.00566797,-1
71853.905928,1703.23,0.0139227,-1
71854.161758,1703.23,0.86675694,-1
71854.835305,1703.4,0.05605536,-1
71854.835305,1703.4,0.001,-1
71855.272791,1703.51,2.91134532,-1
71855.272791,1703.5,0.1536,-1
71855.272791,1703.5,0.001,-1
71855.272791,1703.42,0.88058632,-1
71855.272791,1703.4,1.11825602,-1
71856.243715,1703.41,0.00000587,1
71856.233787,1703.41,0.04113513,1
71856.975973,1703.42,0.04649989,-1
71857.35334,1703.42,0.00058125,-1
71857.485634,1703.57,0.04036574,-1
71857.485634,1703.47,1.17431138,-1
71857.485634,1703.47,0.18610617,-1
71857.485634,1703.42,0.83350518,-1
71858.066479,1703.51,1.16350295,-1
71858.066479,1703.51,0.88053489,-1
71858.066479,1703.51,0.33486219,-1
71858.507639,1703.5,0.050957,1
71858.925576,1703.5,0.112,1
71859.56165,1703.5,0.00178987,1
71863.496713,1703.5,0.00178,1
71863.496713,1703.5,0.0008732,1
71863.496713,1703.5,0.29594209,1
71863.496713,1703.5,0.04885873,1
71863.495876,1703.5,0.9493514,1
71864.814186,1703.45,0.11409196,-1
71865.715254,1703.47,0.05811667,-1
71866.170058,1703.47,0.00166803,-1
71866.255847,1703.46,0.00117768,1
71866.648175,1703.46,0.00117537,1
71867.353111,1703.47,0.00881318,-1
71868.096946,1703.47,0.82547138,-1
71868.096946,1703.47,0.81195769,-1
71869.502959,1703.47,0.00477991,-1
71870.155774,1703.47,0.09184832,-1
71870.152151,1703.47,0.02892416,-1
71870.148515,1703.47,0.01446208,-1
71870.22479,1703.54,0.13179328,-1
71870.22479,1703.51,0.04490336,-1
71870.224489,1703.51,0.10869664,-1
71871.378551,1703.71,0.00150774,-1
71871.378551,1703.7,0.001,-1
71871.378551,1703.64,1.17398084,-1
71871.378551,1703.6,0.88048837,-1
71871.378551,1703.6,0.10571461,-1
71871.280781,1703.6,0.05468027,-1
71871.280781,1703.6,0.001,-1
71872.17535,1703.71,0.16838656,-1
71872.172381,1703.64,0.8804677,-1
71872.172381,1703.64,1.17398084,-1
71872.209575,1703.79,0.11136447,-1
71872.18455,1703.79,0.17350432,-1
71872.18455,1703.79,1.686006,-1
71872.297683,1703.8,0.15982015,-1
71872.297012,1703.8,0.01608992,-1
71872.296833,1703.8,0.70447495,-1
71872.296833,1703.8,0.001,-1
71872.447238,1704.06,0.048,-1
71872.444725,1704.02,1.17398816,-1
71872.444725,1704,0.001,-1
71872.444725,1703.9,0.001,-1
71872.538955,1704.1,0.17729501,-1
71872.538955,1704.1,0.001,-1
71873.14065,1704.47,0.65467698,-1
71873.14065,1704.46,0.88560625,-1
71873.14065,1704.46,0.04780408,-1
71873.138095,1704.46,0.00019592,-1
71873.138095,1704.4,0.211,-1
71873.138095,1704.4,0.001,-1
71873.138095,1704.39,0.4091849,-1
71873.138095,1704.3,0.001,-1
71873.138095,1704.26,0.8801494,-1
71873.138095,1704.2,0.001,-1
71874.155455,1704.3,0.29391114,1
71874.155455,1704.3,0.211,1
71874.267642,1704.3,0.00726984,1
71874.276385,1704.3,0.00000586,1
71875.209556,1704.29,3.74909003,-1
71875.209556,1704.18,4.25090997,-1
71875.19997,1704.3,0.11388004,1
71875.19997,1704.3,0.69881316,1
71877.244187,1704.45,0.5816928,-1
71877.244187,1704.4,0.001,-1
71877.244187,1704.4,0.211,-1
71877.244187,1704.36,1.52634555,-1
71877.244187,1704.29,0.50181994,-1
71877.244187,1704.22,1.17363922,-1
71877.244187,1704.22,0.19060511,-1
71877.244187,1704.22,0.88017166,-1
71877.817599,1704.16,0.01025539,1
71877.78859,1704.17,0.01651095,-1
71878.64222,1704.11,0.05808802,-1
71880.056872,1704.1,0.00117974,1
71880.056872,1704.1,0.35100747,1
71880.056872,1704.1,0.001,1
71880.194852,1703.81,0.47682237,1
71880.194852,1703.81,1.46729975,1
71880.194852,1703.84,0.05865113,1
71880.194852,1703.9,0.211,1
71880.194852,1703.9,0.001,1
71880.194852,1704,0.001,1
71880.912454,1703.85,0.16628407,-1
71880.912454,1703.85,0.1674311,-1
71881.094503,1703.89,0.05702222,-1
71882.760322,1703.85,0.88035918,-1
71882.867649,1703.97,0.11618934,-1
71882.775936,1703.92,1.17362419,-1
71884.041749,1704.01,4.17356699,-1
71884.041749,1704,0.2044886,-1
71884.041574,1704,0.68111765,-1
71884.029005,1704.01,4.25090997,-1
71884.029005,1704,0.88560625,-1
71884.029005,1703.98,0.14670242,-1
71884.029005,1703.97,0.05865113,-1
71884.028515,1703.89,1.17362419,-1
71884.028515,1703.87,0.88034885,-1
71884.131809,1704.1,0.001,-1
71884.128467,1704.07,0.14670242,-1
71884.128467,1704.07,1.52571145,-1
71884.128467,1704.06,0.19995723,-1
71884.120836,1704.01,1.1738455,-1
71884.872413,1704.27,1.17381133,-1
71884.872077,1704.24,0.88016125,-1
71884.872077,1704.2,0.001,-1
71885.055275,1704.36,0.19996604,-1
71885.055275,1704.3,0.001,-1
71885.189012,1704.72,4.30178965,-1
71885.189012,1704.71,0.00088021,-1
71885.189012,1704.7,0.001,-1
71885.189012,1704.68,1.46729975,-1
71885.189012,1704.68,0.88560625,-1
71885.189012,1704.6,0.001,-1
71885.189012,1704.55,1.17358515,-1
71885.189012,1704.52,0.16683899,-1
71885.189012,1704.5,0.001,-1
71885.189012,1704.4,0.001,-1
71885.383422,1704.52,0.018,-1
71885.382512,1704.52,0.018,-1
71886.246041,1704.52,0.858028,1
71886.232504,1704.41,0.07723099,1
71886.232504,1704.5,0.222,1
71886.232504,1704.51,0.37452804,1
71886.232073,1704.51,0.65476705,1
71886.232073,1704.51,1.0949038,1
71886.232073,1704.51,0.82057312,1
71888.569071,1704.6,0.87997184,-1
71888.569071,1704.6,0.001,-1
71889.406481,1704.74,0.00559792,-1
71889.861779,1704.74,0.16306706,-1
71889.861779,1704.74,0.87430165,-1
71890.480634,1704.9,0.05610166,-1
71890.480634,1704.9,0.001,-1
71890.480634,1704.8,0.001,-1
71891.103807,1705.05,3.35787142,-1
71891.103807,1705.04,0.1536,-1
71891.103807,1705.03,0.07723099,-1
71891.103807,1705,0.001,-1
71891.103807,1704.94,1.17325362,-1
71891.103807,1704.9,0.87981699,-1
71891.103807,1704.9,0.20190538,-1
71891.103807,1704.9,0.1553216,-1
71891.466003,1704.94,1.79717132,1
71891.465677,1704.94,4.65287463,1
71891.555991,1704.76,0.82914624,1
71891.555991,1704.76,0.55114725,1
71891.486656,1704.88,1,1
71891.89424,1704.71,0.06123478,-1
71895.49373,1704.8,0.99401382,-1
71895.490061,1704.75,0.87989441,-1
71895.490061,1704.71,0.18110851,-1
71895.593247,1704.8,0.8798686,-1
71895.593247,1704.8,0.1553216,-1
71895.699248,1704.96,0.00000586,1
71895.687479,1704.96,0.00009384,1
71896.14193,1704.97,0.0290372,-1
71897.167618,1704.96,0.27645544,1
71897.167618,1704.96,0.00099326,1
71897.167618,1704.96,0.9999003,1
71897.13924,1705.03,0.51644394,-1
71897.13924,1705,0.244,-1
71897.13924,1705,0.001,-1
71897.13924,1704.97,1.1733561,-1
71897.13924,1704.97,1.17720626,-1
71897.13924,1704.97,1.541584,-1
71897.13924,1704.97,1.5905,-1
71897.13924,1704.97,0.54002824,-1
71897.13924,1704.97,0.1536,-1
71897.13924,1704.97,0.87978087,-1
71897.13924,1704.97,0.18250059,-1
71897.251772,1704.5,0.001,1
71897.24866,1704.6,0.52282881,1
71897.24866,1704.6,0.001,1
71897.215544,1704.62,0.19800025,1
71897.203271,1704.7,0.001,1
71897.179319,1704.78,1.575,1
71897.179319,1704.94,1,1
71897.179319,1704.96,0.00000024,1
71897.346887,1704.43,0.37641,-1
71897.346887,1704.43,0.02760222,-1
71897.346887,1704.43,0.01380111,-1
71897.346887,1704.43,0.01380111,-1
71897.343595,1704.42,0.5,1
71897.853291,1704.5,0.00230468,-1
71897.852649,1704.5,0.018,-1
71899.031159,1704.53,0.86383223,-1
71899.031073,1704.53,0.01617984,-1
71899.248907,1704.66,0.87994241,-1
71899.361492,1704.69,0.64333261,1
71901.291643,1704.93,5.18805987,-1
71901.291643,1704.93,0.1536,-1
71901.291643,1704.92,1.1735655,-1
71901.291643,1704.91,0.1536,-1
71901.291643,1704.9,0.269,-1
71901.291643,1704.9,0.001,-1
71901.291643,1704.83,0.17925441,-1
71901.291643,1704.8,0.001,-1
71901.291643,1704.7,0.87992022,-1
71901.291643,1704.7,0.001,-1
71902.234803,1704.81,0.00000586,1
71902.22234,1704.81,0.00131392,1
71902.454462,1704.87,0.05660319,1
71903.379997,1704.88,0.1553216,-1
71903.379997,1704.81,0.87986344,-1
71903.379997,1705.04,3.73246575,-1
71903.379997,1705.02,0.59502094,-1
71903.379997,1705.01,0.88560625,-1
71903.379997,1705,0.269,-1
71903.379997,1705,0.001,-1
71903.379997,1704.99,1.17317299,-1
71903.379997,1704.96,0.14667058,-1
71903.379997,1704.9,0.16187845,-1
71905.101154,1704.91,4.19405809,-1
71905.101154,1704.9,0.269,-1
71905.101154,1704.9,0.88560625,-1
71905.101154,1704.86,1.552372,-1
71905.101154,1704.86,0.86169532,-1
71905.101154,1704.86,0.18070464,-1
71905.101154,1704.86,0.0565637,-1
71906.091921,1705.18,4.12615193,-1
71906.091921,1705.18,0.048,-1
71906.091921,1705.17,1.1731693,-1
71906.091921,1705.17,0.88560625,-1
71906.091921,1705.14,0.57739069,-1
71906.091921,1705.1,0.001,-1
71906.091921,1705.04,0.1536,-1
71906.091921,1705.01,0.1553216,-1
71906.091921,1705.01,0.87976023,-1
71908.26002,1704.96,0.00000586,1
71908.24933,1704.96,0.00979495,1
71908.487636,1704.96,0.00075425,1
71908.487636,1704.96,0.36626185,1
71910.460654,1704.97,0.00808308,1
71911.088096,1705.15,4.25090997,-1
71911.088096,1705.13,0.88560625,-1
71911.088096,1705.12,1.17312071,-1
71911.088096,1705.1,0.269,-1
71911.088096,1705.08,0.14667058,-1
71911.088096,1704.99,0.17151994,-1
71911.088096,1704.99,0.1553216,-1
71911.088096,1704.99,0.87977055,-1
71911.088096,1704.99,0.01159769,-1
71911.712704,1705.04,0.00258433,1
71912.229932,1705.04,0.1279511,1
71912.377342,1705.05,0.20471936,-1
71912.373486,1705.05,0.03235968,-1
71913.85455,1705.2,0.06087744,-1
71913.851134,1705.2,0.06143872,-1
71913.851134,1705.2,0.001,-1
71914.422238,1705.3,0.05463129,-1
71914.422238,1705.3,0.001,-1
71914.55883,1705.3,0.11612971,-1
71914.669012,1705.44,0.05751888,-1
71914.669012,1705.4,0.001,-1
71915.46949,1705.4,1,1
71915.919817,1705.48,0.04049787,-1
71915.919817,1705.45,0.89218709,-1
71915.919671,1705.45,0.28070186,-1
71915.919671,1705.45,0.14663531,-1
71915.919671,1705.39,0.95655993,-1
71915.919177,1705.39,3.29435004,-1
71915.919177,1705.34,0.1536,-1
71915.919177,1705.33,0.87959515,-1
71915.919177,1705.33,0.09354957,-1
71916.203294,1705.49,0.00260652,-1
71918.57763,1705.64,0.14663531,-1
71918.57763,1705.63,1.17275764,-1
71918.57763,1705.6,0.001,-1
71918.57763,1705.55,0.14663531,-1
71918.57763,1705.53,0.0159538,-1
71918.57763,1705.5,0.001,-1
71918.57763,1705.49,0.87951263,-1
71921.482866,1705.66,1,1
71921.482866,1705.68,0.00874138,1
71921.482866,1705.68,1,1
71922.224539,1705.54,0.00000586,1
71922.211758,1705.54,0.01186134,1
71923.250516,1705.54,0.08974662,1
71923.30656,1705.41,0.02638274,-1
71923.29951,1705.52,0.75258916,1
71923.298354,1705.52,0.24741084,1
71923.296075,1705.54,0.01186,1
71923.296075,1705.54,0.85121178,1
71923.289319,1705.54,0.0471744,1
71924.335891,1705.4,1,1
71924.335891,1705.4,0.00087528,1
71924.335891,1705.4,1.08656576,1
71924.335891,1705.4,0.001,1
71926.242486,1705.32,0.0002992,1
71926.572043,1705.33,0.00283053,-1
71926.84064,1705.33,0.00001196,1
71927.592045,1705.3,0.17329234,1
71927.591888,1705.3,0.82670766,1
71927.591888,1705.3,0.001,1
71927.591888,1705.32,0.44217329,1
71927.591888,1705.32,0.9997008,1
71929.380945,1705.32,0.13640168,-1
71929.380945,1705.31,4.25090997,-1
71929.380945,1705.3,0.88560625,-1
71929.380945,1705.26,0.14658114,-1
71929.380945,1705.22,0.87965189,-1
71929.380945,1705.21,0.18369405,-1
71929.380945,1705.21,0.95828566,-1
71929.380945,1705.21,0.18245936,-1
71929.380945,1705.21,0.37641,-1
71929.806591,1705.2,0.06868341,1
71929.806591,1705.2,0.001,1
71930.579156,1705.21,0.58899307,1
71930.572094,1705.22,0.22075488,-1
71931.906156,1705.22,0.90000184,1
71931.904712,1705.22,0.09999816,1
71931.888586,1705.26,0.19501806,1
71931.888586,1705.26,0.32869901,1
71931.888586,1705.26,1,1
71934.947279,1705.3,0.49776623,1
71934.947279,1705.32,1,1
71934.947157,1705.34,1,1
71935.635429,1705.12,0.00041545,-1
71936.186534,1705.11,0.0542213,1
71936.889659,1705.1,0.0065326,1
71936.889659,1705.1,0.001,1
71937.194091,1705.08,0.92113831,1
71937.191578,1705.08,0.2518,1
71937.189684,1705.08,1,1
71937.189684,1705.1,0.00078481,1
71937.189684,1705.1,0.22650865,1
71937.189684,1705.1,0.9934674,1
71937.110232,1705.11,0.000854,-1
71937.26855,1705,0.93068907,1
71937.26855,1705,0.001,1
71938.265055,1705.08,3.21168934,-1
71938.265055,1704.96,0.14660951,-1
71938.265055,1704.92,0.87980667,-1
71938.265055,1704.91,1.575,-1
71938.265055,1704.91,0.253,-1
71938.265055,1704.91,0.46183319,-1
71938.265055,1704.91,1.00879022,-1
71939.067688,1704.86,1.173125,1
71939.025816,1704.76,1.43682187,1
71939.025816,1704.76,0.0371453,1
71939.025816,1704.8,0.001,1
71939.025816,1704.82,0.00087952,1
71939.02488,1704.9,0.92890323,1
71939.021301,1704.9,0.07109677,1
71939.021301,1704.9,0.001,1
71939.021301,1704.92,1.1731257,1
71939.021301,1704.92,0.29163823,1
71939.021301,1704.92,0.20810606,1
71939.021301,1704.92,0.06936868,1
71939.021301,1704.92,0.27747475,1
71939.021301,1704.92,1,1
71939.163225,1704.7,0.00000001,1
71939.157235,1704.7,0.25599999,1
71939.157235,1704.7,0.001,1
71939.138964,1704.77,0.0070893,-1
71939.543371,1704.62,0.01451511,-1
71940.13401,1705.02,0.22815562,1
71940.132963,1705.03,0.242,1
71940.131845,1705.03,0.28809295,1
71940.130651,1705.01,0.7255,1
71940.130472,1705.01,0.4835,1
71940.130472,1705.02,0.242,1
71940.127756,1705.01,0.69453047,1
71940.127463,1705.02,0.79525,1
71940.127352,1705.02,0.79525,1
71940.12122,1704.94,3.73741093,-1
71940.12122,1704.93,0.31605251,-1
71940.120346,1704.93,0.85725,-1
71940.119499,1704.94,0.06103904,-1
71940.119497,1704.94,0.45246,-1
71940.114409,1704.93,0.30901952,-1
71940.109545,1705.02,0.12829248,1
71940.109545,1705.02,0.238,1
71940.109545,1705.02,0.124,1
71940.109369,1705.03,0.15750976,-1
71940.108727,1705.02,1.451,1
71940.108727,1705.02,0.1395,1
71940.107092,1705.02,0.7255,1
71940.106448,1705.02,0.7255,1
71940.102463,1704.87,4.25090997,-1
71940.102463,1704.84,0.88560625,-1
71940.102174,1704.79,0.1594903,-1
71940.097815,1704.9,0.001,-1
71940.097815,1704.89,1.17330251,-1
71940.097815,1704.88,4.25090997,-1
71940.097815,1704.87,0.88560625,-1
71940.097815,1704.81,0.923716,-1
71940.097815,1704.8,0.3189806,-1
71940.097815,1704.79,1.5905,-1
71940.083072,1704.78,1.195,1
71940.083072,1704.8,0.256,1
71940.07612,1704.62,0.8654464,-1
71940.472323,1705.1,0.55780845,-1
71940.472323,1705.1,0.001,-1
71941.075595,1705.3,0.87961255,-1
71941.075595,1705.3,0.001,-1
71941.075595,1705.2,0.001,-1
71942.169904,1705.5,0.488,1
71942.169127,1705.5,0.256,1
71942.168088,1705.5,0.256,1
71942.166091,1705.5,0.256,1
71942.158082,1705.53,0.1536,-1
71942.158082,1705.5,0.001,-1
71942.158082,1705.49,1.17283579,-1
71942.158082,1705.49,0.14663445,-1
71942.158082,1705.49,0.00586341,-1
71942.158082,1705.4,0.14663445,-1
71942.158082,1705.4,0.18724921,-1
71942.158082,1705.4,0.87955904,-1
71942.158082,1705.4,0.001,-1
71942.158082,1705.39,0.07974515,-1
71942.158082,1705.39,0.37641,-1
71942.188314,1705.48,1,1
71943.034098,1705.34,0.17465196,-1
71943.034098,1705.32,0.48747287,-1
71943.034023,1705.32,0.39212743,-1
71943.034023,1705.31,0.03987257,-1
71943.109243,1705.34,0.04354,1
71943.558758,1705.18,0.05353,1
71943.553079,1705.21,1.4637063,1
71943.553079,1705.25,0.27914684,1
71943.553079,1705.25,0.13957343,1
71943.553079,1705.25,0.13957343,1
71943.604729,1705.1,0.20747,1
71943.603263,1705.1,0.06436,1
71943.599199,1705.1,0.29911,1
71943.593158,1705.1,0.87715562,-1
71943.593158,1705.1,0.32085314,-1
71943.58803,1705.1,0.001,1
71943.582613,1705.18,0.05865113,1
71943.567117,1705.18,0.17256,1
71943.808279,1705.34,2.19966544,-1
71943.808279,1705.32,7.38005202,-1
71943.808279,1705.31,0.88560625,-1
71943.808279,1705.3,0.001,-1
71943.808279,1705.3,0.269,-1
71943.808279,1705.22,1.50915,-1
71943.808279,1705.22,1.575,-1
71943.808279,1705.21,4.25090997,-1
71943.808279,1705.2,7.38005202,-1
71943.808279,1705.19,0.88560625,-1
71943.808279,1705.18,0.05865113,-1
71943.808279,1705.17,1.17294096,-1
71943.808279,1705.01,0.16042657,-1
71943.808279,1705.01,0.87976023,-1
71943.808279,1705.01,1.451,-1
71943.808279,1705.01,0.37641,-1
71944.166638,1705.07,0.63460303,-1
71944.166638,1704.99,1.565018,-1
71944.166638,1704.97,1.173059,-1
71944.166638,1704.97,4.25090997,-1
71944.166638,1704.92,0.37641,-1
71944.077013,1705,0.874,1
71944.077013,1705,0.001,1
71944.623384,1704.9,3.44472382,1
71944.621885,1704.9,1.55527618,1
71944.621885,1704.9,0.001,1
71944.761352,1704.8,0.001,1
71945.472076,1704.6,0.04999999,1
71945.472076,1704.6,0.001,1
71945.472076,1704.7,0.001,1
71945.475165,1704.6,0.00000001,1
71946.238763,1704.6,2.77004801,-1
71946.238763,1704.59,2.90052817,-1
71946.238763,1704.51,0.8800183,-1
71946.238763,1704.51,1.02299552,-1
71946.238763,1704.51,0.37641,-1
71946.553432,1704.3,1.17335094,1
71946.553432,1704.3,0.001,1
71946.502247,1704.4,0.05,1
71946.502247,1704.4,0.001,1
71946.498575,1704.5,0.001,1
71946.498575,1704.55,0.34735603,1
71946.498575,1704.55,0.25989335,1
71946.498575,1704.55,0.25989335,1
71947.327383,1704.2,1.255526,1
71947.313697,1704.2,3.74447394,1
71947.313697,1704.2,0.001,1
71947.38238,1704.15,0.29027151,-1
71947.617919,1704.13,0.849,1
71947.617919,1704.13,0.24784844,1
71947.617919,1704.13,0.12994668,1
71947.617919,1704.13,0.12994668,1
71948.068505,1704.18,0.14663445,-1
71948.068505,1704.14,0.96146348,-1
71948.020495,1704.14,0.03853652,-1
71948.020495,1704.12,0.82207716,-1
71947.968795,1704.12,0.05814254,-1
71947.968795,1704.12,1,-1
71948.107027,1704.36,0.47105331,-1
71948.620862,1704.36,0.00074734,-1
71950.225339,1704.34,0.00074,-1
71950.225339,1704.34,0.99926,-1
71950.222238,1704.32,1,-1
71950.219123,1704.31,0.43792027,-1
71950.455613,1704.39,1.12,1
71950.501733,1704.26,1.06741614,1
71950.50047,1704.26,0.10598046,1
71950.50047,1704.32,1.490683,1
71950.50047,1704.33,1.45524204,1
71950.500459,1704.33,0.01161003,1
71950.500459,1704.39,0.00081623,1
71950.500459,1704.39,0.28957374,1
71950.664524,1704.09,0.53508601,1
71950.664524,1704.1,0.001,1
71950.667266,1704.09,0.00000001,1
71951.49983,1704.01,0.33537,1
71951.49983,1704.01,0.12994668,1
71951.599546,1703.94,0.42826336,1
71951.597982,1703.94,0.7452448,1
71951.597982,1704,0.47360496,1
71951.597982,1704,0.001,1
71952.164747,1704.14,0.05524456,-1
71952.164747,1704.14,0.61639911,-1
71952.164747,1703.94,0.88031652,-1
71952.164747,1703.94,1,-1
71952.164747,1703.92,1,-1
71952.185101,1704.24,0.64559603,-1
71952.185101,1704.2,0.001,-1
71952.185101,1704.2,0.269,-1
71952.185101,1704.17,0.14668435,-1
71952.185101,1704.16,1.17365988,-1
71952.185101,1704.14,0.956185,-1
71952.185101,1704.13,0.1553216,-1
71952.185101,1704.12,0.26751333,-1
71952.185101,1704.06,1.451,-1
71952.54106,1704.04,7.07706396,1
71952.54106,1704.07,1.17365988,1
71952.54106,1704.14,1.575,1
71952.852595,1703.91,0.08345382,-1
71953.030008,1703.8,0.05,1
71953.030008,1703.8,0.001,1
71953.030008,1703.9,0.001,1
71953.732779,1703.88,1.11932817,-1
71953.732779,1703.88,0.88560625,-1
71953.71952,1703.74,1,-1
71953.71952,1703.72,1,-1
71953.71952,1703.71,0.88043152,-1
71954.37104,1703.82,0.83837891,-1
71954.606336,1703.82,0.13226414,-1
71955.64327,1703.84,0.88036564,-1
71955.64327,1703.84,1,-1
71955.64327,1703.82,0.97064,-1
71955.64327,1703.82,0.02130233,-1
71955.640954,1703.82,0.00805462,-1
71956.160464,1704.07,1.14753404,-1
71956.160464,1704.07,0.1553216,-1
71956.160464,1704.06,1.41160751,-1
71956.160464,1704.06,0.1536,-1
71956.156944,1704,1,-1
71956.156944,1704,0.001,-1
71956.156944,1703.98,1,-1
71956.156944,1703.97,0.86798655,-1
71956.156944,1703.97,0.88029718,-1
71956.171344,1704.22,0.38571928,-1
71956.171344,1704.2,0.001,-1
71956.171344,1704.18,0.52665549,-1
71956.171344,1704.1,0.001,-1
71956.171344,1704.06,1.166537,-1
71956.904976,1703.93,0.00000586,1
71957.150932,1703.7,0.243,1
71957.150932,1703.7,0.001,1
71957.144179,1703.8,0.243,1
71957.138239,1703.81,0.00000001,1
71957.137276,1703.81,0.18440749,1
71957.020267,1703.74,1.10895873,1
71957.020267,1703.8,0.001,1
71957.020267,1703.81,0.05865113,1
71957.020267,1703.93,0.48196975,1
71957.761781,1703.7,0.04603715,1
71957.757301,1703.7,0.12059865,1
71957.754491,1703.7,0.08282696,1
71957.752575,1703.7,0.27287251,1
71957.746455,1703.7,0.6211014,1
71957.745316,1703.7,0.08301351,1
71957.743125,1703.7,0.05157559,1
71957.742311,1703.7,0.07650182,1
71957.740399,1703.7,0.09647241,1
71957.724713,1703.71,0.03247683,1
71957.723828,1703.71,0.83852317,1
71957.722517,1703.76,0.44963485,1
71957.720275,1703.77,0.12022845,1
71957.720275,1703.77,0.12022846,1
71957.870352,1703.55,0.05865113,1
71957.870352,1703.6,0.001,1
71958.470079,1703.51,0.00697175,-1
71959.285944,1703.5,0.00000001,1
71959.284937,1703.5,0.44870729,1
71959.284937,1703.5,0.001,1
71960.69447,1703.48,0.10843765,-1
71960.69447,1703.46,0.88056235,-1
71960.69447,1703.44,1,-1
71960.69447,1703.42,1,-1
71960.794105,1703.57,0.85161978,-1
71960.794105,1703.57,0.05865113,-1
71961.060678,1703.72,0.91160007,-1
71961.060678,1703.7,0.88043669,-1
71961.060678,1703.7,0.09757308,-1
71961.060678,1703.7,1,-1
71961.060678,1703.7,0.10939016,-1
71961.060678,1703.7,0.001,-1
71961.103435,1703.72,0.33537,-1
71961.103435,1703.72,0.08839993,-1
71961.434156,1703.93,2.74459997,-1
71961.434156,1703.87,0.14668435,-1
71961.434156,1703.76,1,-1
71961.434156,1703.74,1,-1
71961.407199,1703.93,1.50631,-1
71961.407199,1703.92,0.88560625,-1
71961.407199,1703.91,0.5077054,-1
71961.407199,1703.9,0.001,-1
71961.407199,1703.9,0.23,-1
71961.407199,1703.89,1.51334,-1
71961.407199,1703.88,0.1536,-1
71961.407199,1703.8,0.001,-1
71961.407199,1703.78,0.88039535,-1
71961.407199,1703.77,0.05865113,-1
71961.407199,1703.73,0.33537,-1
71961.503624,1703.47,7.38005202,1
71961.501554,1703.49,5,1
71961.501554,1703.5,0.001,1
71961.501554,1703.54,0.20292261,1
71961.500862,1703.54,1.31041739,1
71961.50006,1703.6,1.51334,1
71961.498285,1703.87,0.47412894,1
71961.498285,1703.87,0.01502856,1
71961.498285,1703.87,0.04508567,1
71961.498285,1703.87,0.06011423,1
71961.649187,1703.51,0.33537,-1
71961.642383,1703.49,0.53988576,-1
71961.642383,1703.49,0.33537,-1
71961.87461,1703.6,0.005868,-1
71962.556024,1703.48,0.26994288,-1
71962.556024,1703.48,0.09383718,-1
71962.555853,1703.48,0.90616282,-1
71962.654572,1703.49,0.88054523,-1
71962.687835,1703.54,0.00586,-1
71962.687835,1703.54,0.99414,-1
71963.155482,1703.66,0.28686585,1
71963.152677,1703.66,0.68835502,1
71963.142403,1703.66,0.01594837,1
71963.139213,1703.66,0.58383076,1
71963.139213,1703.66,0.01687143,1
71963.139213,1703.66,0.54938569,1
71963.108965,1703.87,0.20854347,-1
71963.108965,1703.87,0.88560625,-1
71963.108965,1703.86,0.06748572,-1
71963.108965,1703.82,0.13497144,-1
71963.108965,1703.78,1.1739082,-1
71963.108965,1703.77,0.1553216,-1
71963.108965,1703.7,0.23,-1
71963.108965,1703.65,0.33537,-1
71963.099056,1703.8,0.23,-1
71963.099056,1703.8,0.001,-1
71963.099056,1703.79,0.14675582,-1
71963.099056,1703.78,1.1739082,-1
71963.099056,1703.76,0.19768593,-1
71963.099056,1703.7,0.14675582,-1
71963.099056,1703.7,0.23,-1
71963.099056,1703.64,0.88047267,-1
71963.49933,1703.77,7.38005202,1
71963.498556,1703.79,0.09164457,1
71963.498556,1703.79,1.46731698,1
71963.498556,1703.8,1.575,1
71963.498556,1703.8,0.28312857,1
71963.60744,1703.72,0.76793202,1
71963.60744,1703.78,0.00078499,1
71963.847052,1703.6,0.08531232,-1
71963.843878,1703.6,0.07115616,-1
71963.840248,1703.6,0.20507808,-1
71964.425686,1703.85,1.17379843,-1
71964.423708,1703.8,0.001,-1
71964.423708,1703.8,0.23,-1
71964.423708,1703.73,0.14675582,-1
71964.423708,1703.64,0.14675582,-1
71964.423708,1703.63,0.88047478,-1
71964.423708,1703.62,1,-1
71964.423708,1703.6,0.36154,-1
71964.423708,1703.6,0.63845344,-1
71964.687737,1703.84,0.45843571,-1
71964.793254,1703.92,0.83150159,-1
71964.793254,1703.91,0.1536,-1
71964.793254,1703.9,1,-1
71964.793254,1703.9,0.001,-1
71965.343667,1704.04,0.035,-1
71965.343667,1704,0.001,-1
71965.498918,1704.02,0.37078214,1
71965.858133,1704.1,0.001,-1
71965.858133,1704.08,1.17372606,-1
71965.858133,1704.07,0.14675582,-1
71965.858133,1704.03,0.88026619,-1
71965.853212,1704.02,0.05262464,-1
71965.905544,1704.08,0.60647619,-1
71965.905544,1704.05,0.22853,-1
71966.070347,1704.08,0.08090988,-1
71966.040671,1704.08,0.08090988,-1
71966.121244,1704.1,0.06708674,-1
71966.121244,1704.09,0.01382314,-1
71966.503688,1703.61,2.06933409,1
71966.503688,1703.7,0.001,1
71966.503688,1703.74,0.52782957,1
71966.503688,1703.74,0.65091691,1
71966.49987,1703.8,0.001,1
71966.49987,1703.84,1.17372606,1
71966.49987,1703.91,0.05865113,1
71966.498204,1704.02,1.575,1
71966.498204,1704.02,0.21170338,1
71966.606596,1703.74,0.14248967,1
71966.606596,1703.84,1.17372606,1
71966.600815,1703.85,1.47416882,1
71966.600815,1703.85,0.1058517,1
71966.70986,1703.74,0.826,1
71966.70986,1703.74,0.50842724,1
71967.728626,1703.76,0.01758496,1
71968.158477,1703.88,0.59364635,-1
71968.158477,1703.8,0.23,-1
71968.158477,1703.79,0.05865113,-1
71968.158477,1703.7,0.23,-1
71968.158477,1703.62,0.17428838,-1
71968.158477,1703.61,0.8804832,-1
71968.220794,1703.7,0.219,-1
71968.220794,1703.67,0.54707414,-1
71968.387268,1703.64,0.00289967,-1
71968.498247,1703.63,1.14653708,1
71968.498247,1703.63,0.32646292,1
71968.597746,1703.5,1.17637533,1
71968.597746,1703.5,0.03677385,1
71968.597746,1703.5,0.001,1
71968.590752,1703.6,0.001,1
71969.185989,1703.4,0.219,1
71969.185989,1703.4,1.137,1
71969.184865,1703.4,0.219,1
71969.184178,1703.4,0.219,1
71969.182547,1703.4,0.219,1
71969.145752,1703.3,0.60818302,1
71969.145752,1703.3,0.96681697,1
71969.142692,1703.3,0.14718305,1
71969.138499,1703.3,0.23099999,1
71969.136486,1703.3,0.22999999,1
71969.136486,1703.3,0.001,1
71969.131539,1703.4,0.00000001,1
71969.130583,1703.4,1.57499999,1
71969.130583,1703.4,0.001,1
71969.111071,1703.44,1.575,1
71969.968514,1703.31,0.1503159,-1
71970.089323,1703.46,0.639,-1
71970.088867,1703.46,0.09142376,-1
71970.088867,1703.43,0.88057624,-1
71970.262232,1703.37,0.94046342,1
71970.262232,1703.42,0.29107431,1
71970.260709,1703.53,0.16468129,1
71970.355181,1703.67,1.08164293,-1
71970.355181,1703.66,0.1536,-1
71970.355181,1703.6,0.001,-1
71970.664132,1703.54,0.09240489,1
71970.664132,1703.54,0.79516992,1
71970.664132,1703.55,0.08234064,1
71970.755903,1703.35,0.75413359,1
71970.755575,1703.35,0.71296326,1
71970.755575,1703.51,0.04117033,1
71971.500613,1703.2,0.001,1
71971.500613,1703.2,0.05,1
71971.500613,1703.22,1.575,1
71971.500613,1703.26,0.19999985,1
71971.500613,1703.27,5,1
71971.500433,1703.3,0.05865113,1
71971.500433,1703.3,0.32636372,1
71971.499635,1703.3,1.14137537,1
71971.499635,1703.3,0.001,1
71971.499635,1703.4,0.05398205,1
71971.499635,1703.4,0.37616987,1
71971.499635,1703.4,0.02058516,1
71971.491827,1703.41,0.1079641,-1
71971.491827,1703.41,0.88058658,-1
71971.65894,1702.88,1.34276068,1
71971.65894,1702.9,0.001,1
71971.65894,1702.96,0.03640611,1
71971.65894,1702.99,0.00088054,1
71971.65894,1703,0.19395267,1
71971.658287,1703,0.01404733,1
71971.658287,1703,0.001,1
71971.658287,1703.1,0.208,1
71971.658287,1703.1,0.001,1
71971.658287,1703.19,0.07436604,1
71971.658287,1703.19,0.6650529,1
71971.658179,1703.19,0.5099471,1
71971.657891,1703.19,0.4,1
71971.655896,1703.19,1.451,1
71971.632017,1703.16,0.7659871,1
71971.630979,1703.2,0.37641,-1
71971.630979,1703.2,0.56271638,-1
71971.6194,1703.2,0.76618302,1
71971.6194,1703.2,0.001,1
71972.257183,1703.44,0.28135819,-1
71972.257183,1703.4,0.208,-1
71972.257183,1703.38,1.17431267,-1
71972.257183,1703.28,0.19313823,-1
71972.250876,1703.24,0.73748356,-1
71972.656353,1703.34,1.17431267,-1
71972.619874,1703.24,0.88067447,-1
71972.677015,1703.34,1.451,-1
71972.969831,1703.5,0.00004109,-1
71973.430254,1703.7,0.001,-1
71973.424844,1703.64,0.16714485,-1
71973.418756,1703.6,0.001,-1
71973.391905,1703.53,0.03249856,-1
71973.388164,1703.53,0.07729037,-1
71973.388164,1703.5,0.00095891,-1
71974.215569,1703.52,0.43440182,-1
71974.215569,1703.52,1.17380983,-1
71974.215569,1703.52,0.88052972,-1
71975.258752,1703.53,0.3186418,1
71975.228922,1703.52,0.88052972,-1
71975.465889,1703.5,1.10807085,1
71975.465889,1703.5,0.001,1
71975.831328,1703.29,0.23707143,1
71975.830214,1703.29,2.23689931,1
71975.830214,1703.3,0.001,1
71975.826,1703.42,1,1
71975.826,1703.44,0.23707143,1
71975.826,1703.44,1,1
71975.954619,1703.29,1.417144,1
71975.941717,1703.29,1.10888497,1
71976.029731,1703.2,1.575,1
71976.029731,1703.2,0.001,1
71976.105067,1703.3,0.03761102,-1
71976.105067,1703.24,1.17419541,-1
71976.105067,1703.19,1.648855,-1
71976.105067,1703.11,0.37641,-1
71976.318247,1703.13,0.1593209,1
71976.440151,1703.11,0.00685688,-1
71977.186345,1703,0.188,1
71977.182802,1703,0.188,1
71977.182802,1703.1,0.188,1
71977.17115,1703,0.09925468,1
71977.17026,1703,0.08874532,1
71977.17026,1703,0.05,1
71977.17026,1703,0.001,1
71977.17026,1703.1,0.137,1
71977.167737,1703.1,0.051,1
71977.167737,1703.1,0.22395973,1
71977.167737,1703.1,0.001,1
71977.167737,1703.16,0.00078559,1
71978.186102,1703.13,0.02852299,-1
71978.308115,1703.11,0.02905629,-1
71978.281336,1703.1,0.00000587,1
71978.271238,1703.1,0.00836709,1
71978.469537,1703.06,0.895,1
71978.535675,1703,0.0046067,1
71978.535675,1703,0.001,1
71978.606836,1702.95,0.00855457,-1
71978.847326,1703.03,0.0139358,-1
71978.913406,1703.04,0.02227279,-1
71978.973564,1702.98,0.7255,-1
71978.973118,1702.98,0.7255,-1
71979.140188,1703.19,1.17443316,-1
71979.140188,1703.02,0.88078824,-1
71979.362898,1703.05,0.05567635,-1
71979.271594,1703.05,0.02853137,-1
71979.537359,1702.93,0.12559574,-1
71979.537261,1702.93,0.12559574,-1
71979.530567,1702.94,0.25119148,-1
71979.530346,1702.94,0.25119148,-1
71979.498886,1703.04,0.32211662,1
71979.858995,1702.94,0.7255,-1
71979.858889,1702.94,0.7255,-1
71979.802619,1702.93,0.59748,-1
71979.802387,1702.93,0.59748,-1
71979.894404,1702.96,0.47440425,1
71979.993995,1703.01,1.575,1
71979.993995,1703.01,0.23720213,1
71980.111745,1702.99,1.17446359,-1
71980.111745,1702.95,0.4,-1
71980.111745,1702.91,0.88084514,-1
71980.111745,1702.91,0.48139892,-1
71980.499191,1703.01,0.35930052,1
71980.652201,1702.9,0.21867505,1
71980.652201,1702.9,0.001,1
71980.766912,1703.04,0.26947538,1
71980.766912,1703.04,0.59002176,1
71980.765669,1703.04,0.13473769,1
71980.750247,1703.02,0.37641,-1
71980.744589,1703.08,0.03892433,1
71980.743072,1703.08,0.30475761,1
71980.740712,1703.08,1.10731806,1
71980.719427,1703.15,0.33383113,1
71980.7187,1703.15,0.39109719,1
71980.715562,1703.15,0.06436697,1
71980.711857,1703.15,0.14532508,1
71980.711857,1703.15,0.08982514,1
71980.710518,1703.15,1.451,1
71980.699623,1703.2,0.05133984,1
71980.699623,1703.21,0.02707192,1
71980.698266,1703.21,0.72526792,1
71980.698266,1703.21,0.72573208,1
71980.697292,1703.22,1.451,1
71980.689457,1703.21,1.49995,-1
71980.689457,1703.12,4.25090997,-1
71980.687211,1703.29,4.25090997,-1
71980.687211,1703.25,0.6,-1
71980.68576,1703.2,0.001,-1
71980.68576,1703.19,0.14676357,-1
71980.68576,1703.18,1.575,-1
71980.68576,1703.17,0.50642358,-1
71980.68576,1703.17,4.25090997,-1
71980.68576,1703.17,1.198,-1
71980.68576,1703.14,0.1536,-1
71980.685443,1703.1,0.001,-1
71980.685443,1703.1,1.50059,-1
71980.685443,1703.07,2.93587462,-1
71980.685443,1703.07,0.17429407,-1
71980.685443,1703.06,4.25090997,-1
71980.682296,1702.91,0.4,-1
71980.682296,1702.9,0.4,-1
71980.801861,1703.18,0.23263115,-1
71980.795695,1703.11,1.199,-1
71980.786439,1703.19,0.4695334,-1
71980.786439,1703.08,0.17521222,-1
71980.786439,1703.04,0.11631557,-1
71980.786439,1703.04,0.11631557,-1
71980.786439,1703.04,0.05026877,-1
71980.785715,1703.04,0.18236238,-1
71981.455151,1703.5,0.001,-1
71981.455151,1703.4,0.16958367,-1
71981.455151,1703.4,0.001,-1
71981.455151,1703.33,0.17429407,-1
71981.455151,1703.3,0.001,-1
71981.455151,1703.29,0.5755189,-1
71981.455151,1703.29,0.88065241,-1
71981.520246,1703.05,0.04476971,-1
71981.520246,1703.05,0.01119244,-1
71981.52017,1703.05,0.05596215,-1
71981.51636,1703.05,0.0335773,-1
71981.515822,1703.05,0.0335773,-1
71981.509965,1703.06,0.59748,-1
71981.509763,1703.06,0.59748,-1
71981.503358,1703.14,5,1
71981.503245,1703.15,1.46786836,1
71981.502975,1703.17,0.88560625,1
71981.499806,1703.16,0.88560625,1
71981.499806,1703.17,0.05865113,1
71981.499466,1703.28,1,1
71981.499466,1703.3,1,1
71981.499466,1703.31,0.36276331,1
71981.499466,1703.31,0.1209211,1
71981.622614,1703.12,0.00855452,-1
71982.451792,1703.36,0.741,-1
71982.451792,1703.35,0.71,-1
71982.4398,1703.27,1.451,-1
71982.428163,1703.49,1.451,-1
71982.427781,1703.49,0.26434107,-1
71982.427442,1703.49,0.44565893,-1
71982.427275,1703.49,0.71,-1
71982.42663,1703.49,0.26434107,-1
71982.42663,1703.4,0.001,-1
71982.42663,1703.27,1.18565893,-1
71982.422833,1703.27,0.26534107,-1
71982.548343,1703.3,1,1
71982.548343,1703.31,0.33565892,1
71983.282679,1703.31,0.03691617,-1
71983.513055,1703.14,0.604,-1
71983.513052,1703.14,0.604,-1
71983.50328,1703.21,2.00822173,1
71983.503219,1703.21,5.37183029,1
71983.503219,1703.24,0.88560625,1
71983.49984,1703.13,6.98740221,1
71983.499254,1703.13,0.39264981,1
71983.499254,1703.18,0.88070459,1
71983.499199,1703.2,5,1
71983.499199,1703.2,0.001,1
71983.499199,1703.2,5,1
71983.499199,1703.21,0.88560625,1
71983.499199,1703.22,0.05865113,1
71983.499199,1703.42,1,1
71983.499199,1703.44,0.92165278,1
71983.498865,1703.44,0.07834722,1
71983.498865,1703.44,1.17420994,1
71983.498865,1703.45,0.27835708,1
71983.498865,1703.45,0.16782946,1
71983.600237,1703.24,1.17420994,1
71983.831118,1703.12,0.12902131,-1
71983.831118,1703.12,0.38706395,-1
71983.933029,1703.18,0.71,-1
71984.369742,1703.37,1.76034823,-1
71984.369742,1703.23,0.17155106,-1
71984.369742,1703.19,0.547,-1
71984.369742,1703.19,0.88070487,-1
71984.66809,1703.2,1.17422013,1
71984.667508,1703.22,1,1
71984.667508,1703.24,0.22443341,1
71984.667508,1703.24,0.05865113,1
71984.667508,1703.24,1,1
71984.677773,1703.2,6.87404,1
71984.673194,1703.15,1.19496,-1
71985.507495,1703,0.56501952,-1
71985.499062,1702.9,0.001,1
71985.499062,1702.92,0.05865113,1
71985.499062,1702.92,0.88560625,1
71985.499029,1703,0.001,1
71985.498816,1703.07,0.25064756,1
71985.498455,1703.07,0.92359371,1
71985.498455,1703.1,0.001,1
71985.498455,1703.14,0.30608,1
71985.495157,1703.16,0.69392,1
71985.495157,1703.16,0.30608,1
71985.618317,1703,0.02852751,-1
71985.598916,1703,3.91731863,1
71985.598792,1703,3.58566185,1
71985.598792,1703.01,0.08241957,1
71985.59866,1703.01,1.38556946,1
71985.59866,1703.05,0.14542497,1
71985.597302,1703.05,1.0288163,1
71985.597302,1703.05,1.19496,1
71986.135406,1702.94,0.20120742,1
71986.03603,1702.9,0.31135896,1
71986.035523,1702.94,0.35622111,1
71986.153095,1702.94,0.10057644,1
71986.595562,1703.01,0.00116248,-1
71986.588785,1703.01,0.00581242,-1
71986.758857,1703.09,1.24268625,-1
71986.758857,1703.08,0.05865113,-1
71986.758857,1702.99,0.88080376,-1
71986.758857,1702.99,0.4,-1
71986.758857,1702.95,0.68846724,-1
71986.758857,1702.95,0.4,-1
71986.738219,1702.81,1.575,1
71986.727499,1702.94,5,1
71986.727466,1703,0.35653276,1
71986.834716,1702.96,0.5951833,1
71986.834273,1702.96,0.57933194,1
71986.970066,1702.83,0.11300899,-1
71986.904562,1702.83,1.451,1
71986.904562,1702.83,1.575,1
71986.904562,1702.83,0.482,1
71986.877916,1702.8,0.17799999,1
71986.877916,1702.8,0.001,1
71986.877916,1702.83,1.575,1
71986.874329,1702.83,0.687,1
71987.158648,1702.91,0.00014532,-1
71987.095558,1703.03,5.36153284,-1
71987.095558,1703,0.187,-1
71987.095558,1702.9,0.4,-1
71987.095558,1702.9,0.88085031,-1
71988.371197,1702.98,1.17535244,-1
71988.368161,1703.07,3.39288597,-1
71988.368161,1703.06,0.88560625,-1
71988.367574,1703,0.001,-1
71988.367574,1702.98,1.1744693,-1
71988.364065,1702.94,0.19231571,-1
71988.364065,1702.93,0.19231571,-1
71988.364065,1702.86,0.19154772,-1
71988.364065,1702.85,0.88087715,-1
71988.364065,1702.84,0.05865113,-1
71988.364065,1702.84,0.36538494,-1
71988.510488,1703.03,0.02852969,-1
71988.476029,1702.96,1.1744693,-1
71989.259423,1702.98,0.16604234,1
71989.277959,1703.09,3.40963766,-1
71989.277959,1703.07,0.23620042,-1
71989.277959,1703,0.187,-1
71989.277959,1702.99,0.4,-1
71989.277959,1702.99,0.407,-1
71989.277959,1702.99,0.05865113,-1
71989.277959,1702.98,0.4,-1
71989.277959,1702.97,0.8808141,-1
71989.277959,1702.96,0.4,-1
71989.65939,1703.02,1.30924389,1
71989.65939,1703.02,0.00075611,1
71990.103347,1703.28,1.17744938,-1
71990.103347,1703.25,1.46798903,-1
71990.103347,1703.25,0.4,-1
71990.103347,1703.21,1.17452967,-1
71990.103347,1703.2,0.187,-1
71990.103347,1703.2,0.001,-1
71990.103347,1703.16,0.1536,-1
71990.103347,1703.16,0.23620042,-1
71990.103347,1703.1,0.001,-1
71990.103347,1703.05,0.26571364,-1
71990.502581,1702.8,0.001,1
71990.499536,1702.85,5,1
71990.499536,1702.9,0.001,1
71990.499536,1702.92,0.05865113,1
71990.499536,1702.92,2.6749666,1
71990.499516,1702.92,1.68988937,1
71990.499195,1702.92,0.63514403,1
71990.499195,1702.94,1.46804937,1
71990.499195,1702.96,1.46803213,1
71990.499195,1702.96,1.17452967,1
71990.498941,1703.11,0.27276349,1
71990.498941,1703.11,0.46714317,1
71990.601658,1702.79,0.10407105,1
71990.599709,1702.79,1.47092895,1
71990.599709,1702.8,0.23357158,1
71990.599139,1702.92,0.23685107,1
71990.598522,1702.92,0.9376786,1
71991.555089,1702.76,1,-1
71991.532793,1702.72,1,-1
71993.854354,1702.83,0.2733924,1
71993.854354,1702.83,1.575,1
71993.854354,1702.83,0.1167858,1
71995.014654,1702.86,0.69934887,-1
71995.014654,1702.84,0.05865113,-1
71995.014654,1702.84,0.773,-1
71995.014239,1702.84,0.227,-1
71995.149214,1703.17,0.59586,-1
71995.149214,1703.1,0.001,-1
71995.144878,1703.32,1.69374765,-1
71995.144878,1703.31,0.88560625,-1
71995.144878,1703.3,0.187,-1
71995.144878,1703.3,0.001,-1
71995.144878,1703.27,0.05865721,-1
71995.144878,1703.26,1.209,-1
71995.144878,1703.21,1.49198,-1
71995.144878,1703.21,4.25090997,-1
71995.144878,1703.2,0.001,-1
71995.144878,1703.2,0.178,-1
71995.144878,1703.19,0.42426173,-1
71995.144878,1703.18,0.4,-1
71995.144878,1703.17,0.88560625,-1
71995.144878,1703.15,0.57280893,-1
71995.144878,1703.13,0.1553216,-1
71995.144878,1703.1,0.187,-1
71995.144878,1703.1,0.001,-1
71995.144878,1703.08,1.17448748,-1
71995.144878,1703.03,0.23620042,-1
71995.144878,1703,0.187,-1
71995.144878,1703,0.001,-1
71995.144878,1702.88,0.30065113,-1
71995.267151,1703.46,0.13540177,-1
71995.265313,1703.44,0.4,-1
71995.26306,1703.47,0.4,-1
71995.26306,1703.47,0.88560625,-1
71995.25892,1703.54,2.80081952,-1
71995.258504,1703.53,0.17768,-1
71995.258504,1703.52,1.49198,-1
71995.258504,1703.5,0.001,-1
71995.257697,1703.44,1.11867794,-1
71995.257697,1703.4,0.001,-1
71995.257473,1703.35,1.575,-1
71995.257473,1703.32,0.1,-1
71995.257473,1703.32,0.2,-1
71995.257473,1703.32,0.4,-1
71995.257473,1703.22,0.07074975,-1
71995.25658,1703.22,1.10365604,-1
71995.25658,1703.2,0.11407924,-1
71995.25602,1703.2,1.09492076,-1
71995.25602,1703.19,0.05865113,-1
71995.25602,1703.19,0.55834941,-1
71995.370302,1703.26,0.39444758,-1
71995.370147,1703.26,0.39444758,-1
71995.365441,1703.26,0.17112,-1
71995.365188,1703.26,0.17112,-1
71995.348989,1703.46,0.44489733,1
71995.32297,1703.37,0.20310266,-1
71995.309304,1703.37,0.46999782,-1
71995.296227,1703.42,0.096,-1
71995.282406,1703.55,0.32000218,-1
71995.282406,1703.48,0.40620532,-1
71995.278227,1703.46,0.54180572,-1
71995.27358,1703.6,0.001,-1
71995.27358,1703.55,0.048,-1
71995.270724,1703.46,0.60839875,-1
71995.270724,1703.46,0.13540178,-1
71995.270724,1703.43,0.54180572,-1
71996.255791,1703.44,0.20416449,-1
71996.255489,1703.44,0.927,-1
71996.687343,1703.56,1.01859057,1
71996.687343,1703.56,0.745,1
71996.687343,1703.56,0.22244867,1
71996.681917,1703.57,0.4,-1
71996.681917,1703.56,0.4,-1
71996.681917,1703.56,1.19496,-1
71996.842577,1703.45,0.06951521,1
71996.842577,1703.5,0.06951521,1
71996.792666,1703.55,0.14679459,1
71996.792666,1703.59,1.575,1
71997.16083,1703.4,0.00505437,-1
71997.478312,1703.48,0.01997627,-1
71998.46278,1703.51,1.173889,1
71998.46278,1703.51,1.451,1
71998.44906,1703.39,1.90355008,1
71998.44906,1703.4,0.05865113,1
71998.44906,1703.43,0.82611023,1
71998.448918,1703.43,0.64151685,1
71998.448918,1703.43,0.14679459,1
71998.448867,1703.51,1.17388977,1
71998.871227,1703.5,0.05570283,-1
71998.972241,1703.37,0.889,1
71998.968348,1703.38,7.38005202,1
71998.968348,1703.4,0.05865113,1
71998.968348,1703.4,0.59629141,1
71998.968348,1703.45,0.14679459,1
71998.968146,1703.49,1.17388977,1
71998.97948,1703.31,0.26191029,1
71998.979273,1703.31,1.81730404,1
71998.979273,1703.32,0.88560625,1
71998.973446,1703.37,6.21648028,1
71998.972396,1703.37,2.89451972,1
71999.446226,1703.31,0.05518,-1
71999.445903,1703.31,0.10908,-1
71999.443601,1703.31,0.1708,-1
71999.441655,1703.31,0.2252,-1
71999.714152,1703.56,0.19998774,-1
71999.714152,1703.55,0.24784093,-1
71999.714152,1703.55,0.24784092,-1
71999.590316,1703.42,0.3835,-1
71999.589912,1703.42,0.3035,-1
71999.589912,1703.42,0.022,-1
71999.589912,1703.42,0.058,-1
71999.867306,1703.59,0.12611,1
71999.854886,1703.59,0.15338,1
71999.877882,1703.57,0.09618668,1
71999.877325,1703.57,0.05057,1
72000.06307,1703.66,0.03933044,-1
72000.06307,1703.65,0.4,-1
72000.06307,1703.64,0.4,-1
72000.06307,1703.57,0.12392046,-1
72000.06307,1703.56,0.12392047,-1
72000.005045,1703.6,0.196,-1
72000.005045,1703.6,0.001,-1
72000.005045,1703.5,0.753,-1
72000.005045,1703.5,1.451,-1
72000.171818,1703.69,0.16999426,-1
72000.160614,1703.69,0.03,-1
72000.159899,1703.66,0.50886913,-1
72000.1598,1703.65,0.4,-1
72000.155599,1703.56,0.06196023,-1
72000.155291,1703.56,0.06196023,-1
72000.09232,1703.5,0.13868,1
72000.09092,1703.5,0.0726,1
72000.17649,1703.7,0.02080609,-1
72000.175712,1703.7,0.17917,-1
72000.175712,1703.7,0.001,-1
72000.285026,1703.9,0.08834,-1
72000.285026,1703.9,0.001,-1
72000.281884,1703.8,0.001,-1
72000.278428,1703.73,0.19989607,-1
72000.278428,1703.73,0.14777895,-1
72000.278058,1703.73,0.05222,-1
72000.39567,1704.22,0.58594843,-1
72000.39567,1704.04,1.575,-1
72000.39567,1703.79,0.03098011,-1
72000.387357,1704.54,0.28687222,-1
72000.387357,1704.51,1.575,-1
72000.387357,1704.5,0.001,-1
72000.387357,1704.48,4.18669994,-1
72000.386678,1704.48,0.06421003,-1
72000.386678,1704.42,0.096,-1
72000.386678,1704.41,0.88560625,-1
72000.386678,1704.4,0.001,-1
72000.386678,1704.34,1.07624505,-1
72000.386678,1704.33,1.575,-1
72000.386678,1704.3,0.001,-1
72000.386678,1704.29,1.49111,-1
72000.386678,1704.27,0.192,-1
72000.386678,1704.2,0.001,-1
72000.386678,1704.15,1.575,-1
72000.386678,1704.1,0.186,-1
72000.386678,1704.1,0.001,-1
72000.386678,1704,0.001,-1
72000.386678,1703.96,0.048,-1
72000.386678,1703.86,0.06196023,-1
72000.386678,1703.83,0.12392046,-1
72000.545414,1703.88,0.03212,-1
72000.545365,1703.88,0.12747,-1
72000.483049,1703.77,0.14612748,1
72000.483049,1703.77,0.14612749,1
72000.483049,1703.77,0.29225496,1
72000.481791,1703.85,0.02010332,-1
72000.481791,1703.82,0.00774503,-1
72000.474338,1704.21,0.08917618,-1
72000.474338,1704.2,0.37641,-1
72000.474338,1704.1,0.186,-1
72000.474338,1704.09,0.05865113,-1
72000.474338,1704.06,0.88025274,-1
72000.474338,1703.85,0.00774503,-1
72000.474338,1703.85,0.00774503,-1
72000.616171,1703.85,0.09105,1
72000.609005,1704.24,0.07403187,-1
72000.608642,1704.24,0.28171388,-1
72000.608642,1703.99,0.08099288,-1
72000.608642,1703.98,1.575,-1
72000.608642,1703.98,0.676,-1
72000.608642,1703.98,0.96120321,-1
72000.608642,1703.97,0.676,-1
72000.588298,1704.35,1.31102586,-1
72000.588298,1704.34,1.73627281,-1
72000.588268,1704.34,2.51463716,-1
72000.588268,1704.28,0.53266151,-1
72000.58613,1704.2,0.90039893,-1
72000.58613,1704.1,0.186,-1
72000.58613,1704.05,0.28131647,-1
72000.586112,1704.05,1.29368353,-1
72000.586112,1703.99,0.07403187,-1
72000.578866,1704.05,0.06010986,-1
72000.578866,1704.05,1.13171998,-1
72000.578778,1704.05,1.19182984,-1
72000.578476,1704.05,0.18599492,-1
72000.578476,1703.92,0.19717524,-1
72000.578299,1703.92,0.4353273,-1
72000.578003,1703.92,0.38317016,-1
72000.577172,1703.92,0.4353273,-1
72000.569792,1704.05,0.00617524,-1
72000.569075,1704.05,1.40249746,-1
72000.567089,1704.05,0.33269253,-1
72000.567089,1704.02,1.575,-1
72000.567089,1703.9,0.29612747,-1
72000.567089,1703.72,0.37641,-1
72000.767922,1703.83,0.22867,-1
72000.681861,1703.99,1.07413538,-1
72000.681861,1703.97,1.17386462,-1
72000.853513,1704.26,1.39458951,1
72000.83665,1704.06,1.00612698,-1
72000.835816,1704.06,0.16773764,-1
72000.835816,1704.04,1.0401861,-1
72000.828253,1704.04,0.14801,-1
72000.824722,1704,0.12748,-1
72000.823838,1704,0.16704,-1
72000.823838,1704,0.001,-1
72001.019159,1703.8,0.04606887,1
72001.019159,1703.84,0.05865113,1
72001.017052,1704.06,0.01124855,1
72001.014533,1704.06,0.50273,1
72001.167722,1704.04,0.07932294,-1
72001.462141,1704.62,0.21027753,-1
72001.462141,1704.6,0.88560625,-1
72001.462141,1704.6,0.001,-1
72001.462141,1704.48,4.25090997,-1
72001.462141,1704.47,0.88560625,-1
72001.462141,1704.38,1.575,-1
72001.446412,1704.43,0.18013,1
72001.418201,1704.55,0.89416561,-1
72001.418201,1704.51,4.25090997,-1
72001.418201,1704.49,1.48934,-1
72001.418201,1704.48,0.88560625,-1
72001.417855,1704.47,1.575,-1
72001.417419,1704.37,1.48934,-1
72001.414186,1704.18,0.101,-1
72001.414186,1704.18,0.4,-1
72001.414186,1704.17,0.653,-1
72001.414186,1704.14,1.175,-1
72001.414181,1704.14,0.4,-1
72001.393626,1704.15,0.14675668,1
72001.505211,1704.32,0.65313,1
72001.731885,1704.42,0.17399764,-1
72004.25445,1704.69,0.14223599,1
72004.489851,1704.9,0.001,-1
72004.489851,1704.9,1.575,-1
72004.489851,1704.89,2.93274052,-1
72004.489567,1704.81,0.1848065,-1
72004.489366,1704.8,0.05865113,-1
72004.489366,1704.8,0.001,-1
72004.488364,1704.72,0.87991496,-1
72004.488364,1704.7,0.001,-1
72004.635929,1705.05,0.19996113,-1
72004.635929,1705,0.001,-1
72004.617063,1704.93,0.87980151,-1
72004.820135,1705.09,0.01,1
72005.077547,1705.09,0.27018695,1
72006.465274,1705.09,1.19495964,1
72006.465274,1705.09,1.17288288,1
72006.465274,1705.09,1.09018672,1
72006.465274,1705.09,0.99773918,1
72006.465274,1705.09,0.97498658,1
72006.429641,1705.09,1.172882,1
72006.429641,1705.09,0.73452,1
72006.412635,1705.09,1.08742708,1
72006.412635,1705.09,1.04214807,1
72006.412635,1705.09,0.98877974,1
72006.412635,1705.09,0.72826,1
72006.412635,1705.09,0.2703739,1
72006.412635,1705.09,0.45118695,1
72006.630608,1705.34,0.3631694,-1
72006.630608,1705.3,0.001,-1
72006.630608,1705.2,0.001,-1
72006.630608,1705.1,0.001,-1
72007.669195,1705.3,1.19444302,1
72007.669195,1705.3,0.205,1
72007.669195,1705.3,0.00000098,1
72007.638983,1705.3,1.100793,1
72007.638983,1705.3,1.451,1
72007.748708,1705.31,0.34301071,-1
72007.69719,1705.3,1.451,1
72007.69719,1705.3,0.205,1
72007.986855,1705.39,5,1
72010.123238,1705.26,0.27226,1
72010.121705,1705.26,0.05703,1
72010.120282,1705.26,0.05217,1
72010.119263,1705.26,0.07487845,1
72010.119263,1705.26,0.05865113,1
72010.119263,1705.29,0.57398947,1
72010.119131,1705.29,0.5988384,1
72010.119131,1705.3,0.14675668,1
72010.119131,1705.3,4.47603032,1
72010.119021,1705.3,0.52396968,1
72010.119021,1705.31,0.42676703,1
72010.118861,1705.31,1.03924208,1
72010.118861,1705.35,0.42849463,1
72010.118028,1705.38,0.37641,1
72010.223388,1705.2,3.83150434,1
72010.223388,1705.26,0.00120921,1
72010.223388,1705.26,0.15366597,1
72010.218203,1705.39,1.17264394,1
72010.218203,1705.39,0.37641,1
72010.662807,1705.45,0.018,-1
72010.662467,1705.45,0.017,-1
72010.662467,1705.4,0.001,-1
72011.933241,1705.31,0.2706824,-1
72011.987228,1705.3,5,1
72012.31113,1705.28,1.17284013,1
72013.251538,1705.21,0.11966312,-1
72014.624217,1705.18,0.11611885,-1
72014.845878,1705.83,0.2,-1
72014.842845,1705.8,0.001,-1
72014.842845,1705.79,4.00677518,-1
72014.842845,1705.75,0.00282605,-1
72014.842845,1705.75,2.28700565,-1
72014.842845,1705.75,0.00088054,-1
72014.842845,1705.75,1.575,-1
72014.842845,1705.74,0.1,-1
72014.842845,1705.72,1,-1
72014.842845,1705.7,0.001,-1
72014.842845,1705.6,0.001,-1
72014.842845,1705.58,0.53885376,-1
72014.842845,1705.55,1.575,-1
72014.842845,1705.5,0.001,-1
72014.842845,1705.49,0.1553216,-1
72014.839501,1705.44,0.69913452,-1
72014.839302,1705.4,0.001,-1
72014.839302,1705.38,0.57668619,-1
72014.839302,1705.37,0.13362948,-1
72014.839272,1705.37,1.37614752,-1
72014.837667,1705.38,0.65231381,-1
72014.837667,1705.37,2.93191506,-1
72014.837667,1705.37,0.79357113,-1
72014.837206,1705.37,0.3793,-1
72014.832532,1705.3,0.205,-1
72014.832484,1705.29,0.05865113,-1
72014.832484,1705.19,0.87966902,-1
72014.897074,1705.81,0.05227,-1
72014.896269,1705.81,0.07543,-1
72014.896269,1705.81,0.02304,-1
72014.896269,1705.81,0.01704,-1
72014.896269,1705.81,0.03271,-1
72014.895329,1705.81,0.27533,-1
72014.861922,1705.73,0.13458,-1
72015.108788,1705.73,0.332138,1
72016.346489,1705.94,4.25090997,-1
72016.346489,1705.9,0.001,-1
72016.346489,1705.82,1.0716916,-1
72016.346037,1705.82,0.70093475,-1
72016.345898,1705.82,2.47828362,-1
72016.345898,1705.82,0.05865113,-1
72016.316526,1705.68,0.11238,-1
72016.44349,1705.91,0.70444,1
72016.440513,1705.9,0.195,1
72016.43759,1705.92,0.70422,1
72016.388364,1705.98,1.19496,1
72016.374189,1705.98,1.19496,1
72016.766578,1705.69,0.29318291,1
72017.373401,1705.76,0.12796874,1
72017.373401,1705.76,0.1660693,1
72017.478857,1705.77,0.34191862,-1
72017.921737,1705.81,0.00000586,1
72017.908629,1705.81,0.00090865,1
72018.360067,1705.9,0.51696534,-1
72018.765747,1705.96,0.0002585,1
72018.959789,1705.96,0.06121,1
72018.957688,1705.96,0.0428,1
72018.957578,1705.96,0.04099,1
72018.878255,1705.97,0.018,-1
72018.877122,1705.97,0.018,-1
72022.86692,1706,0.40913062,-1
72022.86692,1705.99,1.711323,-1
72022.953698,1706.3,0.001,-1
72022.953698,1706.26,0.00088054,-1
72022.952851,1706.23,0.66702936,-1
72022.952715,1706.23,0.39763726,-1
72022.95217,1706.23,0.79588737,-1
72022.951436,1706.23,0.09999,-1
72022.946323,1706.23,1.93881863,-1
72022.942361,1706.23,0.36466064,-1
72022.932565,1706.23,2.32659795,-1
72022.932565,1706.22,1,-1
72022.932565,1706.2,0.001,-1
72022.932014,1706.17,1.12658688,-1
72022.931894,1706.17,5.25757433,-1
72022.888085,1706.17,0.20646,-1
72022.878548,1706.12,0.1553216,-1
72022.878548,1706.1,0.001,-1
72022.878541,1706.04,0.18565645,-1
72022.877935,1706.04,0.69357485,-1
72022.877935,1706.03,0.1553216,-1
72022.877935,1706,0.001,-1
72022.877935,1706,0.06212517,-1
72022.961907,1706.4,0.001,-1
72022.954535,1706.31,0.01256757,-1
72023.43245,1706.59,0.37641,1
72023.388811,1706.6,0.018,-1
72023.388117,1706.6,0.01599,-1
72023.388117,1706.6,0.001,-1
72023.388117,1706.5,0.001,-1
72023.388117,1706.5,0.00001,-1
72023.567032,1706.5,0.12425,1
72023.616237,1706.48,0.06984808,1
72023.610132,1706.5,10,1
72023.814602,1706.37,0.35553171,-1
72025.228281,1706.31,0.68279451,-1
72025.228281,1706.31,0.08888293,-1
72025.228281,1706.31,0.08888292,-1
72025.960145,1706.8,0.001,-1
72025.960145,1706.78,0.00117491,-1
72025.957447,1706.72,0.95777508,-1
72025.95679,1706.72,0.04222492,-1
72025.95679,1706.7,0.001,-1
72025.95679,1706.6,0.001,-1
72025.935278,1706.55,0.42085874,-1
72025.935125,1706.55,0.28702257,-1
72025.93222,1706.55,0.13361246,-1
72025.928744,1706.55,0.00580623,-1
72025.922054,1706.55,0.1167,-1
72026.023334,1706.87,0.04444146,-1
72026.121038,1706.87,9.183741,1
72026.093088,1706.87,0.77181854,1
72026.858021,1706.87,0.003,1
72027.687121,1706.87,0.04177204,1
72027.895948,1706.87,0.0002569,1
72031.692738,1707.18,7.38005202,-1
72031.692738,1707.17,0.87875315,-1
72031.692738,1707.17,0.88560625,-1
72031.692738,1707.1,0.17356509,-1
72031.692738,1707.1,0.60135352,-1
72031.692738,1707.1,0.001,-1
72031.690878,1707.03,0.25017712,-1
72031.690878,1707.02,0.1553216,-1
72031.690878,1707,0.001,-1
72031.688914,1706.97,0.87875315,-1
72031.688914,1706.9,0.001,-1
72032.200092,1707.17,0.018,-1
72032.200078,1707.17,0.018,-1
72032.199845,1707.17,0.018,-1
72032.199481,1707.17,0.018,-1
72033.788136,1707.08,0.00059161,-1
72034.519786,1707.19,0.23448171,1
72034.643254,1707.24,0.01024602,-1
72034.627252,1707.22,1,-1
72034.627252,1707.2,0.001,-1
72034.751507,1707.9,0.001,-1
72034.751507,1707.8,0.00113122,-1
72034.751507,1707.8,0.001,-1
72034.751507,1707.79,0.26898879,-1
72034.750386,1707.79,0.12965453,-1
72034.750386,1707.72,1,-1
72034.750386,1707.7,0.48,-1
72034.750386,1707.6,0.368,-1
72034.748835,1707.7,0.26,-1
72034.748835,1707.7,0.001,-1
72034.748835,1707.69,0.74,-1
72034.743745,1707.6,0.001,-1
72034.739301,1707.54,0.87845768,-1
72034.739301,1707.5,0.001,-1
72034.739301,1707.5,0.00001,-1
72034.739301,1707.49,0.05865113,-1
72034.739301,1707.4,0.001,-1
72034.733126,1707.3,0.001,-1
72034.814075,1707.43,0.0471744,1
72035.048289,1707.28,0.07377,1
72035.046479,1707.28,0.10595,1
72035.043299,1707.28,0.1325,1
72035.042482,1707.28,0.10453,1
72035.039653,1707.31,0.10976,1
72035.037082,1707.4,0.26666889,1
72035.037082,1707.4,0.2666689,1
72035.079247,1707.28,0.18325,1
72035.502474,1707.17,0.039882,1
72035.581796,1707.18,0.27784427,-1
72035.839761,1707.19,1.232,-1
72036.208762,1707.39,0.23485135,1
72036.736947,1707.5,1.08757917,-1
72036.736947,1707.4,0.001,-1
72037.360375,1707.8,0.001,-1
72037.360375,1707.76,0.70564236,-1
72037.360375,1707.74,0.87835747,-1
72037.360375,1707.7,0.001,-1
72037.360375,1707.6,0.001,-1
72037.485848,1707.92,1.17115223,1
72037.485848,1707.96,0.08955,1
72037.85864,1707.82,0.018,-1
72037.858493,1707.82,0.018,-1
72038.37399,1707.76,0.3493,-1
72038.521546,1708,0.001,-1
72038.521546,1707.97,0.33386222,-1
72038.521544,1707.97,0.66613778,-1
72038.521544,1707.96,0.05865113,-1
72038.521544,1707.95,0.38821109,-1
72038.654335,1708.1,0.001,-1
72038.654335,1708.01,0.0065553,-1
72038.773729,1708.22,1,-1
72038.773729,1708.2,0.001,-1
72038.822649,1708.06,0.14646607,1
72038.818931,1708.09,2.23144574,1
72038.818676,1708.09,4.79967881,1
72038.81473,1708.15,0.05865113,1
72038.81473,1708.15,0.14646607,1
72038.812671,1708.16,1.451,-1
72038.790318,1708.43,0.80195555,-1
72038.788837,1708.43,0.14085,-1
72038.7787,1708.4,0.10250081,-1
72038.778617,1708.4,0.10049919,-1
72038.778617,1708.4,0.001,-1
72038.778617,1708.39,0.00000162,-1
72038.778617,1708.3,0.001,-1
72038.951138,1708.3,1.94941439,-1
72038.951138,1708.3,0.07537388,-1
72038.95055,1708.3,0.12762612,-1
72038.95055,1708.29,0.88560625,-1
72038.95055,1708.23,1.0115559,-1
72038.950497,1708.23,2.02478827,-1
72038.94991,1708.23,2.02478827,-1
72038.949863,1708.23,1.83068273,-1
72038.949863,1708.12,0.19410554,-1
72038.948066,1708.23,0.48823685,-1
72038.948066,1708.2,0.05865113,-1
72038.948066,1708.2,0.203,-1
72038.948066,1708.14,0.02426319,-1
72038.948066,1708.14,0.06444911,-1
72038.948066,1708.14,0.10501413,-1
72038.948066,1708.1,0.203,-1
72038.948066,1708.09,0.87817386,-1
72039.084377,1708.17,0.036,-1
72039.080455,1708.17,0.036,-1
72040.33955,1708.07,0.03948323,1
72040.398445,1708,0.078966,1
72040.658882,1707.41,0.30307822,1
72040.658743,1707.41,1.27192178,1
72040.658743,1707.49,0.07659748,1
72040.658743,1707.5,0.001,1
72040.658634,1707.6,0.05,1
72040.658634,1707.6,0.001,1
72040.657923,1707.66,0.0390884,1
72040.657923,1707.7,0.001,1
72040.657923,1707.72,0.6,1
72040.582104,1707.75,0.6,1
72040.582104,1707.75,0.00178355,1
72040.582104,1707.76,0.32722055,1
72040.582104,1707.8,0.001,1
72040.582104,1707.9,0.001,1
72040.71501,1707.25,0.051,1
72040.713879,1707.25,0.051,1
72040.712279,1707.25,0.051,1
72040.71037,1707.25,0.05,1
72040.71037,1707.3,0.001,1
72040.681666,1707.35,0.15319495,1
72040.677583,1707.41,0.16503336,1
72040.677583,1707.42,0.59981043,1
72040.677583,1707.45,0.14995261,1
72040.677583,1707.45,0.52242102,1
72040.673499,1707.4,1.575,1
72040.812735,1707,0.05,1
72040.812735,1707,0.001,1
72040.812735,1707.1,0.001,1
72040.934276,1706.8,0.05,1
72040.934276,1706.8,0.001,1
72040.934276,1706.9,0.001,1
72041.244738,1706.7,0.270456,1
72041.244738,1706.7,0.000767,1
72041.231844,1706.7,0.000233,1
72041.289399,1706.71,0.00275376,-1
72042.841291,1706.65,0.38676799,1
72042.841291,1706.65,0.157466,1
72042.840706,1706.65,0.544234,1
72043.410638,1706.53,2.87593563,1
72043.409591,1706.53,1.13532348,1
72043.409499,1706.53,3.34065279,1
72043.408612,1706.53,2.6480881,1
72043.408612,1706.6,0.001,1
72043.403493,1706.61,0.2900243,1
72043.403493,1706.61,0.1574,1
72043.403493,1706.61,0.04875485,1
72043.403198,1706.61,0.49617915,1
72043.736257,1706.4,0.001,1
72043.727231,1706.5,0.001,1
72044.13748,1706.31,0.142412,1
72044.120328,1706.33,0.03157377,1
72044.120006,1706.33,0.07316809,1
72044.117395,1706.33,0.29699607,1
72044.116947,1706.33,0.29699607,1
72043.836062,1706.38,1.17169692,-1
72043.836062,1706.31,1.575,-1
72045.447031,1706.5,0.02898641,-1
72045.553103,1706.7,0.001,-1
72045.539304,1706.67,0.32036,-1
72045.539304,1706.6,0.001,-1
72045.537426,1706.55,1.17224877,-1
72045.537426,1706.54,0.6,-1
72045.638014,1706.9,0.01432833,-1
72045.638014,1706.9,0.6,-1
72045.638014,1706.9,0.20001225,-1
72045.638014,1706.9,0.001,-1
72045.744014,1707,0.001,-1
72047.326816,1707.5,0.001,-1
72047.326816,1707.4,0.001,-1
72047.313708,1707.3,0.001,-1
72047.307848,1707.26,0.54145635,-1
72047.307848,1707.25,0.51430056,-1
72047.297223,1707.17,0.14636488,-1
72047.297223,1707.1,0.001,-1
72047.450232,1707.57,0.00001195,1
72047.367054,1707.6,0.001,-1
72049.343329,1707.53,0.00876704,-1
72049.562459,1707.53,0.2,-1
72049.759021,1707.2,0.213,1
72049.759021,1707.2,0.001,1
72049.734316,1707.2,0.00655597,1
72049.734316,1707.3,0.001,1
72049.717956,1707.31,0.55009688,1
72049.706614,1707.32,0.14276714,1
72049.70358,1707.32,1.64871695,1
72049.6988,1707.32,1.4469572,1
72049.689988,1707.37,0.43872205,1
72049.689988,1707.37,0.08113897,1
72049.689784,1707.37,0.51886103,1
72049.689784,1707.5,0.001,1
72049.868159,1707.2,0.02613249,-1
72049.868159,1707.2,0.12857514,-1
72050.398565,1706.8,0.05,1
72050.398565,1706.8,0.001,1
72050.373138,1706.9,0.001,1
72050.373138,1707,0.05,1
72050.373138,1707.1,0.001,1
72052.323218,1706.79,0.00185114,1
72052.865138,1706.79,0.11721234,1
72053.115608,1706.79,0.01454429,1
72054.82753,1706.89,0.38696119,1
72054.82753,1706.89,0.00084581,1
72054.890255,1706.84,0.288246,1
72055.072971,1706.7,0.244195,1
72055.072971,1706.7,0.001,1
72055.476861,1706.87,1.575,1
72055.476861,1706.87,1.19496,1
72055.476861,1706.87,0.17669982,1
72055.476861,1706.87,0.17669982,1
72055.596114,1706.86,0.14639,1
72055.521066,1706.86,0.14639,1
72056.072891,1706.91,0.101,1
72056.072376,1706.9,0.101,1
72056.065936,1706.8,0.05865113,-1
72056.166197,1706.89,0.44855016,-1
72056.097458,1706.9,0.0505,1
72056.079729,1706.91,0.0505,1
72056.078743,1706.9,0.0505,1
72056.075969,1706.91,0.60673,1
72056.075627,1706.91,0.60673,1
72056.230504,1707.2,0.001,-1
72056.230504,1707.16,0.59123281,-1
72056.230504,1707.1,0.001,-1
72056.179612,1706.89,0.674468,1
72056.179612,1706.91,0.675468,1
72056.179612,1706.98,0.11866,1
72056.179612,1706.99,1.451,1
72056.179612,1707,0.03641264,1
72056.175508,1707.08,0.53905947,-1
72056.175508,1707,0.001,-1
72056.175508,1706.99,0.11213755,-1
72056.366958,1707.27,1.1718122,1
72056.366958,1707.27,0.0000008,1
72056.337888,1707.27,0.32458926,1
72056.337888,1707.27,1.17181274,1
72056.51388,1707.2,0.00288191,-1
72058.61698,1707.23,0.387813,1
72058.768489,1707.17,0.01467257,1
72060.570439,1707.4,0.001,-1
72060.570439,1707.39,0.87853511,-1
72060.570439,1707.3,0.001,-1
72060.631094,1707.5,0.001,-1
72060.674753,1707.6,0.001,-1
72060.952733,1708.29,0.048,-1
72060.945406,1708.2,0.001,-1
72060.945406,1708.19,0.87812245,-1
72060.898126,1708.1,0.001,-1
72060.894163,1708,0.87822151,-1
72060.894163,1708,0.001,-1
72060.894163,1707.9,0.001,-1
72060.894163,1707.8,0.001,-1
72060.884611,1707.7,0.001,-1
72060.956577,1708.3,0.001,-1
72061.166892,1708.6,0.001,-1
72061.160334,1708.5,0.001,-1
72061.157043,1708.4,0.001,-1
72061.220005,1708.74,1.62217408,-1
72061.199368,1708.72,1,-1
72061.199368,1708.72,0.00297,-1
72061.199368,1708.7,0.001,-1
72061.199368,1708.7,0.01483752,-1
72061.66803,1708.75,0.406251,1
72061.701591,1708.75,0.20312493,1
72061.701591,1708.75,0.00000007,1
72062.668299,1708.99,1.170353,1
72062.585085,1708.97,1,-1
72062.585085,1708.9,0.001,-1
72062.585085,1708.8,0.001,-1
72063.085328,1708.76,0.101563,1
72063.197994,1708.72,0.39999943,1
72063.197994,1708.72,0.05078157,1
72063.370301,1708.73,0.02539,1
72063.463759,1708.57,0.05859488,1
72063.463759,1708.58,0.05865113,1
72063.42707,1708.71,5,1
72063.421825,1708.72,0.09570541,-1
72064.247876,1708.5,0.6,1
72064.247876,1708.5,0.001,1
72064.183857,1708.64,0.05865113,1
72064.183857,1708.64,1.17049495,1
72064.332303,1708.41,0.87800937,-1
72064.950157,1708.43,0.03894457,-1
72065.596354,1708.8,0.001,-1
72065.59284,1708.76,0.87783463,-1
72065.59284,1708.7,0.001,-1
72066.133234,1709.04,0.17643085,-1
72066.133234,1709.02,0.87769973,-1
72066.133234,1709,0.001,-1
72066.133234,1708.9,0.001,-1
72066.728159,1709.06,0.03144403,-1
72067.555741,1709.59,0.44306231,-1
72067.554972,1709.52,1.22039476,-1
72067.553817,1709.52,3.1854963,-1
72067.553817,1709.51,0.87744789,-1
72067.553817,1709.5,0.001,-1
72067.553817,1709.47,0.048,-1
72067.553817,1709.38,0.47976744,-1
72067.553519,1709.38,0.04925943,-1
72067.551423,1709.4,0.001,-1
72067.551423,1709.38,1.653746,-1
72067.551423,1709.38,1.72132794,-1
72067.547624,1709.38,4.20713162,-1
72067.547157,1709.38,2.48480368,-1
72067.547157,1709.37,0.5521099,-1
72067.547157,1709.34,1.17021804,-1
72067.540566,1709.33,0.49441259,-1
72067.540566,1709.32,1.17021804,-1
72067.540517,1709.3,5.4685623,-1
72067.540517,1709.3,0.001,-1
72067.540517,1709.22,0.16646489,-1
72067.540364,1709.22,0.83353511,-1
72067.540364,1709.2,0.1679719,-1
72067.540364,1709.2,0.001,-1
72067.540364,1709.19,0.05865113,-1
72067.540364,1709.17,0.13860377,-1
72067.540364,1709.11,1.75436507,-1
72067.540364,1709.1,0.001,-1
72067.536935,1709.06,0.43883772,-1
72067.536469,1709.06,0.43883772,-1
72067.562388,1709.6,0.001,-1
72067.56234,1709.59,3.42316786,-1
72067.562328,1709.59,1.18172896,-1
72068.079997,1709.49,0.072,-1
72068.673993,1709.69,0.23417216,1
72068.630007,1709.6,0.72,-1
72068.630007,1709.6,0.001,-1
72069.262105,1709.67,0.036,-1
72069.557309,1710,0.001,-1
72069.557309,1710,0.00001,-1
72069.557309,1710,2.71629742,-1
72069.557309,1709.97,1,-1
72069.557309,1709.96,0.00364856,-1
72069.552744,1709.9,0.258,-1
72069.552744,1709.9,0.001,-1
72069.549995,1709.72,0.73915855,-1
72069.541239,1709.72,0.26084145,-1
72069.541239,1709.7,10,-1
72069.541239,1709.67,0.18627074,-1
72069.541239,1709.67,0.69181033,-1
72069.540734,1709.67,0.18555196,-1
72069.575867,1710.26,0.00240311,-1
72069.574808,1710.24,0.4712558,-1
72069.574808,1710.23,0.048,-1
72069.574808,1710.22,1,-1
72069.572108,1710.2,0.001171,-1
72069.665647,1710.54,1.17972145,-1
72069.662893,1710.54,0.39527855,-1
72069.662893,1710.52,0.1,-1
72069.662893,1710.35,0.70375542,-1
72069.662418,1710.35,0.87124458,-1
72069.662418,1710.26,1.31446,-1
72069.638834,1710.39,0.5309875,-1
72069.63853,1710.39,3.42149931,-1
72069.63853,1710.36,1.575,-1
72069.63853,1710.35,0.4,-1
72069.63853,1710.18,1.575,-1
72069.673096,1710.35,1.575,-1
72069.673096,1710.35,1.20119,-1
72069.811611,1710.41,0.20246565,1
72070.527333,1710.4,0.41772402,-1
72070.523681,1710.4,0.7517831,-1
72070.523681,1710.39,0.18864389,-1
72070.516085,1710.35,0.37728778,-1
72070.584901,1710.72,0.26543032,-1
72070.583281,1710.72,0.73456968,-1
72070.583281,1710.6,0.001,-1
72070.679171,1710.79,0.04716097,-1
72070.679171,1710.79,0.04716097,-1
72070.675128,1710.78,0.01461702,1
72070.845099,1710.72,0.01461702,1
72070.754423,1710.7,0.01461702,1
72071.063779,1711,0.001,-1
72071.063779,1710.97,1,-1
72071.015477,1710.87,0.00977868,-1
72071.19929,1711.05,0.036,-1
72071.197393,1711.05,0.036,-1
72071.969062,1711.07,1.16881905,1
72071.969062,1711.07,7.38005202,1
72071.877071,1711.08,0.4,1
72072.057933,1710.94,1.168819,1
72072.120273,1711.44,0.19235838,-1
72072.120273,1711.3,0.001,-1
72072.116953,1711.22,1,-1
72072.116953,1711.2,0.001,-1
72072.116953,1711.19,0.05865113,-1
72072.116953,1711.09,0.32571298,-1
72072.116895,1711.09,0.1910498,-1
72072.116441,1711.09,0.48323722,-1
72072.116441,1711.08,1,-1
72072.116441,1711.08,0.17216797,-1
72072.116441,1711.07,0.87664461,-1
72072.107208,1711,0.246,-1
72072.107208,1710.97,0.02723474,-1
72072.107208,1710.97,0.02723474,-1
72072.208265,1711.18,1.46098014,1
72072.180711,1711.19,0.733404,-1
72072.673052,1711.29,0.02723474,-1
72072.815123,1711.37,4.79578449,1
72072.815074,1711.37,0.07042999,1
72072.815074,1711.38,0.58638262,1
72072.968804,1711.25,0.00000074,1
72072.968479,1711.25,4.085536,1
72073.028512,1711.16,0.05865113,1
72073.028512,1711.16,0.6,1
72073.108537,1711.05,0.57127778,1
72073.783605,1710.98,0.00051348,1
72073.783605,1711,0.001,1
72075.116278,1710.81,1.107427,-1
72075.087438,1710.73,0.24242,-1
72075.086349,1710.72,0.58306902,1
72075.082616,1710.71,3.25827049,1
72075.082616,1710.71,0.07772951,1
72075.081571,1710.71,1.49727049,1
72075.081571,1710.89,1.46122778,1
72075.072854,1710.75,0.03704993,1
72075.072854,1710.8,0.001,1
72075.072854,1710.8,0.246,1
72075.072854,1710.81,0.69828474,1
72075.072854,1710.81,0.00087649,1
72075.072854,1710.84,0.14623218,1
72075.072854,1710.84,1.205,1
72075.072809,1710.88,1.68846696,1
72075.07273,1710.88,0.44642058,1
72075.07273,1710.88,4.97939926,1
72075.07273,1710.88,0.14623218,1
72075.07273,1710.9,0.233,1
72075.07273,1710.92,1.575,1
72075.07273,1710.97,0.1,1
72075.07273,1710.97,0.2,1
72075.07273,1710.97,1.08176534,1
72075.07273,1710.97,4.26520015,1
72075.07273,1711,10.19911945,1
72075.07273,1711,0.0012059,1
72075.07273,1711,0.40376295,1
72075.07273,1711,0.233,1
72075.07273,1711.1,1.16888843,1
72075.07273,1711.1,0.233,1
72075.07273,1711.11,0.05865113,1
72075.07273,1711.14,0.29197625,1
72075.893897,1711.06,0.52517335,1
72075.893897,1711.07,0.00000013,1
72075.884759,1711.07,0.058651,1
72076.623918,1711.25,0.14623218,-1
72076.623918,1711.2,0.001,-1
72078.149045,1711.24,0.2344714,1
72078.190256,1711.24,0.05809972,-1
72079.15721,1711.8,0.001,-1
72079.156276,1711.64,1.16851448,-1
72079.151687,1711.7,0.001,-1
72079.149709,1711.64,1.16851448,-1
72079.146829,1711.68,0.4,-1
72079.143123,1711.69,1.09694415,-1
72079.142863,1711.64,1.16851448,-1
72079.142863,1711.6,0.001,-1
72079.142863,1711.59,0.46646366,-1
72079.142863,1711.55,0.21989069,-1
72079.142566,1711.55,0.65650843,-1
72079.142566,1711.55,0.18011996,-1
72079.142566,1711.5,0.001,-1
72079.142566,1711.45,0.14623218,-1
72079.142566,1711.43,0.04999995,-1
72079.142566,1711.4,0.001,-1
72079.142566,1711.36,0.14623218,-1
72079.142566,1711.3,0.001,-1
72079.411021,1711.79,0.1170662,1
72079.641533,1711.65,0.03001096,-1
72079.641533,1711.65,0.15141719,-1
72079.615161,1711.79,0.05865113,1
72080.26305,1711.85,0.51477357,1
72080.26305,1711.87,1.16831312,1
72080.26305,1711.88,0.19393984,1
72080.26305,1711.88,0.19393984,1
72080.533024,1711.82,0.02839813,-1
72080.632328,1711.89,0.005858,1
72080.786117,1711.9,1.451,-1
72080.786117,1711.9,0.001,-1
72081.093342,1711.91,0.20813891,1
72081.547783,1711.78,0.49593054,-1
72081.577643,1711.77,0.701,-1
72082.119265,1711.97,0.18720895,-1
72082.119265,1711.94,0.079,-1
72082.347344,1711.97,0.036,-1
72082.509059,1711.88,0.54050197,1
72082.508208,1711.88,0.62771553,1
72082.717964,1711.77,0.697,-1
72083.126594,1711.8,0.233,-1
72083.422414,1711.81,0.23430521,1
72084.162647,1711.71,0.4,-1
72084.162647,1711.71,1.451,-1
72084.162647,1711.71,1.31446,-1
72084.162647,1711.71,0.36511787,-1
72084.160873,1711.7,0.001,1
72084.157591,1711.71,0.0175,1
72084.15654,1711.71,0.0176,1
72084.15632,1711.71,0.1253,1
72084.152375,1711.72,0.14609204,1
72084.152375,1711.73,0.05865113,1
72084.274507,1711.72,0.00554177,-1
72084.564305,1711.57,1.203,1
72084.564305,1711.59,5.33679052,1
72084.563938,1711.59,2.0432615,1
72084.563938,1711.6,4.25090997,1
72084.563938,1711.6,0.001,1
72084.563938,1711.61,4.08360468,1
72084.563826,1711.63,0.14609204,1
72084.563826,1711.65,1.16834207,1
72084.563826,1711.67,0.05865113,1
72084.563767,1711.71,0.58597255,1
72084.563767,1711.71,1.53378042,1
72084.563689,1711.71,2.97064171,1
72084.574512,1711.65,1.16834207,1
72084.569396,1711.68,1.46102896,1
72084.569271,1711.68,1.46128543,1
72085.167405,1711.4,0.001,1
72085.139966,1711.46,0.14609204,1
72085.139966,1711.5,0.27542218,1
72085.139963,1711.5,0.23294601,1
72085.139963,1711.5,0.001,1
72085.738916,1711.2,0.001,1
72085.694007,1711.3,0.48135792,1
72085.694007,1711.3,0.001,1
72085.804129,1711.1,0.001,1
72085.959259,1710.8,0.001,1
72085.959259,1710.8,0.05,1
72085.959259,1710.9,0.001,1
72085.947492,1711,0.001,1
72086.350987,1710.6,0.001,1
72086.350987,1710.6,0.05,1
72086.350987,1710.7,0.001,1
72087.259356,1711.1,0.50937335,-1
72087.259356,1711.05,0.679,-1
72087.241912,1711.1,0.85036027,-1
72087.241912,1711.09,0.679,-1
72087.241912,1711.06,0.01711489,-1
72087.241912,1711.06,0.01426242,-1
72087.241912,1711.06,0.01426242,-1
72087.226427,1711.1,0.21526638,-1
72087.226427,1711.09,0.58945415,-1
72087.226427,1711.09,0.679,-1
72087.226427,1711.07,0.01140994,-1
72087.226427,1711.07,0.07986953,-1
72087.208658,1710.81,0.047893,-1
72087.208509,1710.81,1.157,-1
72087.204841,1710.99,0.4282785,-1
72087.204841,1710.96,0.1553216,-1
72087.203908,1710.89,1.575,-1
72087.203908,1710.88,1.079376,-1
72087.203902,1710.81,0.41358627,-1
72087.203835,1710.81,0.78741373,-1
72087.203835,1710.8,0.001,-1
72087.203835,1710.77,0.6,-1
72087.203835,1710.74,0.32825634,-1
72087.203432,1710.74,0.84102801,-1
72087.203432,1710.73,0.14609204,-1
72087.200739,1710.69,1.575,-1
72087.200566,1710.64,0.14609204,-1
72087.200566,1710.6,0.03873247,-1
72087.200369,1710.6,0.83815622,-1
72087.200369,1710.59,0.68045823,-1
72087.200369,1710.59,0.18255894,-1
72087.200369,1710.59,0.05865113,-1
72088.008853,1711.5,0.001,-1
72088.008853,1711.49,1.199,-1
72088.008853,1711.49,1.575,-1
72088.008853,1711.46,0.47588045,-1
72088.008566,1711.46,0.692893,-1
72088.000834,1711.4,0.001,-1
72088.000738,1711.3,0.001,-1
72088.000464,1711.29,1.575,-1
72088.932262,1711.69,1.575,-1
72088.916697,1711.6,0.0203652,-1
72088.916528,1711.6,0.149786,-1
72088.916022,1711.6,1.430786,-1
72088.916022,1711.6,0.001,-1
72089.258656,1711.6,7.62032068,1
72089.258656,1711.6,3.98304685,1
72089.258034,1711.6,6.01695315,1
72089.258034,1711.65,0.05865113,1
72089.258034,1711.65,0.6,1
72089.258034,1711.68,1.470642,1
72089.257552,1711.68,3.529358,1
72089.249151,1711.79,0.00084414,1
72089.249151,1711.79,0.166907,1
72089.24866,1711.79,0.16775114,1
72089.266033,1711.29,0.55450228,1
72089.266033,1711.3,0.001,1
72089.266033,1711.32,5,1
72089.266033,1711.42,7.38005202,1
72089.266033,1711.5,0.001,1
72090.817427,1711.71,0.18011984,-1
72091.778195,1711.5,0.001,1
72093.243669,1710.6,0.42435826,1
72093.243669,1710.6,0.05,1
72093.241212,1710.7,0.221,1
72093.240782,1710.78,0.1467,1
72093.236558,1710.9,0.12551108,1
72093.236374,1710.9,0.12551108,1
72093.235598,1710.9,0.271,1
72093.230752,1710.74,0.14671772,1
72093.226052,1710.8,0.10430443,1
72093.225809,1710.8,0.11669557,1
72093.225809,1710.8,0.05,1
72093.225809,1710.87,0.07335886,1
72093.225809,1710.9,0.05844876,1
72093.225809,1710.9,0.001,1
72093.220153,1710.97,0.2525163,1
72093.215789,1710.99,0.14429503,1
72093.210816,1711,0.336,1
72093.210672,1711,1.05753456,1
72093.210672,1711.03,0.14429503,1
72093.210672,1711.1,0.55358859,1
72093.210066,1711.1,0.84845985,1
72093.209028,1711.1,0.059,1
72093.208362,1711.07,0.97612481,1
72093.207598,1711.07,2.82170205,1
72093.2067,1710.96,0.73314097,1
72093.2067,1710.98,4.11801067,1
72093.204557,1710.98,1.75198846,1
72093.204151,1710.98,1.51005289,1
72093.204052,1710.99,0.18430265,1
72093.204004,1710.99,2.32052746,1
72093.203902,1710.99,2.71827874,1
72093.203813,1710.99,0.26029627,1
72093.203813,1711,0.001,1
72093.203813,1711,0.05,1
72093.203813,1711.01,0.88560625,1
72093.203813,1711.02,0.05865113,1
72093.203762,1711.06,6.11627205,1
72093.203562,1711.06,1.26377997,1
72093.203562,1711.08,2.12885188,1
72093.203562,1711.1,0.001,1
72093.203402,1711.2,0.51005951,1
72093.203402,1711.2,0.001,1
72093.203402,1711.2,0.05,1
72093.203239,1711.3,0.001,1
72093.203239,1711.4,0.001,1
72093.257895,1710.56,0.0366,1
72093.377288,1710.6,0.8768853,-1
72093.670513,1710.75,0.17645403,-1
72093.670513,1710.73,0.18146218,-1
72093.670513,1710.73,0.87681866,-1
72093.969628,1711.04,0.29337304,-1
72093.986598,1711.28,0.048,-1
72093.986598,1711.21,0.5962087,-1
72093.986598,1711.2,0.001,-1
72094.079654,1711.39,0.12746029,-1
72094.079357,1711.39,0.096,-1
72094.078522,1711.39,0.05076,-1
72094.075757,1711.39,0.096,-1
72094.075329,1711.39,0.096,-1
72094.071774,1711.39,0.096,-1
72094.306065,1711.6,0.001,-1
72094.918011,1711.5,0.55296342,1
72094.918011,1711.51,0.05865113,1
72094.916922,1711.61,0.36331751,1
72095.126606,1711.41,0.03047266,-1
72096.641957,1711.69,0.92164614,1
72096.641957,1711.69,0.97490825,1
72096.641957,1711.69,0.32706279,1
72096.641957,1711.69,1.0304988,1
72096.641957,1711.69,0.23427489,1
72096.641957,1711.69,0.68502216,1
72096.641957,1711.69,1.451,1
72096.641957,1711.69,0.2342749,1
72096.72474,1711.9,0.19798748,-1
72096.72474,1711.87,0.00087665,-1
72096.72474,1711.8,0.001,-1
72096.72474,1711.7,0.001,-1
72097.967764,1711.81,0.03180862,-1
72100.292927,1711.8,0.23425581,1
72101.293388,1711.8,0.0471744,1
72102.17006,1711.8,0.00075075,1
72102.17006,1711.8,0.23425,1
72102.17006,1711.8,0.25216653,1
72102.17006,1711.8,4.71856979,1
72102.838024,1711.7,0.232,-1
72102.838024,1711.61,1.18297423,-1
72102.838001,1711.61,0.30660636,-1
72102.838001,1711.61,0.87636786,-1
72102.872238,1711.95,0.21863798,-1
72102.851543,1711.9,1.245548,-1
72102.851543,1711.87,0.25720226,-1
72102.851328,1711.87,1.78071244,-1
72102.851181,1711.87,1.78071244,-1
72102.850934,1711.87,1.78071244,-1
72102.850747,1711.87,1.78071244,-1
72102.847736,1711.9,0.439,-1
72102.847588,1711.9,0.38088045,-1
72102.847396,1711.9,0.23293869,-1
72102.847396,1711.9,0.14606131,-1
72102.847396,1711.9,0.001,-1
72102.847154,1711.87,0.05865113,-1
72102.847115,1711.72,0.16353097,-1
72103.335715,1711.59,0.13039,1
72103.323594,1711.6,0.12466,1
72103.323594,1711.6,0.001,1
72103.302358,1711.7,0.001,1
72103.293157,1711.8,1.04999502,1
72103.290929,1711.8,0.62404347,1
72103.290923,1711.8,3.32596151,1
72103.290923,1711.81,0.41959993,1
72103.290923,1711.81,0.05865113,1
72103.290923,1711.81,0.3594982,1
72103.38025,1711.6,0.01419168,-1
72104.074845,1711.39,0.11074108,1
72104.074845,1711.4,0.05,1
72104.074845,1711.4,0.001,1
72104.074845,1711.48,0.14604339,1
72104.074845,1711.5,0.001,1
72104.914625,1711.3,0.47313701,1
72104.914625,1711.3,0.001,1
72105.816961,1711.06,0.0396322,1
72105.816961,1711.1,0.001,1
72105.816961,1711.12,0.14604339,1
72105.816961,1711.2,0.001,1
72106.233664,1711,0.0461744,1
72106.233664,1711,0.001,1
72106.968928,1710.9,0.29234313,1
72106.968928,1710.9,0.001,1
72107.657399,1710.81,0.0578538,-1
72107.762182,1710.8,0.001,1
72107.891091,1710.56,0.0005328,1
72107.891091,1710.6,0.001,1
72107.891091,1710.6,0.05,1
72107.891091,1710.7,0.001,1
72108.071455,1710.4,0.36103667,1
72108.071455,1710.4,0.001,1
72107.975299,1710.5,0.001,1
72107.971432,1710.56,10.58888876,1
72108.455545,1710.31,0.01383863,-1
72108.428578,1710.3,0.00001192,1
72108.677434,1710.2,0.001,1
72108.670251,1710.3,0.00098808,1
72109.07333,1710.11,0.02838469,-1
72109.416989,1710.1,0.0461744,1
72109.416989,1710.1,0.001,1
72109.818751,1710.01,0.01135272,-1
72110.134655,1710,0.32501444,1
72110.134655,1710,1,1
72110.134655,1710,0.001,1
72110.569236,1709.9,0.00088632,1
72110.974722,1710.13,1.10761558,-1
72110.974722,1710.13,0.6,-1
72110.972906,1710.11,7.38005202,-1
72110.971953,1710.04,1.192,-1
72110.971953,1710,0.88560625,-1
72110.971953,1709.99,0.2819937,-1
72110.971827,1709.99,1.007,-1
72110.971547,1709.99,0.601,-1
72110.97137,1709.99,0.343,-1
72110.971316,1709.99,0.691,-1
72110.970877,1709.91,0.1743171,-1
72110.970877,1709.91,0.05865113,-1
72110.970877,1709.91,0.87723915,-1
72111.030659,1710.2,0.001,-1
72111.030659,1710.18,0.5756749,-1
72110.975914,1710,0.14604339,-1
72111.11773,1710.2,0.00624931,-1
72111.546988,1710.17,0.036,-1
72112.452597,1710.18,0.0019807,-1
72112.513246,1710.17,0.0002413,1
72113.014089,1709.89,0.6170147,-1
72113.010755,1709.89,0.6454393,-1
72112.986929,1709.9,0.001,1
72112.986929,1709.9,0.00011368,1
72112.982753,1709.99,0.09881422,1
72112.98214,1709.99,0.09881423,1
72113.405643,1710.19,0.13857142,-1
72113.482733,1710.31,0.22499273,-1
72113.482733,1710.31,0.05865113,-1
72113.482733,1710.3,0.14604339,-1
72113.482733,1710.3,0.232,-1
72113.482733,1710.3,0.001,-1
72113.482733,1710.29,1.575,-1
72113.482733,1710.26,0.88560625,-1
72113.482733,1710.2,0.232,-1
72113.482733,1710.18,0.68387194,-1
72113.482733,1710.12,0.43190006,-1
72114.098928,1710.04,0.251065,1
72115.398498,1710.13,1.16951264,-1
72115.398498,1710.1,0.18404018,-1
72115.398233,1710.04,0.87717246,-1
72118.001397,1710.4,0.05398751,-1
72118.001397,1710.4,0.10797501,-1
72117.995323,1710.5,0.001,-1
72117.995198,1710.37,1.258197,-1
72117.995198,1710.36,0.10797501,-1
72117.987715,1710.4,0.88560625,-1
72117.987715,1710.4,0.001,-1
72117.987715,1710.37,1.45926266,-1
72117.987715,1710.37,0.05865113,-1
72117.986897,1710.32,1.191,-1
72117.986897,1710.3,0.001,-1
72117.986897,1710.29,1.16954114,-1
72117.986206,1710.18,0.8771043,-1
72118.146808,1710.57,0.02218513,-1
72118.13173,1710.56,0.02783731,-1
72118.13173,1710.56,0.01012266,-1
72118.13173,1710.56,0.04302129,-1
72118.327681,1710.6,0.001,-1
72118.289463,1710.57,0.85481487,-1
72118.289159,1710.57,0.698,-1
72118.518505,1710.89,0.0146188,-1
72118.518339,1710.89,0.016,-1
72118.518339,1710.8,0.001,-1
72118.518339,1710.7,0.001,-1
72121.595973,1710.59,0.01941131,-1
72122.949017,1710.58,0.00923078,1
72123.745828,1710.5,0.46038058,1
72123.743947,1710.5,0.001,1
72123.743947,1710.51,0.00111568,1
72123.735623,1710.58,1.75212454,1
72123.726496,1710.58,2.74180927,1
72123.726421,1710.58,0.50606619,1
72123.726421,1710.58,0.05865113,1
72123.81028,1710.34,0.58437591,1
72123.81028,1710.4,0.001,1
72123.890164,1710.3,0.56676055,1
72123.889781,1710.3,0.22840136,1
72123.887775,1710.3,9.20483809,1
72123.887775,1710.3,0.001,1
72124.120331,1710.1,10,1
72124.120331,1710.1,0.001,1
72124.119736,1710.11,1.46189426,1
72124.116794,1710.14,0.14612705,1
72124.116794,1710.2,0.001,1
72124.299177,1709.7,1.06989161,1
72124.299177,1709.7,0.001,1
72124.299177,1709.72,7.38005202,1
72124.299177,1709.73,3.34786045,1
72124.299139,1709.73,2.63005202,1
72124.299139,1709.73,3.86875206,1
72124.299098,1709.73,2.8627412,1
72124.299098,1709.73,1.46221918,1
72124.299098,1709.79,0.00087695,1
72124.299098,1709.8,1.46215931,1
72124.299098,1709.8,0.001,1
72124.299098,1709.81,0.73014373,1
72124.298413,1709.81,0.43934887,1
72124.298413,1709.81,0.05865113,1
72124.298413,1709.9,0.001,1
72124.298413,1710,0.001,1
72124.94857,1709.6,0.00000001,1
72124.948219,1709.6,0.25819495,1
72124.948219,1709.6,0.001,1
72125.124446,1709.4,0.04999999,1
72125.124446,1709.4,0.001,1
72125.124446,1709.5,0.001,1
72126.253682,1709.3,0.3522472,1
72126.253682,1709.3,0.001,1
72126.31649,1709.2,0.001,1
72126.981507,1708.9,1.22569595,1
72126.980576,1708.54,0.61578947,1
72126.980576,1708.58,0.03459266,1
72126.980576,1708.6,0.001,1
72126.980576,1708.62,7.38005202,1
72126.980576,1708.65,1.575,1
72126.980576,1708.7,0.39356585,1
72126.980164,1708.7,3.85734412,1
72126.980164,1708.7,0.001,1
72126.980164,1708.71,4.14165588,1
72126.978823,1708.71,3.23839614,1
72126.978823,1708.72,0.2,1
72126.978823,1708.72,0.1,1
72126.978823,1708.77,0.00087741,1
72126.978823,1708.8,0.001,1
72126.978823,1708.83,1.575,1
72126.978823,1708.84,0.05865113,1
72126.978823,1708.86,1.17007532,1
72126.978823,1708.9,0.001,1
72126.977339,1709,0.001,1
72126.977339,1709,0.05,1
72126.977339,1709.1,0.001,1
72128.16465,1708.93,0.14612705,-1
72128.152766,1708.9,0.001,-1
72128.152635,1708.88,1.187,-1
72128.152635,1708.85,0.05865113,-1
72128.150653,1708.77,0.8778244,-1
72128.409609,1709.15,0.02101986,-1
72128.409609,1709,0.00005,-1
72128.809186,1708.93,0.18013625,1
72128.809186,1708.93,0.05865113,1
72128.809186,1709.14,0.20416911,1
72130.092639,1709.05,0.14627325,1
72130.092639,1709.07,0.05865113,1
72130.092639,1709.07,0.48930789,1
72130.0926,1709.07,0.68080425,1
72130.091881,1709.14,0.32051477,1
72130.20947,1708.91,0.87775248,-1
72131.028173,1709,7.38005202,-1
72131.028173,1708.99,0.04510602,-1
72131.917017,1709.15,0.17890086,-1
72132.756817,1709.17,0.01772925,1
72136.164534,1709.21,0.87759865,-1
72136.164534,1709.2,0.001,-1
72137.893028,1709.27,0.42360238,1
72137.892474,1709.27,0.14933313,1
72137.892059,1709.29,0.2887712,1
72137.892059,1709.29,0.00093717,1
72137.892059,1709.29,0.05865113,1
72137.918943,1709.21,0.00000001,1
72137.917148,1709.21,0.54528506,1
72138.231521,1709.18,0.01448139,-1
72139.200982,1709.19,0.68,-1
72139.420991,1709.3,0.001,-1
72139.639559,1709.4,0.232,-1
72139.639559,1709.4,0.001,-1
72140.467101,1709.41,0.86052959,-1
72140.455332,1709.41,0.01696615,-1
72143.156163,1709.4,5,1
72143.152451,1709.43,0.35688824,1
72144.466538,1709.1,0.29207376,1
72144.466538,1709.1,0.001,1
72144.466538,1709.2,0.001,1
72145.052718,1709.08,0.406,-1
72145.049196,1709.02,0.87769598,-1
72145.049196,1709.01,0.05865113,-1
72145.049196,1709.01,0.15389705,-1
72145.049196,1709.01,1.17015894,-1
72145.049196,1709.01,0.00765616,-1
72145.049196,1709.01,0.00382808,-1
72145.049196,1709.01,0.00382808,-1
72145.207546,1709.09,0.87766004,-1
72146.248193,1709.21,0.00000585,1
72146.238247,1709.21,0.0161244,1
72146.172754,1709.1,0.69999819,-1
72146.064307,1709.1,0.05682349,-1
72147.660314,1708.9,0.001,1
72147.660314,1708.91,0.2564826,1
72147.658809,1708.91,0.2435174,1
72147.657097,1709,0.4291909,1
72147.657097,1709,0.001,1
72147.639705,1709.08,0.42040284,1
72149.267306,1708.81,0.87780385,-1
72150.542963,1708.82,0.87779871,-1
72150.542947,1708.81,0.01572128,-1
72153.299138,1708.81,0.11145185,-1
72153.299138,1708.81,0.00786064,-1
72154.888232,1708.82,0.87779871,-1
72154.888232,1708.81,1.170267,-1
72154.888232,1708.81,2.92601283,-1
72154.888232,1708.81,0.11131616,-1
72154.887643,1708.81,0.05306968,-1
72154.887643,1708.81,0.00393032,-1
72161.614889,1708.84,1.17029525,-1
72161.614889,1708.82,0.87779871,-1
72161.614889,1708.81,0.00196516,-1
72161.877559,1709.01,1.17034438,-1
72161.877559,1708.99,0.87771139,-1
72161.877559,1708.98,0.00098258,-1
72163.163654,1709.12,0.95415803,-1
72163.163654,1709.1,0.001,-1
72164.504226,1708.9,0.001,1
72164.504226,1708.92,0.00162561,1
72164.504226,1708.92,0.18680227,1
72164.504138,1708.92,0.13077676,1
72164.504138,1708.92,0.05865113,1
72165.020773,1708.8,0.31026545,1
72165.010829,1708.8,3.731,1
72165.010829,1708.8,0.001,1
72165.284515,1708.71,0.05792522,-1
72166.411102,1708.7,0.29922998,1
72166.411102,1708.7,0.001,1
72166.491685,1708.6,0.00019573,1
72166.491685,1708.6,0.001,1
72166.491685,1708.67,0.14629379,1
72166.491685,1708.7,0.00000019,1
72166.478678,1708.7,0.152936,1
72166.475247,1708.7,0.14629379,1
72166.878175,1708.55,0.00963526,-1
72167.710119,1708.3,2.6006437,1
72167.710119,1708.3,1.46344318,1
72167.710119,1708.3,0.223208,1
72167.710119,1708.3,0.001,1
72167.710119,1708.31,0.05865113,1
72167.710119,1708.4,0.242,1
72167.710119,1708.4,0.001,1
72167.710119,1708.4,0.05,1
72167.710119,1708.5,0.30515963,1
72167.710119,1708.5,0.693,1
72167.710119,1708.5,0.001,1
72168.602921,1708.51,0.00231754,-1
72168.743583,1708.51,0.87347073,-1
72168.872801,1708.63,0.87789935,-1
72168.872801,1708.62,1.1704116,-1
72169.025679,1708.75,0.00001193,1
72169.126837,1708.75,0.00001193,1
72169.362178,1708.78,0.00588235,1
72169.814818,1708.79,0.00221865,-1
72169.94972,1708.75,0.12691692,-1
72169.94972,1708.74,0.00054766,-1
72169.946457,1708.74,0.00289674,-1
72170.154196,1709.19,0.696,-1
72170.134559,1709.14,2.43879896,-1
72170.133919,1709.14,0.48567514,-1
72170.133919,1709.13,0.55524486,-1
72170.126789,1709.13,2.60437694,-1
72170.126382,1709.13,2.909,-1
72170.12637,1709.13,0.242,-1
72170.125829,1709.04,0.15694146,-1
72170.125595,1709.04,0.13943416,-1
72170.125595,1709,0.001,-1
72170.125595,1708.99,0.0295073,-1
72170.125535,1708.99,0.02894146,-1
72170.118036,1709.1,0.001,-1
72170.118036,1709.1,0.242,-1
72170.118036,1709.07,4.55096206,-1
72170.118036,1709,0.001,-1
72170.118036,1709,0.242,-1
72170.118036,1708.97,1.575,-1
72170.118036,1708.95,1.184,-1
72170.118036,1708.93,11.37148304,-1
72170.118036,1708.93,0.14632547,-1
72170.118036,1708.92,0.4,-1
72170.118036,1708.9,0.001,-1
72170.118036,1708.86,2.92592722,-1
72170.118036,1708.8,0.001,-1
72170.118036,1708.79,0.05865113,-1
72170.118036,1708.75,1.1704116,-1
72170.118036,1708.74,0.0017222,-1
72170.191526,1709.21,0.185,-1
72170.179828,1709.17,0.6986405,-1
72170.165852,1709.22,0.048,-1
72170.165852,1709.2,0.001,-1
72170.165852,1709.19,0.695,-1
72171.319311,1709.31,1.36504745,-1
72171.319311,1709.3,0.001,-1
72171.432437,1709.4,0.001,-1
72172.586382,1709.5,0.267,-1
72172.586382,1709.5,0.001,-1
72174.67709,1709.59,0.02054,1
72176.680803,1709.61,0.03786295,-1
72176.680803,1709.6,0.001,-1
72180.330452,1709.5,0.08686446,-1
72182.229493,1709.49,0.8757002,1
72182.223837,1709.49,2.30595269,1
72182.219643,1709.49,1.81834711,1
72182.19367,1709.5,0.44574752,1
72182.19367,1709.5,0.00102391,1
72183.854419,1709.55,0.02842305,-1
72185.758948,1709.35,0.53195084,1
72185.758948,1709.4,0.001,1
72185.741292,1709.5,0.3141721,1
72185.741292,1709.5,0.05865113,1
72188.528902,1709.33,0.87753681,-1
72188.58207,1709.65,0.19999991,-1
72188.58207,1709.61,1.16999757,-1
72188.58207,1709.6,0.001,-1
72188.693061,1709.9,1.184,-1
72188.693061,1709.9,0.001,-1
72188.693021,1709.8,0.001,-1
72188.693021,1709.7,0.001,-1
72189.266717,1710.15,0.998,-1
72189.266717,1710.1,0.001,-1
72189.266717,1710,0.001,-1
72189.425355,1710.07,0.00332992,-1
72190.453577,1710.15,0.0449084,-1
72190.966349,1710.3,0.001,-1
72190.947373,1710.25,0.00005,-1
72190.947373,1710.2,0.001,-1
72190.944244,1710.19,0.00005,1
72190.886106,1710.09,0.00473307,-1
72190.886106,1710.09,0.00236653,-1
72190.883313,1710.1,0.03528,-1
72190.883313,1710.06,0.37372,-1
72190.882887,1710.1,1.13,-1
72191.943753,1710.5,0.00599322,-1
72191.943753,1710.5,0.001,-1
72191.943753,1710.4,0.001,-1
72192.263253,1710.75,0.90394382,-1
72192.263253,1710.72,1.184,-1
72192.263253,1710.7,0.001,-1
72192.263253,1710.68,1.50974,-1
72192.263253,1710.67,7.38005202,-1
72192.263253,1710.66,0.88560625,-1
72192.263253,1710.66,0.048,-1
72192.263253,1710.6,0.267,-1
72192.263253,1710.6,0.001,-1
72192.263253,1710.59,0.05865113,-1
72192.263253,1710.5,0.26100678,-1
72192.453238,1710.66,0.87685712,-1
72192.541204,1710.99,0.67645504,-1
72192.541204,1710.98,0.88560625,-1
72192.541204,1710.9,0.267,-1
72192.541204,1710.9,0.001,-1
72192.541204,1710.85,0.00087704,-1
72192.541204,1710.84,0.87676529,-1
72192.541204,1710.84,0.01542187,-1
72192.541204,1710.8,0.267,-1
72192.541204,1710.8,0.001,-1
72192.541204,1710.79,0.00591634,-1
72192.541204,1710.77,0.00295817,-1
72192.628015,1710.94,4.56322939,-1
72192.628015,1710.9,0.267,-1
72192.628015,1710.89,0.16792176,-1
72192.628015,1710.88,0.00110931,-1
72192.628015,1710.87,0.00073954,-1
72192.584886,1710.98,0.60578873,-1
72192.584886,1710.98,0.122,-1
72192.584886,1710.98,0.72,-1
72192.584886,1710.9,0.267,-1
72192.584886,1710.85,1.451,-1
72192.715711,1711.03,1.64470454,-1
72192.715711,1711.02,1.87703808,-1
72192.715711,1711,0.267,-1
72192.715711,1710.99,0.05865113,-1
72192.715711,1710.92,0.88560625,-1
72192.715711,1710.9,0.267,-1
72192.671125,1711.02,3.46518248,-1
72192.671125,1711,0.267,-1
72192.671125,1711,0.001,-1
72192.671125,1710.98,0.27981752,-1
72192.671125,1710.93,0.72,-1
72192.671125,1710.9,0.267,-1
72193.017559,1710.82,0.00549945,-1
72194.264233,1710.94,0.88336688,-1
72194.264233,1710.93,0.06646028,-1
72194.264233,1710.9,0.267,-1
72194.264233,1710.89,1.51025,-1
72194.264233,1710.74,0.87681354,-1
72194.264233,1710.74,0.37372,-1
72194.306528,1710.87,0.22213046,-1
72194.306528,1710.86,0.88560625,-1
72194.306528,1710.8,0.717,-1
72194.306528,1710.8,0.267,-1
72194.306528,1710.79,0.717,-1
72194.306528,1710.76,0.87680329,-1
72194.306528,1710.72,1.31446,-1
72194.937076,1710.92,0.2096784,-1
72194.937076,1710.91,1.184,-1
72194.937076,1710.89,0.1553216,-1
72194.937076,1710.88,1.451,-1
72194.911511,1710.92,0.70978083,-1
72194.911511,1710.9,0.001,-1
72194.911511,1710.9,0.267,-1
72194.911511,1710.89,0.05865113,-1
72194.911186,1710.69,0.16410249,-1
72194.911186,1710.69,0.87683917,-1
72195.045667,1711,0.84783819,-1
72195.045667,1711,0.001,-1
72195.045667,1711,0.267,-1
72195.045667,1710.99,1.98116181,-1
72195.045667,1710.98,0.719,-1
72195.045667,1710.97,1.184,-1
72195.848551,1711.05,0.07139068,1
72195.847009,1711.05,1.176581,1
72195.803429,1711.16,0.5854137,-1
72195.803429,1711.15,4.40589106,-1
72195.803429,1711.15,0.19991926,-1
72195.803429,1711.11,0.048,-1
72195.803429,1711.1,0.001,-1
72195.803429,1711.09,0.05865113,-1
72195.803429,1711.01,1.184,-1
72195.803429,1711,0.706848,-1
72195.803429,1710.98,0.18760453,-1
72195.803429,1710.98,0.99138177,-1
72195.803429,1710.98,0.87669055,-1
72196.358902,1710.97,0.87669567,-1
72196.570834,1711.39,0.37885998,-1
72196.570834,1711.36,0.00087679,-1
72196.570834,1711.3,0.001,-1
72196.570834,1711.25,1.183,-1
72196.570834,1711.25,0.19999841,-1
72196.570834,1711.2,0.001,-1
72196.570834,1711.19,0.05865113,-1
72196.570834,1711.13,0.87661369,-1
72197.46655,1711.2,0.02807262,1
72197.46655,1711.2,0.267,1
72197.55654,1711.21,0.18264572,-1
72197.55654,1711.21,0.87657271,-1
72197.970682,1711.36,0.01752673,1
72198.263331,1711.55,0.97904232,-1
72198.263331,1711.54,0.88560625,-1
72198.263331,1711.54,1.806522,-1
72198.263331,1711.5,0.267,-1
72198.263331,1711.5,0.001,-1
72198.263331,1711.43,0.048,-1
72198.263331,1711.4,0.001,-1
72198.263331,1711.39,0.05865113,-1
72198.263331,1711.37,0.1553216,-1
72198.263331,1711.37,0.87649076,-1
72200.12376,1711.39,0.59068196,1
72200.2211,1711.35,0.60900935,1
72200.220051,1711.35,0.0612126,1
72200.218535,1711.35,0.06844062,1
72200.217346,1711.35,0.11236442,1
72200.21485,1711.35,0.12866861,1
72200.211306,1711.35,0.12285672,1
72200.208845,1711.35,0.30147339,1
72200.195365,1711.35,0.4808562,1
72200.189633,1711.35,0.16272872,1
72200.185588,1711.35,0.12775152,1
72200.177635,1711.35,2.82463785,1
72201.429741,1711.54,1.29349899,-1
72201.429741,1711.5,0.001,-1
72201.429741,1711.49,0.05865113,-1
72201.429741,1711.3,1.16901041,-1
72201.429741,1711.22,0.87656759,-1
72201.429741,1711.22,0.17965307,-1
72201.770866,1711.35,0.13680147,1
72201.768168,1711.35,0.10699483,1
72201.765342,1711.35,0.11033189,1
72201.762773,1711.35,0.12546993,1
72201.759725,1711.35,0.16361158,1
72201.756769,1711.35,0.13324941,1
72201.753084,1711.35,0.05557626,1
72201.752304,1711.35,0.09095718,1
72201.749888,1711.35,1.14706816,1
72201.749888,1711.35,0.07383525,1
72201.749888,1711.35,0.07383525,1
72201.774283,1711.35,2.80214654,1
72201.773784,1711.35,0.12779275,1
72203.065001,1711.5,0.09418,-1
72203.059504,1711.5,0.10957,-1
72203.059504,1711.5,0.001,-1
72203.024033,1711.49,0.00576584,-1
72203.000201,1711.28,1.16872938,-1
72202.998566,1711.25,0.87655222,-1
72203.065299,1711.5,0.04197,-1
72206.938975,1711.59,0.001,-1
72206.938975,1711.59,0.19943504,-1
72206.930542,1711.59,0.72288396,-1
72206.930542,1711.58,0.37849425,-1
72206.926095,1711.39,0.87648052,-1
72207.035877,1711.8,0.00099999,-1
72207.035877,1711.79,0.09462357,-1
72207.035877,1711.79,0.09462356,-1
72207.009893,1711.83,1.91647557,-1
72207.009893,1711.8,0.001,-1
72207.009893,1711.74,1.183,-1
72207.009893,1711.73,0.799575,-1
72207.009893,1711.7,0.001,-1
72207.009893,1711.69,0.05865113,-1
72207.009893,1711.6,0.001,-1
72207.009893,1711.59,0.8763781,-1
72207.009893,1711.59,0.1629202,-1
72207.098175,1711.71,0.11699362,1
72207.282374,1711.93,2.57474571,-1
72207.282374,1711.93,0.096,-1
72207.282374,1711.92,0.88560625,-1
72207.282374,1711.91,0.048,-1
72207.282374,1711.9,0.001,-1
72207.282374,1711.87,0.00087653,-1
72207.282374,1711.82,1.182,-1
72207.282374,1711.8,0.05865113,-1
72207.282374,1711.8,0.00000001,-1
72207.282374,1711.79,0.15312037,-1
72208.376464,1711.61,0.00005,1
72209.572571,1711.91,0.91303098,-1
72209.572571,1711.9,0.1536,-1
72209.572571,1711.9,0.001,-1
72209.572571,1711.79,1.182,-1
72209.572571,1711.78,0.67378383,-1
72209.572571,1711.77,0.07658519,-1
72209.5485,1711.78,0.1762747,-1
72209.5485,1711.78,0.705654,-1
72209.5485,1711.62,0.21515531,-1
72209.547616,1711.62,0.66120743,-1
72209.547616,1711.62,0.05865113,-1
72209.547616,1711.62,0.16207014,-1
72209.606642,1711.8,0.241,1
72209.598957,1711.84,0.86393871,-1
72209.598957,1711.83,3.96769555,-1
72209.598957,1711.81,0.00478658,-1
72209.598957,1711.81,0.07939629,-1
72209.598957,1711.81,0.08418287,-1
72209.594358,1711.8,0.241,1
72209.583279,1711.81,0.0191463,1
72209.581967,1711.81,0.241,1
72209.580297,1711.8,0.241,1
72210.033837,1711.81,0.241,1
72210.031944,1711.8,0.241,1
72210.024523,1711.92,1.20832318,-1
72210.024523,1711.92,0.88560625,-1
72210.024523,1711.9,0.241,-1
72210.024523,1711.86,0.1460596,-1
72210.024523,1711.81,1.182,-1
72210.024523,1711.77,0.1460596,-1
72210.024523,1711.72,0.05865113,-1
72210.024523,1711.72,0.87631154,-1
72210.024523,1711.72,0.2559887,-1
72210.175772,1711.8,0.241,1
72210.169446,1711.8,0.241,1
72210.66843,1711.81,0.17577343,-1
72210.66843,1711.81,0.87626547,-1
72210.677295,1712.19,0.64049394,-1
72210.677295,1712.1,0.87685493,-1
72210.677295,1712.1,0.241,-1
72210.677295,1712.1,0.001,-1
72210.677295,1712.06,1.181,-1
72210.677295,1712,0.001,-1
72210.677295,1711.99,0.05865113,-1
72210.718361,1712.01,0.22236588,1
72210.718361,1712.01,0.17295124,1
72211.779918,1711.93,0.0471744,1
72212.960204,1711.35,0.74375088,1
72212.959043,1711.4,0.04012054,1
72212.959043,1711.41,0.01087946,1
72212.954761,1711.35,4.25624912,1
72212.954761,1711.36,0.0192588,1
72212.954761,1711.4,0.719,1
72212.954761,1711.4,0.05843169,1
72212.954761,1711.4,0.001,1
72212.954761,1711.41,0.00543973,1
72212.954761,1711.46,0.01087946,1
72212.938732,1711.45,0.96137103,1
72212.938445,1711.45,0.25062897,1
72212.938445,1711.5,0.001,1
72212.938445,1711.51,0.08703568,1
72212.938445,1711.53,0.41538051,1
72212.938194,1711.53,0.45982149,1
72212.938194,1711.54,0.04351784,1
72212.938194,1711.59,0.37319235,1
72212.937848,1711.59,0.79528,1
72212.937848,1711.59,0.28772,1
72212.937744,1711.68,0.28772,1
72212.928765,1711.6,0.05,1
72212.928765,1711.6,0.001,1
72212.928765,1711.6,0.241,1
72212.928765,1711.62,1.575,1
72212.928765,1711.64,0.05865113,1
72212.9287,1711.67,1.16847235,1
72212.9287,1711.7,0.001,1
72212.9287,1711.7,0.241,1
72212.9287,1711.72,1.46051924,1
72212.928697,1711.74,0.00186499,1
72212.928697,1711.74,0.58655788,1
72212.928697,1711.8,0.241,1
72212.928697,1711.82,1.46043392,1
72212.928697,1711.83,0.17407136,1
72212.991843,1711.3,0.31424717,1
72212.979809,1711.3,1.40437307,1
72212.979809,1711.3,0.001,1
72212.966862,1711.41,0.00543973,1
72212.966862,1711.41,0.00271986,1
72213.76513,1711.21,0.15101995,1
72213.760869,1711.33,0.30203989,1
72213.724351,1711.2,0.65611432,1
72213.723097,1711.2,0.05688568,1
72213.723097,1711.2,0.229,1
72213.723097,1711.2,0.20087486,1
72213.723097,1711.21,0.713,1
72213.720096,1711.2,0.05688568,1
72213.704518,1711.21,0.713,1
72213.700293,1711.25,0.713,1
72213.69794,1711.2,0.713,1
72213.697342,1711.24,1.208284,1
72213.695826,1711.24,0.23,1
72213.69383,1711.2,0.07830949,1
72213.693043,1711.2,0.32769051,1
72213.693043,1711.21,0.558,1
72213.691697,1711.22,0.23,1
72213.690638,1711.17,0.03760674,1
72213.690638,1711.2,0.229,1
72213.690638,1711.2,0.001,1
72213.688154,1711.21,0.713,1
72213.678256,1711.32,0.26801219,1
72213.677636,1711.57,5.17510642,-1
72213.677636,1711.56,0.91301352,-1
72213.677636,1711.55,0.19985128,-1
72213.677636,1711.55,1.51951,-1
72213.677636,1711.54,4.25090997,-1
72213.677636,1711.51,1.575,-1
72213.677636,1711.5,0.88560625,-1
72213.677636,1711.5,2.92095316,-1
72213.677636,1711.49,0.91301352,-1
72213.677636,1711.38,0.1460596,-1
72213.677636,1711.36,1,-1
72213.677636,1711.34,1,-1
72213.677636,1711.33,1.31446,-1
72213.677636,1711.33,0.961889,-1
72213.677636,1711.33,0.17505596,-1
72213.677636,1711.33,0.05865113,-1
72213.677636,1711.33,0.44694014,-1
72213.677636,1711.33,0.14898005,-1
72213.797658,1711.21,0.00943875,1
72213.789579,1711.21,0.01887749,1
72213.782566,1711.21,0.03775499,1
72213.774568,1711.21,0.07550997,1
72213.925615,1711.14,0.87660857,-1
72213.88188,1711.2,0.229,1
72214.024048,1711.51,0.58153427,-1
72214.024048,1711.45,0.19970395,-1
72214.024048,1711.44,0.6,-1
72214.024048,1711.3,1,-1
72214.024048,1711.28,1,-1
72214.024048,1711.27,0.0422198,-1
72214.024048,1711.27,0.87654198,-1
72214.67052,1711.27,0.21248052,1
72214.66579,1711.27,1.23760515,1
72214.678363,1711.27,0.02173154,1
72214.676981,1711.27,0.05287529,1
72214.675586,1711.27,0.08179171,1
72214.673854,1711.27,0.06060074,1
72214.672664,1711.27,0.08606038,1
72214.672664,1711.27,0.00091433,1
72215.004192,1711.23,1.462671,1
72214.991134,1711.23,0.11232834,1
72214.991134,1711.23,0.00471937,1
72216.414463,1711.21,0.04481471,1
72216.414463,1711.21,0.00235969,1
72216.531685,1711.21,0.278967,1
72216.51922,1711.21,0.03273791,1
72217.162659,1711.1,0.001,1
72217.162659,1711.11,0.33985785,1
72217.162659,1711.11,1.451,1
72217.208138,1711.1,0.229,1
72217.921944,1711,0.229,1
72217.921944,1711,0.001,1
72218.688477,1711.02,1,-1
72218.688477,1711,0.8766803,-1
72218.688477,1711,0.15723317,-1
72218.688477,1711,1,-1
72220.020248,1711.35,0.26165598,-1
72220.020248,1711.31,0.1460596,-1
72220.020248,1711.3,0.229,-1
72220.020248,1711.3,0.001,-1
72220.020248,1711.28,1.16882345,-1
72220.020248,1711.22,0.1460596,-1
72220.020248,1711.2,0.001,-1
72220.020248,1711.16,1,-1
72220.020248,1711.14,0.1697928,-1
72220.020248,1711.14,1,-1
72220.020248,1711.14,0.87660857,-1
72221.5699,1711.15,0.001179,1
72221.633677,1711.13,0.344567,1
72223.11988,1711.19,0.04658406,1
72223.11988,1711.19,0.00059034,1
72224.649882,1711.1,0.00000001,1
72224.648563,1711.1,0.1339606,1
72224.647393,1711.1,0.21553476,1
72224.646048,1711.1,0.67530243,1
72224.646048,1711.1,0.34028133,1
72225.336766,1711.01,0.0363016,-1
72228.142322,1711.01,0.17726292,-1
72228.142322,1711.01,0.84037358,-1
72228.197491,1711.26,0.10796518,-1
72228.197491,1711.22,1.49233,-1
72228.197491,1711.21,0.59970482,-1
72228.474984,1711.38,0.1553216,-1
72228.474984,1711.3,0.001,-1
72228.481979,1711.5,0.001,-1
72228.478542,1711.47,1.177,-1
72228.478542,1711.43,1.16889725,-1
72228.478542,1711.4,0.001,-1
72228.635215,1711.53,0.57955408,-1
72229.150197,1711.8,0.031,-1
72229.150197,1711.8,0.001,-1
72229.017784,1711.75,0.66795639,-1
72229.017784,1711.7,0.001,-1
72229.007652,1711.63,0.91301352,-1
72229.00021,1711.6,0.87637298,-1
72229.00021,1711.6,0.001,-1
72229.435862,1711.8,0.00019094,-1
72229.557075,1711.8,0.018,-1
72230.20598,1711.83,0.91301352,-1
72230.204395,1711.8,0.17480942,-1
72230.204395,1711.8,0.56407965,-1
72230.203086,1711.8,0.263,-1
72230.355879,1711.87,0.87623476,-1
72230.355879,1711.87,0.00087653,-1
72232.246016,1711.89,0.00000584,1
72232.234534,1711.89,0.01671836,1
72232.782202,1711.97,0.91301352,-1
72232.779392,1711.9,0.19356218,-1
72232.779392,1711.9,0.8762194,-1
72232.779392,1711.9,0.001,-1
72235.020583,1711.91,0.3761884,1
72235.020583,1711.91,0.0012916,1
72235.179267,1712,0.11292391,-1
72235.179267,1712,0.00005,-1
72235.179267,1712,0.001,-1
72235.703946,1712.05,0.58357223,1
72235.703946,1712.05,0.15007379,1
72236.217034,1712.02,0.0471744,1
72236.607293,1712.02,4.62293337,1
72236.606612,1712.02,1.05684375,1
72236.604684,1712.02,1.6531005,1
72239.067468,1711.91,0.33639913,1
72239.011718,1711.9,0.00005629,1
72239.089773,1711.7,0.22899999,1
72239.089773,1711.7,0.001,1
72239.089773,1711.8,0.001,1
72239.802728,1711.62,0.87636274,-1
72239.802728,1711.62,0.18590051,-1
72240.207368,1711.4,0.001,1
72240.203736,1711.4,0.00000001,1
72240.202641,1711.4,0.04999999,1
72240.202641,1711.4,0.001,1
72240.202641,1711.5,0.001,1
72240.202641,1711.6,0.001,1
72240.114919,1711.68,0.3621524,1
72240.33907,1711.55,1.51029798,-1
72240.33907,1711.5,0.229,-1
72240.33907,1711.49,0.05865113,-1
72240.33907,1711.45,0.88560625,-1
72240.33907,1711.3,0.12186116,-1
72240.33907,1711.3,0.12186116,-1
72240.33907,1711.3,0.24372232,-1
72240.33907,1711.3,0.229,-1
72240.306596,1711.31,0.22511069,1
72240.286462,1711.14,0.41615335,1
72240.28344,1711.16,0.03723067,1
72240.279016,1711.2,0.001,1
72240.279016,1711.2,0.05,1
72240.279016,1711.2,0.229,1
72240.279016,1711.3,0.001,1
72240.40357,1711.32,0.17813883,1
72240.40324,1711.32,0.17813883,1
72240.846576,1711.28,0.46865506,1
72240.846576,1711.28,0.07793574,1
72240.846576,1711.28,0.05566838,1
72240.846576,1711.28,0.04453471,1
72240.846576,1711.28,1.19432411,1
72242.020858,1711.27,0.17621113,-1
72242.020858,1711.27,0.87654198,-1
72242.286243,1711.37,0.34376058,1
72242.286243,1711.37,0.08906942,1
72243.267347,1711.35,0.44999729,1
72243.267347,1711.35,0.04453471,1
72244.391778,1711.5,0.001,-1
72244.391778,1711.49,0.87643029,-1
72244.391778,1711.49,0.05865113,-1
72244.616782,1711.59,0.21231421,1
72244.616782,1711.59,0.01113367,1
72244.616782,1711.59,0.00556684,1
72244.616782,1711.59,0.00556684,1
72245.518056,1711.75,0.87630006,-1
72245.518056,1711.74,0.14602548,-1
72245.518056,1711.7,0.001,-1
72245.51275,1711.65,0.14602548,-1
72245.51275,1711.6,0.001,-1
72246.100119,1711.8,0.87627059,-1
72246.100119,1711.8,0.001,-1
72246.667123,1711.89,0.01113368,1
72247.002749,1711.9,0.03082331,-1
72247.002749,1711.9,0.001,-1
72248.720677,1711.9,0.37372,1
72248.720677,1711.9,0.217,1
72248.706651,1711.83,0.37678998,1
72248.706651,1711.9,0.217,1
72250.135369,1711.8,0.00090139,1
72250.135369,1711.8,0.32884256,1
72250.237202,1711.62,0.78077808,1
72250.237202,1711.7,0.001,1
72250.363553,1711.62,4.20931495,1
72250.362143,1711.62,0.00990697,1
72250.666967,1711.6,0.34182686,1
72250.666967,1711.6,0.001,1
72251.102651,1711.51,0.10902548,-1
72251.300358,1711.7,0.00167642,1
72251.528903,1711.71,0.87631666,-1
72251.650366,1711.8,0.20405096,-1
72251.650366,1711.8,0.001,-1
72251.616802,1711.79,0.87627571,-1
72251.616802,1711.79,0.18484775,-1
72254.002513,1711.87,0.01115341,1
72254.002513,1711.87,0.00556684,1
72254.59724,1711.87,0.28966089,1
72257.88869,1711.89,0.09988034,-1
72257.88869,1711.89,0.1714122,-1
72258.683184,1711.9,0.8762194,-1
72258.683184,1711.9,0.001,-1
72259.071231,1712,0.05865113,-1
72259.071231,1712,0.87616822,-1
72259.071231,1712,0.16553956,-1
72259.071231,1712,0.001,-1
72259.336372,1712.1,0.87611704,-1
72259.336372,1712.1,0.001,-1
72259.292398,1712.05,0.87614263,-1
72259.292398,1712.05,0.05019926,-1
72259.774553,1712.22,0.84009456,-1
72259.774553,1712.2,0.87606588,-1
72259.774553,1712.2,0.001,-1
72259.906996,1712.22,0.036,-1
72260.317141,1712.22,0.87605564,-1
72260.418639,1712.26,0.19999877,-1
72260.869572,1712.3,0.001,-1
72260.869572,1712.29,0.05865113,-1
72260.869572,1712.29,0.87601983,-1
72260.973087,1712.54,0.04439098,1
72260.973087,1712.54,0.00139171,1
72260.973087,1712.54,0.00139171,1
72260.932738,1712.6,0.01431642,-1
72260.932738,1712.6,0.001,-1
72260.932738,1712.54,0.07638147,-1
72260.907864,1712.5,0.001,-1
72260.907864,1712.47,0.57402152,-1
72260.907174,1712.4,0.05696355,-1
72260.907128,1712.4,0.545,-1
72260.90709,1712.4,0.274,-1
72260.90709,1712.4,0.001,-1
72261.195915,1712.59,0.02150732,1
72261.533838,1712.61,0.02168358,-1
72261.533838,1712.61,0.01431642,-1
72261.86668,1712.59,1.12324608,1
72261.866041,1712.59,3.49310192,1
72261.886664,1712.49,2.36580622,1
72261.88538,1712.49,0.63197557,1
72261.884583,1712.49,2.00221821,1
72261.867091,1712.59,0.383652,1
72262.159184,1712.39,0.87596867,-1
72262.449754,1712.48,0.19725647,1
72262.476857,1712.49,0.87591752,-1
72262.691444,1712.42,0.87595332,-1
72263.792383,1712.5,0.00000583,-1
72264.047229,1712.6,0.217,-1
72264.047229,1712.59,0.05865113,-1
72264.047229,1712.5,0.8759124,-1
72264.047229,1712.5,0.1830171,-1
72264.426211,1712.5,0.8759124,-1
72265.075107,1712.48,1.451,-1
72265.071344,1712.44,0.09835825,1
72265.071344,1712.51,0.0013917,1
72265.394282,1712.51,0.11618631,1
72265.394282,1712.51,0.00069586,1
72265.771435,1712.53,0.08560101,-1
72266.042477,1712.53,0.01445239,-1
72266.43982,1712.39,1.16786579,1
72266.43982,1712.4,0.001,1
72266.426947,1712.45,0.21292083,1
72266.426947,1712.47,0.92307917,1
72266.426945,1712.47,0.53680041,1
72266.424095,1712.46,0.18655923,1
72266.424059,1712.46,0.28597822,1
72266.424059,1712.5,1.45985401,1
72266.424059,1712.52,0.00096284,1
72266.424059,1712.52,0.33211777,1
72266.579751,1712.3,0.33210639,1
72266.579751,1712.3,0.001,1
72266.967272,1712.28,0.043148,1
72266.983042,1712.28,0.021574,1
72266.983042,1712.28,0.44052305,1
72266.983042,1712.28,0.00000043,1
72267.462962,1712.26,0.1748045,-1
72267.500928,1712.27,0.87603006,-1
72268.495995,1712.34,0.13231961,1
72268.494294,1712.34,0.2745903,1
72268.492613,1712.35,0.01078722,1
72268.66499,1712.22,0.00269681,1
72268.662626,1712.2,0.001,1
72268.662626,1712.21,2.63780906,1
72268.661522,1712.21,2.36219094,1
72268.661522,1712.22,0.0026968,1
72268.752615,1712.1,0.12549297,1
72268.752615,1712.11,0.0006742,1
72268.749755,1712.1,0.14644086,1
72268.746962,1712.1,0.72954393,1
72268.746962,1712.1,0.001,1
72268.746962,1712.11,0.0006742,1
72268.742188,1712.13,0.0026968,1
72268.974918,1712.03,0.0006742,1
72268.972058,1712.01,0.0006742,1
72268.972058,1712.02,0.713,1
72269.656219,1712,0.7136735,1
72269.656219,1712,0.3828925,1
72269.656219,1712,0.001,1
72269.684543,1712,0.3828923,1
72269.684543,1712,0.0000007,1
72270.246996,1711.47,3.88786004,1
72270.246996,1711.5,0.001,1
72270.246996,1711.51,1.575,1
72270.246996,1711.53,0.14743345,1
72270.246996,1711.55,0.05865113,1
72270.246996,1711.55,3.99664913,1
72270.246996,1711.56,0.88560625,1
72270.245219,1711.55,3.38340289,1
72270.245219,1711.56,1.232,1
72270.245219,1711.6,0.001,1
72270.245219,1711.62,7.38005202,1
72270.245219,1711.7,1.40354509,1
72270.244768,1711.7,0.10542491,1
72270.244768,1711.7,0.001,1
72270.244768,1711.71,0.03685836,1
72270.244768,1711.74,0.07371673,1
72270.240901,1711.8,0.001,1
72270.240901,1711.8,0.05,1
72270.240701,1711.9,0.001,1
72270.240701,1711.94,0.41570252,1
72270.369141,1711.53,0.425,1
72270.351721,1711.53,0.2903484,1
72271.530004,1711.56,1.16854299,1
72271.530004,1711.56,0.00000001,1
72271.486546,1711.56,0.34723844,1
72271.486546,1711.56,1.16854356,1
72271.581912,1711.56,1.168543,1
72271.766675,1711.56,0.411766,1
72271.883312,1711.52,0.35425612,1
72273.295088,1711.4,0.38541577,1
72273.295088,1711.4,0.36665323,1
72273.282678,1711.4,0.00804357,1
72273.282678,1711.4,0.001,1
72273.390567,1711.4,0.00000078,1
72273.961036,1711.3,0.00000001,1
72273.959174,1711.3,0.5106566,1
72273.959174,1711.3,0.001,1
72274.78517,1711.2,0.00000001,1
72274.784306,1711.2,0.27868352,1
72274.784306,1711.2,0.001,1
72275.767114,1711.11,0.03469545,-1
72278.700689,1711.1,0.00074943,1
72278.700689,1711.1,0.35621894,1
72278.700689,1711.1,0.001,1
72279.968076,1711,0.046696,1
72279.962463,1711,0.103,1
72279.955069,1711,0.0461744,1
72279.955069,1711,0.001,1
72280.043536,1710.9,0.00000001,1
72280.040405,1710.9,0.21728845,1
72280.040405,1710.9,0.001,1
72279.997106,1710.91,1.18545193,1
72279.989858,1711,0.00000013,1
72280.123163,1710.77,0.00000001,1
72280.122133,1710.77,0.00669979,1
72280.117317,1710.8,0.2685934,1
72280.117317,1710.8,0.001,1
72280.868846,1710.77,0.05865113,-1
72280.868846,1710.77,0.87679816,-1
72282.464187,1710.91,0.73195877,-1
72282.460712,1710.9,0.14610314,-1
72282.460712,1710.89,0.05865113,-1
72282.456056,1710.81,0.73195877,-1
72282.456056,1710.81,0.87677766,-1
72282.612425,1711.11,0.6,-1
72282.612425,1711.1,0.001,-1
72282.612259,1711.09,0.048,-1
72282.584896,1711,0.001,-1
72282.850753,1711.22,0.44870573,-1
72282.850753,1711.2,0.001,-1
72284.945576,1711.28,1.168595,1
72284.986955,1711.2,1.168595,1
72286.182138,1711.13,0.87661482,-1
72286.283886,1711.2,0.17430796,-1
72286.801276,1711.03,0.37372,-1
72286.903629,1711.05,0.37372,-1
72287.391552,1711.06,0.3225624,1
72287.391552,1711.06,0.27363272,1
72288.060403,1711.07,0.87664443,-1
72288.704599,1711.29,0.08853281,1
72289.737006,1711.37,0.00231587,-1
72289.737006,1711.3,0.001,-1
72290.126626,1711.37,0.00057855,-1
72290.244647,1711.37,0.01157171,-1
72292.78603,1711.36,0.01041746,1
72293.325932,1711.37,0.01157198,-1
72293.283038,1711.37,0.03603977,-1
72294.244743,1711.36,0.00000584,1
72294.234071,1711.36,0.0013907,1
72294.367034,1711.4,0.001,-1
72294.367034,1711.37,0.82887901,-1
72295.144434,1711.69,0.048,-1
72295.144434,1711.6,0.001,-1
72295.066598,1711.51,0.87642323,-1
72295.066598,1711.5,0.001,-1
72295.521873,1711.76,0.87629136,-1
72295.521873,1711.7,0.001,-1
72297.700571,1711.9,0.001,-1
72297.700571,1711.88,0.8762345,-1
72298.26604,1712.2,0.8126386,-1
72298.26604,1712.2,0.001,-1
72298.26604,1712.1,0.001,-1
72298.691275,1712.21,4.291575,1
72298.672029,1712.21,0.70842441,1
72300.798596,1712.14,0.87609658,-1
72301.200747,1712.22,0.16626261,-1
72301.200747,1712.22,0.123906,-1
72302.35753,1712.3,0.07550523,-1
72302.35753,1712.3,0.001,-1
72303.649569,1712.29,0.00808897,1
72303.843077,1712.3,0.06177191,-1
72304.194082,1712.39,0.06488691,1
72304.72334,1712.42,0.01345779,-1
72304.72334,1712.4,0.001,-1
72304.667479,1712.39,0.08874218,1
72304.993904,1712.41,0.00291423,1
72306.388412,1712.34,0.00359576,1
72306.699748,1712.34,0.00220136,1
72307.956415,1712.2,0.001,1
72307.892579,1712.32,0.00168594,1
72307.892579,1712.32,0.31162402,1
72307.892579,1712.32,4.99999,1
72307.892579,1712.32,0.00000059,1
72308.06621,1711.9,0.376309,1
72308.06621,1711.9,0.001,1
72307.996976,1711.98,5,1
72307.996976,1712,0.001,1
72307.996976,1712.1,0.001,1
72309.205335,1711.94,0.05781697,-1
72311.044314,1712.02,0.440622,1
72311.098282,1711.97,0.404764,1
72311.266593,1711.94,0.467291,1
72311.206557,1711.95,1.16829629,1
72311.206557,1711.95,0.00000071,1
72311.177256,1711.95,0.34946923,1
72311.177256,1711.95,1.16829677,1
72311.303216,1711.9,0.001,1
72311.303216,1711.94,0.00000073,1
72311.556718,1711.7,1.168249,1
72311.556718,1711.7,0.001,1
72311.521436,1711.77,1.16824969,1
72311.521436,1711.8,0.001,1
72311.758699,1711.5,0.228,1
72311.758699,1711.5,0.001,1
72311.698371,1711.53,0.93168445,1
72311.677082,1711.6,0.001,1
72312.553315,1711.49,0.00505311,-1
72313.434939,1711.4,0.001,1
72313.434719,1711.43,0.02554,1
72313.432698,1711.43,0.13839,1
72313.427699,1711.48,0.3898204,1
72313.559123,1711.2,1.168649,1
72313.528488,1711.2,1.168649,1
72313.528488,1711.2,0.001,1
72313.47819,1711.3,0.8490025,1
72313.47819,1711.3,0.001,1
72313.62278,1711.2,1.168649,1
72313.592288,1711.2,1.168649,1
72314.572408,1711.11,0.59880024,-1
72314.571875,1711.11,0.2778237,-1
72314.571875,1711.11,0.59358776,-1
72315.009965,1711.22,1.16875964,1
72315.009965,1711.22,0.34380736,1
72315.076559,1711.11,0.018,-1
72315.076193,1711.11,0.018,-1
72315.075513,1711.11,0.018,-1
72315.793616,1711.08,1.1687605,1
72315.793616,1711.1,0.001,1
72316.161534,1711.01,0.01385008,-1
72316.894135,1710.96,4.08409134,1
72316.894135,1710.97,0.05865113,1
72316.894135,1711,0.228,1
72316.894135,1711,0.001,1
72316.894135,1711.01,0.4,1
72316.894135,1711.1,0.228,1
72316.894135,1711.15,0.35989079,1
72316.894135,1711.15,1.1687605,1
72319.672794,1711.07,0.50075639,1
72319.672794,1711.07,1.16886489,1
72319.871325,1710.9,0.0007519,1
72319.871325,1710.9,0.001,1
72320.478593,1710.81,0.089067,-1
72321.04087,1711.08,0.00887349,-1
72321.146758,1711.1,0.001,-1
72321.624975,1711.19,0.05902739,1
72321.847848,1711.12,0.27714284,-1
72322.072645,1711.03,0.28752,-1
72322.552184,1711.12,0.33011713,1
72322.971412,1710.99,0.0144643,-1
72323.727931,1711.13,0.00723227,-1
72324.443796,1711.13,0.63785644,-1
72324.443796,1711.13,0.00361613,-1
72324.443796,1711.13,0.16846731,-1
72324.443796,1711.13,0.05865113,-1
72324.443796,1711.13,0.28956161,-1
72325.027064,1711.12,0.14610484,1
72325.027064,1711.14,0.47976402,1
72325.099852,1710.98,0.01722496,1
72325.651329,1710.9,0.0566977,1
72325.651329,1710.9,0.001,1
72325.867763,1710.91,0.00554337,-1
72326.700833,1710.9,0.00980277,1
72326.700833,1710.9,0.05865113,1
72326.700833,1710.9,1.11205945,1
72329.249933,1710.97,0.04486528,1
72329.452789,1710.98,0.02106555,-1
72331.56384,1711.04,0.0013593,-1
72331.56384,1711.03,0.08451075,-1
72331.56384,1711.03,0.08451076,-1
72331.983869,1711.03,0.36417902,1
72331.983869,1711.03,1.16875715,1
72333.055101,1710.94,0.28404173,-1
72333.055101,1710.92,0.20605827,-1
72333.054792,1710.92,7.17399375,-1
72333.054792,1710.91,0.88560625,-1
72333.054792,1710.9,0.206,-1
72333.054567,1710.82,0.03231006,-1
72333.054567,1710.81,0.544,-1
72333.20526,1711.2,0.001,-1
72333.20526,1711.1,0.001,-1
72333.188234,1711.06,0.04225538,-1
72333.184318,1711.08,0.83413206,-1
72333.184318,1711.05,0.08451076,-1
72333.18314,1711.08,0.33462509,-1
72333.18314,1711.07,0.05865113,-1
72333.18314,1711.06,0.87664956,-1
72333.671153,1711.13,0.37590526,1
72333.668718,1711.17,1.16858694,1
72333.668718,1711.2,0.00080874,1
72336.267526,1710.9,0.00000584,1
72336.256493,1710.9,0.19878373,1
72336.256493,1710.9,0.001,1
72336.333601,1710.91,0.0011342,-1
72336.734056,1710.91,0.03048726,-1
72337.141292,1710.91,0.13859005,-1
72337.716024,1711.03,0.00942565,-1
72339.791795,1710.98,0.02494413,-1
72340.153426,1710.97,1.16884361,1
72340.153426,1710.97,0.22825639,1
72340.092639,1710.98,0.01419981,-1
72340.256073,1710.59,0.5,1
72340.256073,1710.6,0.05,1
72340.256073,1710.6,0.001,1
72340.256073,1710.7,0.001,1
72340.256073,1710.8,0.001,1
72342.088281,1710.54,0.01940178,-1
72343.190325,1710.54,0.01552363,-1
72345.061992,1710.54,0.02178577,-1
72345.74548,1710.51,0.12636723,1
72345.74548,1710.51,0.00059482,1
72346.531489,1710.88,0.75557001,-1
72346.531489,1710.8,0.001,-1
72347.45022,1710.8,0.02482292,1
72347.434204,1710.8,0.04923,1
72347.433399,1710.8,0.06391,1
72348.931464,1710.7,0.000387,-1
72350.105222,1710.7,0.00116904,-1
72350.472966,1710.7,0.01420072,-1
72350.532069,1710.7,0.00554456,-1
72352.446934,1710.88,0.23150584,-1
72353.483855,1710.81,0.02893067,-1
72353.67249,1710.81,0.00831685,-1
72353.813988,1710.81,0.02771668,-1
72355.170324,1710.81,0.00564243,-1
72356.157358,1710.9,0.01636131,-1
72356.157358,1710.9,0.001,-1
72356.323755,1710.9,0.11572253,-1
72356.703235,1711,0.00052192,-1
72356.703235,1711,0.001,-1
72357.131139,1710.93,0.01768643,-1
72357.131139,1710.93,0.02112768,-1
72358.426376,1710.86,0.00851862,-1
72359.619937,1710.84,0.27474267,1
72359.619937,1710.84,0.00150413,1
72361.08449,1710.7,0.00000001,1
72361.083248,1710.7,0.00099999,1
72361.083248,1710.72,0.19382903,1
72361.260497,1710.42,0.02893366,-1
72361.190591,1710.41,1.16691406,1
72361.190591,1710.5,0.001,1
72361.190591,1710.6,0.001,1
72363.727734,1710.4,0.24664932,1
72363.727734,1710.4,0.001,1
72363.831017,1710.3,0.001,1
72363.923082,1710.21,0.22176495,-1
72364.442831,1709.8,0.03523828,1
72364.442831,1709.8,0.001,1
72364.435989,1709.87,0.19997989,1
72364.435989,1709.9,0.001,1
72364.435989,1710,0.001,1
72364.430796,1710.02,0.00068361,1
72364.427281,1710.1,0.001,1
72364.412453,1710.2,0.001,1
72364.803009,1709.7,0.29811497,1
72364.803009,1709.7,0.001,1
72365.336956,1709.53,0.00000001,1
72365.333757,1709.53,0.19999908,1
72365.333757,1709.6,0.001,1
72365.459081,1709.51,0.29211294,-1
72366.139749,1709.4,0.001,1
72366.086893,1709.5,0.001,1
72366.086893,1709.51,0.28780623,1
72367.503401,1709.37,0.08682078,-1
72370.06739,1709.54,0.88560625,-1
72370.066091,1709.43,0.14612449,-1
72370.066091,1709.42,0.05865113,-1
72370.064117,1709.31,0.16332185,-1
72370.064117,1709.31,0.87754708,-1
72370.164112,1709.57,1.118249,-1
72370.164112,1709.57,1.139,-1
72370.604174,1709.64,0.04045688,-1
72370.604174,1709.6,0.001,-1
72371.737524,1709.63,0.00075313,1
72371.737524,1709.63,0.2719252,1
72371.737524,1709.63,0.70787913,1
72371.73414,1709.63,0.46189576,1
72373.147842,1709.2,0.33435652,1
72373.147842,1709.2,0.001,1
72373.044692,1709.3,0.00000001,1
72373.041711,1709.3,0.25866491,1
72373.041711,1709.3,0.001,1
72373.041711,1709.4,0.001,1
72373.6132,1709.11,0.05825846,-1
72373.703888,1709.1,0.001,1
72373.805751,1709,0.14575114,1
72373.805751,1709,0.001,1
72376.80187,1709.13,0.30359477,1
72377.880696,1709.07,0.03050898,-1
72378.910551,1709.04,0.58943614,1
72379.120407,1709.15,0.37312767,-1
72379.120407,1709.05,0.18177089,-1
72381.835792,1709.44,0.55386288,-1
72381.834459,1709.4,0.001,-1
72381.796108,1709.38,0.58083936,-1
72381.796108,1709.3,0.001,-1
72381.796108,1709.2,0.001,-1
72381.795575,1709.19,0.06085431,1
72381.872246,1709.49,0.048,-1
72383.819383,1709.3,0.15178163,1
72383.819143,1709.3,0.07155041,1
72383.819143,1709.31,0.96536955,1
72383.818455,1709.31,0.204516,1
72383.818455,1709.31,0.05865113,1
72384.158931,1709.2,9.54655894,1
72384.158931,1709.2,0.001,1
72384.265737,1709.11,0.27700387,-1
72384.265737,1709.11,0.686,-1
72384.265737,1709.11,0.39699612,-1
72384.184053,1709.11,0.10187424,-1
72384.184053,1709.11,0.18580517,-1
72384.183267,1709.11,0.22338848,-1
72384.182511,1709.11,0.11232059,-1
72384.182511,1709.11,0.28767941,-1
72384.182435,1709.11,0.4,-1
72384.180734,1709.11,0.87764977,-1
72384.179422,1709.11,1.44591,-1
72384.179115,1709.11,1.451,-1
72384.313152,1709.13,0.3231,-1
72384.313152,1709.13,0.686,-1
72384.295407,1709.12,0.38600386,-1
72384.295407,1709.12,0.41,-1
72384.294922,1709.12,0.96096,-1
72387.539604,1709.1,0.00090497,1
72387.539604,1709.1,0.27728928,1
72387.539604,1709.1,0.001,1
72389.535526,1709.08,0.5116443,-1
72389.535526,1709.07,0.05865113,-1
72389.535526,1709.01,0.87770112,-1
72391.352139,1709.01,0.27742006,-1
72391.550469,1709.04,0.1170941,-1
72391.944088,1708.93,0.05865113,1
72391.943661,1709,0.001,1
72391.943661,1709.02,0.18097292,1
72391.94348,1709.02,0.98928963,1
72391.94348,1709.03,0.21607273,1
72391.936642,1709.09,0.16044087,1
72391.936642,1709.09,0.1307257,1
72391.936639,1709.09,0.29116657,1
72391.979413,1708.94,0.18599999,1
72392.837117,1708.96,0.8777268,-1
72394.313892,1709.2,0.001,-1
72394.310836,1709.15,0.87762923,-1
72395.770199,1709.38,0.565,-1
72395.873811,1709.5,0.73035738,-1
72395.873811,1709.5,0.001,-1
72395.873594,1709.4,0.001,-1
72396.143722,1709.8,0.19231752,-1
72396.140719,1709.8,0.3315631,-1
72396.140719,1709.8,0.001,-1
72396.096075,1709.77,0.55520827,-1
72396.096075,1709.7,0.001,-1
72396.096075,1709.6,0.001,-1
72396.750097,1710.16,0.00234783,-1
72396.750097,1710.1,0.001,-1
72396.750097,1710,0.001,-1
72396.750097,1709.9,0.001,-1
72397.362176,1710.32,3.45028434,-1
72397.362176,1710.31,1.16947365,-1
72397.362176,1710.3,2.92346371,-1
72397.362176,1710.3,0.184,-1
72397.362176,1710.3,0.001,-1
72397.362176,1710.29,0.05865113,-1
72397.362176,1710.2,0.184,-1
72397.362176,1710.2,0.001,-1
72397.362176,1710.14,0.16998617,-1
72397.362176,1710.1,0.184,-1
72397.362176,1710.09,0.87714924,-1
72398.821272,1710.12,0.05684692,-1
72399.730507,1710.08,4.31195202,1
72399.72913,1710.08,0.68804798,1
72400.178198,1709.94,0.07739232,-1
72400.178198,1709.94,0.13794545,-1
72402.650145,1709.96,0.66642896,-1
72402.650078,1709.96,0.21078454,-1
72404.387408,1710.08,0.10649373,1
72404.380333,1710.08,1.90252039,1
72404.378932,1710.08,0.63280263,1
72404.377578,1710.08,2.35818325,1
72405.693966,1709.91,0.02774164,-1
72407.656987,1709.91,0.03409701,-1
72407.64867,1709.91,0.00405242,-1
72410.059447,1709.91,0.01306271,-1
72410.454838,1709.91,0.0099535,-1
72410.40199,1709.9,0.00056691,1
72410.627656,1709.91,0.01387423,-1
72411.306665,1709.9,0.00105494,1
72411.306665,1709.9,0.41600561,1
72411.306665,1709.9,0.00043309,1
72411.39742,1709.84,0.02185577,-1
72411.720494,1709.9,0.02841623,-1
72412.324329,1709.84,0.19347952,1
72412.317559,1709.84,0.07644044,1
72412.317559,1709.85,0.44270586,1
72414.040936,1709.8,0.34893781,1
72414.040936,1709.8,0.001,1
72414.345887,1709.71,0.00787964,-1
72414.345887,1709.71,0.27828,-1
72414.345887,1709.71,0.87734177,-1
72414.685412,1709.6,0.001,1
72414.685412,1709.7,0.001,1
72414.905038,1709.5,0.184,1
72414.892614,1709.5,0.00000001,1
72414.889382,1709.5,0.18399999,1
72414.889382,1709.5,0.001,1
72414.985103,1709.4,0.00099999,1
72414.985103,1709.42,0.22135293,1
72415.154218,1709.47,0.03763356,-1
72415.965815,1709.47,0.0142082,-1
72416.16496,1709.47,0.00289477,-1
72416.206277,1709.47,0.0096311,-1
72416.565053,1709.72,0.19990135,-1
72416.564716,1709.71,1.02574246,-1
72416.564438,1709.71,0.14400431,-1
72416.564438,1709.7,0.001,-1
72416.564438,1709.66,0.24711409,-1
72416.562309,1709.66,0.20315398,-1
72416.562309,1709.66,0.59296442,-1
72416.562265,1709.66,0.54303558,-1
72416.562265,1709.64,0.05843169,-1
72416.562265,1709.63,0.05865113,-1
72416.561655,1709.47,0.17542735,-1
72416.561655,1709.47,0.49382067,-1
72416.561516,1709.47,0.3711184,-1
72416.672043,1709.8,0.7111007,-1
72416.672043,1709.8,0.001,-1
72417.721946,1709.87,0.00578978,-1
72417.955441,1709.87,0.87146989,-1
72417.984882,1709.9,0.87724428,-1
72417.984882,1709.9,0.001,-1
72418.24193,1709.97,1.99805431,-1
72419.411776,1710,0.00175014,-1
72419.411776,1710,0.001,-1
72419.558394,1710,0.02841623,-1
72419.633202,1710,0.84702661,-1
72419.890899,1710.09,0.9989082,-1
72419.890899,1710.09,0.19994822,-1
72419.890899,1710.09,0.99972348,-1
72420.038363,1710.18,0.36846582,1
72419.978031,1710.1,0.87714168,-1
72419.978031,1710.1,0.001,-1
72420.224554,1710.22,0.99804021,-1
72420.224554,1710.2,0.001,-1
72420.365812,1710.51,0.1243781,-1
72420.365812,1710.5,0.001,-1
72420.365812,1710.4,0.001,-1
72420.365812,1710.3,0.001,-1
72420.805083,1710.58,2.94799571,1
72420.804226,1710.58,2.05200429,1
72420.79789,1710.59,1.16932199,1
72420.79789,1710.59,0.13659734,1
72421.194008,1710.22,1.01851483,1
72423.288061,1710.3,0.87703911,-1
72423.288061,1710.3,0.001,-1
72425.220098,1710.45,0.03095976,-1
72427.396544,1710.45,0.3980484,-1
72428.111128,1710.47,0.02052404,-1
72429.352766,1710.43,0.75877119,1
72429.351506,1710.43,4.24122881,1
72429.351365,1710.46,0.00000001,1
72429.350401,1710.46,0.32211022,1
72429.350401,1710.46,0.00132206,1
72429.556546,1710.27,0.00000001,-1
72429.524934,1710.26,0.06829867,1
72431.315234,1710.2,0.02775374,1
72431.315234,1710.2,0.001,1
72431.578524,1710.19,0.034,-1
72433.486615,1710.14,5,1
72433.485576,1710.17,0.23454487,1
72433.99387,1710,0.001,1
72433.97299,1710.03,1.16922231,1
72433.971628,1710.1,0.32774289,1
72433.971628,1710.1,0.001,1
72436.235904,1709.9,0.02846371,1
72436.235904,1709.9,0.001,1
72436.381425,1709.9,0.00001754,1
72436.487119,1709.9,0.14650328,1
72437.126631,1709.9,0.00885872,1
72438.419561,1710.01,0.11576364,-1
72438.419561,1710,5,-1
72438.419561,1709.99,0.05865113,-1
72438.417356,1709.92,0.81924213,-1
72438.408846,1709.92,0.05799189,-1
72438.871999,1710.12,0.87713142,-1
72438.972967,1710.32,0.05865113,-1
72438.972967,1710.3,0.001,-1
72438.969577,1710.2,0.001,-1
72440.248566,1710.39,0.00000584,1
72440.23719,1710.39,0.00895117,1
72440.150674,1710.4,0.01057956,-1
72440.150674,1710.4,0.001,-1
72440.508747,1710.39,0.00000584,1
72440.498744,1710.39,0.0016429,1
72441.503614,1710.39,0.00398362,1
72444.039379,1710.4,0.05214183,-1
72444.577827,1710.4,0.18196242,-1
72444.577827,1710.4,0.81426644,-1
72444.670737,1710.47,0.57146419,-1
72444.670737,1710.47,1.4968847,-1
72445.136762,1710.2,0.001,1
72445.133385,1710.21,0.05865113,1
72445.129999,1710.31,0.160592,1
72445.129873,1710.31,0.94162955,1
72445.129873,1710.39,0.27221684,1
72445.129531,1710.39,3.23358803,1
72445.129522,1710.39,0.689592,1
72445.126791,1710.39,0.80460313,1
72445.126791,1710.39,0.17592666,1
72445.126666,1710.39,4.82407334,1
72445.092556,1710.49,0.34905734,1
72445.092556,1710.49,0.00105241,1
72446.714296,1710.36,0.88560625,-1
72446.714296,1710.35,0.05865113,-1
72446.699728,1710.23,0.49052165,-1
72446.699728,1710.22,0.15633831,-1
72446.699728,1710.19,0.877098,-1
72446.699728,1710.18,0.27442533,-1
72446.699728,1710.18,0.27442532,-1
72447.843122,1710.47,0.00274984,-1
72451.287618,1710.47,0.06077526,-1
72451.972495,1710.46,0.01121594,1
72452.1019,1710.47,0.00554551,-1
72453.03643,1710.47,0.01447275,-1
72457.565281,1710.52,0.0047891,-1
72457.565281,1710.5,0.001,-1
72459.292631,1710.48,4.93215969,1
72459.290804,1710.48,0.62176087,1
72459.289798,1710.48,2.70327901,1
72459.288137,1710.48,1.74280043,1
72459.286479,1710.51,0.65876383,1
72459.286479,1710.51,0.0007534,1
72459.38354,1710.34,0.79864495,1
72459.382371,1710.34,0.54677004,1
72459.380175,1710.34,2.88483134,1
72459.379107,1710.34,0.84464666,1
72460.316992,1710.32,0.06096234,-1
72460.784627,1710.33,0.01663438,-1
72462.914934,1710.15,4.2,1
72462.9141,1710.15,3.84424848,1
72462.9141,1710.16,1.46185152,1
72462.913812,1710.2,0.001,1
72462.908496,1710.3,0.001,1
72462.908496,1710.31,0.66558925,1
72462.908496,1710.31,1.16933521,1
72462.908496,1710.31,0.17522394,1
72462.908496,1710.31,0.17522393,1
72463.025023,1710.1,0.001,1
72463.01999,1710.15,0.94076808,1
72463.018913,1710.15,1.01498344,1
72463.007464,1710.21,1.16933521,1
72463.001408,1710.21,1.16933521,1
72462.989374,1710.21,1.169335,1
72463.028243,1710.06,1.461937,1
72463.205723,1710.05,0.03979644,1
72463.203703,1710.05,0.09563105,1
72463.201206,1710.05,0.07959288,1
72463.167928,1709.91,0.43852483,1
72463.166528,1709.91,4.22597895,1
72463.166528,1710.04,0.53240346,1
72463.147031,1709.97,2.58465277,1
72463.14556,1709.97,0.06425966,1
72463.143924,1709.97,3.74769615,1
72463.143924,1710,0.00000001,1
72463.135246,1710,0.00099999,1
72463.135246,1710.04,0.66296304,1
72463.108964,1710.04,6.50245911,1
72464.734247,1709.91,0.45073108,1
72464.733031,1709.91,0.1727224,1
72464.733031,1709.91,10.94748877,1
72464.731118,1709.91,0.60734894,1
72464.826702,1709.63,1.16967461,1
72464.826702,1709.7,0.001,1
72464.793199,1709.8,2.06286922,1
72464.7929,1709.8,7.93713078,1
72464.7929,1709.8,0.001,1
72464.7929,1709.9,0.001,1
72465.468832,1709.57,0.10681381,1
72465.468832,1709.6,0.001,1
72465.881573,1709.6,0.87739822,-1
72465.881573,1709.6,0.86965316,-1
72466.394169,1709.79,0.00639951,1
72467.260803,1709.79,0.00366779,1
72467.342608,1709.89,0.15892056,-1
72467.342608,1709.88,0.05865113,-1
72467.339426,1709.8,0.87729559,-1
72467.339426,1709.8,0.001,-1
72467.469395,1709.9,0.2422521,-1
72467.469012,1709.9,0.63499218,-1
72467.469012,1709.9,0.001,-1
72468.413243,1709.99,0.64613615,1
72469.280469,1709.99,0.00554464,-1
72469.750994,1709.85,0.61248057,1
72469.750994,1709.85,0.06545242,1
72470.241442,1709.76,0.00075217,1
72470.241442,1709.76,0.03272621,1
72470.370097,1709.73,0.00007018,1
72470.380617,1709.74,0.00000584,1
72470.87734,1709.79,0.005844,1
72472.15736,1709.74,0.02728,-1
72473.724673,1709.7,0.17599284,1
72473.724673,1709.7,0.001,1
72473.81202,1709.67,1.16974693,1
72473.81202,1709.7,0.15733561,1
72476.044238,1709.61,0.00579035,-1
72476.466982,1709.87,0.00413516,1
72476.409663,1709.61,0.87160273,-1
72476.636868,1709.88,0.02026624,-1
72477.336039,1709.71,0.00289518,-1
72477.305786,1709.87,0.00000001,1
72477.304768,1709.87,0.55466827,1
72478.00698,1709.7,0.06226374,1
72478.291815,1709.68,0.01420903,-1
72478.58056,1709.69,0.0033294,-1
72478.751268,1709.69,0.00173708,-1
72478.723539,1709.69,0.00275047,-1
72479.208288,1709.69,0.08321464,-1
72479.821176,1709.69,0.01663973,-1
72480.528581,1709.89,0.17839805,-1
72480.528581,1709.86,0.14620054,-1
72480.528581,1709.85,0.60879838,-1
72480.528581,1709.8,0.258,-1
72480.528581,1709.75,0.05865113,-1
72480.528581,1709.75,0.14620054,-1
72480.528581,1709.69,0.87735203,-1
72480.474065,1709.68,0.14210609,-1
72482.252157,1709.74,0.00000584,1
72482.235114,1709.74,0.00156836,1
72482.235114,1709.74,0.03211512,1
72482.747228,1709.68,0.35902105,1
72482.719463,1709.6,0.001,1
72482.719463,1709.67,0.00000001,1
72482.718247,1709.67,0.36173808,1
72482.718247,1709.67,0.00577889,1
72482.718247,1709.69,0.01605756,1
72483.189396,1709.7,0.08163731,-1
72483.856425,1709.69,0.02841873,-1
72487.169472,1709.67,0.11581115,-1
72487.104623,1709.67,0.01136647,-1
72488.749985,1709.7,0.39680421,1
72488.749985,1709.7,0.245,1
72488.749985,1709.77,0.00802878,1
72488.86365,1709.7,0.02953769,1
72490.758511,1709.68,0.00000001,1
72490.756242,1709.68,0.00111244,1
72490.756242,1709.68,0.44645591,1
72491.51285,1709.68,0.87735716,-1
72491.763166,1709.73,0.8773315,-1
72491.763166,1709.73,0.05865113,-1
72495.694149,1709.89,0.39329426,1
72497.115344,1709.73,0.8773315,-1
72497.217027,1709.79,0.772,-1
72498.467288,1710.08,0.096,-1
72498.467288,1710.06,0.048,-1
72498.467288,1710,0.001,-1
72498.465304,1709.99,4.00071372,-1
72498.465304,1709.99,0.14621679,-1
72498.465304,1709.98,7.38005202,-1
72498.465304,1709.97,2.83017328,-1
72498.465304,1709.97,0.88560625,-1
72498.465304,1709.9,0.001,-1
72498.465304,1709.89,0.05865113,-1
72498.459705,1709.8,0.87729559,-1
72498.534916,1710.23,0.55814775,-1
72498.534916,1710.2,0.001,-1
72498.501484,1710.19,0.59091562,-1
72498.501484,1710.1,0.001,-1
72498.469215,1710.02,0.14621679,-1
72498.629354,1710.3,0.25037151,-1
72498.629322,1710.3,0.27065778,-1
72498.629322,1710.3,0.001,-1
72499.413994,1710.42,0.02618651,-1
72499.413994,1710.4,0.001,-1
72499.519297,1710.42,0.85079151,-1
72501.368405,1710.5,0.001,-1
72501.368405,1710.5,0.87693656,-1
72502.233482,1710.72,0.03776576,-1
72502.233482,1710.72,0.99999379,-1
72502.233482,1710.72,0.19999978,-1
72502.231406,1710.7,0.05865113,-1
72502.231406,1710.7,0.001,-1
72502.22823,1710.65,0.87686454,-1
72502.22823,1710.6,0.001,-1
72503.479803,1710.83,0.87676948,-1
72503.479803,1710.8,0.001,-1
72503.585505,1710.9,0.63536384,-1
72503.585505,1710.9,0.001,-1
72507.488773,1710.9,0.06280404,1
72508.350023,1711,0.8766803,-1
72508.350023,1711,0.001,-1
72508.284661,1710.91,0.87672642,-1
72509.36997,1710.88,0.65801623,1
72509.369797,1710.88,1.11149459,1
72509.278964,1710.97,0.05865113,1
72509.278964,1710.97,0.14616379,1
72509.27541,1710.98,0.23047213,1
72509.27541,1710.98,0.57311038,1
72509.271098,1711,1.16244416,1
72509.271098,1711.09,1.16874698,1
72509.271098,1711.09,0.0015054,1
72509.271098,1711.09,0.00200719,1
72509.456994,1710.5,0.001,1
72509.456994,1710.51,0.07361179,1
72509.454479,1710.57,0.0368059,1
72509.454479,1710.6,0.001,1
72509.414624,1710.7,0.001,1
72509.414624,1710.71,0.53965143,1
72509.400399,1710.71,0.35945491,1
72509.3872,1710.71,0.04254509,1
72509.3872,1710.71,0.2,1
72509.3872,1710.72,0.05845491,1
72509.371752,1710.77,0.34451408,1
72509.371559,1710.77,0.94248592,1
72509.370571,1710.8,0.14616379,1
72509.370571,1710.8,0.001,1
72509.370571,1710.81,0.00102059,1
72509.370571,1710.81,0.58121537,1
72509.370571,1710.88,0.55612933,1
72509.370571,1710.88,1.16874698,1
72509.370571,1710.88,5,1
72509.370571,1710.88,3.23048918,1
72509.581062,1710.68,0.0554479,-1
72510.464344,1710.69,0.05545534,-1
72510.464115,1710.6,0.20329958,-1
72510.463571,1710.6,0.79670042,-1
72510.463571,1710.58,1,-1
72510.463571,1710.57,0.5977419,-1
72511.304039,1710.75,0.14610741,-1
72511.303934,1710.69,0.87683991,-1
72511.303934,1710.68,0.17432932,-1
72511.297029,1710.68,0.66796273,-1
72511.29688,1710.68,0.31044066,-1
72511.29688,1710.68,0.05865113,-1
72511.29688,1710.68,0.29887094,-1
72511.568436,1710.89,0.686406,1
72512.009586,1710.65,1.44832153,1
72512.008679,1710.7,7.38005202,1
72512.008679,1710.71,0.05865113,1
72512.008087,1710.8,0.8152377,1
72512.008087,1710.81,1.16909874,1
72512.007912,1710.82,0.52600041,1
72512.007912,1710.82,0.22528225,1
72512.007912,1710.82,0.22528226,1
72512.131043,1710.57,1.81362816,1
72512.130137,1710.57,1.71977252,1
72512.130137,1710.6,0.001,1
72512.106878,1710.69,1.16909874,1
72512.205181,1710.3,0.25799999,1
72512.205181,1710.3,0.001,1
72512.205181,1710.4,0.001,1
72512.205181,1710.5,0.001,1
72512.291834,1710.31,0.87703398,-1
72513.210569,1710.42,0.11087889,-1
72515.184684,1710.44,0.95373102,-1
72515.184357,1710.42,0.87697758,-1
72515.184357,1710.42,0.11087,-1
72515.184357,1710.42,0.88912111,-1
72515.738444,1710.45,0.02066176,1
72515.707255,1710.46,0.03408864,-1
72516.298552,1710.46,0.05680688,-1
72518.099427,1710.45,0.14332485,1
72518.443044,1710.46,0.05544787,-1
72518.5546,1710.48,0.95373,-1
72518.5546,1710.48,0.04626898,-1
72518.5546,1710.47,0.87695198,-1
72518.5546,1710.46,0.94455213,-1
72520.61755,1710.61,0.02771732,-1
72520.716112,1710.56,0.00084264,1
72520.716112,1710.56,0.51087332,1
72521.378661,1710.35,0.00068269,1
72521.378661,1710.4,0.001,1
72521.961117,1710.36,0.11091065,-1
72523.067949,1710.35,0.612763,1
72524.373943,1710.3,0.64151958,1
72524.373943,1710.3,0.001,1
72525.431531,1710.2,0.50164565,1
72525.431531,1710.2,0.001,1
72526.230165,1710.1,0.001,1
72531.291205,1710.1,1,-1
72531.287068,1710.08,0.84211181,-1
72531.286948,1710.08,0.03504013,-1
72531.286948,1710.08,0.88909,-1
72531.286948,1710.08,0.11091,-1
72531.895766,1710.2,0.01157841,-1
72532.481804,1710.06,0.09277287,1
72533.365573,1710.19,2.92365175,-1
72533.365573,1710.18,0.05865113,-1
72533.365573,1710.12,0.14614584,-1
72533.365573,1710.08,1,-1
72533.365573,1710.07,0.16643398,-1
72533.365573,1710.06,0.37471773,-1
72533.365573,1710.06,1,-1
72534.188777,1710.06,0.32779793,1
72534.188777,1710.06,0.00078084,1
72534.188777,1710.06,0.96091623,1
72534.367245,1710.04,0.412641,1
72534.452141,1710.03,0.36155842,1
72534.452141,1710.03,1.16946558,1
72535.179274,1710,0.473089,1
72535.179274,1710,0.001,1
72535.058344,1710.03,1.1694646,1
72535.058344,1710.03,0.0000004,1
72535.346591,1709.96,0.29748042,1
72535.346591,1709.96,1.16946558,1
72535.387885,1709.96,1.16946487,1
72535.387885,1709.96,0.00000013,1
72535.935841,1709.88,0.45122477,1
72535.934582,1709.88,1.12377523,1
72535.934582,1709.9,0.38887934,1
72535.934582,1709.9,0.001,1
72536.004025,1709.7,0.64225474,1
72536.002903,1709.7,0.93274526,1
72536.002903,1709.7,0.001,1
72536.002903,1709.8,0.001,1
72536.773691,1709.59,0.9689331,1
72536.773691,1709.6,0.47028148,1
72536.773691,1709.6,0.001,1
72537.046397,1709.52,0.340121,1
72537.046397,1709.52,1.575,1
72537.349134,1709.5,0.08043418,1
72537.349134,1709.5,0.001,1
72538.007438,1709.74,0.46727708,-1
72538.007374,1709.74,0.5,-1
72538.005668,1709.74,0.03272292,-1
72538.000544,1709.72,0.45942317,-1
72538.000311,1709.72,0.49628464,-1
72537.998161,1709.72,0.03686146,-1
72537.992276,1709.72,0.00743073,-1
72538.962804,1709.8,0.05689237,-1
72538.962804,1709.8,0.001,-1
72539.762122,1709.8,0.01663817,-1
72539.937952,1709.8,0.00289462,-1
72540.416927,1709.8,0.00868467,-1
72541.070109,1709.79,0.00000056,1
72541.037629,1709.79,0.464262,1
72541.154664,1709.4,0.13083967,1
72541.154664,1709.4,0.001,1
72541.154664,1709.4,0.00000001,1
72541.154664,1709.41,0.10316031,1
72541.148675,1709.41,0.20632062,1
72541.105273,1709.5,0.001,1
72541.238976,1709.54,0.15992904,-1
72541.238976,1709.53,0.05865113,-1
72541.238976,1709.5,0.233,-1
72541.238976,1709.49,0.54841983,-1
72541.781541,1709.41,0.00554619,-1
72542.109453,1709.41,0.00578562,-1
72542.40249,1709.41,0.00289472,-1
72543.352927,1709.4,0.05546635,-1
72545.636114,1709.46,0.00564602,-1
72546.348263,1709.41,0.27642245,1
72546.461414,1709.3,0.00075333,1
72546.461414,1709.3,0.17015307,1
72546.461414,1709.3,0.001,1
72546.592703,1709.2,0.001,1
72546.834188,1709.1,0.00099467,1
72546.967089,1709,0.00001222,1
72546.967089,1709.1,0.00000533,1
72547.961034,1709.02,0.07744584,-1
72548.259956,1709.15,0.00000585,1
72548.24716,1709.15,0.0054986,1
72548.24716,1709.15,0.16289504,1
72548.30882,1709.15,0.294358,1
72553.822191,1709,0.16828197,1
72553.822191,1709,0.001,1
72553.822191,1709,0.00098778,1
72554.122901,1708.98,0.0166442,-1
72558.050881,1708.8,0.1539588,1
72558.042893,1708.8,0.0461744,1
72558.042893,1708.8,0.001,1
72558.018727,1708.85,0.20013292,1
72558.018727,1708.85,0.19999938,1
72558.001115,1708.9,0.001,1
72558.000606,1708.95,0.18163079,1
72558.000542,1708.95,0.01836849,1
72558.000542,1708.97,0.15765853,1
72558.000542,1708.97,0.00070224,1
72558.748137,1708.55,0.19999922,1
72558.745731,1708.6,0.00000001,1
72558.744453,1708.6,0.99987212,1
72558.744453,1708.6,0.001,1
72558.744453,1708.7,0.001,1
72559.71781,1708.51,0.73228162,-1
72559.868968,1708.82,0.26806377,-1
72559.868968,1708.73,0.87784494,-1
72559.864289,1708.8,0.001,-1
72559.864289,1708.8,0.29999833,-1
72559.864289,1708.8,0.1553216,-1
72559.864289,1708.74,1.17054095,-1
72559.864289,1708.73,0.1553216,-1
72559.864289,1708.73,0.05865113,-1
72559.848549,1708.59,0.87792014,-1
72559.790339,1708.51,0.29015042,-1
72559.790153,1708.51,0.29015043,-1
72559.962909,1708.84,0.87778844,-1
72561.16384,1708.9,0.221,1
72561.151969,1708.73,1.39313888,1
72561.151969,1708.8,0.221,1
72561.151969,1708.9,0.00084094,1
72561.151969,1708.9,0.221,1
72561.151969,1708.9,0.1580695,1
72562.542382,1708.96,0.05863601,1
72562.542382,1708.96,0.24159325,1
72563.339089,1708.91,0.00579079,-1
72563.768983,1708.91,0.03035662,-1
72564.482778,1708.8,0.0384253,1
72565.881115,1708.81,0.00289627,-1
72566.469229,1708.81,0.24888723,1
72566.526482,1708.63,0.64543788,1
72566.524661,1708.63,0.05956422,1
72566.523599,1708.63,0.7409079,1
72566.518471,1708.62,0.59045231,1
72566.518471,1708.63,0.86054769,1
72566.517718,1708.63,0.59045231,1
72566.517718,1708.63,1.23591,1
72566.516541,1708.63,0.21,1
72566.514619,1708.61,0.21,1
72566.499473,1708.6,0.221,1
72566.499473,1708.6,0.001,1
72566.498279,1708.7,0.32389805,1
72566.498279,1708.7,0.001,1
72566.624742,1708.69,0.87786549,-1
72566.624742,1708.69,0.05865113,-1
72566.577654,1708.64,0.87789118,-1
72566.577654,1708.63,0.34476115,-1
72566.577654,1708.63,0.11492037,-1
72568.951898,1708.8,0.03274705,-1
72569.13452,1708.77,0.05255704,1
72572.266944,1708.7,0.00000585,1
72572.255925,1708.7,0.00960964,1
72573.587176,1708.94,1.84407476,-1
72573.587176,1708.94,0.58432904,-1
72573.587176,1708.89,0.07870515,-1
72573.58606,1708.89,0.13476209,-1
72573.583208,1708.94,0.58611793,-1
72573.583208,1708.9,0.001,-1
72573.580471,1708.77,0.18583076,-1
72573.579348,1708.71,0.05440678,-1
72573.579348,1708.71,0.87785522,-1
72573.636208,1709.03,0.048,-1
72573.636208,1709,0.001,-1
72573.626231,1708.99,1.115,-1
72573.679484,1709.11,0.6,-1
72573.657246,1709.1,0.001,-1
72574.755774,1709.07,0.87767031,-1
72576.151119,1709.12,0.14629722,1
72576.151119,1709.13,0.05865113,1
72576.822585,1709,0.02774943,-1
72576.899504,1708.99,0.1454952,1
72576.899504,1708.99,0.49326637,1
72578.556258,1709.06,0.00276953,-1
72580.026477,1709.05,0.03164018,-1
72582.109747,1708.99,0.28428868,-1
72582.43646,1708.8,0.039,1
72582.43646,1708.9,0.001,1
72582.395839,1709.01,0.14411162,1
72582.395839,1709.01,0.00126427,1
72583.32418,1708.82,0.00930261,-1
72583.650128,1708.82,0.05877125,-1
72584.113106,1708.81,0.0157104,1
72585.043547,1708.82,0.05792827,-1
72585.259715,1708.88,0.87776789,-1
72586.962407,1708.92,0.00289071,-1
72588.065654,1708.91,0.03,1
72589.408149,1708.8,2.24734513,1
72589.406314,1708.8,1.22855598,1
72589.406314,1708.8,0.001,1
72589.406314,1708.81,1.46300641,1
72589.405734,1708.85,0.18868515,1
72590.932489,1708.82,0.87779871,-1
72591.100065,1709,0.00494955,-1
72591.100065,1709,0.001,-1
72592.849084,1709.02,0.01137258,-1
72593.169094,1709.02,0.12717581,-1
72595.780933,1708.89,0.05910546,1
72597.220441,1708.81,0.00239833,1
72598.861275,1708.83,0.01373632,-1
72601.22315,1708.81,0.05550433,-1
72601.497802,1708.92,1.17028004,-1
72601.497802,1708.91,0.0584531,-1
72601.497802,1708.9,0.14629379,-1
72601.495073,1708.83,0.79630542,-1
72601.495073,1708.81,0.17113949,-1
72601.495073,1708.81,0.08233002,-1
72601.495073,1708.81,0.82229952,-1
72601.839588,1708.93,0.00117325,1
72601.839588,1708.93,0.8798336,1
72603.09483,1708.8,1.09271298,1
72603.09483,1708.8,0.001,1
72603.265057,1708.46,0.20013313,1
72603.265057,1708.46,0.19999907,1
72603.20182,1708.47,1.28701244,1
72603.20182,1708.48,7.38005202,1
72603.20182,1708.5,0.5,1
72603.20182,1708.5,0.0008777,1
72603.20182,1708.5,0.001,1
72603.20182,1708.53,0.88560625,1
72603.20182,1708.55,3.99715159,1
72603.201658,1708.55,2.86,1
72603.201433,1708.55,0.52290043,1
72603.201433,1708.6,0.001,1
72603.197552,1708.65,0.49025883,1
72603.197306,1708.65,0.6799549,1
72603.197306,1708.66,0.0584531,1
72603.197306,1708.7,0.001,1
72603.603097,1708.41,0.00289645,-1
72603.861756,1708.4,0.3172211,1
72603.861756,1708.4,0.001,1
72605.094146,1708.7,0.6,-1
72605.094146,1708.7,0.001,-1
72605.094146,1708.69,1.109,-1
72605.094146,1708.68,0.40611416,-1
72605.094146,1708.67,0.0584531,-1
72605.094146,1708.65,0.87788752,-1
72605.232361,1708.81,0.87780889,-1
72605.232361,1708.81,0.00753296,-1
72605.232361,1708.8,0.001,-1
72605.20622,1708.74,0.87783981,-1
72606.223059,1708.87,0.00709688,-1
72606.355268,1708.85,0.38343562,1
72606.355268,1708.85,0.20802609,1
72606.517392,1708.71,0.5,1
72608.946709,1708.71,0.04634642,-1
72609.384671,1708.7,0.001,1
72611.119005,1708.3,0.499869,1
72611.119005,1708.3,0.001,1
72611.114825,1708.34,1.17057374,1
72611.114825,1708.4,0.001,1
72611.112862,1708.5,0.34161915,1
72611.112862,1708.5,0.001,1
72611.213861,1708.13,0.20013309,1
72611.213861,1708.16,0.07236344,1
72611.213861,1708.2,0.001,1
72611.213861,1708.22,0.0584531,1
72611.213861,1708.22,0.03618172,1
72611.212311,1708.32,0.10401304,1
72611.212311,1708.32,1.17057374,1
72611.277976,1708.05,0.31022667,1
72611.277976,1708.06,0.72041066,1
72611.254311,1708.05,1,1
72611.253211,1708.07,0.02986881,1
72611.25094,1708.07,0.1702624,1
72611.25094,1708.1,0.0308688,1
72611.24901,1708.1,0.2001312,1
72611.24901,1708.1,0.001,1
72611.391092,1708.07,0.87818414,-1
72612.144334,1708.24,1,-1
72612.144334,1708.22,1,-1
72612.452444,1708.4,0.40575627,-1
72612.452444,1708.4,0.001,-1
72612.49335,1708.42,0.81850942,-1
72612.49335,1708.4,0.59424373,-1
72614.994653,1708.5,0.32595165,1
72614.994653,1708.5,0.00075663,1
72615.117908,1708.36,0.00284511,-1
72615.874777,1708.33,0.01553613,-1
72617.232579,1708.33,0.86251436,-1
72617.320542,1708.51,0.00084736,-1
72617.320542,1708.5,0.87796798,-1
72617.974151,1708.46,0.0272789,-1
72620.894519,1708.46,0.00555174,-1
72621.055025,1708.46,0.68004942,-1
72624.248112,1708.59,0.11273809,1
72624.237039,1708.59,0.00000585,1
72624.226412,1708.59,0.00776663,1
72624.741934,1708.7,0.001,-1
72624.741889,1708.68,0.048,-1
72624.736724,1708.63,0.04940067,-1
72624.736575,1708.63,0.05043248,-1
72624.736543,1708.63,0.04909884,-1
72624.736543,1708.6,0.001,-1
72625.631891,1708.87,0.01228129,-1
72625.631891,1708.8,0.001,-1
72630.122468,1708.9,0.000006,-1
72630.122468,1708.9,0.001,-1
72630.86926,1708.84,0.00093646,1
72630.86926,1708.84,0.30760148,1
72630.961531,1708.62,0.04894315,-1
72630.998071,1708.42,0.33459375,1
72630.998071,1708.43,0.02861089,1
72630.99626,1708.43,0.85699536,1
72630.99626,1708.44,2.41224193,1
72630.99626,1708.5,0.001,1
72630.99626,1708.53,0.5,1
72630.99626,1708.59,1.17039306,1
72630.99626,1708.6,0.99782166,1
72630.99626,1708.6,0.001,1
72630.99626,1708.61,0.70204799,1
72633.250869,1708.44,0.002,1
72634.487345,1708.4,0.14689479,1
72634.487345,1708.4,0.001,1
72636.460781,1708.3,0.001,1
72636.460781,1708.3,0.001,1
72638.04637,1708.21,0.00564999,-1
72639.409104,1708.22,0.02386812,-1
72643.407581,1708.47,0.00832722,-1
72644.364707,1708.5,0.87796661,-1
72644.364707,1708.5,0.001,-1
72644.306101,1708.49,0.01158972,-1
72645.611764,1708.54,0.01422159,-1
72645.692054,1708.54,0.41727646,-1
72646.95083,1708.64,0.87789264,-1
72646.95083,1708.6,0.001,-1
72647.026353,1708.77,0.039,-1
72647.026353,1708.7,0.001,-1
72648.018045,1708.88,0.87777054,-1
72648.018045,1708.8,0.001,-1
72648.242195,1708.9,0.001,-1
72648.866999,1709,0.14358958,-1
72648.866999,1709,0.001,-1
72649.658001,1709.12,0.45976464,-1
72649.658001,1709.1,0.001,-1
72649.658001,1709.06,0.19999843,-1
72649.707784,1709.23,0.46096054,-1
72649.707784,1709.2,0.001,-1
72649.707784,1709.19,1.46300641,-1
72649.707784,1709.19,0.048,-1
72649.707784,1709.18,0.1536,-1
72649.707784,1709.13,0.87764102,-1
72649.810587,1709.23,1.17017808,-1
72651.477087,1709.28,0.51020583,1
72651.477087,1709.29,0.0584531,1
72651.772903,1709.15,0.01388032,-1
72652.068311,1709.19,0.11103724,-1
72652.622734,1709.06,0.12872273,1
72652.622734,1709.07,0.69844,1
72652.622734,1709.1,0.208,1
72652.622734,1709.11,0.0584531,1
72652.622734,1709.2,0.208,1
72652.622734,1709.22,0.70036691,1
72652.622734,1709.23,0.14628694,1
72652.622734,1709.23,0.70036691,1
72652.622734,1709.24,0.99389136,1
72653.641839,1709.4,0.00073751,-1
72653.641839,1709.3,0.001,-1
72653.768104,1709.47,0.0008727,-1
72653.768104,1709.4,0.00026249,-1
72653.922116,1709.46,0.14220092,-1
72654.235199,1709.46,0.00470946,-1
72654.289037,1709.46,0.87276061,-1
72654.422498,1709.5,0.001,-1
72654.422498,1709.48,0.199501,-1
72654.422498,1709.48,0.19999827,-1
72654.943699,1709.54,0.02980178,1
72655.049852,1710,0.05,-1
72655.049852,1710,0.001,-1
72655.049852,1709.99,2.22184856,-1
72655.049852,1709.94,0.096,-1
72655.049852,1709.9,0.001,-1
72655.049852,1709.89,0.89747338,-1
72655.049852,1709.84,1.352435,-1
72655.049852,1709.84,0.0584531,-1
72655.049852,1709.83,0.1536,-1
72655.049852,1709.83,0.11979407,-1
72655.049852,1709.82,0.23958814,-1
72655.049852,1709.82,0.05989703,-1
72655.049852,1709.78,0.23958813,-1
72655.03991,1709.8,0.001,-1
72655.03991,1709.79,0.4,-1
72655.039724,1709.71,1.575,-1
72655.039724,1709.7,0.08631121,-1
72655.039685,1709.7,0.05997573,-1
72655.039685,1709.7,0.001,-1
72655.039685,1709.65,0.29953038,-1
72655.039685,1709.62,1.16991625,-1
72655.039685,1709.61,0.14628694,-1
72655.039685,1709.6,0.001,-1
72655.039567,1709.52,0.87743928,-1
72656.107125,1709.95,0.0584531,1
72660.344143,1709.85,0.00002316,-1
72660.670306,1709.63,2.20723515,1
72660.670123,1709.63,2.27097246,1
72660.670099,1709.63,2.90184441,1
72660.662775,1709.6,0.001,1
72660.662636,1709.64,0.04435327,1
72660.662486,1709.64,0.02967926,1
72660.662486,1709.67,1.09403725,1
72660.662368,1709.67,0.07571651,1
72660.661701,1709.68,0.50311262,1
72660.661701,1709.7,0.001,1
72660.661701,1709.7,0.03701627,1
72660.661701,1709.72,0.14620995,1
72660.661186,1709.8,0.001,1
72660.661186,1709.82,0.0584531,1
72660.640985,1709.84,0.0017422,1
72660.640985,1709.84,0.16633581,1
72660.76105,1709.54,0.18055573,1
72660.761048,1709.54,0.31944427,1
72660.900645,1709.5,0.21389605,1
72660.900645,1709.5,0.001,1
72661.039709,1709.4,0.001,1
72661.553968,1709.3,0.0932295,1
72661.553827,1709.3,0.09222951,1
72661.553827,1709.3,0.001,1
72662.059175,1708.91,0.58282085,-1
72661.98341,1709,0.05,1
72661.98341,1709,0.001,1
72661.980096,1709.01,0.0584531,1
72661.980096,1709.07,0.14620995,1
72661.980096,1709.1,0.001,1
72661.980096,1709.17,0.14620995,1
72661.980096,1709.2,0.001,1
72662.176467,1708.9,0.001,1
72662.42681,1708.8,0.209031,1
72662.42681,1708.8,0.001,1
72663.184107,1708.71,0.23171174,-1
72663.329312,1708.7,0.07739836,1
72663.329312,1708.7,0.001,1
72664.236218,1708.52,0.00000585,1
72664.225101,1708.58,0.00560781,1
72664.225101,1708.6,0.001,1
72665.705711,1708.51,0.05547381,-1
72665.791734,1708.45,0.25,1
72665.791734,1708.5,0.001,1
72666.246816,1708.41,0.02841723,-1
72666.133407,1708.41,0.22187995,-1
72666.832136,1708.41,0.02605492,-1
72668.585275,1708.41,0.01025967,-1
72669.151227,1708.41,0.02775089,-1
72669.459061,1708.4,0.00106662,1
72669.459061,1708.4,0.001,1
72670.184234,1708.38,0.05965,1
72670.369007,1708.36,0.00579002,-1
72670.747233,1708.38,0.87802479,-1
72672.219721,1708.44,1.17051058,1
72672.219647,1708.5,4,1
72672.219647,1708.53,3.30556482,1
72672.219605,1708.53,0.706,1
72672.219563,1708.58,0.13687343,1
72672.219563,1708.59,0.0584531,1
72672.823591,1708.36,0.01447504,-1
72673.221932,1708.37,0.03186801,-1
72673.417868,1708.36,0.87803507,-1
72673.417868,1708.36,0.11187607,-1
72679.457811,1708.52,0.01435504,-1
72679.505753,1708.52,0.5794421,-1
72680.230517,1708.51,0.00000585,1
72680.220331,1708.51,0.00804794,1
72680.18844,1708.52,0.00722061,-1
72682.252182,1708.51,0.00000585,1
72682.242,1708.51,0.0720862,1
72684.585227,1708.59,0.58518716,1
72685.113809,1708.67,0.01565346,-1
72685.113809,1708.6,0.001,-1
72689.146598,1708.8,0.001,-1
72689.085923,1708.76,0.8778312,-1
72689.085923,1708.7,0.001,-1
72689.856774,1708.89,0.00691091,1
72691.830802,1708.82,0.344863,1
72691.796748,1708.82,0.05844872,1
72691.796748,1708.82,0.00183524,1
72691.796748,1708.82,0.34486304,1
72692.068171,1708.69,0.17428849,1
72692.092399,1708.6,0.17397268,1
72692.092399,1708.6,0.001,1
72692.186083,1708.42,0.00431033,1
72692.186083,1708.5,0.001,1
72692.186083,1708.51,0.02908967,1
72692.95439,1708.42,0.87800423,-1
72693.496054,1708.62,0.01131672,-1
72693.496054,1708.62,0.04418688,-1
72696.81711,1708.59,0.08325408,-1
72697.967757,1708.56,0.343074,1
72698.383559,1708.55,0.06054348,-1
72698.383559,1708.54,0.03031098,-1
72698.383559,1708.54,0.03031098,-1
72698.578437,1708.43,0.018826,-1
72700.56272,1708.61,0.17312902,-1
72700.56272,1708.58,0.14632976,-1
72700.558405,1708.57,4.46243986,-1
72700.557494,1708.57,2.91761216,-1
72700.557494,1708.56,0.88560625,-1
72700.557494,1708.53,0.14632976,-1
72700.556798,1708.47,0.87797854,-1
72701.26223,1708.8,0.001,-1
72701.26223,1708.7,0.001,-1
72701.87708,1708.97,0.03298705,-1
72701.87708,1708.97,0.87772406,-1
72701.87708,1708.9,0.001,-1
72702.23256,1709.18,0.033093,-1
72702.23256,1709.1,0.001,-1
72702.23256,1709,0.001,-1
72703.315829,1709.07,0.23176805,-1
72703.736793,1709.4,0.001,-1
72703.736793,1709.3,0.001,-1
72703.736793,1709.2,0.001,-1
72704.26601,1709.42,0.02557592,1
72704.27745,1709.42,0.00000584,1
72704.920659,1709.42,0.16257236,1
72707.246423,1709.39,0.01832142,-1
72710.019564,1709.29,1.14444822,1
72710.019564,1709.3,0.05844967,1
72709.996282,1709.38,0.00111216,1
72709.996282,1709.38,0.36245529,1
72709.996282,1709.38,0.35147761,1
72710.046733,1709.26,0.96523643,1
72710.039817,1709.26,4.03476357,1
72710.039817,1709.28,0.5,1
72712.10732,1709.23,0.06781065,-1
72713.562502,1709.39,0.00579208,-1
72713.863826,1709.39,0.2842787,-1
72713.829612,1709.39,0.00341154,-1
72713.906476,1709.39,0.03764853,-1
72715.69801,1709.38,0.006156,1
72715.69801,1709.38,0.57884972,1
72718.796657,1709.41,0.00284365,-1
72719.336075,1709.41,0.08911448,1
72719.799437,1709.41,0.08911448,1
72720.000138,1709.41,0.08911448,1
72720.082983,1709.42,0.38400124,-1
72720.080876,1709.42,0.49348937,-1
72720.281032,1709.6,0.001,-1
72720.281032,1709.5,0.001,-1
72720.454899,1709.66,0.00654507,1
72720.712859,1709.67,0.01447885,-1
72720.855602,1709.67,0.02100547,-1
72720.907238,1709.7,0.001,-1
72720.906753,1709.67,0.01449929,-1
72720.981875,1709.79,0.08911448,1
72721.175176,1709.8,0.001,-1
72721.402191,1709.9,0.001,-1
72721.512687,1710,0.3486836,-1
72721.512687,1710,0.001,-1
72722.581011,1709.93,0.08911448,1
72723.245,1709.94,0.0017369,-1
72723.217919,1709.93,0.00911448,1
72724.26743,1709.93,0.00911448,1
72724.760063,1709.93,0.08911448,1
72725.167971,1709.94,0.01158118,-1
72725.414529,1709.93,0.08911448,1
72725.58391,1709.94,0.46181152,-1
72726.107091,1710.27,4.83053528,-1
72726.107091,1710.26,0.88560625,-1
72726.107091,1710.26,0.4,-1
72726.107091,1710.21,0.25920657,-1
72726.106523,1710.21,5.74971236,-1
72726.106231,1710.21,1.37113309,-1
72726.10532,1710.2,0.001,-1
72726.10532,1710.16,0.05844967,-1
72726.10532,1710.16,0.16938003,-1
72726.10483,1710.11,1.16956368,-1
72726.10483,1710.11,0.29248489,-1
72726.104466,1710.1,0.001,-1
72726.104466,1710.07,0.00292385,-1
72726.103586,1710.04,0.87717458,-1
72726.318572,1710.29,0.02530179,1
72726.318572,1710.29,0.06381269,1
72727.514565,1710.6,0.01568202,-1
72727.514565,1710.6,0.001,-1
72727.514565,1710.5,0.001,-1
72727.514565,1710.4,0.001,-1
72727.514565,1710.3,0.001,-1
72727.711168,1710.59,0.08911448,1
72727.800519,1710.6,0.01158288,-1
72727.912633,1710.59,0.08911448,1
72728.485974,1710.59,0.08911448,1
72728.720606,1710.66,0.24941014,-1
72728.720606,1710.6,0.207,-1
72728.720606,1710.6,0.12273366,-1
72729.5598,1710.6,0.19416912,1
72729.5598,1710.6,0.2471579,1
72729.902217,1710.61,0.08911448,1
72730.531467,1710.64,0.2895719,-1
72731.256303,1710.64,0.00909537,-1
72731.512897,1710.55,0.25793675,1
72731.512897,1710.55,0.00129364,1
72731.512897,1710.55,0.30757771,1
72731.512486,1710.55,0.3697742,1
72731.512249,1710.55,0.731,1
72731.512155,1710.55,0.05316631,1
72731.510126,1710.59,5,1
72731.833259,1710.41,0.02841573,-1
72733.914494,1710.2,0.05896117,1
72733.914494,1710.28,0.14614584,1
72733.914494,1710.29,0.05844967,1
72733.914494,1710.3,0.001,1
72733.914494,1710.37,0.14614584,1
72733.914494,1710.4,0.19150748,1
72733.914494,1710.4,0.001,1
72734.06359,1710.21,0.09164489,-1
72734.06359,1710.21,0.13024457,-1
72735.032369,1710.22,0.02894297,-1
72737.180495,1710.23,0.05544852,-1
72737.749388,1710.22,0.166448,1
72738.516434,1710.2,0.00000001,1
72738.515583,1710.2,0.1607043,1
72738.515583,1710.2,0.001,1
72739.161757,1710.02,0.14614584,1
72739.161757,1710.1,0.1736149,1
72739.161757,1710.1,0.001,1
72739.307398,1709.93,0.00583356,1
72739.307398,1710,0.001,1
72741.315556,1709.94,0.97853825,-1
72741.315556,1709.94,0.05844967,-1
72741.315556,1709.94,0.41003355,-1
72741.919309,1709.9,0.001,1
72741.919309,1709.91,0.14618344,1
72741.918451,1709.93,0.14983315,1
72741.918451,1709.93,0.00000001,1
72742.544729,1709.8,0.001,1
72742.785693,1709.6,0.00000001,1
72742.782,1709.6,0.00099999,1
72742.782,1709.7,0.14249268,1
72742.782,1709.7,0.001,1
72744.0403,1709.51,0.04630875,-1
72744.083495,1709.51,0.01592479,-1
72744.233236,1709.51,0.00014474,-1
72744.39173,1709.5,0.00904061,1
72744.39173,1709.5,0.001,1
72744.476196,1709.51,0.00122707,-1
72745.739698,1709.51,0.05683147,-1
72746.649153,1709.48,0.14618344,1
72746.649153,1709.5,0.00075082,1
72746.649153,1709.5,0.18391964,1
72747.015033,1709.41,0.00578968,-1
72748.642108,1709.2,0.05844967,1
72748.642108,1709.2,0.001,1
72748.642108,1709.21,7.38005202,1
72748.641447,1709.27,0.14618344,1
72748.641447,1709.3,0.001,1
72748.637554,1709.4,0.20276489,1
72748.637554,1709.4,0.001,1
72749.803037,1709.1,0.18937129,1
72749.803037,1709.1,0.001,1
72749.968472,1709,0.001,1
72750.107072,1708.75,0.14618344,1
72750.107072,1708.8,0.001,1
72750.107072,1708.9,0.001,1
72750.278787,1708.71,0.02772736,-1
72751.216853,1708.7,0.24,1
72751.204037,1708.7,1.44591,1
72751.204037,1708.7,0.14334627,1
72751.204037,1708.7,0.001,1
72752.135104,1708.72,0.87785008,-1
72753.75392,1708.75,0.02774115,-1
72754.749307,1708.74,0.08527363,-1
72755.256524,1708.73,0.05854794,-1
72756.077009,1708.71,0.05844967,1
72756.077009,1708.71,0.21212859,1
72756.077009,1708.71,0.21212859,1
72756.707265,1708.75,0.11929155,-1
72761.952277,1708.71,0.25114866,-1
72761.952277,1708.69,0.32822562,-1
72762.582977,1708.69,0.28915043,-1
72765.775547,1708.61,0.07468424,1
72765.775547,1708.61,0.21794359,1
72767.104268,1708.42,0.0370839,1
72767.104268,1708.42,1.575,1
72767.104268,1708.48,1.17048819,1
72767.104268,1708.5,0.24,1
72767.104268,1708.5,0.001,1
72767.104268,1708.51,0.84265845,1
72767.104268,1708.52,0.05845115,1
72767.104268,1708.6,0.00135563,1
72767.104268,1708.6,0.07296268,1
72767.104268,1708.6,0.001,1
72771.752763,1708.5,0.01907812,1
72773.970952,1708.51,0.17391101,-1
72774.178825,1708.61,0.54159244,-1
72774.848625,1708.74,0.00057945,-1
72774.82975,1708.75,0.00852954,-1
72775.820072,1708.8,0.46301927,-1
72775.820072,1708.79,0.05845115,-1
72776.15406,1708.79,0.05852265,1
72780.484472,1708.61,0.14978841,-1
72783.669407,1708.57,0.06952247,-1
72784.321398,1708.63,1.17071595,-1
72784.318699,1708.57,0.05845115,-1
72784.318699,1708.57,0.87792715,-1
72786.308843,1708.79,0.118812,1
72786.459475,1708.85,0.01037458,-1
72786.459475,1708.8,0.001,-1
72787.885856,1708.74,0.00144858,-1
72790.868378,1708.75,0.00579432,-1
72791.845041,1708.75,0.02843952,-1
72792.500077,1708.71,0.14630492,1
72792.500077,1708.72,0.05845115,1
72792.500077,1708.74,0.00135007,1
72792.500077,1708.74,0.22686528,1
72792.49602,1708.74,0.161,1
72794.056134,1708.8,0.00064294,1
72794.056134,1708.8,0.206,1
72795.924213,1708.96,1.5216521,-1
72795.924213,1708.95,1.144,-1
72795.924213,1708.95,1.0523033,-1
72795.924213,1708.9,0.001,-1
72795.924213,1708.86,0.18387059,-1
72795.923317,1708.83,1.170426,-1
72795.923317,1708.81,0.05845115,-1
72795.923317,1708.81,0.87780385,-1
72796.167656,1709.2,0.001,-1
72796.167251,1709.19,0.6,-1
72796.163072,1709.1,0.001,-1
72796.156051,1709,0.001,-1
72797.65696,1709.29,0.08530607,-1
72801.177869,1709.27,0.01665053,-1
72801.206036,1709.27,0.013355,-1
72803.465613,1709.27,0.05215718,-1
72804.762703,1709.1,0.10287541,1
72804.762311,1709.1,1.3209834,1
72804.761815,1709.1,0.03889936,1
72804.761815,1709.1,0.59973376,1
72804.761594,1709.1,0.06163312,1
72804.7614,1709.1,0.63863312,1
72804.760112,1709.14,0.5,1
72804.760036,1709.16,0.05845115,1
72804.759688,1709.26,0.00074904,1
72804.759688,1709.26,0.29845366,1
72804.955072,1709,0.14268613,1
72804.955072,1709,0.001,1
72805.199442,1708.9,0.001,1
72806.40384,1708.81,0.04795033,-1
72808.215512,1708.81,0.11374209,-1
72808.338101,1708.8,0.0159066,1
72808.338101,1708.8,0.001,1
72810.629499,1708.75,0.00596176,1
72810.825715,1708.75,0.29260728,1
72811.960056,1709.2,0.01464538,-1
72811.960056,1709.1,0.001,-1
72811.960056,1709,0.001,-1
72812.022828,1709.18,0.00289675,-1
72813.37938,1709.05,0.08323606,-1
72813.983896,1709.03,0.87769085,-1
72814.952827,1709.18,0.00564966,-1
72815.338651,1709.36,0.1137381,-1
72815.299632,1709.33,0.03148067,-1
72815.299632,1709.3,0.001,-1
72815.299632,1709.2,0.001,-1
72816.010634,1709.52,0.0479574,-1
72816.010634,1709.5,0.001,-1
72816.010634,1709.4,0.001,-1
72816.541596,1709.4,0.00098502,1
72820.339475,1709.34,0.27748337,-1
72821.288534,1709.29,0.00108311,1
72821.288534,1709.29,0.09384212,1
72822.493724,1709.2,0.10720004,1
72822.493724,1709.2,0.001,1
72825.929373,1709.11,0.05685175,-1
72825.869981,1709.11,0.50735154,-1
72825.869981,1709.11,1.451,-1
72832.066611,1709.06,0.05868588,1
72832.066611,1709.1,0.001,1
72832.066611,1709.11,0.17447624,1
72832.066611,1709.11,0.05845115,1
72833.950468,1709.01,0.03695586,-1
72835.012195,1709.02,0.00868904,-1
72835.547559,1709.02,0.00868914,-1
72837.343231,1709.02,0.02774586,-1
72837.434338,1709.01,0.01753764,1
72839.35125,1709.72,0.8773399,-1
72839.35125,1709.7,0.80239772,-1
72839.35125,1709.7,0.001,-1
72839.349087,1709.69,0.2,-1
72839.349087,1709.69,0.1,-1
72839.348898,1709.54,0.57435246,-1
72839.346435,1709.68,0.2,-1
72839.346339,1709.68,0.0150029,-1
72839.346339,1709.68,0.65011683,-1
72839.344624,1709.68,3.1062423,-1
72839.344338,1709.68,0.49455084,-1
72839.344338,1709.68,0.86245722,-1
72839.343559,1709.65,0.19986706,-1
72839.343559,1709.65,0.1999996,-1
72839.343559,1709.65,0.09984476,-1
72839.343559,1709.65,0.99948542,-1
72839.343559,1709.63,0.65253158,-1
72839.343093,1709.63,0.4524947,-1
72839.343093,1709.6,0.001,-1
72839.343093,1709.59,0.60730034,-1
72839.34309,1709.59,0.164,-1
72839.342951,1709.59,0.04779935,-1
72839.342951,1709.58,0.00087771,-1
72839.342951,1709.52,0.15204171,-1
72839.342951,1709.5,1.415932,-1
72839.342951,1709.5,0.001,-1
72839.342951,1709.37,0.84371149,-1
72839.342891,1709.37,0.10561351,-1
72839.342891,1709.3,0.001,-1
72839.342891,1709.21,0.16178607,-1
72839.342804,1709.21,0.638,-1
72839.341717,1709.21,0.37039958,-1
72839.334308,1709.47,0.2,-1
72839.334308,1709.47,0.1,-1
72839.334308,1709.47,0.4,-1
72839.334308,1709.47,0.1553216,-1
72839.334308,1709.46,8.63161464,-1
72839.334308,1709.41,1.52104418,-1
72839.334308,1709.4,0.05,-1
72839.334308,1709.4,0.216,-1
72839.334308,1709.4,0.001,-1
72839.334308,1709.39,1.0919396,-1
72839.334308,1709.39,2.69719225,-1
72839.334308,1709.37,1.152,-1
72839.334017,1709.31,0.19986638,-1
72839.334017,1709.31,0.19986703,-1
72839.334017,1709.31,0.19999966,-1
72839.334017,1709.3,0.001,-1
72839.334017,1709.3,1.575,-1
72839.334017,1709.29,4.15190092,-1
72839.334017,1709.29,1.98665664,-1
72839.334017,1709.27,4.40589106,-1
72839.334017,1709.22,0.18035935,-1
72839.334017,1709.21,1.17018565,-1
72839.334017,1709.2,0.216,-1
72839.334017,1709.17,2.56944819,-1
72839.334017,1709.17,0.05845115,-1
72839.334017,1709.12,0.32691851,-1
72839.334017,1709.11,0.87765104,-1
72839.334017,1709.04,1,-1
72839.334017,1709.02,0.1980861,-1
72839.334017,1709.02,0.02775,-1
72839.334017,1709.02,0.00869,-1
72839.334017,1709.02,0.00868,-1
72839.334017,1709.02,0.95487596,-1
72839.427045,1709.78,0.03,-1
72839.401498,1709.92,1.63562463,-1
72839.401498,1709.91,0.096,-1
72839.401498,1709.82,0.58860228,-1
72839.401498,1709.8,0.52154498,-1
72839.398913,1709.68,0.01793658,-1
72839.398913,1709.68,0.0896829,-1
72839.383415,1709.9,0.00113122,-1
72839.383415,1709.9,0.001,-1
72839.383415,1709.88,0.192,-1
72839.383415,1709.81,0.048,-1
72839.383415,1709.8,0.001,-1
72839.383415,1709.67,0.02869852,-1
72839.383415,1709.67,0.05739706,-1
72839.383415,1709.67,0.11479411,-1
72839.383415,1709.67,0.01434926,-1
72839.383415,1709.66,0.02869853,-1
72839.371393,1709.69,0.30839772,-1
72839.371393,1709.65,0.594,-1
72839.36029,1709.68,0.05111,-1
72839.359851,1709.68,0.06122,-1
72839.357862,1709.68,0.141,-1
72839.357862,1709.68,0.012,-1
72841.80062,1709.74,0.00000024,-1
72842.345331,1709.71,0.00365848,1
72845.409817,1709.79,0.02774748,-1
72845.970176,1709.77,0.04162701,-1
72846.769282,1710.09,0.29558066,1
72846.756652,1710,0.001,-1
72846.756652,1709.9,0.001,-1
72847.330915,1710.02,0.13431086,1
72847.330915,1710.02,0.0015327,1
72847.330915,1710.02,1.52066063,1
72847.318654,1710.08,0.08365837,1
72847.316966,1710.08,0.35406481,1
72847.316966,1710.08,2.88909125,1
72847.316966,1710.09,0.59160984,1
72847.316966,1710.09,1.46191136,1
72847.316966,1710.09,0.05841871,1
72852.88865,1710.09,0.03949777,1
72852.88865,1710.09,0.1794903,1
72852.88865,1710.09,0.05841871,1
72852.972458,1710.09,0.00441979,1
72853.097232,1710.17,0.00175039,-1
72853.097232,1710.1,0.001,-1
72853.707537,1710.17,0.05547803,-1
72854.289813,1710.15,0.29256619,1
72857.225129,1710.02,0.44006103,-1
72857.225129,1710.01,0.18621897,-1
72857.225129,1710.01,0.37372,-1
72857.871812,1709.96,0.55324214,1
72857.870464,1709.99,0.05841871,1
72857.870464,1710.01,0.20527102,1
72858.066038,1709.89,0.039,1
72858.066038,1709.9,0.001,1
72858.667797,1709.8,0.0005226,1
72858.667797,1709.89,0.00026578,1
72861.817317,1709.82,0.0554657,-1
72862.037967,1709.8,0.00469502,1
72862.037967,1709.8,0.0004774,1
72862.793518,1709.8,0.18421324,-1
72862.793518,1709.8,0.09310949,-1
72864.294861,1709.89,0.2339602,1
72865.17779,1710.03,0.0002069,-1
72865.174867,1710.03,0.01328027,-1
72865.174867,1710,0.001,-1
72865.357292,1710.02,0.02772931,-1
72867.481739,1710,0.00691447,1
72867.481739,1710.05,0.00120336,1
72868.250147,1710.14,0.94690398,-1
72868.250147,1710.13,0.05841871,-1
72868.250147,1710.1,0.001,-1
72868.250147,1710.07,0.87715707,-1
72869.765819,1710.04,0.004875,-1
72872.332298,1709.97,0.01497719,-1
72872.799389,1710,0.45319185,-1
72872.799389,1709.99,0.87719811,-1
72872.94449,1710.13,0.04,-1
72872.898269,1710.01,1.06508922,-1
72873.21761,1710.11,0.00273315,1
72875.655986,1710.15,0.05510613,-1
72876.86784,1710.15,0.02894635,-1
72877.729119,1710.02,0.01220371,-1
72882.067051,1710.14,0.87631944,-1
72882.067051,1710.13,0.02792132,-1
72882.067475,1710.18,1.1010886,-1
72882.067475,1710.18,0.1999985,-1
72882.067475,1710.17,0.05841871,-1
72882.067475,1710.14,0.0008054,-1
72882.474358,1710.19,1.06658129,1
72882.474358,1710.19,0.05841871,1
72882.474358,1710.19,1.575,1
72882.770377,1710.27,0.02116016,-1
72882.770377,1710.2,0.001,-1
72886.093467,1710.27,0.00721305,-1
72888.59148,1710.27,0.17757363,-1
72888.59148,1710.27,0.17162511,-1
72891.641567,1710.26,0.05256313,1
72892.328276,1710.33,0.00432695,-1
72892.328276,1710.3,0.001,-1
72892.328276,1710.27,0.02240025,-1
72892.414317,1710.32,0.00274957,-1
72893.562647,1710.23,1.46179168,1
72893.562647,1710.23,0.1461937,1
72893.562647,1710.26,1.46176604,1
72893.562647,1710.26,0.7229647,1
72893.562647,1710.26,1.1409246,1
72893.562444,1710.32,1.16930884,1
72893.562444,1710.32,0.36355572,1
72893.562444,1710.32,0.00150166,1
72893.562444,1710.32,0.05840008,1
72893.562444,1710.32,0.58741412,1
72894.029806,1710.11,0.11577119,-1
72894.243277,1710.1,0.00000584,1
72894.229831,1710.1,0.00482427,1
72894.658417,1710.1,0.00000584,1
72896.090724,1710.11,0.01136401,-1
72896.956962,1710,1.16937488,1
72896.956962,1710,0.001,1
72896.956962,1710,0.03887312,1
72896.939922,1710.05,1.16937559,1
72896.939745,1710.1,0.05840008,1
72896.939745,1710.1,0.33086167,1
72896.939745,1710.1,0.001,1
72896.939745,1710.1,0.07291029,1
72897.196587,1709.9,0.37079878,1
72897.196587,1709.9,0.001,1
72897.565399,1709.81,0.01220228,-1
72897.95276,1709.88,0.87725897,-1
72897.95276,1709.87,0.15314646,-1
72897.95276,1709.87,0.15314647,-1
72898.325897,1709.93,0.10983879,1
72900.316677,1709.83,0.036632,1
72900.30082,1709.83,0.29239681,1
72900.710268,1709.73,0.07619132,1
72900.710268,1709.76,0.03770693,1
72900.710268,1709.8,0.00000003,1
72900.709582,1709.8,0.308597,1
72900.709582,1709.8,0.001,1
72900.794178,1709.7,0.001,1
72901.67654,1709.61,0.00579296,-1
72902.110369,1709.6,0.11377191,1
72902.110369,1709.6,0.001,1
72902.177606,1709.6,0.11293038,1
72902.174333,1709.6,0.14539748,1
72905.540966,1709.51,0.14472753,-1
72907.86584,1709.79,0.00057911,-1
72908.112737,1709.75,0.1462014,1
72908.112737,1709.78,0.29980927,1
72908.112737,1709.78,0.00087078,1
72911.571094,1709.63,0.04051642,1
72911.667933,1709.64,0.00564543,-1
72911.803497,1709.65,0.289,-1
72913.154397,1709.7,0.19938898,1
72913.207129,1709.51,0.00564385,-1
72914.910751,1709.51,0.02899041,-1
72915.401582,1709.56,0.39475684,1
72916.154718,1709.5,0.27330493,1
72916.154718,1709.5,0.001,1
72916.224541,1709.4,0.001,1
72916.452946,1709.37,1.575,1
72916.434826,1709.36,0.03656794,1
72916.434826,1709.37,1.575,1
72916.434826,1709.37,0.19737842,1
72917.323844,1709.36,0.11466126,-1
72918.639855,1709.7,0.001,-1
72918.639855,1709.6,0.001,-1
72922.252759,1709.7,0.00000584,1
72922.242101,1709.7,0.00218751,1
72922.424247,1709.68,0.19733193,1
72922.424247,1709.69,0.17989224,1
72922.424247,1709.7,0.00087346,1
72925.528881,1709.72,0.67005763,1
72925.528881,1709.72,1.16994237,1
72928.997859,1709.7,0.176281,1
72929.046996,1709.67,0.160377,1
72929.626264,1709.61,0.04160997,-1
72930.504801,1709.6,0.146418,1
72930.810272,1709.51,0.01109451,-1
72931.9157,1709.67,0.0721197,-1
72931.991126,1709.64,0.00136655,-1
72932.1565,1709.58,0.00011728,1
72932.714981,1709.59,0.029537,1
72933.021773,1709.56,0.95233841,1
72933.021773,1709.57,0.14210957,1
72933.021773,1709.57,0.05840008,1
72933.195515,1709.56,0.59357819,1
72936.60632,1709.51,0.08685684,-1
72937.546858,1709.51,0.1,-1
72937.767937,1709.51,0.00926527,-1
72937.933335,1709.5,0.00075168,1
72937.933335,1709.5,0.20440424,1
72937.933335,1709.5,0.001,1
72939.034695,1709.41,0.4431,-1
72939.942773,1709.4,0.031234,1
72939.928164,1709.4,0.139,1
72939.928164,1709.4,0.001,1
72942.178073,1709.11,0.66403316,1
72942.178073,1709.12,0.4,1
72942.178073,1709.14,0.88560625,1
72942.178073,1709.15,2.04547202,1
72942.178073,1709.19,0.14622106,1
72942.178073,1709.2,0.262,1
72942.178073,1709.2,0.001,1
72942.178073,1709.21,0.05840008,1
72942.178073,1709.29,1.17004598,1
72942.178073,1709.3,0.69851745,1
72942.178073,1709.3,0.001,1
72942.178073,1709.33,0.14624929,1
72942.178073,1709.34,0.15947856,1
72942.840346,1709.29,0.003055,-1
72942.824692,1709.28,0.1461984,1
72943.026363,1709.11,0.33596684,1
72943.015039,1709.16,0.14624929,1
72943.015039,1709.17,0.14624929,1
72943.015039,1709.18,1.17004598,1
72943.015039,1709.21,0.15552404,1
72943.679813,1709,0.138,1
72943.679813,1709,0.001,1
72943.679813,1709.1,0.001,1
72944.428687,1708.91,0.03011389,-1
72946.220256,1708.91,0.03329517,-1
72948.635241,1708.9,0.0007505,1
72948.635241,1708.9,0.0045095,1
72948.622456,1708.9,0.159,1
72948.622456,1708.9,0.001,1
72949.110256,1708.91,0.05549101,-1
72950.536403,1708.98,0.07740117,-1
72950.536403,1708.97,0.05840008,-1
72950.536403,1708.91,0.03066303,-1
72950.735397,1708.95,0.09377442,-1
72951.300451,1708.95,0.01662944,-1
72953.093273,1709.09,0.137361,1
72953.698677,1709.06,0.13431356,1
72953.698677,1709.06,1.451,1
72956.190649,1709.07,0.00057927,-1
72957.05402,1709.07,0.02774927,-1
72960.846233,1708.94,0.01387358,-1
72962.202864,1708.71,0.17800521,1
72962.202864,1708.71,0.14628095,1
72962.202864,1708.74,1.17023491,1
72962.202864,1708.75,0.05840008,1
72962.202864,1708.77,0.73349509,1
72962.202864,1708.8,0.262,1
72962.202864,1708.8,0.001,1
72962.202864,1708.81,0.00087093,1
72962.202864,1708.81,0.08230061,1
72965.181379,1708.87,0.46651581,-1
72965.181379,1708.87,0.05840008,-1
72965.992976,1709.15,0.08142545,-1
72965.992976,1709.1,0.001,-1
72965.992976,1709.07,0.00287163,-1
72967.027817,1709.2,0.00479306,-1
72967.027817,1709.2,0.001,-1
72967.766428,1709.19,0.09,1
72968.03832,1709.2,0.08530158,-1
72969.926196,1709.2,0.01387447,-1
72972.035115,1709.2,0.00564738,-1
72972.66878,1709.19,0.08688275,-1
72972.643839,1709.16,0.47691227,1
72972.643839,1709.19,0.4,1
72972.643839,1709.19,0.37891756,1
72972.643839,1709.19,0.13717017,1
72972.643839,1709.19,0.089,1
72972.643839,1709.19,0.468,1
72973.217291,1709.36,0.02774992,-1
72973.215732,1709.36,0.02626129,-1
72973.10993,1709.35,1.13516221,-1
72973.109568,1709.35,5.03624612,-1
72973.109568,1709.34,2.78337331,-1
72973.109568,1709.3,0.001,-1
72973.109568,1709.29,0.05840008,-1
72973.109568,1709.27,0.8775727,-1
72973.107917,1709.2,0.1998663,-1
72973.107917,1709.2,0.09038288,-1
72973.830154,1709.36,0.00635325,-1
72973.993178,1709.55,7.38005202,-1
72973.992779,1709.5,0.001,-1
72973.992779,1709.48,0.87746271,-1
72973.992779,1709.47,0.05840008,-1
72973.992779,1709.4,0.001,-1
72973.992779,1709.36,0.02672914,-1
72973.992684,1709.36,0.11287862,-1
72975.594689,1709.44,0.02842804,-1
72976.535932,1709.49,0.00173766,-1
72976.777612,1709.43,0.00084279,1
72976.910108,1709.36,0.14903,1
72976.883312,1709.36,0.0584,1
72979.994848,1709.31,0.21940217,1
72981.214791,1709.6,0.05793172,-1
72981.214791,1709.6,0.001,-1
72981.214791,1709.5,0.001,-1
72981.488038,1709.6,0.1420029,-1
72982.127936,1709.6,0.66916488,1
72982.127936,1709.6,0.248,1
72982.127936,1709.6,0.4,1
72982.127936,1709.6,0.53283512,1
72982.202622,1709.61,0.01664674,-1
72982.955528,1709.6,0.11397391,1
72983.691003,1709.61,0.00009521,-1
72984.630425,1709.61,0.02774456,-1
72986.468367,1709.6,1.00346919,1
72986.468367,1709.6,0.18453081,1
72986.468367,1709.6,0.552,1
72987.077749,1709.61,0.00057908,-1
72987.581121,1709.61,0.08246847,-1
72987.581121,1709.61,0.00279519,-1
72988.177616,1709.61,0.11098073,-1
72992.877384,1709.6,1.20464964,1
72992.877384,1709.6,0.00074834,1
72992.877384,1709.6,0.05840008,1
72992.877384,1709.6,1.11167113,1
72992.877384,1709.6,0.18453081,1
72995.842027,1710.07,0.13367024,-1
72995.830418,1710.1,0.39167024,-1
72995.806263,1710.11,0.32448375,-1
72995.806201,1710.11,1.64280095,-1
72995.806201,1710.1,0.001,-1
72995.806201,1710.09,0.00087745,-1
72995.806201,1710.07,0.1553216,-1
72995.805105,1710.03,0.17874254,-1
72995.804752,1710.01,0.62787459,-1
72995.804665,1710.01,0.89275178,-1
72995.804665,1710,0.001,-1
72995.804665,1709.97,0.048,-1
72995.804665,1709.94,0.87722832,-1
72995.803664,1709.9,0.001,-1
72995.798059,1709.85,0.1999988,-1
72995.798059,1709.84,0.05841982,-1
72995.798059,1709.8,0.001,-1
72995.798059,1709.75,0.3266184,-1
72995.798059,1709.7,0.001,-1
72995.798059,1709.61,0.00641685,-1
72995.855457,1710.07,0.05790794,-1
72996.446879,1710.52,0.02540432,-1
72996.446879,1710.5,0.001,-1
72996.446879,1710.4,0.001,-1
72996.388972,1710.36,0.0630346,-1
72996.385024,1710.36,0.13696389,-1
72996.385024,1710.35,0.19953208,-1
72996.385024,1710.35,0.1999984,-1
72996.385024,1710.3,0.001,-1
72996.385024,1710.2,0.001,-1
72997.012792,1710.6,0.001,-1
72997.096421,1710.66,0.19999843,-1
72997.345865,1710.8,0.04698134,-1
72997.345865,1710.8,0.001,-1
72997.345865,1710.7,0.001,-1
72997.345865,1710.67,0.00785844,-1
72999.761284,1710.54,0.42133724,1
72999.761016,1710.61,1.46146696,1
72999.760104,1710.62,0.05841982,1
72999.760104,1710.66,2.97,1
72999.760104,1710.67,0.14623218,1
72999.760083,1710.72,1.16908189,1
72999.759931,1710.75,2.97,1
72999.759931,1710.76,0.22348149,1
73000.723462,1710.42,0.08671876,1
73000.723462,1710.42,0.05841982,1
73000.723462,1710.5,0.001,1
73004.157652,1710.44,0.00084185,1
73004.157652,1710.44,0.45370315,1
73005.319014,1710.46,0.13592732,-1
73006.655996,1710.54,0.1,-1
73007.28649,1710.55,0.38024402,1
73007.28649,1710.55,0.2297044,1
73007.606141,1710.57,0.39617043,1
73008.267977,1710.58,0.004455,-1
73009.968204,1710.48,0.058419,1
73010.04165,1710.48,0.058419,1
73010.012243,1710.48,0.360643,1
73010.379181,1710.45,0.06964209,1
73012.495399,1710.5,0.03632935,-1
73015.031422,1710.5,0.12101235,-1
73016.013348,1710.49,0.05543996,1
73016.013348,1710.49,0.36456004,1
73016.502112,1710.49,0.19764121,1
73016.500101,1710.49,0.16691883,1
73016.500101,1710.49,0.00075513,1
73018.094263,1710.4,0.16931792,1
73018.094263,1710.4,0.001,1
73018.427679,1710.35,0.02876851,-1
73019.205058,1710.33,0.05787849,-1
73020.358035,1710.35,0.00578,-1
73020.913218,1710.3,0.16006331,1
73020.913218,1710.3,0.001,1
73021.17409,1710.2,0.05819743,1
73021.174059,1710.2,0.05719743,1
73021.174059,1710.2,0.001,1
73021.86701,1710.01,0.1387764,1
73021.86701,1710.03,0.53644127,1
73021.86701,1710.1,0.11378233,1
73021.86701,1710.1,0.001,1
73022.025118,1710.01,0.5880368,-1
73022.025118,1710.01,0.37372,-1
73022.261306,1710.01,0.05905051,1
73024.174145,1710,0.17784211,1
73024.174145,1710,0.001,1
73025.770503,1709.91,0.0146198,-1
73025.704228,1709.9,0.00035178,1
73025.704228,1709.9,0.001,1
73027.059993,1709.7,0.001,1
73026.986854,1709.8,0.12499882,1
73026.986854,1709.8,0.001,1
73027.128693,1709.6,0.001,1
73027.687276,1709.5,0.001,1
73028.642054,1709.41,0.00055566,-1
73028.951312,1709.41,0.02772493,-1
73031.570859,1709.2,0.001,1
73031.570859,1709.3,0.001,1
73031.502234,1709.36,0.14616977,1
73031.502234,1709.4,0.0007552,1
73031.502234,1709.4,0.04616821,1
73031.502234,1709.4,0.001,1
73031.80764,1709.1,0.001,1
73032.230446,1708.92,0.109,1
73032.230446,1709,0.001,1
73032.433603,1708.92,0.00217222,1
73032.579238,1708.91,0.10713038,1
73032.579238,1708.92,0.03464587,1
73032.579238,1708.92,0.00445636,1
73034.048114,1708.92,0.01421227,-1
73034.010035,1708.92,0.00579147,-1
73035.137059,1708.92,0.03605874,-1
73035.980481,1708.92,0.00159303,-1
73036.927537,1708.91,0.05793099,-1
73037.10587,1708.91,0.04216524,-1
73038.160792,1708.6,0.001,1
73038.160792,1708.69,0.07336453,1
73038.160792,1708.7,0.001,1
73038.144959,1708.74,4.90764456,1
73038.144959,1708.75,1.46305779,1
73038.144063,1708.78,0.14624929,1
73038.144063,1708.79,0.96075633,1
73038.144063,1708.79,0.03668227,1
73038.144063,1708.8,0.001,1
73038.144063,1708.82,0.05841982,1
73038.143884,1708.9,0.08119331,1
73038.143884,1708.9,0.001,1
73038.440108,1708.52,0.00868721,-1
73038.40326,1708.4,0.272,1
73038.40326,1708.4,0.001,1
73038.40326,1708.5,0.001,1
73038.40326,1708.52,0.09996273,1
73038.92986,1708.31,0.00564827,-1
73039.264044,1708.31,0.2895736,-1
73040.068371,1708.32,0.00275159,-1
73040.462566,1708.3,0.0088653,1
73042.039687,1708.31,0.0051898,-1
73042.558855,1708.3,0.00075337,1
73042.558855,1708.3,0.09188445,1
73042.558855,1708.3,0.001,1
73042.558855,1708.3,0.09113431,1
73044.080024,1708.23,0.01448283,-1
73046.04728,1708.23,0.01422142,-1
73047.067573,1708.2,0.5,1
73047.067573,1708.2,0.001,1
73047.067573,1708.22,0.04071986,1
73047.067573,1708.22,0.00060787,1
73047.067573,1708.22,0.00765271,1
73047.132606,1708,0.001,1
73047.132606,1708,0.24049806,1
73047.129232,1708,0.75950194,1
73047.129232,1708.02,0.005858,1
73047.129232,1708.1,0.001,1
73047.542638,1707.8,0.001,1
73047.542638,1707.8,0.25141481,1
73047.531847,1707.8,0.74858519,1
73047.493417,1707.9,0.001,1
73047.493417,1707.9,0.00090472,1
73047.481288,1707.91,0.19999749,1
73048.663863,1707.65,0.20047823,1
73048.663863,1707.65,0.00060465,1
73048.663863,1707.7,0.06357064,1
73048.663863,1707.7,0.001,1
73048.783883,1707.6,0.001,1
73049.268158,1707.51,0.06884699,-1
73049.765265,1707.5,0.02856294,1
73049.765265,1707.5,0.001,1
73050.079942,1707.39,0.1999983,1
73050.079942,1707.4,0.001,1
73050.079942,1707.41,0.04581836,1
73050.079942,1707.41,0.48467024,1
73050.308066,1707.31,1.17142783,-1
73052.151307,1707,0.54682384,1
73052.147468,1707,0.45317616,1
73052.147468,1707,0.001,1
73052.147366,1707.05,0.43538918,1
73052.147271,1707.05,0.56461082,1
73052.108989,1707.09,1.15103164,1
73052.108989,1707.1,0.001,1
73052.108989,1707.11,0.05846389,1
73052.108989,1707.2,0.001,1
73052.106338,1707.3,0.07652322,1
73052.106338,1707.3,0.001,1
73052.106338,1707.3,1,1
73052.229031,1706.8,0.48868096,1
73052.225131,1706.79,0.722955,1
73052.224516,1706.79,0.722955,1
73052.185121,1706.7,0.21634047,1
73052.18481,1706.7,0.2076636,1
73052.184578,1706.7,0.06433641,1
73052.184578,1706.7,0.14232719,1
73052.184578,1706.7,0.001,1
73052.168759,1706.8,0.001,1
73052.168759,1706.8,1,1
73052.168759,1706.83,0.0711636,1
73052.168566,1706.86,0.5,1
73052.166237,1706.89,0.0355818,1
73052.166237,1706.89,0.40858655,1
73052.166237,1706.9,0.001,1
73052.291809,1706.81,0.07628634,1
73053.029183,1706.61,0.012895,-1
73053.768281,1706.66,0.73946692,-1
73053.768281,1706.66,1.17198409,-1
73053.768281,1706.66,1,-1
73053.733885,1706.63,1.14968111,-1
73053.733885,1706.62,1,-1
73053.733885,1706.61,0.43250686,-1
73054.222643,1706.89,0.000754,1
73054.222643,1706.89,0.04637934,1
73056.929518,1706.6,0.001,1
73057.751802,1706.61,0.71135174,1
73057.751802,1706.7,0.258,1
73057.751802,1706.78,0.48064826,1
73058.45744,1706.75,0.00579846,-1
73058.443094,1706.74,0.12441739,1
73060.968631,1706.55,0.01110614,-1
73061.364482,1706.52,0.03941098,1
73062.885632,1706.51,0.03890052,-1
73063.39986,1706.61,0.06404237,1
73063.39986,1706.61,0.3465412,1
73063.571613,1706.4,0.90429736,1
73063.571613,1706.4,0.001,1
73063.531311,1706.5,0.67234639,1
73063.531038,1706.5,0.49944317,1
73063.531038,1706.5,0.001,1
73064.423318,1706.3,0.001,1
73064.423318,1706.3,1,1
73064.543605,1706.2,0.03815294,1
73064.543143,1706.2,0.03715294,1
73064.543143,1706.2,0.001,1
73065.799303,1706.13,0.16,1
73066.238258,1706.18,0.01165882,1
73066.238258,1706.18,0.03497647,1
73066.238258,1706.18,0.02331765,1
73066.238258,1706.18,0.02331765,1
73068.646111,1706.03,0.01160263,-1
73068.614145,1706.1,0.001,1
73068.614145,1706.12,0.00084303,1
73068.614145,1706.12,0.09753348,1
73068.609966,1706.14,0.32525433,1
73069.056944,1706.24,0.10003656,-1
73069.23304,1706.2,0.04375889,1
73069.23304,1706.23,0.1024549,1
73069.954437,1706.27,0.0479647,-1
73070.426612,1706.26,0.02173519,1
73070.426612,1706.26,0.02561373,1
73071.00294,1706.2,0.03147351,1
73071.00294,1706.22,0.06894212,1
73071.00294,1706.22,0.02755299,1
73071.713468,1706.3,0.001,-1
73072.234819,1706.35,0.69298471,-1
73072.370596,1706.39,0.00000586,1
73075.296986,1706.65,0.29311175,-1
73075.289088,1706.65,0.29311175,-1
73075.289088,1706.6,0.001,-1
73075.282362,1706.61,0.048,-1
73075.282362,1706.6,0.89413017,-1
73075.282241,1706.6,0.82962854,-1
73075.280612,1706.6,0.99276585,-1
73075.280612,1706.6,0.001,-1
73075.280612,1706.5,0.001,-1
73075.280612,1706.4,0.001,-1
73076.933896,1706.7,0.001,-1
73076.996285,1706.9,0.001,-1
73076.990925,1706.8,0.001,-1
73077.26819,1707,0.001,-1
73077.284008,1707.4,0.0197753,-1
73077.284008,1707.3,0.001,-1
73077.284008,1707.2,0.001,-1
73077.284008,1707.1,0.001,-1
73077.98161,1707.23,0.00580032,-1
73078.091793,1707.23,0.00290021,-1
73078.338076,1707.17,0.5,1
73078.299298,1707.22,0.05846389,1
73078.299298,1707.22,0.35437471,1
73078.455238,1707.1,0.233,1
73078.455238,1707.1,0.001,1
73078.686797,1707.24,0.05559118,-1
73079.173945,1707.01,0.058463,1
73079.918839,1707.07,0.20366826,-1
73079.918839,1707.07,0.87869878,-1
73079.918839,1707.02,0.28876148,-1
73080.17062,1707.18,0.267992,1
73081.661215,1707.13,0.21741226,1
73081.661215,1707.14,0.18783222,1
73081.661215,1707.14,0.05846389,1
73081.661215,1707.19,0.00075196,1
73084.226243,1707.01,0.0083363,-1
73084.578457,1706.85,6.52107393,1
73084.578457,1706.86,1.46467782,1
73084.578457,1706.9,0.2356672,1
73084.578457,1706.9,0.001,1
73084.578457,1706.92,0.00220524,1
73084.57832,1706.92,0.21520702,1
73084.57832,1706.93,1.17147296,1
73084.57832,1706.94,0.05846389,1
73084.577635,1707,0.18079162,1
73084.577635,1707,0.001,1
73084.689691,1706.81,0.00555818,-1
73084.848699,1706.8,0.149475,1
73084.848699,1706.8,0.001,1
73085.043224,1706.7,0.1868197,1
73085.043224,1706.7,0.001,1
73085.508859,1706.6,0.234694,1
73085.508859,1706.6,0.001,1
73086.103532,1706.55,0.00059156,-1
73086.68757,1706.79,0.191531,1
73087.405947,1706.71,0.01373929,-1
73087.405947,1706.71,0.14408496,-1
73087.847182,1706.7,0.217671,1
73088.620535,1706.75,0.168406,1
73089.129613,1706.64,0.249107,1
73089.749521,1706.63,0.002495,-1
73089.921121,1706.6,0.221,1
73090.443918,1706.68,0.26448272,-1
73091.76643,1706.91,0.11830858,-1
73091.76643,1706.9,0.221,-1
73091.76643,1706.9,0.001,-1
73091.76643,1706.89,0.05846389,-1
73091.76643,1706.8,0.001,-1
73091.76643,1706.78,0.52818505,-1
73091.76643,1706.77,0.07204248,-1
73095.856466,1707.23,0.00149531,-1
73095.856466,1707.2,0.001,-1
73095.856466,1707.1,0.001,-1
73095.856466,1707,0.001,-1
73097.347038,1707.18,0.02511343,-1
73097.347038,1707.12,0.03602124,-1
73099.142376,1707.22,0.01508059,-1
73099.27268,1707.29,0.00387385,-1
73102.457861,1707.29,0.00258022,-1
73102.457861,1707.29,0.0085334,-1
73102.95644,1707.28,0.193389,1
73102.925278,1707.28,0.00127101,1
73102.925278,1707.28,0.1933897,1
73102.925278,1707.28,0.59573329,1
73103.156992,1707.21,0.159257,1
73103.105116,1707.23,0.00520726,-1
73103.097975,1707.24,0.208814,1
73103.333402,1707.18,0.297866,1
73104.002164,1707.22,0.05556324,-1
73104.661381,1707.08,0.523369,1
73104.64121,1707.17,0.12158648,1
73104.640719,1707.17,0.0631226,1
73104.640719,1707.17,0.05846389,1
73104.59689,1707.2,0.214236,1
73106.649624,1707,0.08549478,1
73106.649583,1707,0.08449478,1
73106.649583,1707,0.001,1
73106.894307,1706.85,0.10698559,1
73106.894066,1706.85,0.10598559,1
73106.894066,1706.9,0.001,1
73107.184209,1706.8,0.001,1
73107.178522,1706.81,0.13888473,-1
73107.350485,1706.7,0.05908373,1
73107.350384,1706.7,0.05808374,1
73107.350384,1706.7,0.001,1
73107.775722,1706.96,0.20183689,-1
73107.775459,1706.96,0.09651191,-1
73107.775459,1706.95,0.54851789,-1
73107.775142,1706.91,0.37946954,-1
73107.774948,1706.91,0.09085746,-1
73107.774948,1706.9,0.1553216,-1
73107.774948,1706.89,0.05845491,-1
73107.774948,1706.89,0.12820292,-1
73107.774767,1706.89,0.08343944,-1
73107.774767,1706.79,0.42328473,-1
73107.774767,1706.78,0.1553216,-1
73107.774767,1706.65,0.16579112,-1
73107.774564,1706.65,1.00583689,-1
73107.766001,1706.66,0.17120163,-1
73107.766001,1706.63,1.17162801,-1
73107.766001,1706.61,0.98727165,-1
73107.766001,1706.61,0.05846389,-1
73107.766001,1706.61,0.87893543,-1
73107.766001,1706.61,1.451,-1
73107.766001,1706.61,0.30246,-1
73107.780521,1707.05,1.11934732,-1
73107.780521,1707,0.001,-1
73107.777228,1706.99,3.20174902,-1
73107.777228,1706.96,0.05759098,-1
73107.776077,1706.96,0.86906022,-1
73107.797514,1707,0.08892485,-1
73107.797514,1707,0.49529652,-1
73107.797514,1706.99,0.01229652,-1
73110.329851,1707.2,0.001,-1
73110.634297,1707.35,0.02746451,-1
73110.634297,1707.3,0.001,-1
73116.370302,1707.22,0.05797922,-1
73116.435031,1707.22,0.0277769,-1
73117.348435,1707.21,0.00579877,-1
73117.70035,1707.19,0.18174282,1
73117.70035,1707.19,1.24551968,1
73117.70035,1707.2,0.00087454,1
73119.397563,1707,0.00292268,1
73119.397563,1707,0.001,1
73123.262566,1707.2,0.001,-1
73123.511365,1707.85,0.0514609,-1
73123.511365,1707.85,0.03859567,-1
73123.511365,1707.84,0.02573045,-1
73123.501002,1707.86,5.13257575,-1
73123.501002,1707.85,1.6957019,-1
73123.499937,1707.85,1.76011019,-1
73123.499132,1707.85,1.99378611,-1
73123.499132,1707.84,0.88560625,-1
73123.499132,1707.8,0.05,-1
73123.499132,1707.8,0.001,-1
73123.499132,1707.77,0.096,-1
73123.498552,1707.76,5.33813867,-1
73123.498536,1707.76,0.86127694,-1
73123.498346,1707.76,1.18063641,-1
73123.498346,1707.72,0.33263952,-1
73123.49812,1707.7,0.001,-1
73123.49812,1707.7,1.575,-1
73123.49812,1707.69,1.17123867,-1
73123.498,1707.66,0.048,-1
73123.498,1707.65,0.05846389,-1
73123.498,1707.61,0.87842099,-1
73123.498,1707.6,0.05,-1
73123.498,1707.6,0.001,-1
73123.498,1707.5,0.001,-1
73123.498,1707.4,0.001,-1
73123.498,1707.3,0.001,-1
73123.541619,1707.89,0.12109723,-1
73123.541619,1707.89,0.38009723,-1
73123.526619,1707.9,0.07219929,-1
73123.526619,1707.9,0.001,-1
73123.526619,1707.89,0.12080071,-1
73123.517482,1707.89,0.38290277,-1
73123.517482,1707.84,0.50370348,-1
73124.85664,1708,0.001,-1
73124.889428,1708.1,0.001,-1
73125.022127,1708.2,0.001,-1
73125.086595,1708.3,0.27241129,-1
73125.086595,1708.3,0.001,-1
73126.093766,1708.27,0.28464675,-1
73128.991763,1708.57,0.17855255,-1
73128.991763,1708.5,0.001,-1
73128.991763,1708.4,0.001,-1
73129.279904,1708.7,0.001,-1
73129.278913,1708.68,1.17053122,-1
73129.275719,1708.66,1.50210794,-1
73129.275719,1708.66,0.12071831,-1
73129.27548,1708.66,1.45428169,-1
73129.27548,1708.65,0.05846389,-1
73129.27548,1708.6,0.001,-1
73129.27548,1708.58,0.8779254,-1
73129.27542,1708.55,0.53784473,-1
73129.318823,1709.1,0.001,-1
73129.318823,1709.07,0.00087796,-1
73129.318823,1709,0.001,-1
73129.294924,1708.9,0.001,-1
73129.294924,1708.85,0.096,-1
73129.280885,1708.83,0.72722912,-1
73129.280735,1708.83,0.27095488,-1
73129.280735,1708.8,0.001,-1
73129.280655,1708.75,0.048,-1
73131.609213,1709.35,0.01059869,-1
73131.609213,1709.3,0.001,-1
73133.501251,1709.27,0.00277762,-1
73133.800952,1709.27,0.11370555,-1
73134.384462,1709.15,0.00000585,1
73134.356771,1709.15,0.04502828,-1
73134.187566,1709.26,0.6,1
73136.483601,1709.29,0.05846389,-1
73136.483601,1709.28,0.02251415,-1
73136.483601,1709.27,0.87757072,-1
73137.467328,1709.21,0.00579446,-1
73138.380091,1709.2,0.00000585,1
73138.528948,1709.2,0.14526006,1
73138.528948,1709.2,0.00116955,1
73138.749888,1709.21,0.00545698,-1
73138.749888,1709.21,0.00546261,-1
73138.952947,1709.2,0.086172,1
73138.940162,1709.2,0.21237594,1
73139.051093,1709.07,0.509236,1
73138.99817,1709.1,0.001,1
73138.99817,1709.11,0.05846389,1
73138.99817,1709.13,0.6,1
73138.99817,1709.2,0.00000045,1
73139.172592,1709.06,0.00562854,-1
73140.318952,1709.06,0.64405,1
73140.614609,1709.01,0.56857404,-1
73141.337828,1709,0.189176,1
73141.337828,1709,0.001,1
73141.804318,1708.91,0.3917979,-1
73141.804318,1708.91,0.00281426,-1
73142.211298,1708.92,0.8777,-1
73144.696734,1709.19,0.49681822,1
73144.696734,1709.19,0.59859285,1
73145.47682,1709.18,0.499616,1
73146.00157,1709.19,0.00154349,1
73148.119912,1709.14,0.05846389,-1
73148.119912,1709.14,0.30147531,-1
73148.222143,1709.16,0.87762409,-1
73150.66468,1709.35,0.03797367,-1
73150.66468,1709.3,0.001,-1
73150.770501,1709.35,0.151426,-1
73151.549501,1709.41,7.012731,1
73151.534298,1709.41,0.15073765,-1
73151.534298,1709.35,0.87753099,-1
73152.705261,1709.41,6.560902,1
73152.699842,1709.41,0.5272021,-1
73152.699842,1709.41,0.07536883,-1
73152.699842,1709.35,0.87752654,-1
73152.691638,1709.34,0.13473837,1
73152.691638,1709.41,0.00000036,1
73152.799872,1709.35,0.05846389,-1
73152.799872,1709.35,0.87752654,-1
73152.789091,1709.34,0.062,1
73152.789091,1709.41,0.00000053,1
73152.927567,1709.39,0.03768441,-1
73154.864928,1709.39,0.00093374,1
73154.864928,1709.39,0.48531683,1
73155.703737,1709.22,0.00554911,-1
73156.113351,1709.24,0.17956294,-1
73157.765085,1709.49,0.00321942,-1
73157.765085,1709.37,0.05846389,-1
73159.318777,1709.45,0.01664549,-1
73159.289275,1709.46,0.2149858,-1
73159.289275,1709.46,0.05846389,-1
73159.289275,1709.46,0.01606765,-1
73159.678069,1709.44,0.06398431,1
73159.757316,1709.45,0.01421385,-1
73160.034828,1709.44,0.01326634,-1
73160.034828,1709.43,0.04358308,-1
73160.088444,1709.43,0.05857562,1
73160.421255,1709.6,0.00089642,-1
73160.421255,1709.58,0.00087771,-1
73160.421255,1709.5,0.001,-1
73161.790693,1709.51,0.00290734,-1
73161.999856,1709.51,0.01705598,-1
73162.516025,1709.5,0.00579161,-1
73162.719438,1709.5,0.00059651,-1
73162.963729,1709.65,0.19783268,-1
73162.963729,1709.63,0.05846389,-1
73162.963729,1709.6,0.00010358,-1
73162.948535,1709.5,0.87744954,-1
73163.31273,1709.69,0.12175282,1
73163.560566,1709.7,0.001,-1
73163.560566,1709.7,0.02941429,-1
73164.332968,1709.96,0.38536061,-1
73164.332968,1709.9,0.001,-1
73164.331826,1709.8,0.001,-1
73167.537808,1709.84,0.87727506,-1
73168.160797,1710.1,0.001,-1
73168.118497,1710,0.001,-1
73168.527794,1710.2,0.001,-1
73171.763357,1710.5,0.001,-1
73171.748595,1710.48,0.0060794,-1
73171.707778,1710.4,0.001,-1
73171.853003,1710.83,0.26107033,-1
73171.852954,1710.83,0.26107033,-1
73171.846346,1710.9,0.001,-1
73171.846346,1710.84,0.04555724,-1
73171.846225,1710.84,0.04355724,-1
73171.846225,1710.8,0.001,-1
73171.846225,1710.7,0.001,-1
73171.846225,1710.6,0.001,-1
73171.948867,1710.92,0.1229852,-1
73171.948685,1710.92,0.1229852,-1
73171.931376,1710.92,0.15920533,-1
73171.930849,1710.92,0.15920533,-1
73171.919002,1710.91,0.04389892,-1
73171.919002,1710.91,0.04389892,-1
73171.915483,1710.93,0.51114067,-1
73171.915483,1710.92,0.012,-1
73171.915483,1710.91,0.00700285,-1
73171.915419,1710.91,0.53014352,-1
73171.91124,1710.93,0.04389892,-1
73171.910537,1710.93,0.04389892,-1
73171.910537,1710.93,0.08779784,-1
73171.910537,1710.92,0.52314066,-1
73171.910537,1710.92,0.53814637,-1
73171.890625,1710.91,0.47036368,1
73171.888414,1710.91,6.90968834,1
73171.888414,1710.91,0.56577977,1
73171.888401,1710.95,0.00509,-1
73171.888401,1710.92,0.72041,-1
73171.888355,1710.92,0.7255,-1
73171.885054,1710.91,0.60306379,1
73171.885054,1710.92,0.28293621,1
73172.770522,1711,0.04530827,-1
73172.770522,1711,0.001,-1
73174.670663,1710.89,10.67764748,1
73174.670663,1710.89,1.46122778,1
73174.670444,1710.91,0.06367403,1
73174.670254,1710.91,0.03585363,1
73174.670244,1710.91,0.69685363,1
73174.670195,1710.91,0.09163632,1
73174.669869,1710.91,0.03163632,1
73174.669803,1710.91,0.45763632,1
73174.669706,1710.91,0.08392045,1
73174.669706,1710.91,0.51425517,1
73174.669706,1710.94,1.16885445,1
73174.669706,1710.95,0.88560625,1
73174.668084,1710.97,0.05846389,1
73178.972264,1710.87,0.87674691,-1
73183.167063,1710.88,0.00177762,1
73183.167063,1710.88,0.46204889,1
73183.167063,1710.88,0.05846389,1
73183.167063,1710.88,0.55610107,1
73183.436691,1710.8,0.00000046,1
73183.426878,1710.8,0.561699,1
73183.426878,1710.8,0.001,1
73183.491026,1710.7,0.410855,1
73183.491026,1710.7,0.001,1
73183.97199,1710.64,0.564815,1
73184.446529,1710.6,0.25436803,1
73184.446529,1710.6,0.00020497,1
73184.405242,1710.6,0.00000584,1
73184.394424,1710.6,0.00078919,1
73185.102451,1710.53,0.32194946,-1
73185.21448,1710.52,0.390462,1
73185.272704,1710.5,0.205517,1
73185.272704,1710.5,0.001,1
73190.137724,1710.65,0.30862,1
73190.607525,1710.66,0.464964,1
73191.085591,1710.8,0.001,-1
73191.080573,1710.75,0.2787816,-1
73191.080544,1710.75,0.21931772,-1
73191.080544,1710.74,0.05846389,-1
73191.080544,1710.7,0.001,-1
73192.767986,1710.86,0.16097473,-1
73194.808615,1710.87,0.04057955,-1
73194.808615,1710.87,0.87674691,-1
73195.987549,1710.88,0.08048736,-1
73197.976397,1711,0.001,-1
73197.972067,1710.97,1,-1
73197.971535,1710.97,1,-1
73199.119288,1711.22,0.05846389,-1
73199.119288,1711.22,0.87656919,-1
73199.119288,1711.22,1,-1
73199.119288,1711.2,0.001,-1
73199.119288,1711.1,0.001,-1
73199.386312,1711.26,0.00001192,1
73199.614223,1711.27,0.00231448,-1
73200.391768,1711.2,0.0390924,-1
73200.49338,1711.26,0.0195462,-1
73202.588352,1711.27,0.018994,-1
73202.672581,1711.27,0.29531732,-1
73202.672581,1711.26,0.8765471,-1
73202.672581,1711.26,0.0097731,-1
73203.856993,1711.3,0.001,-1
73203.856993,1711.29,0.87653233,-1
73203.856993,1711.27,0.14159995,-1
73203.856993,1711.27,0.804072,-1
73203.856993,1711.27,0.77747122,-1
73203.856993,1711.26,0.00488655,-1
73204.139812,1711.6,0.001,-1
73204.139812,1711.56,0.05846389,-1
73204.139812,1711.56,0.27241109,-1
73204.138701,1711.56,0.89620758,-1
73204.138701,1711.55,0.18120652,-1
73204.138701,1711.5,0.001,-1
73204.138352,1711.44,0.69399244,-1
73204.137186,1711.44,0.18246516,-1
73204.137186,1711.4,0.001,-1
73204.161364,1711.72,1,-1
73204.16069,1711.7,0.001,-1
73204.308314,1711.97,1,-1
73204.219938,1711.9,0.001,-1
73204.219938,1711.8,0.001,-1
73204.345943,1712,1.80298306,-1
73204.570574,1712.22,0.178914,-1
73204.570574,1712.2,0.001,-1
73204.570574,1712.1,0.001,-1
73204.450975,1712,0.00001694,-1
73204.447625,1712,0.00098306,-1
73204.447625,1712,0.19701694,-1
73204.832629,1712.11,0.12682,-1
73205.114857,1712.19,8.032,1
73205.321757,1712.18,0.08770969,1
73205.710974,1712.18,0.05662676,1
73206.002747,1712.12,0.07377605,1
73206.358846,1712.21,0.23386411,1
73206.788546,1712.21,0.11571504,-1
73207.648859,1712.04,1.34999246,1
73207.648859,1712.06,3.03210724,1
73207.644351,1712.07,0.88560625,1
73207.644351,1712.07,4.52369072,1
73207.644351,1712.08,7.38005202,1
73207.644351,1712.09,0.05846389,1
73207.644351,1712.1,4.30673393,1
73207.644351,1712.11,0.69549965,1
73207.644351,1712.12,0.47328077,1
73207.721139,1711.91,0.03645107,1
73207.674342,1712.03,0.07131496,1
73207.673331,1712.03,0.46920329,1
73208.080553,1711.84,0.69549965,1
73208.080553,1711.9,0.001,1
73213.179603,1711.98,0.3633596,-1
73213.383943,1712.22,0.821086,-1
73213.383943,1712.2,0.001,-1
73213.38244,1712.1,0.001,-1
73213.740668,1712.29,0.00841744,1
73213.864445,1712.4,0.242,-1
73213.861309,1712.4,1.3485,-1
73213.858193,1712.4,0.242,-1
73213.852525,1712.4,0.242,-1
73213.848937,1712.4,0.242,-1
73213.848937,1712.4,0.001,-1
73213.848937,1712.3,0.001,-1
73214.399237,1713.31,0.05109737,-1
73214.399237,1713.3,0.001,-1
73214.399237,1713.3,0.02082263,-1
73214.395772,1713.29,0.16188,-1
73214.395772,1713.28,0.096,-1
73214.385149,1713.25,2.5405788,-1
73214.385149,1713.25,1.575,-1
73214.385149,1713.22,0.71437752,-1
73214.384989,1713.22,0.28562248,-1
73214.384989,1713.2,0.001,-1
73214.384989,1713.19,0.00384744,-1
73214.384989,1713.16,0.62974392,-1
73214.384989,1713.15,0.0008772,-1
73214.384989,1713.1,0.001,-1
73214.384953,1713.06,0.9618502,-1
73214.384953,1713.05,1.20109629,-1
73214.384906,1713.05,0.41378271,-1
73214.384744,1713.06,0.20879349,-1
73214.384744,1713.05,0.23698922,-1
73214.384652,1713.05,0.16154363,-1
73214.379214,1713.05,1.8814,-1
73214.379214,1713,0.00113122,-1
73214.379214,1713,0.00005,-1
73214.379214,1713,0.001,-1
73214.379214,1712.97,1.3922721,-1
73214.379214,1712.97,1,-1
73214.379214,1712.92,0.01642909,-1
73214.379214,1712.91,0.048,-1
73214.379214,1712.9,0.001,-1
73214.379214,1712.88,0.63126075,-1
73214.374013,1712.8,0.001,-1
73214.374013,1712.8,0.05,-1
73214.374013,1712.79,4.43633806,-1
73214.374013,1712.72,1,-1
73214.374013,1712.71,1.575,-1
73214.374013,1712.7,1.203,-1
73214.374013,1712.7,0.001,-1
73214.374013,1712.68,0.34873998,-1
73214.374013,1712.67,0.05846389,-1
73214.374013,1712.61,0.87586011,-1
73214.374013,1712.6,0.242,-1
73214.374013,1712.6,0.001,-1
73214.374013,1712.51,0.01655364,-1
73214.374013,1712.5,0.00664511,-1
73214.374013,1712.5,0.001,-1
73214.374013,1712.46,0.04987633,-1
73214.418263,1713.4,0.001,-1
73214.418263,1713.34,0.00745099,-1
73214.417081,1713.34,0.0525,-1
73214.413646,1713.31,0.1251526,-1
73214.413103,1713.31,0.06134,-1
73214.406192,1713.31,0.07602,-1
73214.405257,1713.31,0.0833,-1
73214.536242,1713.31,0.41832018,1
73214.885348,1713.31,0.018,-1
73215.154434,1713.41,0.00125704,1
73215.154434,1713.41,0.03268127,1
73215.154434,1713.41,0.10458005,1
73215.154434,1713.41,0.05229003,1
73215.12819,1713.37,0.15911632,-1
73215.118314,1713.31,1.0072533,-1
73215.443829,1713.43,0.76622285,-1
73215.443829,1713.38,0.87546253,-1
73215.443829,1713.35,0.48624409,-1
73215.856651,1713.36,0.35687795,1
73215.856651,1713.37,0.05846389,1
73216.62746,1713.66,0.92051984,-1
73216.62746,1713.65,0.05846389,-1
73216.62746,1713.63,0.0011706,-1
73216.62746,1713.6,0.001,-1
73216.62746,1713.6,0.00061204,-1
73216.62746,1713.5,0.001,-1
73218.118334,1714,0.001,-1
73218.118334,1714,0.05,-1
73218.118334,1713.97,1,-1
73218.118334,1713.97,1.575,-1
73218.118334,1713.9,0.001,-1
73218.118334,1713.9,0.11626896,-1
73218.118334,1713.85,0.87522474,-1
73218.11809,1713.8,0.001,-1
73218.11809,1713.78,1.16707684,-1
73218.11809,1713.77,0.05846389,-1
73218.11809,1713.74,0.16456696,-1
73218.11809,1713.72,1,-1
73218.116186,1713.7,0.001,-1
73218.116186,1713.69,0.10539025,-1
73218.116186,1713.68,0.15808538,-1
73218.1077,1713.63,1.0050591,-1
73218.1077,1713.63,0.01025096,-1
73218.107453,1713.63,0.59374904,-1
73218.107453,1713.63,0.42156102,-1
73218.237747,1713.91,0.05846389,1
73218.218716,1713.99,1.16706577,1
73218.199923,1714.06,0.00039083,1
73218.199923,1714.06,0.26047865,1
73218.199923,1714.06,0.26047865,1
73218.173505,1714.07,0.10090924,-1
73218.173505,1714.07,0.59147234,-1
73218.160704,1714.1,0.001,-1
73218.160704,1714.07,0.56433889,-1
73218.56406,1713.8,0.70422932,1
73218.619514,1713.77,0.018,-1
73218.618791,1713.76,0.529367,1
73218.575141,1713.77,0.00191317,1
73220.193933,1713.83,0.01417926,-1
73220.7633,1713.94,0.53671969,1
73220.7633,1713.94,0.00222222,1
73220.856742,1713.89,0.016607,1
73220.843644,1713.89,0.23374521,1
73221.469279,1713.88,0.15510892,-1
73222.458033,1713.94,0.00059498,-1
73222.978024,1713.9,0.02835852,-1
73222.938341,1713.9,0.00563133,-1
73222.891968,1713.92,0.57071794,1
73223.068786,1713.85,0.07864382,-1
73223.026417,1713.85,0.00442583,-1
73222.985278,1713.89,0.2456428,1
73223.315995,1713.79,0.05846389,1
73223.312389,1713.79,0.46161152,1
73223.312389,1713.8,1.06433089,1
73223.312389,1713.81,0.28202972,1
73223.312389,1713.81,1.16692118,1
73223.799019,1714.1,0.001,-1
73223.799019,1714.02,0.0499991,-1
73223.799019,1714,0.001,-1
73223.789544,1713.87,0.32343171,-1
73223.782689,1713.73,0.87528373,-1
73223.781939,1713.71,0.19222551,-1
73223.781939,1713.71,0.04936237,-1
73223.781885,1713.71,1.11687161,-1
73223.961338,1714.16,0.02859659,-1
73223.961338,1714.13,0.04228646,-1
73223.957379,1714.17,0.06457019,-1
73223.946317,1714.26,0.04491839,-1
73223.946317,1714.11,0.24705114,-1
73223.923826,1714.29,0.29,-1
73223.918011,1714.12,0.39526253,1
73223.918011,1714.27,1.20947947,1
73223.915206,1714.22,1,-1
73223.915206,1714.2,0.001,-1
73223.915206,1714.15,0.46646367,-1
73223.915206,1714.14,0.19999843,-1
73223.915206,1714.13,0.55148609,-1
73223.915206,1714.13,0.20001075,-1
73224.053864,1714.01,0.39648,1
73223.968934,1714.13,0.58240341,-1
73225.06629,1714.01,0.00288837,-1
73225.15284,1714.01,1.1092317,-1
73225.255633,1714.09,0.35817403,-1
73225.339467,1714.1,0.02490468,-1
73225.462781,1714.09,2.22665731,1
73225.414176,1714.1,0.00274467,-1
73225.47707,1714.09,0.45524834,1
73225.47707,1714.09,5.43716866,1
73226.023008,1713.95,0.71086192,1
73226.021559,1713.98,0.05846389,1
73226.021559,1714.06,0.166947,1
73226.0115,1714.06,0.27189036,1
73226.0115,1714.06,3.33944015,1
73226.009979,1714.06,4.68255985,1
73226.72771,1713.7,0.00000001,1
73226.723783,1713.7,0.27347262,1
73226.723783,1713.7,0.001,1
73226.694658,1713.74,0.24032203,1
73226.694658,1713.8,0.001,1
73227.537354,1713.52,0.075053,1
73227.502423,1713.59,0.03752656,1
73227.498888,1713.6,0.19723051,1
73227.498542,1713.6,0.176,1
73227.498356,1713.6,0.186,1
73227.498356,1713.6,0.001,1
73227.733974,1713.38,0.71086192,1
73227.733974,1713.4,0.001,1
73227.733974,1713.5,0.001,1
73227.9772,1713.32,0.02766993,-1
73229.131154,1713.36,0.02020232,-1
73229.3011,1713.35,0.00166803,1
73229.691395,1713.35,0.2336319,1
73231.258251,1713.36,0.2767014,-1
73232.249677,1713.35,0.89590381,-1
73232.249677,1713.34,0.87548297,-1
73233.228814,1714.83,0.25868698,1
73233.228814,1714.83,0.25868698,1
73233.145,1714.82,0.58673237,-1
73233.144954,1714.82,0.288,-1
73233.144954,1714.8,0.001,-1
73233.144519,1714.72,0.29264982,-1
73233.097389,1714.72,0.70735018,-1
73233.097389,1714.7,0.001,-1
73233.097389,1714.6,0.001,-1
73233.097389,1714.5,0.599,-1
73233.097389,1714.5,0.00113122,-1
73233.097389,1714.5,0.001,-1
73233.097389,1714.47,0.599,-1
73233.076889,1714.47,0.4712558,-1
73233.062949,1714.31,0.4,-1
73233.052476,1714.27,1.065,-1
73233.05215,1714.27,0.061,-1
73233.050722,1714.43,1.19047618,-1
73233.050722,1714.4,0.05,-1
73233.050722,1714.4,0.001,-1
73233.050722,1714.35,5.63754603,-1
73233.050433,1714.35,1.74250599,-1
73233.050433,1714.34,4.25090997,-1
73233.050433,1714.31,0.88560625,-1
73233.048338,1714.32,1.575,-1
73233.048338,1714.3,0.001,-1
73233.048338,1714.27,0.177451,-1
73233.048338,1714.26,0.46382789,-1
73233.048336,1714.26,2.08167485,-1
73233.04824,1714.26,1.065,-1
73233.048222,1714.26,0.227,-1
73233.048201,1714.26,2.41754928,-1
73233.048107,1714.26,0.317,-1
73233.048105,1714.26,0.808,-1
73233.047049,1714.27,0.887,-1
73233.047038,1714.2,0.001,-1
73233.047038,1714.17,0.00087535,-1
73233.047038,1714.15,1.2,-1
73233.047038,1714.15,0.048,-1
73233.046837,1714.14,0.049,-1
73233.046748,1714.14,1.13374795,-1
73233.046748,1713.99,0.11525205,-1
73233.046679,1713.99,0.05,-1
73233.046679,1713.8,0.001,-1
73233.040828,1714.1,0.001,-1
73233.040828,1714.07,1.575,-1
73233.040828,1714.06,0.05846389,-1
73233.040828,1714,0.001,-1
73233.040828,1714,0.05,-1
73233.040828,1714,0.197,-1
73233.040665,1713.92,0.87518906,-1
73233.040665,1713.9,0.001,-1
73233.040665,1713.8,0.001,-1
73233.040665,1713.7,0.001,-1
73233.040665,1713.6,0.001,-1
73233.282076,1714.79,0.25868698,1
73234.195537,1714.88,0.00941064,-1
73235.307342,1714.78,0.05279815,-1
73235.289022,1714.77,0.11673004,1
73236.465148,1714.52,0.17533597,1
73236.465148,1714.61,0.05846389,1
73236.655558,1715.09,0.1035,-1
73236.654648,1715.09,0.1035,-1
73236.654226,1715.09,0.207,-1
73236.645521,1714.9,0.00000583,1
73236.637165,1715.34,0.01084307,1
73236.636672,1715.34,0.4078224,1
73236.628544,1715.42,0.22761084,-1
73236.628544,1715.35,0.5860418,-1
73236.614719,1715.4,0.207,-1
73236.614719,1715.4,0.001,-1
73236.614719,1715.37,0.0029,-1
73236.614719,1715.35,0.01188266,-1
73236.609772,1715.3,0.207,-1
73236.609772,1715.3,0.001,-1
73236.609772,1715.29,0.08369286,-1
73236.593394,1715.04,0.4,-1
73236.589225,1715.24,0.096,-1
73236.589225,1715.23,1.575,-1
73236.589225,1715.22,1,-1
73236.589225,1715.2,0.001,-1
73236.589225,1715.2,0.05,-1
73236.589225,1715.19,7.38005202,-1
73236.589225,1715.19,0.00087643,-1
73236.588974,1715.1,0.001,-1
73236.588974,1715.09,0.1553216,-1
73236.588974,1715.08,1.2,-1
73236.588974,1715.04,0.05846389,-1
73236.588797,1715,0.001,-1
73236.588797,1715,0.00387325,-1
73236.588797,1715,0.99,-1
73236.588797,1715,1,-1
73236.588674,1714.9,0.001,-1
73236.588654,1714.85,0.08265961,-1
73236.582612,1714.73,0.58322131,-1
73236.582145,1714.73,0.58322131,-1
73236.580051,1714.66,1.16644261,-1
73236.57783,1714.56,0.26451076,-1
73236.57783,1714.56,1.19670504,-1
73236.57783,1714.56,0.26451076,-1
73236.763998,1714.77,3.33591971,1
73236.763998,1714.77,0.03784077,1
73236.776279,1714.72,0.20933273,1
73237.081725,1714.45,0.03746236,1
73237.081725,1714.46,0.05846389,1
73237.081375,1714.5,0.21643576,1
73237.078845,1714.5,0.28356424,1
73237.078845,1714.5,0.001,1
73237.258312,1714.28,0.51046817,1
73237.258261,1714.3,0.001,1
73237.258261,1714.4,0.001,1
73237.855015,1713.98,0.51046817,1
73237.854001,1713.99,0.03708773,1
73237.854001,1714,0.32298805,1
73237.854001,1714,0.001,1
73237.854001,1714,0.05,1
73237.854001,1714.06,0.00102018,1
73237.854001,1714.1,0.001,1
73237.854001,1714.2,0.001,1
73237.950671,1713.77,0.12456112,-1
73237.858951,1713.89,0.51046817,1
73237.858951,1713.9,0.001,1
73238.221179,1714.03,4.25090997,-1
73238.22078,1713.86,0.05846389,-1
73240.241045,1714.22,0.00000583,1
73240.230392,1714.22,0.00422349,1
73240.33498,1714.23,0.67526713,-1
73241.69829,1714.29,0.3430297,1
73242.168379,1714.07,0.03182309,1
73243.057086,1714.08,0.02887594,-1
73244.670251,1714.02,0.25342263,1
73244.676366,1714.01,0.00774195,-1
73245.564104,1714,0.22396357,1
73245.564104,1714,0.001,1
73245.812363,1713.87,0.30806393,1
73245.812363,1713.9,0.001,1
73246.261123,1713.7,0.001,1
73246.260611,1713.8,0.001,1
73247.267115,1713.84,0.00553308,-1
73248.17256,1713.83,0.02970689,1
73248.17256,1713.83,0.08347346,1
73248.17256,1713.83,0.08347346,1
73249.588141,1713.73,0.000404,-1
73249.873149,1713.73,0.01443915,-1
73250.727087,1714.85,1.92511323,-1
73250.727087,1714.84,2.96032475,-1
73250.727087,1714.83,0.85993946,-1
73250.727087,1714.82,1.45857512,-1
73250.727087,1714.8,0.05,-1
73250.727087,1714.8,0.001,-1
73250.727087,1714.79,0.192,-1
73250.726482,1714.75,0.81561688,-1
73250.726482,1714.73,0.68789589,-1
73250.726482,1714.7,1.10307051,-1
73250.726482,1714.7,0.001,-1
73250.726007,1714.65,1.575,-1
73250.726007,1714.62,0.68789589,-1
73250.726007,1714.6,0.00113122,-1
73250.726007,1714.6,0.001,-1
73250.726007,1714.6,0.05,-1
73250.723163,1714.51,1.07659546,-1
73250.723163,1714.51,2.27433951,-1
73250.723163,1714.5,0.001,-1
73250.723163,1714.48,0.048,-1
73250.723163,1714.41,0.096,-1
73250.723163,1714.4,0.001,-1
73250.723163,1714.39,0.88560625,-1
73250.723163,1714.3,0.12867184,-1
73250.722776,1714.3,0.62335363,-1
73250.721452,1714.3,0.61127253,-1
73250.721452,1714.27,0.88560625,-1
73250.719387,1714.32,1.305,-1
73250.71914,1714.32,0.34523312,-1
73250.718668,1714.32,0.489,-1
73250.718594,1714.32,0.111,-1
73250.718514,1714.32,0.754878,-1
73250.718514,1714.3,1.575,-1
73250.718514,1714.3,0.001,-1
73250.718514,1714.21,0.69513202,-1
73250.718396,1714.21,0.28,-1
73250.718118,1714.21,2.10572108,-1
73250.718118,1714.1,0.001,-1
73250.717677,1714.21,1.17005687,-1
73250.717677,1714.21,0.95727441,-1
73250.712222,1714.24,0.17768,-1
73250.712222,1714.2,0.05,-1
73250.712222,1714.2,0.001,-1
73250.712222,1714.2,0.196,-1
73250.712222,1714.17,0.1553216,-1
73250.712222,1714.16,1.209,-1
73250.712222,1714.14,0.59535436,-1
73250.712222,1714.1,0.001,-1
73250.712222,1714.1,0.196,-1
73250.712222,1714.04,0.32052652,-1
73250.712222,1713.99,1.451,-1
73250.712222,1713.95,0.1536,-1
73250.71045,1714.04,0.07947348,-1
73250.71045,1714,0.001,-1
73250.71045,1714,0.196,-1
73250.71045,1713.89,0.51652652,-1
73250.710268,1713.96,1.23967596,-1
73250.710268,1713.95,0.57,-1
73250.710268,1713.94,0.57,-1
73250.710268,1713.93,0.57,-1
73250.70529,1713.97,0.72981468,-1
73250.705078,1713.97,0.43716743,-1
73250.705078,1713.96,3.68737645,-1
73250.705078,1713.95,0.4,-1
73250.705078,1713.94,0.4,-1
73250.705078,1713.9,0.62413336,-1
73250.704949,1713.9,2.10319454,-1
73250.704949,1713.9,0.196,-1
73250.704949,1713.73,0.05846389,-1
73250.704949,1713.73,0.86044058,-1
73250.785061,1714.68,0.44374331,-1
73250.785061,1714.65,0.03228291,-1
73250.785061,1714.65,0.09684872,-1
73250.883782,1714.45,1.575,1
73250.883782,1714.46,0.940275,1
73250.880024,1714.54,0.20315126,1
73250.880024,1714.54,0.10157564,1
73250.880024,1714.54,0.10157564,1
73250.950318,1714.51,0.203151,1
73251.23775,1714.45,0.00000583,1
73251.169218,1714.46,0.1319,1
73251.16277,1714.52,0.10157577,1
73251.278656,1714.38,0.52381911,1
73251.274848,1714.45,0.05845806,1
73252.777668,1714.31,0.037219,1
73253.172441,1714.21,0.28243139,-1
73253.472283,1714.21,0.00830127,-1
73253.476036,1714.2,0.040076,1
73254.42006,1714.21,0.00059481,-1
73255.86212,1714.2,0.21247432,1
73255.86212,1714.2,0.00000086,1
73256.141134,1714.2,0.19511058,-1
73256.141134,1714.2,0.18611535,-1
73256.141134,1714.2,0.13340728,-1
73256.140865,1714.2,0.74163647,-1
73256.140865,1714.14,0.05846389,-1
73256.140865,1714.14,0.20817964,-1
73256.140865,1714.14,0.37372,-1
73259.483717,1714.23,0.04979567,-1
73259.875716,1714.25,0.01967624,-1
73259.875716,1714.23,0.00866822,-1
73260.616181,1714.25,0.0014438,-1
73260.829812,1714.19,1.16670745,1
73260.829812,1714.19,0.15253336,1
73260.938391,1714.1,0.01914,1
73260.938391,1714.1,0.001,1
73260.927133,1714.13,0.17753783,1
73260.927133,1714.13,1.16670745,1
73260.927133,1714.13,0.08015371,1
73260.994958,1714.1,0.97948004,1
73261.23193,1714,0.13377936,1
73261.23193,1714,0.00000046,1
73261.227742,1714,0.00138,1
73261.227742,1714,0.001,1
73261.696034,1713.9,0.00000001,1
73261.694047,1713.9,0.15546279,1
73261.694047,1713.9,0.001,1
73261.781149,1713.81,0.17006624,1
73261.781149,1713.81,0.03967609,1
73262.163596,1713.76,0.0777491,1
73262.163596,1713.8,0.001,1
73262.238277,1713.5,0.001,1
73262.23378,1713.6,0.001,1
73262.228121,1713.7,0.001,1
73262.630092,1713.3,0.001,1
73262.630092,1713.39,0.03847779,1
73262.629697,1713.4,1.16720751,1
73262.629697,1713.4,0.001,1
73262.66803,1713.29,0.01442254,-1
73264.397347,1713.22,0.00000583,1
73264.382119,1713.22,0.00245736,1
73266.118979,1713.17,1.16723902,1
73266.118979,1713.2,0.15968939,1
73266.118979,1713.2,0.001,1
73266.282382,1713.11,0.00622352,-1
73266.662978,1713.1,0.001,1
73267.065761,1713,0.001,1
73267.914487,1712.99,0.12312845,1
73269.90859,1712.9,0.16045516,1
73269.90859,1712.9,0.001,1
73270.459812,1712.8,0.00065528,1
73270.964236,1712.8,0.14744936,1
73270.964236,1712.8,0.00034472,1
73276.75244,1712.78,0.87576983,-1
73276.75244,1712.77,0.05846389,-1
73276.81234,1713.1,0.00168496,-1
73276.81234,1713,0.001,-1
73276.912365,1712.98,0.15641776,1
73276.912365,1712.98,0.00092985,1
73276.912365,1712.98,1.1674238,1
73278.231133,1712.81,0.04046219,-1
73279.825012,1712.89,0.11609579,1
73279.825012,1712.89,1.1674238,1
73280.386791,1712.8,0.00009503,1
73280.518098,1712.73,0.09539,1
73280.517657,1712.73,0.02042,1
73280.51224,1712.8,0.00090497,1
73280.607042,1712.73,0.483348,1
73280.60347,1712.73,0.5685529,1
73280.890804,1712.6,0.001,1
73280.890804,1712.7,0.14186924,1
73280.890804,1712.7,0.001,1
73280.981277,1712.5,0.168,1
73280.981277,1712.5,0.001,1
73281.160119,1712.42,0.037315,1
73281.250752,1712.4,0.168,1
73281.250752,1712.4,0.001,1
73283.517101,1712.38,0.13613525,1
73283.517101,1712.38,0.19999275,1
73283.757312,1712.24,1.167856,1
73283.757312,1712.24,1.575,1
73283.697301,1712.3,1.16785559,1
73283.697301,1712.3,0.15287441,1
73283.697301,1712.3,0.001,1
73283.874019,1712.24,0.00158941,-1
73283.857741,1712.24,0.01444994,-1
73283.792412,1712.25,0.000578,-1
73283.791933,1712.24,1.57499943,1
73283.791933,1712.24,0.00000057,1
73285.196929,1712.2,0.172414,1
73285.196929,1712.2,0.0007,1
73285.182692,1712.2,0.0003,1
73285.851005,1712.19,0.1796849,-1
73285.851005,1712.19,0.2654347,-1
73287.004928,1712.21,1.19162695,-1
73287.004928,1712.2,0.87606588,-1
73287.004621,1712.19,0.05846389,-1
73287.296523,1712.36,0.18923545,1
73287.296523,1712.36,1.16797948,1
73287.967171,1712.13,0.87610169,-1
73288.918525,1712.34,0.14595898,1
73288.918141,1712.39,0.15230115,1
73288.918141,1712.39,0.60872951,1
73288.918103,1712.39,0.55918272,1
73288.918103,1712.39,0.20184794,1
73289.666726,1712.11,0.02929381,-1
73290.26085,1712.1,0.00000584,1
73290.249223,1712.1,0.00169515,1
73290.249223,1712.1,0.00075091,1
73290.249223,1712.1,0.001,1
73291.252639,1712.27,0.03760776,1
73291.252596,1712.27,0.03760776,1
73291.251422,1712.3,0.03760776,1
73291.243705,1712.3,0.17751039,1
73292.816452,1712.1,0.2430498,1
73292.816452,1712.1,0.001,1
73292.877826,1711.8,0.05,1
73292.877826,1711.8,0.001,1
73292.877295,1711.9,0.001,1
73292.877295,1711.91,0.03694237,1
73292.877295,1711.92,1.16796254,1
73292.877295,1712,0.001,1
73295.221346,1711.6,1.451,1
73295.221346,1711.6,0.001,1
73295.19905,1711.7,0.76130745,1
73295.19905,1711.7,0.12380089,1
73295.19905,1711.7,0.001,1
73295.658295,1711.51,0.04708895,1
73296.959187,1711.76,0.02836978,-1
73296.996846,1711.75,0.16961,1
73299.120045,1711.73,0.27688395,-1
73300.045489,1711.71,0.09139653,-1
73300.596271,1711.68,0.08863747,-1
73300.733984,1711.66,0.00036877,-1
73301.817578,1711.67,0.87633714,-1
73302.35108,1711.79,0.01386788,1
73303.495685,1711.79,0.00074808,1
73303.495685,1711.79,0.27017492,1
73304.010039,1711.51,1.14155608,1
73304.010039,1711.58,0.2,1
73304.010039,1711.58,0.1,1
73304.010039,1711.58,0.14605022,1
73304.010039,1711.6,0.152,1
73304.010039,1711.71,1.16836594,1
73304.010039,1711.72,1.575,1
73304.010039,1711.72,0.1,1
73304.010039,1711.73,0.24420231,1
73304.010039,1711.74,0.05846389,1
73304.010039,1711.75,0.11557088,1
73304.304367,1711.69,0.02889272,-1
73304.304367,1711.69,0.51332183,-1
73306.27561,1711.78,0.00000584,1
73306.263608,1711.78,0.00369206,1
73306.233483,1711.79,1.16836592,1
73306.233483,1711.79,0.00000008,1
73306.18715,1711.79,0.24840736,1
73306.18715,1711.79,1.18335927,1
73306.18715,1711.79,0.98693983,1
73306.18715,1711.79,0.05846389,1
73306.18715,1711.79,1.16836594,1
73306.18715,1711.79,0.32889271,1
73308.167671,1711.88,0.00370052,-1
73308.167671,1711.8,0.001,-1
73308.299025,1711.9,0.001,-1
73308.299025,1711.88,0.87253025,-1
73309.345559,1712.06,0.87614171,-1
73309.345559,1712,0.001,-1
73309.935162,1712.21,0.83441374,-1
73309.935162,1712.2,0.001,-1
73309.934754,1712.1,0.001,-1
73310.952997,1712.29,0.00775763,1
73310.952997,1712.29,1.16836594,1
73311.236535,1712.35,0.06826466,-1
73311.236535,1712.3,0.001,-1
73311.179239,1712.29,0.24005205,1
73311.179239,1712.29,0.05070626,1
73312.187081,1712.11,0.43555363,-1
73312.362539,1712.12,0.87610681,-1
73314.13933,1712.11,1.45099939,1
73314.13933,1712.11,0.00000061,1
73314.10781,1712.11,1.17702011,1
73314.10781,1712.11,0.05846389,1
73314.238537,1712.11,0.00554035,-1
73320.714607,1712.11,0.54066584,1
73320.714607,1712.11,0.00075452,1
73322.047988,1712.1,0.001,1
73322.047988,1712.11,0.14114496,1
73322.321361,1712,0.00000001,1
73322.321086,1712,0.49376816,1
73322.321086,1712,0.001,1
73322.439839,1711.8,0.365784,1
73322.439839,1711.8,0.001,1
73322.376952,1711.9,0.00000001,1
73322.37556,1711.9,0.45792198,1
73322.37556,1711.9,0.001,1
73322.515146,1711.8,0.00000008,1
73322.658127,1711.7,0.17458117,1
73322.658127,1711.7,0.001,1
73322.747819,1711.6,0.00000072,1
73322.742298,1711.6,0.577521,1
73322.742298,1711.6,0.001,1
73322.957583,1711.5,0.00000001,1
73322.954329,1711.5,0.38865404,1
73322.954329,1711.5,0.001,1
73324.21547,1711.4,0.02875113,1
73324.21547,1711.4,0.001,1
73324.538263,1711.53,0.87641169,-1
73324.538263,1711.52,0.05846389,-1
73324.964759,1711.72,0.87631351,-1
73324.964759,1711.7,0.001,-1
73325.390415,1711.77,0.05898762,1
73327.618398,1711.73,0.00074909,1
73327.618398,1711.73,0.48646791,1
73327.814375,1711.7,0.09394358,1
73330.347848,1711.65,0.15511711,1
73330.347848,1711.65,0.05846389,1
73330.29855,1711.71,0.517051,1
73331.665442,1711.79,0.473936,1
73331.652807,1711.79,0.01587967,1
73332.461075,1711.59,0.02238963,1
73332.45652,1711.6,0.01610171,-1
73332.422863,1711.52,0.87641394,-1
73335.180318,1711.6,0.022124,-1
73336.419238,1711.6,0.01735077,-1
73339.557199,1711.6,0.11082513,-1
73341.057103,1711.66,0.00074905,1
73341.634946,1711.5,0.001,1
73341.612982,1711.55,0.13542742,1
73341.609398,1711.55,1.03299335,1
73341.609398,1711.57,0.17050748,1
73341.726795,1711.4,1.59049905,1
73341.726795,1711.4,0.00000095,1
73341.687504,1711.4,0.567088,1
73341.687504,1711.4,0.001,1
73343.089888,1711.41,0.56729237,-1
73343.089663,1711.41,0.3091779,-1
73344.730933,1711.68,0.291476,1
73348.003333,1711.55,0.01108181,-1
73348.70444,1711.55,0.00063622,-1
73349.337984,1711.55,0.02511513,-1
73349.859971,1711.54,0.05846335,1
73349.859971,1711.54,0.56864817,1
73349.859971,1711.54,0.20048948,1
73349.916796,1711.5,0.565296,1
73350.132641,1711.45,0.02770873,-1
73350.265324,1711.45,0.27711045,-1
73350.934515,1711.4,0.224836,1
73350.934515,1711.4,0.001,1
73351.097357,1711.35,0.21807505,1
73351.097357,1711.35,0.03657295,1
73351.76369,1711.41,0.17526273,-1
73351.76369,1711.35,0.31090866,-1
73351.763398,1711.35,0.56559234,-1
73351.964706,1711.47,0.00274773,-1
73355.260794,1711.47,0.07093202,-1
73358.93778,1711.48,0.00055545,-1
73359.101481,1711.48,0.87587898,-1
73360.141821,1711.68,0.01035498,-1
73360.141821,1711.6,0.001,-1
73362.111244,1711.68,0.26030255,-1
73362.355741,1711.72,0.19999845,-1
73362.355741,1711.7,0.001,-1
73363.364944,1711.8,0.001,-1
73363.470439,1711.82,0.87626162,-1
73365.188912,1711.9,0.01285388,-1
73365.188912,1711.9,0.001,-1
73365.720183,1711.9,0.05542098,-1
73365.980859,1711.89,0.46841278,1
73366.046091,1711.9,0.80794454,-1
73366.265486,1711.92,1.16813519,1
73366.265486,1711.92,0.00000081,1
73366.237431,1711.92,0.55526875,1
73366.237431,1711.92,0.05846389,1
73366.237431,1711.92,0.0015011,1
73366.237431,1711.92,1.51859402,1
73366.237431,1711.92,1.16814924,1
73370.41655,1711.9,1.16813591,1
73370.41655,1711.9,0.00000009,1
73370.387892,1711.9,0.51418816,1
73370.387892,1711.9,1.16813595,1
73370.387892,1711.9,0.05846389,1
73371.81262,1711.7,0.1818962,1
73371.81262,1711.7,0.001,1
73375.207278,1711.61,0.31608811,1
73375.207278,1711.61,0.05846389,1
73375.156944,1711.62,0.457668,1
73375.3774,1711.6,0.385361,1
73375.3774,1711.6,0.001,1
73376.699581,1711.28,2.42483838,1
73376.699581,1711.29,6.83665555,1
73376.699581,1711.3,0.1,1
73376.699581,1711.3,0.167,1
73376.699581,1711.3,0.001,1
73376.699581,1711.31,0.05846389,1
73376.699581,1711.38,0.03620722,1
73376.699581,1711.39,0.14603486,1
73376.699581,1711.4,0.203,1
73376.699581,1711.4,0.14603486,1
73376.699581,1711.4,0.001,1
73376.699581,1711.43,1.16838355,1
73376.699581,1711.44,0.7199512,1
73376.699581,1711.5,0.29716985,1
73376.699581,1711.5,0.001,1
73378.415818,1711.44,0.00000584,1
73378.539116,1711.42,0.285931,1
73378.478052,1711.44,0.00075154,1
73378.478052,1711.44,0.56800046,1
73378.767177,1711.27,0.07241444,1
73378.751992,1711.3,0.001,1
73378.750251,1711.31,0.31796389,1
73379.212799,1711.2,0.27556136,1
73379.212575,1711.2,0.27456137,1
73379.212575,1711.2,0.001,1
73379.32741,1711.05,1,1
73379.32741,1711.1,0.001,1
73380.073277,1711,0.18595968,1
73380.073178,1711,0.18495968,1
73380.073178,1711,0.001,1
73380.250354,1710.87,3.46931061,1
73380.250354,1710.9,0.001,1
73380.314783,1710.72,0.00288634,-1
73380.286597,1710.8,1,1
73380.286597,1710.8,0.001,1
73380.758097,1710.62,0.199998,1
73380.694497,1710.68,0.19999658,1
73380.684755,1710.7,1,1
73380.684755,1710.7,0.001,1
73380.805147,1710.6,0.00001141,1
73380.805147,1710.62,0.00000051,1
73381.138132,1710.6,0.40222941,1
73381.138132,1710.6,0.00098859,1
73381.618874,1710.52,0.00080995,-1
73382.834804,1710.4,0.564356,1
73382.834804,1710.4,0.001,1
73382.82546,1710.41,0.0040488,-1
73382.793416,1710.5,0.12603538,1
73382.792699,1710.5,0.12503538,1
73382.792699,1710.5,0.001,1
73384.105076,1710.41,0.03214147,-1
73385.049297,1710.58,0.05846389,-1
73385.001005,1710.51,0.18214902,-1
73384.992315,1710.41,0.59791741,-1
73384.99225,1710.41,0.16091963,-1
73384.99225,1710.41,0.84079244,-1
73386.495691,1710.77,0.66721941,-1
73386.495691,1710.77,0.19999347,-1
73386.495691,1710.7,0.001,-1
73391.572617,1710.8,0.001,-1
73391.681805,1710.87,0.02471669,-1
73391.681805,1710.85,0.05846389,-1
73392.238479,1710.89,0.00024847,1
73392.442335,1710.95,0.02391262,-1
73392.442335,1710.9,0.001,-1
73395.256685,1710.99,0.3435632,1
73395.256685,1710.99,0.00096118,1
73395.256685,1710.99,0.35549662,1
73395.427125,1710.89,0.148444,1
73396.877131,1711,0.001,-1
73397.578061,1711.02,0.02223866,-1
73400.449969,1711.02,0.19986642,-1
73400.449969,1711.02,0.19975903,-1
73400.449969,1711.02,0.19940938,-1
73400.449969,1711.02,0.17769087,-1
73400.517545,1711.1,0.001,-1
73402.324912,1711.14,0.05015412,-1
73402.53221,1711.13,1.20667512,1
73402.53221,1711.13,0.19332488,1
73402.723433,1711.14,0.0005786,-1
73404.471595,1711.13,0.1027404,1
73404.471493,1711.13,0.1612043,1
73404.462151,1711.13,0.06676972,1
73404.461992,1711.13,0.06676972,1
73405.139757,1711.13,0.01135717,-1
73405.284675,1711.14,0.14926615,-1
73405.852688,1711.2,0.19986484,-1
73405.852688,1711.2,0.001,-1
73405.927075,1711.3,0.001,-1
73405.927075,1711.3,0.19999223,-1
73406.170245,1711.9,0.01146404,-1
73406.170245,1711.9,0.001,-1
73406.170245,1711.8,0.001,-1
73406.170245,1711.7,0.001,-1
73406.131322,1711.6,0.001,-1
73406.109841,1711.5,0.001,-1
73406.106885,1711.4,0.001,-1
73406.213171,1711.79,0.56835077,-1
73408.543714,1711.93,0.19980502,-1
73410.148426,1712.26,0.26007287,-1
73410.148426,1712.2,0.203,-1
73410.148426,1712.2,0.001,-1
73410.148426,1712.12,0.5315324,-1
73410.148426,1712.1,0.001,-1
73410.148426,1712.09,0.00239473,-1
73410.148426,1712,0.001,-1
73410.587918,1712.15,0.00578562,-1
73411.265172,1712.19,0.01061661,-1
73411.470169,1712.05,0.35780575,1
73411.470169,1712.05,1.16803947,1
73411.470169,1712.12,0.14611082,1
73411.470169,1712.13,0.05846389,1
73411.470169,1712.14,0.1887352,1
73412.747656,1711.95,0.5,1
73412.721779,1712.07,1.02089162,1
73412.721414,1712.07,0.14714785,1
73412.721414,1712.09,0.58416182,1
73412.721414,1712.09,0.14611082,1
73412.721414,1712.11,0.00105087,1
73412.721414,1712.12,0.00000089,1
73412.687077,1712.12,0.058463,1
73413.02911,1711.91,0.00578612,-1
73413.497721,1712.19,0.00305877,1
73413.497721,1712.19,0.0471838,1
73413.497721,1712.19,0.569,1
73413.497721,1712.19,0.04106543,1
73413.481394,1712.19,0.00611837,1
73414.479997,1712.09,0.54612765,1
73417.267532,1712.07,0.155482,1
73417.208787,1712.1,0.530966,1
73419.946326,1711.9,0.001,1
73419.946326,1711.91,0.11675264,1
73419.931659,1712.02,1.46026331,1
73419.931659,1712.02,0.05846389,1
73419.931659,1712.04,0.42205365,1
73420.790393,1711.8,0.427505,1
73420.790393,1711.8,0.001,1
73421.07034,1711.7,0.189638,1
73421.07034,1711.7,0.001,1
73420.987232,1711.71,0.168193,1
73421.664278,1711.69,0.02770064,-1
73421.698021,1711.68,0.53163159,1
73421.698021,1711.68,0.04565441,1
73422.567608,1711.66,0.382641,1
73422.749746,1711.6,0.167525,1
73422.749746,1711.6,0.001,1
73422.927037,1711.5,0.161778,1
73422.927037,1711.5,0.001,1
73423.137485,1711.4,1.59049996,1
73423.137485,1711.4,0.00000004,1
73423.110075,1711.4,0.242762,1
73423.110075,1711.4,0.001,1
73423.576869,1711.23,2.3391485,1
73423.576869,1711.3,0.16165702,1
73423.576869,1711.3,0.001,1
73424.804697,1711.26,0.01305789,-1
73427.277646,1711.3,0.17323087,-1
73429.832258,1711.76,0.02468159,-1
73429.832258,1711.7,0.001,-1
73429.832258,1711.6,0.001,-1
73429.832258,1711.5,0.001,-1
73430.798649,1711.76,0.0554103,-1
73432.255073,1711.68,0.00000584,1
73432.243946,1711.67,0.06599824,1
73432.243946,1711.67,0.00113906,1
73432.243946,1711.69,0.0228272,1
73432.491791,1711.7,0.01156843,-1
73433.36869,1711.69,0.562005,1
73438.584232,1711.69,0.002554,-1
73439.076289,1711.69,0.17350867,-1
73439.927105,1711.68,1.16862068,1
73439.927105,1711.68,0.14994132,1
73441.497427,1711.61,0.00567965,-1
73442.143337,1711.79,0.20215502,-1
73442.143337,1711.79,1.16820459,-1
73442.143337,1711.7,0.87632293,-1
73442.143337,1711.7,0.213,-1
73442.143337,1711.69,0.17606,-1
73442.143337,1711.69,1.82393733,-1
73442.143337,1711.68,0.88560625,-1
73442.143337,1711.6,0.213,-1
73442.457027,1711.61,0.56401,1
73445.327935,1711.57,0.00268844,1
73445.58276,1711.59,0.13057608,-1
73446.193606,1711.5,0.000841,1
73446.193606,1711.5,0.001,1
73446.277636,1711.49,0.014431,1
73446.403838,1711.4,0.11189914,1
73446.403838,1711.4,0.001,1
73446.403838,1711.49,0.00000086,1
73446.38609,1711.5,0.01385218,-1
73446.965488,1711.31,0.04156208,-1
73446.95735,1711.3,0.239949,1
73446.95735,1711.3,0.001,1
73447.862902,1711.6,0.00056683,-1
73450.755411,1711.8,0.10167812,-1
73450.755411,1711.8,0.001,-1
73450.755411,1711.7,0.001,-1
73450.755411,1711.6,0.00043317,-1
73455.552016,1711.75,0.06,1
73455.583639,1711.75,0.00247219,1
73456.11614,1711.76,0.11083613,-1
73456.751711,1711.69,0.305945,1
73456.867736,1711.64,0.03977026,1
73456.867736,1711.64,0.03977074,1
73456.806953,1711.67,0.27301,1
73457.277253,1711.63,0.39999957,1
73457.277253,1711.63,0.29846943,1
73457.217194,1711.64,0.257754,1
73457.338196,1711.63,0.29846857,1
73457.338196,1711.63,0.00000043,1
73457.569169,1711.55,0.058463,1
73457.791703,1711.5,0.252284,1
73457.791703,1711.5,0.001,1
73458.019043,1711.44,0.277091,1
73458.197039,1711.4,0.345106,1
73458.197039,1711.4,0.001,1
73458.685834,1711.39,0.04155952,-1
73459.198195,1711.37,0.01376031,-1
73460.025758,1711.38,0.00563883,-1
73460.21739,1711.35,0.22015378,1
73460.21739,1711.35,0.00081122,1
73461.015926,1711.31,0.00172346,-1
73462.251541,1711.7,0.00011044,-1
73462.251541,1711.6,0.001,-1
73465.280197,1711.65,0.01419475,-1
73467.773335,1711.65,0.86215263,-1
73468.533417,1711.7,0.00057846,-1
73468.722512,1711.69,0.23752865,1
73468.722512,1711.69,1.46054484,1
73468.687129,1711.69,1.16682732,1
73468.687129,1711.69,0.05846389,1
73468.687129,1711.69,1.46054484,1
73468.687129,1711.69,0.23752865,1
73468.687129,1711.69,0.0702503,1
73468.811815,1711.63,0.00202436,-1
73469.138138,1711.69,0.29739696,1
73469.138138,1711.69,0.05846389,1
73469.138138,1711.69,0.03512515,1
73469.334094,1711.62,0.01107037,-1
73469.930918,1711.73,0.11536675,-1
73469.930918,1711.7,0.0003111,-1
73470.089253,1711.76,0.02985855,-1
73470.089253,1711.76,0.0019523,-1
73470.702877,1711.92,0.08473641,-1
73470.702877,1711.9,0.001,-1
73470.702877,1711.8,0.001,-1
73471.177427,1711.93,0.187849,1
73471.698837,1711.94,0.0056393,-1
73471.807595,1711.9,0.541519,1
73472.037177,1711.81,0.505002,1
73472.241411,1711.82,0.00192594,-1
73472.448048,1711.8,0.04258102,-1
73473.207262,1711.79,0.021345,1
73473.36851,1711.77,0.15612037,-1
73473.388446,1711.75,0.60186154,1
73473.388446,1711.75,0.00081346,1
73473.79362,1711.7,0.001,1
73473.938146,1711.61,0.01108194,-1
73473.881116,1711.61,0.00851389,-1
73474.716506,1711.47,3.84887464,1
73474.71285,1711.5,0.79382303,1
73474.71285,1711.5,0.001,1
73474.71285,1711.6,0.001,1
73475.178639,1711.4,0.444818,1
73475.178639,1711.4,0.001,1
73475.336922,1711.3,0.467082,1
73475.336922,1711.3,0.001,1
73475.690184,1711.23,0.02891946,-1
73475.920882,1711.21,0.05101924,-1
73475.915902,1711.22,0.00090221,1
73475.915902,1711.22,0.0106727,1
73478.167692,1711.21,0.01419367,-1
73478.234513,1711.21,0.3282324,-1
73478.417416,1711.21,0.05843647,1
73478.722146,1711.21,0.06787846,1
73478.722146,1711.21,0.13212154,1
73480.06817,1711.2,0.461656,1
73480.06817,1711.2,0.001,1
73480.247392,1711.15,0.430921,1
73480.810003,1711.19,0.00000584,1
73480.799516,1711.19,0.00067204,1
73481.130127,1711.18,0.19793581,1
73481.130127,1711.18,0.09494006,1
73483.546887,1711.1,0.260409,1
73483.546887,1711.1,0.001,1
73483.837526,1711.04,0.245038,1
73484.757189,1711.19,0.01108479,-1
73486.101903,1711.02,0.11981262,-1
73486.703436,1711.3,0.00751389,-1
73486.703436,1711.3,0.001,-1
73487.330536,1711.22,0.00113388,-1
73487.436988,1711.21,0.18726439,1
73487.436988,1711.21,0.00081461,1
73487.925862,1711.09,0.01942141,-1
73492.817798,1711.08,0.27418726,1
73494.463218,1711.01,0.0582016,-1
73496.446417,1711.26,0.005124,-1
73497.866124,1711.14,0.01326396,-1
73498.376089,1711.19,0.87658296,-1
73500.929648,1711.41,0.87647291,-1
73500.929648,1711.41,0.3426903,-1
73500.929648,1711.4,0.001,-1
73500.929648,1711.3,0.001,-1
73502.298303,1711.49,1.17390577,1
73502.298303,1711.49,1.16170334,1
73502.298303,1711.49,0.05846389,1
73502.605276,1711.5,0.00274838,-1
73502.572538,1711.5,0.02793028,-1
73502.572538,1711.5,0.001,-1
73503.307354,1711.49,1.16839711,1
73503.307354,1711.49,0.05846389,1
73503.877368,1711.47,0.058463,1
73504.762159,1711.4,0.00102202,1
73504.762159,1711.4,0.20813598,1
73505.126518,1711.44,0.00036228,1
73506.877982,1711.46,0.01441155,-1
73508.518705,1711.43,0.158542,1
73510.038595,1711.39,0.132707,1
73510.26793,1711.38,0.270885,1
73510.323641,1711.36,0.252544,1
73510.457837,1711.33,0.0028922,-1
73510.445858,1711.32,0.346775,1
73510.378876,1711.34,0.263832,1
73511.053584,1711.32,0.01752356,1
73511.820389,1711.23,0.060985,1
73512.138058,1711.25,0.11356332,-1
73513.330283,1711.46,0.5,-1
73513.330283,1711.46,0.06575349,-1
73513.527909,1711.49,0.121325,1
73513.511598,1711.49,0.034,1
73513.957187,1711.47,0.248477,1
73514.605727,1711.45,0.02794299,1
73514.605727,1711.47,0.03049348,1
73514.889135,1711.49,0.08271691,-1
73515.367832,1711.55,0.87640059,-1
73515.367832,1711.5,0.001,-1
73515.442327,1711.59,0.01770563,1
73520.31633,1711.62,0.01324992,-1
73520.31633,1711.6,0.55350695,-1
73520.31633,1711.6,0.001,-1
73520.756053,1711.62,0.0585278,-1
73520.756053,1711.62,0.00853858,-1
73522.583516,1711.62,0.00520728,-1
73522.583516,1711.62,0.8178358,-1
73523.900655,1711.84,0.00059658,-1
73523.900655,1711.8,0.001,-1
73523.900655,1711.7,0.001,-1
73524.061495,1711.75,0.277961,1
73524.030295,1711.75,0.60999351,1
73524.030295,1711.75,0.95759429,1
73524.030295,1711.75,0.0283026,1
73524.030295,1711.75,0.0283026,1
73525.264173,1711.77,0.87628594,-1
73525.308591,1711.88,0.01030452,-1
73526.104653,1711.93,0.02670582,-1
73526.104653,1711.9,0.001,-1
73528.892888,1711.88,0.14191699,-1
73530.144223,1711.89,0.05676542,-1
73530.392258,1711.88,0.058323,-1
73531.233128,1711.85,0.01156623,-1
73531.229284,1711.84,0.256252,1
73531.200307,1711.84,0.00155897,1
73531.200307,1711.84,0.35313503,1
73531.543386,1711.79,0.00289156,-1
73531.596511,1711.79,0.03689606,-1
73533.807839,1711.78,0.01939045,-1
73537.308992,1711.93,0.12740515,1
73537.308992,1711.93,0.07735791,1
73538.526725,1711.93,0.01156623,-1
73539.056812,1711.92,0.2226,1
73539.908565,1711.86,0.0609479,-1
73542.648025,1711.86,0.0867442,-1
73544.279817,1711.87,0.13852528,-1
73544.668564,1711.84,0.01976007,1
73544.668564,1711.85,0.03867896,1
73544.895604,1711.89,0.04986751,-1
73545.89201,1711.85,0.00115076,1
73546.13845,1711.82,0.26372,1
73546.107399,1711.82,0.00087181,1
73546.107399,1711.82,0.05834352,1
73546.107399,1711.82,0.26372067,1
73546.746617,1711.76,0.157696,1
73548.318179,1711.74,0.05817882,-1
73549.464948,1711.73,0.01190261,1
73550.114493,1711.74,0.51090058,-1
73552.251844,1711.76,0.10745468,1
73552.251844,1711.76,0.04369785,1
73552.444398,1711.78,0.00289154,-1
73553.022615,1711.76,0.1179716,1
73553.186383,1711.7,0.04242244,1
73553.186244,1711.7,0.04242244,1
73553.182752,1711.7,0.03069842,1
73553.182533,1711.7,0.03069842,1
73553.179732,1711.7,0.08484489,1
73553.179483,1711.7,0.08384489,1
73553.179483,1711.7,0.001,1
73553.930684,1711.6,0.117673,1
73553.930684,1711.6,0.001,1
73555.201931,1711.59,0.011349,-1
73557.358806,1711.6,0.01908517,-1
73559.832665,1711.59,0.10251111,-1
73560.330392,1711.69,0.92085829,-1
73560.330392,1711.69,0.14604851,-1
73560.329175,1711.6,0.85728781,-1
73560.803749,1711.8,0.001,-1
73561.146979,1712,0.001,-1
73561.146979,1711.97,0.87618698,-1
73561.146979,1711.9,0.001,-1
73561.527291,1711.88,0.5,1
73563.209651,1711.88,0.01445707,-1
73564.939362,1711.85,0.058343,1
73566.123888,1711.86,0.01301992,-1
73566.539324,1711.86,0.00059566,-1
73567.078713,1711.84,0.00513512,1
73567.078713,1711.85,0.00000052,1
73567.247308,1711.84,0.32491342,1
73567.247308,1711.84,0.00120058,1
73567.320426,1711.83,0.01156623,-1
73569.871576,1711.97,0.10267148,1
73569.871576,1711.97,0.00000052,1
73569.840949,1711.97,0.058343,1
73569.815907,1712.09,0.06163716,1
73569.815767,1712.09,0.06163717,1
73571.81793,1712.03,0.124498,1
73572.01303,1711.99,0.03299899,1
73572.01303,1711.99,0.0845621,1
73573.098367,1712.09,0.122967,1
73573.497255,1712.03,0.085886,1
73574.352127,1712.02,0.08675028,-1
73574.607488,1712.02,0.13384681,1
73574.607488,1712.02,0.08565619,1
73576.062485,1712.02,0.287323,1
73576.238244,1711.95,0.226103,1
73578.937496,1711.89,0.02382518,-1
73579.089258,1711.88,0.12725537,1
73579.089258,1711.88,0.00075363,1
73579.319839,1711.82,0.058343,1
73579.557791,1711.7,0.096375,1
73579.557791,1711.7,0.001,1
73579.498459,1711.8,0.00000046,1
73579.498022,1711.8,0.0861,1
73579.498022,1711.8,0.001,1
73579.628815,1711.7,0.14604015,1
73579.628815,1711.7,0.00000085,1
73579.858464,1711.7,0.00000024,1
73579.813994,1711.7,0.12670332,1
73579.813994,1711.7,0.00000068,1
73579.878205,1711.61,0.0004337,-1
73580.87937,1711.62,0.002883,-1
73580.795363,1711.61,0.27858595,-1
73580.795363,1711.61,0.27815225,-1
73582.058694,1711.63,0.09109,1
73582.119648,1711.62,0.490613,1
73582.113593,1711.63,0.09083014,-1
73582.229621,1711.61,0.436769,1
73582.30143,1711.6,0.501641,1
73582.30143,1711.6,0.001,1
73582.516505,1711.53,0.40089448,1
73582.516505,1711.53,0.05834352,1
73582.678029,1711.5,0.413559,1
73582.678029,1711.5,0.001,1
73582.814812,1711.4,0.001,1
73583.915898,1711.37,0.08764395,1
73585.901183,1711.7,0.03401809,-1
73585.901183,1711.7,0.001,-1
73585.901183,1711.6,0.001,-1
