78008.32617,1704.05,0.05257783,1
78006.327473,1704.09,0.02358361,1
78003.624288,1704.16,0.02850224,-1
78003.456651,1704.16,0.04005784,-1
78002.555729,1704.15,0.02613087,-1
78001.76916,1704.15,0.00058073,-1
78001.645511,1704.17,0.00348438,-1
78001.397333,1704.19,0.16691638,-1
78000.926674,1704.27,0.05700382,-1
78000.794923,1704.27,0.02670732,-1
78000.546316,1704.32,0.008,-1
78000.504919,1704.32,0.01710221,-1
78000.288498,1704.4,0.211483,1
78000.236839,1704.76,0.00075354,1
78000.21564,1704.76,0.43092449,1
78000.21564,1704.76,0.14664047,1
78000.21564,1704.76,0.42296788,1
77999.964602,1704.77,0.00101625,-1
77996.663766,1704.77,0.00145178,-1
77995.219184,1704.75,0.01891294,-1
77994.508455,1704.78,0.01448816,-1
77993.744477,1704.72,0.058601,1
77989.699811,1704.86,0.09447981,-1
77989.699811,1704.78,0.87987892,-1
77987.3669,1704.87,0.00087259,1
77987.3669,1704.87,0.14662241,1
77986.958865,1704.88,0.00001172,-1
77986.518888,1704.88,0.00290353,-1
77985.826433,1704.84,0.11612563,-1
77984.892314,1704.83,0.058601,1
77984.654119,1704.83,0.52152423,-1
77984.654119,1704.78,0.36855238,-1
77983.62316,1704.87,0.058601,1
77983.543461,1705.04,0.462894,1
77981.942132,1705.07,0.02323017,-1
77981.590116,1705.05,0.00036961,1
77981.493325,1705.06,0.00556376,-1
77980.514544,1705,0.146672,1
77980.435366,1705.01,0.05565087,-1
77978.822796,1705.03,0.10943671,-1
77978.822796,1705.01,0.01299404,-1
77978.525029,1705.01,0.04560743,-1
77976.904938,1704.97,0.0834734,-1
77976.351342,1704.96,0.00000586,1
77976.339755,1704.96,0.00322001,1
77975.293692,1704.96,0.16209,1
77974.589756,1704.75,1.17327954,-1
77974.580663,1704.7,0.25749378,-1
77974.579603,1704.66,0.04697936,-1
77974.579299,1704.66,0.55257826,-1
77974.579299,1704.66,0.05860147,-1
77974.579299,1704.65,0.29977882,-1
77973.270948,1704.63,0.14663592,-1
77972.842777,1704.62,0.03586,1
77972.682132,1704.62,0.11081225,1
77972.682132,1704.63,0.00088472,1
77971.825086,1704.64,0.001769,1
77971.749458,1704.53,0.001769,1
77971.697777,1704.47,0.00265344,1
77971.697777,1704.47,0.00088456,1
77971.485112,1704.56,0.06343778,-1
77971.481596,1704.46,0.05857204,-1
77971.477798,1704.41,0.007075,1
77971.423254,1704.41,0.01415,1
77971.414554,1704.43,0.02726977,-1
77971.309874,1704.43,0.001203,1
77969.437983,1704.39,0.08681103,1
77969.437983,1704.4,0.00103166,1
77967.987585,1704.47,0.08075943,-1
77965.159312,1704.46,0.002062,1
77965.104622,1704.46,0.00412384,1
77965.104622,1704.46,0.00000016,1
77965.070274,1704.46,0.008249,1
77964.959884,1704.46,0.008249,1
77964.839144,1704.44,0.01502596,-1
77964.392614,1704.4,0.01630452,1
77964.392614,1704.41,0.00073618,1
77964.392614,1704.41,0.00073619,1
77964.261758,1704.46,0.00294263,1
77964.261758,1704.46,0.00000037,1
77964.208223,1704.46,0.005887,1
77963.186462,1704.46,0.011773,1
77962.382008,1704.42,0.007848,1
77962.19608,1704.46,0.03139363,1
77962.19608,1704.46,0.00000037,1
77962.163774,1704.46,0.062789,1
77962.077574,1704.46,0.125577,1
77962.047477,1704.4,0.01691173,1
77962.047477,1704.46,0.25115574,1
77957.641483,1704.46,0.01716206,1
77957.568813,1704.38,0.01161847,1
77957.568813,1704.46,0.00000067,1
77956.343091,1704.46,0.146657,1
77954.587164,1704.47,0.03060101,-1
77954.115758,1704.47,0.069838,1
77953.527463,1704.68,0.146705,1
77953.178936,1704.73,0.01535,1
77952.126184,1704.7,0.001175,1
77950.956391,1704.71,0.00278282,-1
77945.922759,1704.59,0.29327873,-1
78013.349331,1704.19,0.00087638,1
78013.618044,1704.23,0.01558474,-1
78015.35684,1704.27,0.00703758,-1
78015.892379,1704.24,0.003518,1
78016.484091,1704.29,0.146704,1
78017.951472,1704.29,0.27086029,-1
78018.8921,1704.29,0.0582349,-1
78018.8921,1704.29,0.05860147,-1
78019.00073,1704.29,0.03987345,-1
78019.32333,1704.29,0.14666518,-1
78022.193063,1704.11,0.146684,1
78022.294276,1704.06,0.96933503,-1
78023.585051,1704.06,0.06010509,-1
78024.436763,1704.06,0.666605,-1
78025.364358,1704.07,0.28848,1
78025.317973,1704.08,0.01947714,-1
78025.541483,1704.06,0.11130958,-1
78025.898991,1704.05,0.59270561,1
78027.134576,1704.05,0.317291,1
78027.134576,1704.05,0.000752,1
78027.666544,1703.98,1.53882237,1
78027.613294,1704,0.001,1
78028.109056,1703.91,0.1140538,-1
78028.176746,1703.91,0.03464487,-1
78028.293732,1703.91,0.0005809,-1
78029.97058,1703.91,0.02904827,-1
78030.162833,1703.8,0.0002665,1
78030.162833,1703.9,0.001,1
78030.276862,1703.83,0.11130958,-1
78030.527527,1703.81,0.05565397,1
78030.527527,1703.81,0.14424003,1
78033.022909,1703.81,0.01669695,-1
78034.452157,1703.81,0.013205,-1
78035.971259,1703.9,0.099947,1
78035.959867,1703.81,0.80991622,-1
78036.361101,1704,0.01249268,1
78036.361101,1704,0.01874037,1
78036.361101,1704,0.00624679,1
78036.361101,1704,0.00000016,1
78036.331889,1704,0.024987,1
78036.803393,1704,0.00117018,1
78036.803393,1704,0.01639821,1
78036.803393,1704,0.00000061,1
78036.766291,1704,0.002342,1
78036.861817,1703.96,0.00439234,1
78036.861817,1703.96,0.00439266,1
78036.979395,1703.96,0.00219518,1
78036.979395,1703.96,0.00000082,1
78036.936261,1703.96,0.004392,1
78037.013665,1704.06,0.002196,1
78037.010202,1704.2,0.1383989,-1
78037.010202,1704.2,0.001,-1
78037.010202,1704.19,0.05860147,-1
78037.010202,1704.13,1.17360795,-1
78037.010202,1704.11,0.00000246,-1
78037.010202,1704.1,0.001,-1
78037.010202,1704.07,0.88024946,-1
78037.010202,1704,0.001098,-1
78037.010202,1704,0.002196,-1
78037.010202,1704,0.59560717,-1
78038.225702,1704.03,0.0022124,1
78039.406346,1704.05,0.33773559,1
78039.406346,1704.05,0.00075241,1
78040.456657,1704.03,0.144504,1
78042.391161,1704.2,0.18915088,-1
78042.391161,1704.2,0.001,-1
78042.389713,1704.11,1.17361796,-1
78042.386582,1704.06,0.55082653,-1
78042.386532,1704.06,0.32942526,-1
78042.386532,1704.05,0.05860147,-1
78042.386532,1704.04,0.01738265,-1
78042.386532,1704.04,0.14541715,-1
78043.224487,1704.29,0.00566458,-1
78044.089548,1704.29,0.4453318,-1
78044.954377,1704.29,0.00957437,-1
78044.953569,1704.28,0.99999999,1
78044.953569,1704.28,0.14670501,1
78044.924255,1704.29,0.29240907,1
78044.922235,1704.29,9.95547559,1
78044.922235,1704.29,0.30054941,1
78045.293865,1704.28,0.99998999,1
78045.293865,1704.28,0.00000001,1
78045.233165,1704.29,3.65023911,1
78045.233165,1704.29,0.15506189,1
78045.584,1704.29,0.07753,1
78046.695824,1704.29,0.03275873,1
78047.021486,1704.3,0.00001173,-1
78047.173523,1704.4,0.00091601,-1
78047.173523,1704.4,0.001,-1
78047.173523,1704.3,0.00098827,-1
78049.497302,1704.34,0.146705,1
78049.436137,1704.36,0.00000001,1
78049.436137,1704.36,0.99999,1
78049.55319,1704.2,0.146705,1
78049.536228,1704.32,1,1
78050.954547,1704.11,0.58088563,-1
78059.989145,1704.11,0.012323,-1
78065.013826,1704.06,0.12951498,1
78064.966406,1704.1,0.00000039,1
78064.942313,1704.1,0.00075282,1
78064.942313,1704.1,0.33676518,1
78064.926478,1704.1,0.66323482,1
78064.926478,1704.1,0.001,1
78065.017813,1704.06,0.87048502,1
78066.28408,1703.96,1,1
78066.249671,1704,1,1
78066.249671,1704,0.0008111,1
78066.249671,1704,0.001,1
78068.504168,1703.9,1,1
78068.504168,1703.9,0.001,1
78073.205055,1703.83,0.035514,-1
78075.166405,1703.8,0.64906678,1
78075.166405,1703.8,0.0007335,1
78075.166405,1703.82,1,1
78075.209935,1704.21,1.09831836,-1
78075.209935,1704.2,0.001,-1
78075.209935,1704.19,0.88025328,-1
78075.209935,1704.12,3.08736363,-1
78075.209935,1704.11,0.6,-1
78075.209935,1704.1,0.88025328,-1
78075.209935,1704.1,0.001,-1
78075.209935,1704.06,4.7438747,-1
78075.209935,1704.01,0.14672223,-1
78075.209935,1703.98,2.9044251,-1
78075.209935,1703.98,0.14669984,-1
78075.209935,1703.91,0.967,-1
78075.209935,1703.91,0.31202869,-1
78075.209935,1703.9,0.05860147,-1
78075.209935,1703.82,0.88037468,-1
78075.209935,1703.81,0.14440335,-1
78075.209935,1703.81,0.14440335,-1
78075.209935,1703.81,0.28880671,-1
78075.495933,1703.92,0.02851763,-1
78075.729571,1703.8,0.001,1
78075.728546,1703.88,0.11717043,1
78075.727243,1703.88,0.88282956,1
78075.725917,1703.9,1,1
78076.571068,1703.45,0.81835566,1
78076.571068,1703.5,0.001,1
78076.571068,1703.6,0.001,1
78076.571068,1703.7,0.001,1
78078.271507,1703.45,0.00579865,1
78078.271507,1703.46,0.350934,1
78078.271507,1703.47,0.0007563,1
78078.271507,1703.47,0.31119328,1
78078.480615,1703.41,0.4694023,-1
78081.21648,1703.41,0.00581163,-1
78081.844164,1703.4,0.001,1
78084.921787,1703.3,1,1
78084.921787,1703.3,0.001,1
78085.519836,1703.16,1.43748193,1
78085.519836,1703.16,0.1467584,1
78085.519836,1703.2,0.001,1
78085.611244,1703.04,0.19999989,1
78085.611244,1703.05,0.02926818,1
78085.610791,1703.05,0.97073182,1
78085.610791,1703.1,0.001,1
78086.631798,1703.02,0.5,-1
78086.631566,1703.02,0.5,-1
78087.130785,1703.1,0.22338868,-1
78087.130219,1703.1,0.22338868,-1
78089.046844,1703.06,0.27655345,1
78089.046844,1703.06,0.3,1
78089.046844,1703.06,0.88025328,1
78089.046844,1703.07,0.3,1
78089.046844,1703.09,1.17435087,1
78089.046844,1703.09,1.01842,1
78089.046844,1703.09,0.3,1
78089.046844,1703.09,0.15559664,1
78089.201773,1703.14,0.29882813,-1
78089.201544,1703.14,0.29882813,-1
78089.13432,1703.1,0.44677,-1
78089.13432,1703.1,0.55322264,-1
78090.083435,1703.22,1,-1
78090.082913,1703.2,0.59765,-1
78090.082913,1703.2,0.29883,-1
78090.082913,1703.2,0.10352,-1
78090.343103,1703.3,0.001,-1
78090.956085,1703.61,0.05268354,-1
78090.956085,1703.6,0.001,-1
78090.956085,1703.5,0.001,-1
78090.956085,1703.4,0.001,-1
78092.342467,1703.64,0.00008804,1
78093.859047,1703.64,0.04125786,1
78094.184725,1703.66,0.02227371,-1
78097.574187,1703.76,0.44206773,-1
78097.574187,1703.7,0.001,-1
78099.705857,1703.8,0.06245,-1
78099.705376,1703.8,0.06145,-1
78099.705376,1703.8,0.001,-1
78099.936361,1704.12,1,-1
78099.936361,1704.12,0.8802235,-1
78099.936361,1704.1,0.05860147,-1
78099.936361,1704.1,1,-1
78099.936361,1704.1,0.001,-1
78099.936361,1704,0.001,-1
78099.936361,1703.9,0.001,-1
78100.880864,1704.04,0.88026004,1
78100.880864,1704.04,0.3,1
78100.880864,1704.05,0.05868372,1
78100.880864,1704.06,0.05860147,1
78100.880864,1704.19,0.5,1
78102.54486,1704.19,0.08176502,-1
78102.633376,1704.19,0.00125506,-1
78102.620344,1704.19,0.01633454,-1
78105.066685,1704.29,0.04258264,-1
78105.066685,1704.2,0.001,-1
78106.624291,1704.24,0.062265,-1
78106.859246,1704.28,0.00581031,-1
78107.314334,1704.25,0.00001173,-1
78107.631322,1704.25,0.01161781,-1
78108.119419,1704.2,0.023477,-1
78109.42038,1704.16,0.01140311,-1
78112.672515,1704.14,11.73564291,1
78112.672515,1704.14,0.14672653,1
78112.672515,1704.16,0.00187106,1
78112.783721,1704.05,0.05860147,1
78112.783721,1704.05,1.17348382,1
78112.783721,1704.05,0.88025328,1
78112.783721,1704.05,0.14672653,1
78112.723828,1704.08,1.173483,1
78113.792835,1704.16,0.08284405,-1
78113.792835,1704.15,0.43568444,-1
78117.855784,1704.15,0.01391322,-1
78118.323394,1704.13,0.00612298,-1
78118.936071,1704.11,0.06678929,-1
78119.814066,1704.15,0.00541022,-1
78119.866628,1704.12,0.001,1
78119.958393,1704.13,0.11618627,-1
78120.927227,1704.11,0.02851228,-1
78121.564923,1704.11,0.01428544,-1
78122.969736,1704.11,0.00005809,-1
78122.967306,1704.11,0.01425639,-1
78123.743063,1704.12,0.0101297,-1
78123.743063,1704.11,0.00148927,-1
78123.994579,1704.12,0.1425448,-1
78125.159502,1704.11,0.00566411,-1
78125.143801,1704.11,0.00411053,-1
78125.601963,1704.12,0.00539467,-1
78125.601963,1704.11,0.05293736,-1
78127.415888,1704.11,0.020576,-1
78127.772588,1704.11,0.03059855,-1
78128.266853,1704.12,0.0216205,-1
78128.266853,1704.11,0.00742692,-1
78130.866402,1704.11,0.01113097,-1
78132.242368,1704.1,0.06749935,1
78132.62361,1704.01,0.001355,1
78132.893448,1704,0.001,1
78133.096451,1703.81,0.91838141,-1
78133.087594,1703.9,0.001,1
78133.579417,1703.8,0.146699,1
78133.579417,1703.8,0.001,1
78138.426301,1703.71,0.011076,-1
78139.21139,1703.71,0.00570592,-1
78140.718815,1703.71,0.0334046,-1
78142.315116,1703.72,0.0019905,-1
78142.315116,1703.71,0.05860147,-1
78142.786682,1703.61,0.21364611,1
78142.786682,1703.7,0.07539465,1
78142.786682,1703.7,0.001,1
78144.069237,1703.63,0.312366,-1
78145.232783,1703.68,0.02592849,-1
78146.171832,1703.7,0.00276015,-1
78146.401877,1703.7,0.02281366,-1
78146.845968,1703.7,0.00770612,-1
78149.351428,1703.71,0.15,-1
78149.613479,1703.72,0.62742399,-1
78150.875533,1703.77,2.53604151,-1
78150.875533,1703.77,0.15936103,-1
78150.875265,1703.77,0.21416271,-1
78150.874753,1703.72,0.62742,-1
78150.874753,1703.72,0.01149364,-1
78150.874753,1703.72,0.06697768,-1
78150.874753,1703.72,0.88042636,-1
78150.874753,1703.72,1.37257601,-1
78153.115205,1703.88,0.11855144,1
78157.92773,1703.95,0.03240657,-1
78157.92773,1703.9,0.001,-1
78159.377984,1704.13,0.88021823,-1
78159.377984,1704.1,0.001,-1
78159.377984,1704,0.001,-1
78160.296063,1704.19,0.01113241,-1
78160.671659,1704.19,0.00592761,1
78162.696596,1704.2,0.08017591,-1
78162.696596,1704.2,0.001,-1
78162.833102,1704.2,0.00000586,-1
78165.69361,1704.19,0.00181,1
78165.993969,1704.19,0.00011148,-1
78166.693014,1704.18,0.01751501,-1
78167.358794,1704.18,0.067268,-1
78167.65641,1704.18,0.0667885,-1
78169.053424,1704.15,0.11190028,1
78169.053424,1704.2,0.00290461,1
78169.053424,1704.2,0.14670931,1
78169.053424,1704.2,0.4563997,1
78169.023738,1704.23,0.00580921,-1
78169.698729,1704.18,0.00011148,-1
78170.240745,1704.18,0.045743,-1
78174.377897,1704.16,0.252579,1
78174.903746,1704.15,1.44999953,1
78174.903746,1704.15,0.00000047,1
78174.833377,1704.15,0.058601,1
78179.07983,1704.17,0.16696937,-1
78181.91824,1704.19,0.0011121,1
78181.91824,1704.19,0.1262899,1
78183.166957,1704.19,0.006,1
78184.641887,1704.2,0.00130707,-1
78185.310032,1704.19,1.46697206,1
78185.310032,1704.19,0.06314494,1
78185.618077,1704.15,0.12083971,1
78185.618077,1704.19,0.03157248,1
78186.334394,1704.19,0.14522773,-1
78186.425772,1704.2,0.00301346,-1
78186.759238,1704.2,0.00580921,-1
78187.969875,1704.2,0.01242753,-1
78187.969875,1704.17,0.005,-1
78188.01812,1704.19,0.00355436,-1
78188.592929,1704.19,0.05702288,-1
78189.158909,1704.19,0.17420592,-1
78189.245721,1704.19,0.0435508,1
78189.245721,1704.19,0.1622402,1
78192.111846,1704.19,0.05809177,-1
78192.163091,1704.19,0.01452288,1
78192.163091,1704.19,0.11741912,1
78193.020613,1704.2,0.16308684,-1
78193.685808,1704.2,0.0500697,-1
78193.685808,1704.2,0.02296244,-1
78193.685808,1704.2,0.18838084,-1
78194.300098,1704.17,0.05565773,-1
78195.55806,1704.17,0.00081307,1
78195.55806,1704.17,0.09379993,1
78197.395257,1704.15,0.00253807,1
78197.379468,1704.16,0.046899,1
78198.013536,1704.17,0.70563,1
78198.52065,1704.18,0.05809211,-1
78199.274172,1704.16,0.02345,1
78199.364052,1704.15,1.46446,1
78199.972029,1704.15,0.03577089,1
78201.407625,1704.22,0.00556519,-1
78201.78101,1704.2,0.031585,-1
78202.545665,1704.22,0.00055769,-1
78208.215026,1704.15,0.01960124,1
78208.803292,1704.14,0.00081295,1
78208.803292,1704.14,11.73557405,1
78208.770631,1704.15,0.030579,1
78208.926681,1704.06,0.6918473,1
78212.473669,1704.01,0.0580928,-1
78212.972894,1704.01,0.01155541,1
78215.635107,1704.01,0.05565871,-1
78215.802138,1704.01,0.0637907,-1
78215.79399,1704.01,0.07377828,-1
78216.606599,1704,0.001,1
78220.823953,1703.91,0.20331882,-1
78221.696789,1703.72,0.44021522,-1
78221.696545,1703.72,0.44021523,-1
78221.691893,1703.71,0.59048778,-1
78221.680277,1703.69,0.52462453,1
78221.680277,1703.7,0.05860147,1
78221.680277,1703.7,0.001,1
78221.680277,1703.8,0.001,1
78221.680277,1703.9,0.00075591,1
78221.680277,1703.9,0.001,1
78224.489629,1703.8,0.02851629,-1
78225.828077,1703.81,0.09999354,-1
78226.124955,1703.77,0.05831186,-1
78227.224275,1703.64,0.86212947,-1
78227.224126,1703.64,0.13787053,-1
78227.224126,1703.62,0.72425895,-1
78227.20974,1703.62,0.27574105,-1
78227.20974,1703.61,0.8804832,-1
78227.20974,1703.61,0.43736758,-1
78228.437249,1703.89,0.92015219,1
78228.645454,1703.97,0.01643275,-1
78228.645454,1703.9,0.001,-1
78230.570266,1704,0.01342466,-1
78230.907454,1704.27,0.0265178,-1
78230.907454,1704.2,0.001,-1
78230.907454,1704.1,0.001,-1
78231.833211,1704.25,0.00000586,-1
78235.093768,1704.28,0.0505,-1
78236.520952,1704.28,0.08777527,-1
78236.520952,1704.28,0.02353757,-1
78236.520952,1704.28,0.03490365,-1
78236.52077,1704.28,0.1462165,-1
78240.64516,1704.36,0.09923421,-1
78240.64516,1704.3,0.001,-1
78243.757084,1704.54,0.0163706,-1
78243.757084,1704.5,0.001,-1
78243.757084,1704.48,0.01502326,-1
78243.757084,1704.4,0.001,-1
78244.089186,1704.49,0.01514611,1
78244.089186,1704.49,0.38390879,1
78244.41029,1704.54,0.09181357,-1
78244.410188,1704.54,0.09181357,-1
78246.906092,1704.79,0.01140214,-1
78248.834439,1704.79,0.02504042,-1
78249.199016,1704.91,0.16609118,-1
78249.199016,1704.91,0.05860147,-1
78249.199016,1704.88,0.40234452,-1
78249.141787,1704.91,0.00378411,-1
78249.141787,1704.9,0.001,-1
78249.141787,1704.8,0.001,-1
78250.38378,1704.92,0.00363015,-1
78250.322228,1704.75,0.47426434,1
78250.322228,1704.75,0.05860147,1
78250.322228,1704.8,0.39882772,1
78250.435177,1704.92,0.11617267,-1
78250.574433,1704.91,0.01390868,-1
78250.704319,1704.76,0.06383885,1
78250.92404,1704.85,0.01391171,-1
78251.060853,1704.7,0.24017372,1
78251.060853,1704.77,0.05860147,1
78251.060853,1704.77,0.14664219,1
78251.060853,1704.8,0.0017453,1
78251.060853,1704.8,0.00695586,1
78251.060853,1704.8,0.22739585,1
78251.847416,1704.75,0.07175214,1
78251.96119,1704.81,0.02670805,-1
78252.121463,1704.7,0.14925714,1
78252.121463,1704.71,0.24485362,1
78252.121463,1704.72,0.05860147,1
78252.121463,1704.77,0.14664219,1
78252.121463,1704.78,0.0946538,1
78252.467169,1704.7,0.73807583,1
78252.467169,1704.71,0.05860147,1
78252.467169,1704.71,0.04732691,1
78252.887632,1704.69,0.14613522,1
78252.887632,1704.7,0.05860147,1
78252.887632,1704.7,0.09842498,1
78252.887632,1704.71,0.02366345,1
78253.895262,1704.69,1.5944461,1
78253.895262,1704.7,0.70042047,1
78253.895262,1704.71,0.05860147,1
78253.895262,1704.72,0.01183172,1
78253.979759,1704.64,0.4180397,1
78253.979759,1704.71,0.00295793,1
78253.979759,1704.71,0.00295793,1
78254.662211,1704.5,0.001,1
78254.654834,1704.6,0.001,1
78254.767135,1704.23,1.173145,1
78254.737849,1704.3,0.001,1
78254.737849,1704.4,0.001,1
78254.82302,1704.22,1.173145,1
78256.353724,1704.1,0.000934,1
78256.353724,1704.2,0.001,1
78257.440732,1704.1,0.000066,1
78257.876609,1703.9,0.001,1
78257.876609,1704,0.001,1
78260.009363,1703.75,0.0256012,1
78260.009363,1703.8,0.001,1
78260.009363,1703.81,0.00295794,1
78260.17136,1703.75,0.07268508,1
78263.561595,1703.76,0.017284,-1
78263.627561,1703.76,0.01196754,-1
78264.243983,1703.73,0.05281584,1
78264.243983,1703.74,0.00147897,1
78264.449136,1703.76,0.03193904,-1
78264.734808,1703.84,0.00280542,-1
78264.93254,1703.74,0.00854224,-1
78266.873938,1703.88,0.05567014,-1
78268.066492,1704,0.001,-1
78268.313031,1704.16,0.17427049,-1
78268.312733,1704.16,0.17327049,-1
78268.312733,1704.1,0.001,-1
78268.839067,1704.3,0.46267115,-1
78268.83895,1704.3,0.46167115,-1
78268.83895,1704.2,0.001,-1
78269.884057,1704.3,0.025514,-1
78270.46034,1704.29,0.86717051,1
78270.46034,1704.29,0.14672481,1
78270.46034,1704.29,0.03424838,1
78271.098668,1704.42,0.0536721,-1
78271.098668,1704.4,0.001,-1
78271.098668,1704.3,0.001,-1
78272.513361,1704.48,0.36141439,-1
78272.513361,1704.42,0.08181103,-1
78272.513361,1704.42,0.15363179,-1
78272.513361,1704.42,0.02249138,-1
78272.76693,1704.46,0.03385991,-1
78273.019463,1704.49,0.00185196,-1
78275.284207,1704.45,0.00890777,-1
78275.593985,1704.45,0.01947864,-1
78280.913824,1704.5,0.00009293,-1
78281.7042,1704.39,0.00181,1
78281.7042,1704.39,0.5,1
78282.378776,1704.2,0.00000586,1
78282.46127,1704.21,0.08678719,-1
78287.519927,1704.21,0.0003197,-1
78288.53342,1704.21,0.00029046,-1
78288.852655,1704.21,0.11461443,-1
78290.305537,1703.9,0.001,1
78290.29853,1704,0.001,1
78290.222237,1704.09,0.11037,1
78290.222237,1704.1,0.001,1
78290.212514,1704.2,0.00099414,1
78290.413073,1703.8,0.001,1
78291.467333,1703.82,0.03139622,-1
78291.467333,1703.82,0.25371653,-1
78291.902698,1703.95,0.00651786,-1
78293.814938,1704.21,0.02691804,-1
78293.814938,1704.2,0.001,-1
78293.814938,1704.16,0.048,-1
78293.814938,1704.1,0.001,-1
78293.814938,1704,0.001,-1
78294.146905,1704.08,0.00168968,1
78294.146905,1704.08,0.11919112,1
78294.338423,1704.08,0.00918092,-1
78294.333739,1704.09,0.00278258,-1
78294.559565,1704.18,0.01669548,-1
78296.046684,1704.18,0.03464184,-1
78296.046684,1704.18,0.03838977,-1
78296.046243,1704.18,0.05537279,-1
78296.046243,1704.18,0.01765882,-1
78296.59774,1704.41,0.0536574,-1
78296.59774,1704.4,0.001,-1
78296.59774,1704.3,0.001,-1
78297.00979,1704.29,0.48376134,1
78297.00979,1704.32,0.88011641,1
78297.00979,1704.36,0.00090165,1
78297.00979,1704.36,0.19088003,1
78298.385553,1704.48,0.15416885,-1
78302.662189,1704.22,0.02782674,-1
78303.13161,1704.21,0.00292796,1
78303.948928,1704.26,0.03339814,-1
78304.225797,1704.26,0.27824365,-1
78304.631909,1704.26,0.02838464,-1
78305.675335,1704.2,0.001,1
78305.633212,1704.21,0.05982661,-1
78305.724861,1704.1,0.001,1
78305.879245,1704.01,0.01140295,-1
78305.92418,1704,0.001,1
78306.341288,1703.91,0.00834774,-1
78306.455827,1703.91,0.00275891,-1
78308.383792,1703.91,0.13077847,-1
78308.383792,1703.91,0.86922153,-1
78308.484102,1704.01,0.01618807,-1
78308.484102,1704,0.05860943,-1
78308.484102,1703.91,0.09176188,-1
78308.484102,1703.91,0.05605005,-1
78309.569185,1703.9,0.00074956,1
78309.569185,1703.9,0.001,1
78309.707885,1703.81,0.02904299,-1
78309.840552,1703.81,0.090832,-1
78310.571462,1703.8,0.001,1
78310.769671,1703.71,0.08347781,-1
78310.90118,1703.7,0.001,1
78311.364554,1703.92,0.00871525,-1
78311.571405,1703.92,0.00952024,-1
78311.729957,1704,0.001,-1
78312.964025,1704.2,0.001,-1
78312.964025,1704.1,0.001,-1
78313.015821,1704.47,0.05520564,-1
78313.015821,1704.45,0.00088034,-1
78313.015821,1704.4,0.001,-1
78313.015821,1704.3,0.001,-1
78314.936837,1704.4,0.05112946,-1
78315.479285,1704.4,0.00043567,-1
78319.371722,1704.44,0.11620946,-1
78321.582176,1704.43,0.00326755,-1
78321.783427,1704.44,0.001,-1
78322.96036,1704.44,0.00750636,-1
78324.825996,1704.45,0.00087126,-1
78327.861297,1704.38,0.04612247,1
78327.861297,1704.4,0.00105193,1
78328.045671,1704.21,0.01142758,-1
78328.045671,1704.21,0.01598915,-1
78328.045671,1704.21,0.01598914,-1
78328.276295,1704.21,0.05045781,-1
78328.814996,1704.21,0.16695163,-1
78330.51719,1704.2,0.00128599,1
78330.51719,1704.2,0.001,1
78330.84949,1704.11,0.69967193,1
78330.84949,1704.11,0.14667144,1
78330.84949,1704.2,0.14538545,1
78331.112582,1704.11,0.00058673,-1
78332.259768,1704.11,0.00000586,1
78332.247186,1704.11,0.00311012,1
78333.272795,1704.12,0.46473146,-1
78334.829491,1704.11,0.01735881,1
78345.817704,1704.4,0.00006241,-1
78347.334065,1704.39,0.14669861,1
78347.334065,1704.39,0.00087639,1
78348.661844,1704.39,0.00580824,-1
78350.288258,1704.39,0.01103666,-1
78350.706908,1704.5,0.22987828,-1
78350.706908,1704.5,0.001,-1
78350.706908,1704.5,0.00090707,-1
78350.706908,1704.49,0.1536,-1
78350.706908,1704.49,0.1553216,-1
78350.706908,1704.48,0.05860762,-1
78350.706908,1704.4,0.00093759,-1
78350.706908,1704.39,0.13309398,-1
78350.706908,1704.39,0.02133165,-1
78350.706908,1704.39,0.00551833,-1
78350.706908,1704.39,0.88008422,-1
78350.706908,1704.39,0.00290412,-1
78350.706908,1704.39,0.09930935,-1
78352.655123,1704.31,0.546134,1
78353.970307,1704.33,0.10760449,1
78356.884358,1704.43,0.37816245,1
78356.884358,1704.51,0.00090422,1
78356.884358,1704.52,0.21926484,1
78360.8471,1704.48,0.109632,1
78360.966774,1704.47,0.146678,1
78361.473693,1704.44,0.054816,1
78361.713495,1704.44,0.027408,1
78361.806422,1704.43,0.146678,1
78361.753051,1704.44,0.013704,1
78361.983904,1704.44,0.006227,1
78361.968873,1704.44,0.00062451,1
78362.65216,1704.44,0.003426,1
78363.30345,1704.43,0.001713,1
78363.354554,1704.42,0.146678,1
78365.357812,1704.48,0.00556447,-1
78367.669702,1704.48,0.07841009,-1
78367.885191,1704.5,0.01182997,-1
78367.885191,1704.5,0.27857777,-1
78368.008653,1704.5,0.09402384,1
78368.008653,1704.5,0.09402416,1
78368.793258,1704.48,0.094024,1
78370.081696,1704.45,0.20220491,1
78370.081696,1704.46,0.00078277,1
78370.081696,1704.46,0.04701232,1
78370.202552,1704.46,0.01161645,-1
78371.12821,1704.52,0.11402703,-1
78371.97648,1704.79,0.096,-1
78371.97648,1704.7,0.29335665,-1
78371.97648,1704.7,0.001,-1
78371.97648,1704.6,0.001,-1
78371.97648,1704.55,0.1553216,-1
78371.97648,1704.53,0.048,-1
78372.271108,1704.79,0.00451299,-1
78374.900405,1705,0.5,-1
78374.900215,1705,0.5,-1
78374.900215,1705,0.001,-1
78374.898448,1704.9,0.001,-1
78374.894845,1704.8,0.001,-1
78375.354792,1705.09,0.00553613,1
78375.354792,1705.09,0.03875568,1
78375.354792,1705.09,0.02768262,1
78375.354792,1705.09,0.01660957,1
78376.271642,1705.19,0.01352056,-1
78376.271642,1705.1,0.001,-1
78376.249535,1705.09,0.00000586,1
78376.238731,1705.09,0.00402911,1
78378.405313,1705.15,0.00000586,-1
78378.392685,1705.15,0.00580361,-1
78378.777502,1704.92,0.02113655,1
78378.777502,1704.92,0.02113745,1
78378.777502,1704.92,0.146668,1
78378.83391,1704.92,0.0211361,1
78378.83391,1704.92,0.0000009,1
78379.054182,1704.93,0.010569,1
78379.793411,1704.92,0.146668,1
78379.913183,1704.87,0.00264155,1
78379.913183,1704.87,0.00264245,1
78379.855953,1704.9,0.058594,1
78379.855953,1704.9,0.001,1
78379.976244,1704.87,0.00132055,1
78379.976244,1704.87,0.00132145,1
78380.093224,1704.84,1.172824,1
78380.033407,1704.85,1.172824,1
78380.136342,1704.84,1.172824,1
78380.319462,1704.84,1.172824,1
78380.259393,1704.84,1.172824,1
78380.225976,1704.84,1.172824,1
78380.393833,1704.83,0.146668,1
78380.453981,1704.82,1.172824,1
78380.702341,1704.81,1.17282409,1
78380.702341,1704.81,0.00132191,1
78380.763492,1704.81,1.172824,1
78380.733392,1704.81,1.172824,1
78381.444533,1704.81,0.31631298,-1
78383.24161,1704.95,0.19476564,-1
78385.294636,1705.1,0.02402346,-1
78385.294636,1705.1,0.001,-1
78385.766421,1705.19,0.01536447,-1
78385.766421,1705.1,0.85569033,-1
78390.156352,1705.2,0.00090148,-1
78392.316254,1705.33,0.11788066,-1
78392.316254,1705.3,0.001,-1
78392.316254,1705.2,0.00009852,-1
78393.469975,1705.29,0.05699813,-1
78393.69512,1705.21,0.00878495,1
78398.105405,1705.23,0.02919806,1
78402.503808,1705.32,0.001842,1
78402.598915,1705.3,0.01277202,-1
78403.542499,1705.2,0.8796622,-1
78403.773749,1705.24,0.113937,1
78403.835751,1705.24,0.05696766,1
78403.835751,1705.24,0.00000034,1
78404.996154,1705.21,0.028484,1
78404.982142,1705.17,0.87968275,-1
78405.376531,1705.26,0.03419418,-1
78407.994496,1705.12,0.26479544,1
78407.994496,1705.21,0.01709709,1
78407.994496,1705.21,0.01424284,1
78409.894003,1705.28,0.00116111,-1
78410.924453,1705.19,0.054281,-1
78411.641146,1705.18,0.58374947,-1
78412.404185,1705.18,0.00307619,1
78413.925215,1705.18,0.00075066,1
78413.925215,1705.18,7.47317434,1
78425.836833,1705.15,0.0057014,-1
78427.284526,1705.14,0.16150197,1
78427.284526,1705.14,0.30812526,1
78430.456554,1705.13,0.00000586,1
78430.903832,1705.15,0.04274334,-1
78432.588279,1705.15,0.00214373,-1
78434.129159,1705.11,0.26012547,1
78434.129159,1705.12,0.0585941,1
78434.129159,1705.14,0.00108675,1
78434.129159,1705.14,0.07702985,1
78434.129159,1705.14,0.07702985,1
78445.786633,1705.15,0.01995055,1
78445.786633,1705.24,0.00078101,1
78445.913813,1705.26,0.1112554,-1
78452.249611,1705.18,0.00000586,1
78452.239404,1705.18,0.00080343,1
78452.708837,1705.18,0.00355379,1
78453.014191,1705.24,0.0085464,-1
78453.962619,1705.15,0.06397544,1
78457.641827,1705.39,0.10009043,1
78459.792225,1705.4,0.00025577,-1
78459.792225,1705.4,0.001,-1
78461.125167,1705.46,0.029202,-1
78462.522728,1705.46,0.1319175,1
78464.250292,1705.46,0.00000586,1
78464.237982,1705.46,0.00175905,1
78467.088566,1705.46,0.00048589,1
78470.371354,1705.47,0.00638534,-1
78470.621869,1705.47,0.00056888,-1
78471.587595,1705.52,0.05138017,1
78471.553878,1705.53,0.00132194,-1
78471.553878,1705.5,0.001,-1
78476.39612,1705.59,0.00000586,1
78476.487973,1705.6,0.00463356,-1
78476.487973,1705.6,0.001,-1
78477.33598,1705.58,0.19987713,1
78477.33598,1705.59,0.00183521,1
78477.33598,1705.59,0.06731141,1
78479.20377,1705.63,0.00383334,-1
78482.632262,1705.7,0.001,-1
78482.632262,1705.69,0.87941463,-1
78482.632262,1705.63,0.31109488,-1
78486.60283,1705.7,0.78442265,1
78487.653039,1705.73,0.4065971,-1
78487.653039,1705.71,0.2346835,-1
78492.955416,1705.77,0.00569956,-1
78493.403549,1705.72,0.13190943,1
78493.403549,1705.72,0.66595457,1
78493.403549,1705.72,0.19988,1
78493.403549,1705.72,0.00225,1
78493.365237,1705.76,0.00098948,1
78493.365237,1705.76,1,1
78493.46322,1705.7,0.09999916,1
78493.46322,1705.7,6.02406784,1
78493.434334,1705.72,0.19987943,1
78493.434334,1705.72,0.1319,1
78493.434334,1705.72,0.66596,1
78493.434334,1705.72,0.00225,1
78493.434334,1705.72,0.00000057,1
78495.481104,1705.7,0.00004449,1
78495.481104,1705.7,0.00000084,1
78513.196072,1705.7,0.095,1
78514.771812,1705.7,0.05972586,1
78519.618659,1705.68,1,1
78519.617821,1705.7,0.00147122,1
78519.617821,1705.7,0.05973,1
78519.617821,1705.7,0.09504,1
78519.617821,1705.7,0.84522965,1
78526.290952,1705.59,0.0740731,-1
78527.411387,1705.59,0.010805,-1
78528.679875,1705.59,0.00319821,-1
78531.964031,1705.63,0.01799377,-1
78532.264992,1705.63,0.01709408,-1
78534.364335,1705.54,0.00000586,1
78535.02109,1705.52,0.00012412,1
78535.206441,1705.55,0.00000012,-1
78536.78489,1705.54,0.01097687,1
78537.961749,1705.53,0.01324638,1
78537.961749,1705.54,0.00116498,1
78537.961749,1705.54,0.08969028,1
78538.590838,1705.56,0.01451136,-1
78539.147302,1705.56,0.00085687,-1
78540.402264,1705.54,0.05561106,-1
78543.215781,1705.54,0.02054,-1
78544.401673,1705.53,0.09844,1
78546.165181,1705.53,0.05561367,-1
78548.358298,1705.5,0.001,1
78548.577278,1705.3,0.001,1
78548.577278,1705.4,0.001,1
78548.785968,1705.2,0.001,1
78549.104171,1705.14,0.4,1
78549.523304,1705.11,0.05839441,-1
78552.22977,1705.1,0.00077983,1
78552.22977,1705.1,0.001,1
78553.184952,1704.87,0.0235,1
78553.184952,1704.9,0.001,1
78553.184952,1705,0.001,1
78553.53619,1705,0.0150099,-1
78554.521435,1704.81,0.00166593,-1
78554.800693,1704.77,0.31365032,1
78554.800693,1704.78,0.1,1
78554.800693,1704.8,0.001,1
78555.178475,1704.77,0.06791477,-1
78555.305793,1704.97,1.16198715,-1
78555.305793,1704.96,0.0585664,-1
78555.305793,1704.82,0.29321214,-1
78555.305793,1704.81,0.87986344,-1
78555.305793,1704.77,0.03395739,-1
78555.305793,1704.77,0.42189812,-1
78556.634938,1704.7,0.00017772,1
78556.980913,1704.71,0.01424895,-1
78558.394655,1704.71,0.00170301,-1
78558.394655,1704.71,0.00712448,-1
78558.394655,1704.71,0.2136788,-1
78558.713423,1704.71,0.02903105,-1
78560.249613,1704.71,0.00000586,1
78560.238663,1704.71,0.00079778,1
78561.996816,1704.71,0.00566093,-1
78562.647331,1704.71,0.00580608,-1
78563.017331,1704.71,0.00723569,-1
78563.965986,1704.71,0.06676813,-1
78566.025738,1704.71,0.00000586,-1
78580.044259,1704.71,0.10453391,-1
78581.533262,1704.53,0.00114259,1
78581.533262,1704.6,0.05,1
78581.533262,1704.6,0.001,1
78581.533262,1704.7,0.00075061,1
78581.533262,1704.7,0.00082228,1
78584.145933,1704.52,0.11746789,-1
78584.145933,1704.51,0.05354959,-1
78585.553285,1704.52,0.00036199,-1
78587.16795,1704.51,0.00275853,-1
78589.440328,1704.52,0.00556353,-1
78591.583189,1704.51,0.00290404,-1
78593.449702,1704.51,0.03558953,-1
78593.449702,1704.51,0.02249149,-1
78595.184233,1704.51,0.01208313,-1
78595.184233,1704.51,0.02297687,-1
78597.022499,1704.51,0.02503866,-1
78597.394513,1704.73,0.033,-1
78597.394513,1704.65,0.967,-1
78599.771855,1704.8,0.001,-1
78599.903028,1704.81,0.0980973,-1
78599.903028,1704.81,0.02865771,-1
78599.903028,1704.81,0.20712481,-1
78603.983591,1704.81,0.05667383,-1
78603.983591,1704.81,0.17000304,-1
78603.983543,1704.81,0.22667688,-1
78604.55814,1705.13,0.69672949,-1
78604.55814,1705.1,0.001,-1
78604.55814,1705,0.25,-1
78604.55814,1705,0.001,-1
78604.55814,1704.9,0.01924092,-1
78604.55814,1704.9,0.001,-1
78609.227788,1705.33,0.010908,-1
78609.227788,1705.3,0.001,-1
78609.227788,1705.2,0.001,-1
78609.227788,1705.1,0.001,-1
78609.820498,1705.29,0.04537323,-1
78609.820498,1705.26,0.01269776,-1
78611.005283,1705.2,0.00074087,1
78612.163501,1705.13,0.00874795,-1
78612.163501,1705.12,0.00634888,-1
78613.228672,1705.2,0.00000586,-1
78613.21742,1705.2,0.00290172,-1
78613.848546,1705.2,0.01073097,-1
78613.848546,1705.19,0.00317444,-1
78614.857837,1705.2,0.00178503,-1
78615.110291,1705.2,0.00222369,-1
78615.983418,1705.2,0.00834308,-1
78617.873556,1705.19,0.00043543,-1
78618.455441,1705.19,0.00032497,-1
78618.826734,1705.19,0.02798431,-1
78618.826734,1705.19,0.00104454,-1
78619.413309,1705.17,0.00209621,-1
78619.413309,1705.16,0.00068475,-1
78619.513975,1705.15,0.14661486,1
78619.513975,1705.15,0.00330814,1
78619.645479,1705.17,0.01458107,-1
78619.964124,1705.17,0.00278098,-1
78620.900522,1705.17,0.02849472,-1
78621.966112,1705.17,0.01451443,-1
78622.027658,1705.1,0.00278096,-1
78622.184401,1705.1,0.01139673,-1
78622.998738,1705.1,0.00290289,-1
78623.519537,1705.07,0.02849472,-1
78625.104356,1705.06,0.2369293,1
78625.374331,1705.04,0.00217716,-1
78626.79353,1705.04,0.00195655,-1
78627.82159,1705.02,0.01946709,-1
78628.601518,1705.13,0.01139786,-1
78629.594829,1705.08,0.00410098,-1
78629.594829,1705.07,0.11201952,-1
78631.491365,1705.11,0.01352137,-1
78631.491365,1705.1,0.05600976,-1
78633.269877,1705.07,0.01709799,-1
78639.152622,1705.18,0.13612845,-1
78639.152622,1705.17,0.0585664,-1
78641.60977,1705.15,0.06460377,1
78642.436073,1705.16,0.01738253,-1
78642.830884,1705.16,0.01139666,-1
78643.76531,1705.15,0.01390572,-1
78644.422329,1705.14,0.17888162,1
78645.578815,1705.15,0.0111247,-1
78648.496078,1705.14,0.00117947,-1
78650.089084,1705.14,0.00116117,-1
78650.306958,1705.13,0.04779638,1
78650.793573,1705.16,0.03894039,-1
78652.415171,1705.15,0.02902987,-1
78652.493573,1705.07,0.969837,1
78652.43745,1705.14,0.001891,1
78652.582347,1705.08,0.01668598,-1
78656.3646,1705.08,0.0290297,-1
78659.093669,1705.08,0.03059168,-1
78660.406274,1705.02,0.00000586,1
78660.395683,1705,0.00070354,1
78660.395683,1705.07,0.00000027,1
78662.255197,1705.06,0.03986503,-1
78662.255197,1705.05,0.13702457,-1
78663.333522,1705.05,0.531487,1
78664.044128,1705.06,0.22202264,-1
78664.044128,1705.01,0.33425578,-1
78665.6059,1705.08,0.432872,1
78667.219141,1705.01,0.216436,1
78667.703787,1705.02,0.00000005,-1
78667.653478,1705.02,0.108218,1
78667.946358,1705.01,0.054109,1
78668.1766,1705.01,0.00101838,1
78668.1766,1705.01,0.02705462,1
78670.118218,1705.01,0.013527,1
78670.466792,1705.01,0.006763,1
78670.822781,1705.01,0.003382,1
78671.493942,1705.01,0.001848,1
78671.444218,1705.02,0.00031353,-1
78672.206649,1705.01,0.05257093,1
78672.206649,1705.01,0.00092407,1
78672.198123,1705.03,0.10514199,-1
78672.353456,1705.01,0.026747,1
78672.644055,1705.01,0.013374,1
78674.046463,1705.01,0.006687,1
78674.686892,1705.01,0.00334293,1
78674.686892,1705.01,0.00000007,1
78676.357396,1705.01,0.001672,1
78679.25743,1705.01,0.00870963,-1
78679.220664,1705.01,0.00566126,-1
78679.723989,1705.01,0.011398,-1
78679.957236,1705.01,0.00000006,-1
78680.908225,1705.01,0.00521404,-1
78681.243333,1705.01,0.06064222,-1
78681.379405,1705.01,0.008547,-1
78681.528397,1705.01,0.09830265,-1
78682.344367,1705.02,0.08709626,-1
78683.714183,1705.01,0.00111483,-1
78683.6438,1705.01,0.00058064,-1
78684.094693,1705.01,0.001683,1
78685.098463,1705.03,0.00275805,-1
78685.190022,1705.03,0.14516044,-1
78685.897649,1705.11,0.03087835,-1
78686.316783,1705.01,0.05785514,-1
78686.364243,1705.01,0.045209,1
78686.428146,1705,0.00108054,1
78686.428146,1705,0.00029646,1
78686.692102,1705.01,0.00339175,-1
78686.692102,1705.01,0.01130225,-1
78686.790236,1704.97,0.00734602,1
78686.790236,1704.97,1.32568043,1
78686.790236,1704.97,0.02260455,1
78686.914071,1704.97,0.01161284,-1
78687.113768,1704.96,1.172987,1
78687.082953,1704.96,1.1729876,1
78687.082953,1704.96,0.0585664,1
78687.082953,1704.96,0.1,1
78687.082953,1704.96,0.2,1
78688.715364,1705.04,0.03134885,-1
78690.893653,1705.02,0.02734272,1
78690.893653,1705.02,0.00911428,1
78690.959646,1705.03,0.14249116,-1
78691.075982,1705.03,0.00275805,-1
78691.611176,1705,0.0029032,1
78691.981495,1705.25,0.04681659,-1
78691.981495,1705.24,1.17296724,-1
78691.981495,1705.21,0.1553216,-1
78691.981495,1705.2,0.001,-1
78691.981495,1705.18,0.88025328,-1
78691.981495,1705.17,0.16544003,-1
78691.981495,1705.15,2.31560841,-1
78691.981495,1705.15,0.967,-1
78691.981495,1705.14,0.0585664,-1
78691.981495,1705.11,0.05868372,-1
78691.981495,1705.11,0.29324825,-1
78691.981495,1705.1,0.02992438,-1
78691.981495,1705.1,0.23107582,-1
78691.981495,1705.1,0.23376489,-1
78691.981495,1705.06,0.87973443,-1
78691.981495,1705,0.51059838,-1
78692.524334,1705.2,0.001,-1
78692.524334,1705.18,0.25529919,-1
78694.054934,1705.29,0.00069096,-1
78694.148565,1705.32,0.00000586,-1
78694.137269,1705.32,0.00226495,-1
78694.137269,1705.3,0.001,-1
78694.566654,1705.31,0.00556255,-1
78695.503433,1705.29,0.0055,1
78697.347909,1705.29,0.000174,-1
78697.443449,1705.29,0.0222498,-1
78698.81091,1705.3,0.05603675,-1
78698.915995,1705.3,0.01090432,-1
78699.614358,1705.28,0.00074995,1
78699.614358,1705.28,0.48393905,1
78701.419682,1705.27,0.01006651,1
78701.419682,1705.27,0.1,1
78701.419682,1705.28,0.24196953,1
78703.083687,1705.24,0.1,1
78703.083687,1705.24,0.2,1
78703.165384,1705.23,1.172906,1
78703.134348,1705.23,1.172906,1
78710.229279,1705.24,0.00678,1
78710.454521,1705.28,0.01223828,-1
78712.637596,1705.26,0.00056894,-1
78714.525747,1705.1,0.000931,1
78714.525747,1705.1,0.001,1
78715.643916,1705.01,0.03337659,-1
78717.905369,1705.01,0.03668021,-1
78718.085305,1704.95,0.03009277,1
78718.085305,1705,0.001,1
78719.312808,1704.98,0.06118486,-1
78720.230598,1704.94,0.23469303,1
78720.230598,1704.95,0.0585664,1
78721.067203,1704.95,0.058566,1
78722.473301,1704.97,0.159026,1
78724.655137,1704.97,0.03975611,1
78724.655137,1704.97,0.03975689,1
78724.715958,1704.92,0.058566,1
78726.977419,1704.9,0.000753,1
78726.977419,1704.9,0.001,1
78728.975698,1704.8,0.001,1
78729.12689,1704.7,0.001,1
78729.675652,1704.43,0.039757,1
78729.628583,1704.37,0.01876686,1
78729.628583,1704.37,0.2,1
78729.628583,1704.39,0.1,1
78729.628583,1704.4,0.05,1
78729.628583,1704.4,0.001,1
78729.628583,1704.45,0.00000523,1
78729.628583,1704.5,0.001,1
78729.628583,1704.6,0.001,1
78729.786405,1704.42,7.624789,1
78729.733525,1704.43,0.019878,1
78730.298385,1704.34,0.00508091,-1
78730.380007,1704.33,0.00000586,1
78730.51796,1704.19,0.25242216,1
78730.51796,1704.2,0.05,1
78730.51796,1704.2,0.001,1
78730.51796,1704.3,0.2,1
78730.51796,1704.3,0.1,1
78730.51796,1704.3,0.001,1
78730.51796,1704.32,1.1729715,1
78733.025491,1704.28,0.05811978,-1
78733.025491,1704.28,0.88013706,-1
78733.513413,1704.02,0.001279,1
78733.482354,1704.1,0.001,1
78735.58455,1704.06,0.4835,-1
78735.584303,1704.06,0.4835,-1
78735.581004,1704.04,1,-1
78735.580917,1704.02,1,-1
78736.657252,1704.2,0.5,-1
78736.657228,1704.2,0.5,-1
78737.042179,1704.28,0.027816,-1
78739.356178,1704.28,0.00278193,-1
78743.099172,1704.28,0.00058089,-1
78743.77255,1704.27,0.54275437,1
78743.840742,1704.28,0.00566368,-1
78744.547615,1704.28,0.01112986,-1
78744.814517,1704.28,0.01452226,-1
78744.999052,1704.27,0.19948294,-1
78745.158294,1704.28,0.07261131,-1
78745.8394,1704.26,0.00556493,-1
78746.450203,1704.26,0.00566395,-1
78747.028053,1704.26,0.02782465,-1
78747.57125,1704.25,0.58675977,1
78748.079612,1704.26,0.01161781,-1
78748.32612,1704.26,0.00043567,-1
78748.805909,1704.26,0.00057999,-1
78749.196769,1704.25,0.02547117,1
78750.35396,1704.25,0.01237488,1
78751.470585,1704.26,0.04075786,-1
78751.951599,1704.26,0.00278247,-1
78752.174334,1704.25,0.07064294,1
78754.319949,1704.26,0.00334012,-1
78754.709693,1704.01,0.00175963,-1
78754.643842,1704.05,0.14668865,1
78754.643842,1704.12,0.5,1
78754.640009,1704.25,1.1734394,1
78754.640009,1704.25,2.6447271,1
78754.639751,1704.25,2.99110913,1
78754.639372,1704.25,10.930573,1
78754.639268,1704.25,11.67887958,1
78754.630459,1704.25,4.27325941,1
78754.630459,1704.25,1.83691512,1
78754.630459,1704.25,1.1734394,1
78754.630459,1704.25,0.00108388,1
78755.343779,1704,0.0007954,1
78757.45516,1703.87,0.00011844,1
78757.45516,1703.9,0.001,1
78757.45516,1704,0.0002046,1
78767.720227,1703.75,0.01600338,1
78767.720227,1703.78,0.00059234,1
78767.720227,1703.8,0.00129481,1
78767.720227,1703.8,0.001,1
78769.68316,1703.75,0.18037084,1
78769.68316,1703.75,0.11309858,1
78770.801233,1703.76,0.31335483,-1
78772.180506,1703.76,0.05855035,-1
78772.404204,1703.76,0.00001173,-1
78772.514068,1703.76,0.00382713,-1
78772.703742,1703.76,0.18494874,-1
78773.08258,1703.76,0.00058107,-1
78773.277782,1703.75,0.00556255,1
78773.416748,1703.76,0.08031262,-1
78773.416748,1703.76,0.43872615,-1
78773.595221,1703.76,0.24018869,-1
78773.595126,1703.76,0.00715131,-1
78773.595126,1703.76,0.23303738,-1
78774.994307,1703.83,0.100208,-1
78775.930353,1703.84,0.04562964,-1
78776.42051,1703.83,1.17374912,1
78776.42051,1703.83,7.6290856,1
78776.42051,1703.83,0.88025328,1
78776.404878,1703.73,0.06230357,1
78776.404878,1703.74,7.6290856,1
78776.404878,1703.75,4.7342611,1
78776.404878,1703.75,0.88025328,1
78776.404878,1703.75,0.05300385,1
78776.404878,1703.76,1.46734281,1
78776.404878,1703.83,1.17374979,1
78778.600033,1703.83,0.00207208,1
78779.572035,1703.84,0.038681,-1
78782.61069,1703.76,0.00319372,-1
78783.295208,1703.75,0.00198237,1
78783.295208,1703.75,0.00090203,1
78783.295208,1703.75,0.05551325,1
78783.862645,1703.76,0.01045879,-1
78787.373911,1703.76,0.0113361,-1
78788.0891,1703.76,0.27027867,-1
78791.623868,1703.76,0.01312051,-1
78792.115605,1703.76,0.07263347,-1
78793.584796,1703.75,0.0059281,1
78798.915364,1703.75,0.059281,1
78799.627916,1703.76,0.0377694,-1
78803.995445,1703.76,0.00058107,-1
78804.014188,1703.76,0.08393258,-1
78804.014188,1703.76,0.49631763,-1
78804.200599,1703.76,0.00020365,-1
78804.200599,1703.76,0.00037742,-1
78804.270528,1703.76,0.00398578,-1
78804.270528,1703.76,0.01046,-1
78804.270528,1703.76,0.00298635,-1
78804.62042,1703.76,0.10110569,-1
78804.62042,1703.76,0.01133,-1
78804.62042,1703.76,0.05458062,-1
78806.66344,1703.76,0.00566541,-1
78806.838965,1703.76,0.00871144,-1
78808.361158,1703.76,0.00276009,-1
78808.637452,1703.72,0.00697281,-1
78809.080051,1703.72,0.00566541,-1
78809.139193,1703.72,0.00058107,-1
78810.004454,1703.72,0.00997255,-1
78810.004454,1703.72,0.00116071,-1
78810.285907,1703.72,0.00055783,-1
78813.738114,1703.72,0.00952335,-1
78815.925857,1703.71,0.00001116,1
78815.925857,1703.71,0.0585664,1
78817.146837,1703.7,0.001972,1
78817.146837,1703.7,0.001,1
78817.590357,1703.6,0.001,1
78817.680479,1703.43,0.00035223,1
78817.680479,1703.5,0.001,1
78820.354135,1703.41,0.02729339,-1
78823.120989,1703.4,0.001,1
78823.747332,1703.18,0.36324868,1
78823.747332,1703.2,0.17342213,1
78823.747332,1703.2,0.001,1
78823.747332,1703.2,0.05,1
78823.747332,1703.29,1.17400214,1
78823.747332,1703.3,0.001,1
78823.747332,1703.31,0.09999824,1
78823.747332,1703.32,0.0585664,1
78823.909622,1703.3,0.11134682,-1
78826.557332,1703.21,1.174038,1
78828.059621,1703.19,0.1412189,1
78828.059621,1703.19,0.08343004,1
78828.333513,1703.2,0.05811871,-1
78830.968545,1703.2,0.05811,-1
78830.968545,1703.2,0.44188564,-1
78830.968443,1703.2,0.49999565,-1
78831.032586,1703.26,0.14392912,-1
78831.032586,1703.24,1,-1
78832.314815,1703.42,0.21999535,-1
78832.314815,1703.4,1,-1
78832.314815,1703.4,0.001,-1
78833.027716,1703.42,0.00871725,-1
78833.664597,1703.41,0.01033085,1
78833.664597,1703.41,0.02085751,1
78833.764888,1703.42,0.00290582,-1
78834.232764,1703.42,0.00290612,-1
78839.422925,1703.42,0.01120182,-1
78842.705132,1703.42,0.036961,-1
78843.526237,1703.41,0.00773859,1
78843.526237,1703.41,0.00099691,1
78844.576943,1703.53,0.29355988,-1
78844.576943,1703.52,0.0585664,-1
78844.576943,1703.5,0.001,-1
78844.576943,1703.44,0.21999,-1
78844.576943,1703.44,0.78000465,-1
78844.576943,1703.42,0.03696,-1
78844.576943,1703.42,0.01121,-1
78844.576943,1703.42,0.0029,-1
78844.576943,1703.42,0.00291,-1
78844.576943,1703.42,0.00871,-1
78844.576943,1703.42,0.93730799,-1
78844.88879,1703.62,0.5,-1
78844.888764,1703.62,0.5,-1
78844.885204,1703.6,0.5005,-1
78844.8851,1703.6,0.4995,-1
78844.8851,1703.6,0.001,-1
78845.488061,1703.98,0.07905416,-1
78845.458732,1703.97,0.88025328,-1
78845.458195,1703.98,0.39707952,-1
78845.458195,1703.97,0.28693958,-1
78845.458195,1703.9,0.001,-1
78845.445768,1704.2,0.001,-1
78845.445768,1704.19,1.52616632,-1
78845.445768,1704.15,0.1553216,-1
78845.445768,1704.14,0.88025328,-1
78845.445768,1704.13,0.967,-1
78845.445768,1704.12,0.19999839,-1
78845.445768,1704.11,4.7438747,-1
78845.445768,1704.1,0.001,-1
78845.445768,1704.09,0.3,-1
78845.445768,1704.07,0.88025328,-1
78845.445768,1704.07,0.096,-1
78845.445768,1704.06,0.17898381,-1
78845.445768,1704.05,0.29352197,-1
78845.445768,1704.04,0.0585664,-1
78845.445768,1704,0.001,-1
78845.445768,1703.94,1.17393113,-1
78845.445768,1703.94,0.00088056,-1
78845.445768,1703.93,0.88032047,-1
78845.445768,1703.9,0.001,-1
78845.445768,1703.8,0.001,-1
78845.445768,1703.72,1,-1
78845.445768,1703.7,1,-1
78845.445768,1703.7,0.001,-1
78845.606757,1703.97,0.00672419,-1
78845.606757,1703.97,0.00850942,-1
78845.606757,1703.96,0.0127641,-1
78845.606757,1703.96,0.05105645,-1
78845.586428,1704.04,1.9710174,-1
78845.586428,1703.98,1.17393113,-1
78845.586428,1703.97,0.03952708,-1
78845.586428,1703.97,0.09662344,-1
78845.578241,1703.97,0.07905416,-1
78845.565306,1704.04,0.34400035,-1
78845.565306,1704.03,0.1536,-1
78845.565306,1703.98,1.17393113,-1
78845.565306,1703.95,0.03952708,-1
78845.565306,1703.95,0.01976354,-1
78845.565306,1703.95,0.29206458,-1
78845.548199,1703.95,0.07905416,-1
78845.518518,1703.97,0.07905416,-1
78845.758732,1703.94,0.14676,1
78848.437504,1703.92,0.53249211,1
78851.580239,1704.03,0.88026723,-1
78851.580239,1704,0.0585664,-1
78851.81646,1704.09,1.5,1
78852.227456,1704.1,0.967,-1
78853.654981,1704.19,0.880253,1
78853.654981,1704.19,1.84,1
78856.090744,1704.2,0.03061336,-1
78856.001488,1704.21,0.00790678,-1
78856.001488,1704.2,0.001,-1
78857.68081,1704.22,0.0585664,-1
78857.658638,1704.2,0.41826729,-1
78857.658622,1704.2,0.41826729,-1
78860.285671,1704.24,0.315504,1
78860.219608,1704.25,0.02059668,-1
78860.343042,1704.24,0.001655,1
78862.194004,1704.26,0.0585664,-1
78862.194004,1704.26,0.19184075,-1
78862.193244,1704.26,0.25040715,-1
78862.84989,1704.44,0.00000586,-1
78862.839061,1704.46,0.00380609,-1
78862.839061,1704.4,0.001,-1
78862.839061,1704.3,0.001,-1
78863.297967,1704.43,0.03060856,-1
78863.393064,1704.42,0.378876,1
78864.752707,1704.39,0.02904503,-1
78865.15468,1704.36,0.189438,1
78865.638289,1704.39,0.00275928,-1
78865.815329,1704.38,0.094719,1
78865.858599,1704.38,0.071471,-1
78866.083409,1704.39,0.00058085,-1
78866.364184,1704.38,2.54981,1
78866.689105,1704.39,0.00000001,-1
78866.673167,1704.39,0.06932995,-1
78866.673167,1704.39,0.01642326,-1
78866.673167,1704.39,0.10676043,-1
78866.673167,1704.39,0.32759073,-1
78866.673072,1704.39,0.52010437,-1
78866.743971,1704.65,0.00671259,-1
78866.743971,1704.6,0.001,-1
78866.743971,1704.5,0.001,-1
78866.923749,1704.7,0.0001618,-1
78866.923749,1704.7,0.001,-1
78867.247743,1704.8,0.05089503,-1
78867.247743,1704.8,0.001,-1
78867.247743,1704.7,0.06427182,-1
78867.641464,1704.79,0.01391257,-1
78868.118367,1704.81,0.0133553,-1
78868.579923,1704.81,0.05702088,-1
78869.11107,1705.14,0.695597,-1
78869.107068,1705.06,1.30420708,-1
78869.102002,1705.14,3.6733239,-1
78869.102002,1705.13,3.45,-1
78869.102002,1705.12,0.967,-1
78869.102002,1705.1,0.001,-1
78869.102002,1705.06,1.59602969,-1
78869.102002,1705.02,0.87976009,-1
78869.102002,1705.01,1.17307723,-1
78869.102002,1705,0.001,-1
78869.102002,1704.9,0.001,-1
78869.126684,1705.1,2.49135317,-1
78869.126684,1705.07,0.99218965,-1
78869.125966,1705.07,0.18088758,-1
78869.115101,1705.22,1.01055349,-1
78869.115101,1705.2,0.001,-1
78869.115101,1705.19,0.82844651,-1
78869.115061,1705.19,0.05180677,-1
78869.115061,1705.16,0.048,-1
78869.115061,1705.14,0.3749538,-1
78870.604916,1705.1,0.26392501,-1
78871.548746,1705.09,0.03763753,-1
78871.812196,1705.08,0.01770643,1
78871.973054,1705.07,7.629085,1
78872.772094,1705.07,0.00375006,1
78872.772094,1705.07,0.0000006,1
78874.456024,1705,0.0007509,1
78874.455282,1705.06,0.88025328,1
78874.455282,1705.07,0.14288783,1
78874.550292,1704.9,0.001,1
78875.118928,1704.7,0.001,1
78875.118928,1704.78,0.14663789,1
78875.118928,1704.8,0.001,1
78875.719927,1704.55,0.00158052,1
78875.719927,1704.6,0.001,1
78881.75849,1704.42,0.69319045,1
78881.75849,1704.49,1.17295511,1
78881.75849,1704.5,0.001,1
78881.75849,1704.51,0.05860501,1
78884.683739,1704.52,0.029801,-1
78884.834318,1704.52,0.22804872,-1
78889.759018,1704.5,1,-1
78889.759018,1704.48,0.25784,-1
78889.759018,1704.48,0.74215028,-1
78890.285393,1704.79,0.00660629,-1
78890.285393,1704.7,0.001,-1
78890.331557,1704.79,0.07271998,-1
78890.328704,1704.79,0.07271999,-1
78890.497457,1704.8,0.001,-1
78892.573215,1704.9,0.001,-1
78892.655716,1705.1,0.007231,-1
78892.655716,1705,0.001,-1
78893.45173,1705.19,0.00424486,-1
78893.45173,1705.1,0.001,-1
78893.881378,1705.16,0.00001172,-1
78896.79354,1704.99,0.12417672,1
78896.79354,1704.99,0.12417728,1
78896.855108,1704.96,0.001416,1
78896.824271,1704.99,0.124177,1
78896.973797,1704.99,0.062089,1
78897.083224,1704.98,0.880253,1
78897.036702,1704.99,0.031044,1
78899.982487,1704.98,0.00147686,1
78899.982487,1704.98,0.21913014,1
78899.967719,1704.98,0.05974583,1
78900.213577,1704.95,0.264953,1
78900.388895,1704.96,0.264953,1
78902.397037,1704.9,0.00000586,1
78902.77905,1704.9,0.22010986,1
78902.77905,1704.9,0.00099414,1
78903.938687,1704.81,0.01053012,1
78903.938687,1704.9,0.00000038,1
78904.228882,1704.89,0.05860501,-1
78904.209859,1704.82,2.49583,-1
78904.20929,1704.82,2.49583,-1
78904.9399,1705.1,0.001,-1
78904.9399,1704.99,0.05574849,-1
78906.082191,1705.18,0.02570112,1
78906.082191,1705.19,0.00194032,1
78906.082191,1705.19,0.00582096,1
78906.082191,1705.19,0.00776129,1
78908.711988,1705.19,0.2086134,1
78908.711988,1705.19,0.8482656,1
78908.784323,1705.2,0.01568862,-1
78908.784323,1705.2,0.001,-1
78909.533631,1705.18,0.29322069,1
78909.533631,1705.19,0.00000091,1
78910.145744,1705.19,0.00329,-1
78911.332346,1705.26,0.99999972,1
78911.332346,1705.26,0.00776128,1
78913.011004,1705.26,0.99998972,1
78913.011004,1705.26,0.00000028,1
78913.308161,1705.27,0.02317521,-1
78914.276093,1705.27,0.0072,-1
78914.602896,1705.9,0.001,-1
78914.575397,1705.88,4.74257574,-1
78914.575397,1705.85,2.00216392,-1
78914.574848,1705.85,1.024,-1
78914.573381,1705.85,3.13380159,-1
78914.573381,1705.84,0.8812667,-1
78914.573381,1705.84,1.12947171,-1
78914.569338,1705.84,2.45366496,-1
78914.569293,1705.84,0.45472333,-1
78914.561674,1705.86,15.37285968,-1
78914.561399,1705.86,5.26514032,-1
78914.561399,1705.86,0.192,-1
78914.561399,1705.85,10.32615903,-1
78914.561399,1705.84,0.1,-1
78914.561399,1705.84,0.2,-1
78914.561399,1705.84,0.02006411,-1
78914.561399,1705.83,0.88505302,-1
78914.561399,1705.8,0.001,-1
78914.561399,1705.78,0.2,-1
78914.561399,1705.78,0.4,-1
78914.561399,1705.78,0.1,-1
78914.561368,1705.7,0.1757107,-1
78914.561368,1705.7,0.001,-1
78914.561368,1705.67,0.096,-1
78914.561368,1705.63,3.10336434,-1
78914.561368,1705.6,0.001,-1
78914.561368,1705.56,1.52485397,-1
78914.561368,1705.55,0.1553216,-1
78914.561368,1705.55,0.048,-1
78914.561368,1705.53,0.23462961,-1
78914.561368,1705.51,0.967,-1
78914.561368,1705.5,0.3,-1
78914.561368,1705.5,0.523,-1
78914.561368,1705.5,0.001,-1
78914.561368,1705.49,0.3,-1
78914.561368,1705.48,0.3,-1
78914.561368,1705.47,0.00087981,-1
78914.561368,1705.45,2.53220154,-1
78914.561368,1705.45,0.17388399,-1
78914.561368,1705.45,0.19997147,-1
78914.561368,1705.45,0.23462391,-1
78914.561368,1705.4,0.501,-1
78914.561368,1705.4,0.001,-1
78914.561368,1705.35,1.17278386,-1
78914.561368,1705.33,0.87960014,-1
78914.561368,1705.33,0.19997688,-1
78914.561368,1705.32,0.05860501,-1
78914.561368,1705.3,0.001,-1
78914.561368,1705.27,0.17575462,-1
78914.561368,1705.27,0.00179092,-1
78914.561368,1705.27,1.80962479,-1
78914.678275,1706.4,0.001,-1
78914.667959,1706.3,0.001,-1
78914.658216,1706.2,0.001,-1
78914.658216,1706.12,0.17566679,-1
78914.658216,1706.1,0.001,-1
78914.609564,1706,14,-1
78914.609564,1706,0.001,-1
78914.884083,1706.6,0.577,-1
78914.884083,1706.6,0.001,-1
78914.884083,1706.51,0.02620394,-1
78914.884083,1706.5,0.001,-1
78915.326574,1706.51,0.17638729,-1
78915.42788,1706.6,0.59611934,-1
78915.70159,1706.4,0.04053625,1
78915.701275,1706.4,0.04053625,1
78915.695618,1706.41,0.06840819,1
78915.695342,1706.41,0.22280273,1
78915.692303,1706.41,0.15439454,1
78915.692268,1706.41,0.15439454,1
78915.683829,1706.49,0.00000025,1
78915.682849,1706.49,0.040536,1
78915.641649,1706.6,0.72417367,1
78915.641636,1706.6,0.27582633,1
78915.641636,1706.62,0.44834734,1
78915.637645,1706.62,0.55165266,1
78915.623132,1706.63,1.94557069,1
78915.80525,1706,0.05860481,1
78915.80525,1706,0.58812519,1
78915.80525,1706,0.549,1
78915.734478,1706.1,0.6,1
78915.734478,1706.1,0.577,1
78915.70911,1706.35,0.16214501,1
78915.832552,1706,0.577,1
78916.033357,1706.1,0.14902984,-1
78916.033357,1706.1,0.14902984,-1
78916.135174,1706.13,0.87918566,-1
78916.237162,1706.18,0.14902984,-1
78916.626775,1706.2,0.577,-1
78916.728895,1706.23,0.87913118,-1
78916.817788,1706.24,0.01424678,-1
78917.78489,1706.22,1,1
78917.847297,1706.19,0.058605,1
78920.051591,1706.48,0.31827469,-1
78920.051591,1706.48,0.07451492,-1
78920.051591,1706.41,0.25743,-1
78920.023274,1706.49,0.02577947,-1
78920.023274,1706.4,0.001,-1
78920.023274,1706.3,0.001,-1
78921.021115,1706.5,0.001,-1
78921.021115,1706.48,0.14391772,-1
78921.021115,1706.48,0.02408572,-1
78921.021115,1706.48,0.07641906,-1
78921.815661,1706.68,0.66442704,1
78921.815661,1706.69,4.99166,1
78921.815661,1706.69,0.88025328,1
78921.815661,1706.69,0.05853889,1
78921.815661,1706.69,0.28137126,1
78921.815661,1706.69,0.28137127,1
78921.815661,1706.69,1.84,1
78924.493872,1706.6,0.54424,1
78924.493872,1706.6,0.001,1
78924.420945,1706.69,3.65905051,1
78924.420945,1706.7,0.00147382,1
78924.420945,1706.86,0.05853889,1
78924.420945,1706.86,1,1
78924.420945,1706.88,1,1
78924.595279,1706.56,0.27835,-1
78924.595279,1706.55,0.31862872,-1
78924.696915,1706.64,0.15931436,-1
78924.799228,1706.67,0.25743,-1
78925.604103,1706.68,0.00000585,-1
78925.590858,1706.68,0.00753794,-1
78925.535725,1706.68,0.04350017,-1
78927.504267,1706.89,0.05800022,-1
78928.2887,1706.97,1.000035,-1
78928.2887,1706.9,0.001,-1
78929.201127,1707.22,0.00582328,-1
78929.201127,1707.21,0.00541556,-1
78929.201127,1707.2,0.001,-1
78929.201127,1707.1,0.001,-1
78929.201127,1707,0.001,-1
78929.316841,1707.22,0.01423501,-1
78929.97287,1707.29,0.008701,-1
78929.970444,1707.26,1,1
78929.970444,1707.27,0.05853889,1
78929.970444,1707.28,1,1
78930.034055,1707.01,0.519161,1
78930.178541,1706.7,0.001,1
78930.178541,1706.77,0.28095672,1
78930.178493,1706.9,0.001,1
78930.171269,1707,0.001,1
78930.110218,1707.01,0.00000018,1
78930.279102,1706.6,1,1
78930.279102,1706.6,0.001,1
78930.326211,1706.58,1,1
78930.70563,1706.5,0.10850683,1
78930.705568,1706.5,0.10850683,1
78930.692304,1706.5,0.39199317,1
78930.692073,1706.5,0.39099317,1
78930.692073,1706.5,0.001,1
78930.709253,1706.32,0.07539743,1
78930.709253,1706.39,0.03769871,1
78930.709253,1706.4,0.05,1
78930.709253,1706.4,0.001,1
78930.709253,1706.48,1,1
78931.076905,1706.23,0.2,1
78931.076905,1706.23,0.1,1
78931.0174,1706.3,1,1
78931.0174,1706.3,0.001,1
78931.371199,1706.5,0.93500043,-1
78931.371199,1706.5,0.001,-1
78931.371199,1706.48,0.00745456,-1
78931.369328,1706.48,0.17667076,-1
78931.369328,1706.37,0.01882667,-1
78931.368962,1706.43,0.0878595,-1
78931.368902,1706.43,0.19391045,-1
78931.368879,1706.43,0.79992005,-1
78931.368879,1706.39,0.32296151,-1
78931.367891,1706.39,0.55608777,-1
78931.367891,1706.38,0.05853889,-1
78931.367891,1706.36,0.03765334,-1
78931.367891,1706.28,0.28672,-1
78931.361615,1706.3,0.01163656,-1
78931.36122,1706.3,0.59436344,-1
78931.36122,1706.28,0.03765334,-1
78931.36122,1706.28,0.03765334,-1
78934.229403,1706.9,0.01350184,-1
78934.229403,1706.8,0.001,-1
78935.29075,1706.85,0.05556745,-1
78935.47393,1706.84,0.000751,1
78935.47393,1706.84,1,1
78935.533926,1706.82,0.185016,1
78935.78208,1706.82,0.99999939,1
78935.78208,1706.82,0.00000061,1
78935.907012,1706.83,0.00122101,-1
78936.628735,1706.83,0.05693869,-1
78937.323782,1706.82,0.99998939,1
78937.323782,1706.82,0.00000061,1
78937.912517,1706.83,0.00116015,-1
78938.911132,1706.89,0.87879125,-1
78938.911132,1706.83,0.05076777,-1
78938.911132,1706.83,0.05853889,-1
78938.911132,1706.83,1.78190116,-1
78939.524035,1706.9,0.22338693,-1
78939.524035,1706.9,0.02213279,-1
78939.524035,1706.9,0.001,-1
78941.413465,1706.89,17.23,1
78942.279469,1706.68,0.48903464,1
78942.279469,1706.69,0.05853889,1
78942.279469,1706.7,0.575,1
78942.279469,1706.72,1.1716557,1
78942.279469,1706.76,1.46465208,1
78942.279469,1706.76,1.60321238,1
78942.279469,1706.79,0.29290639,1
78942.279469,1706.8,0.67217536,1
78942.279469,1706.82,0.17576995,1
78942.275423,1706.86,1,1
78942.275423,1706.88,0.99999,1
78942.275423,1706.88,0.00000061,1
78942.275423,1706.89,0.00000093,1
78942.493324,1706.69,1.171655,1
78942.525024,1706.71,0.01295384,1
78942.514224,1706.69,0.00880283,-1
78943.872081,1706.78,0.471284,1
78943.858436,1706.78,0.52871515,1
78943.858436,1706.78,0.59559857,1
78945.228316,1706.79,0.00555655,-1
78946.994642,1706.78,0.09731877,1
78946.994642,1706.78,0.00000085,1
78947.007612,1706.78,0.902671,1
78948.792877,1706.79,0.00753764,-1
78950.480059,1706.82,0.02846818,-1
78951.603332,1706.81,0.05693635,-1
78952.030398,1706.81,0.06519435,-1
78952.030398,1706.81,0.00158631,-1
78954.31012,1706.81,0.05748322,-1
78954.31012,1706.81,0.05852266,-1
78954.797268,1706.82,0.00001171,-1
78957.876008,1706.8,0.001198,1
78957.876008,1706.8,1,1
78957.966585,1706.76,0.99998977,1
78957.966585,1706.76,0.00000023,1
78957.935354,1706.76,0.99998977,1
78957.935354,1706.76,0.00000023,1
78958.498695,1706.71,0.87888393,-1
78958.644098,1706.77,0.1466108,1
78959.684775,1706.9,0.33094878,-1
78959.683992,1706.9,0.23065358,-1
78959.683992,1706.9,0.001,-1
78959.683992,1706.88,0.88025328,-1
78959.683992,1706.87,0.05852266,-1
78959.683428,1706.79,0.87884273,-1
78961.696347,1707.1,0.03031579,-1
78961.696347,1707.1,0.001,-1
78961.6933,1707,0.519,-1
78961.6933,1707,0.001,-1
78961.914425,1707.05,0.05557229,-1
78961.905329,1707.05,0.05557229,-1
78963.404906,1707.04,0.38137735,1
78965.691229,1707.19,0.05692285,-1
78965.801274,1707.16,0.49999632,1
78965.80112,1707.16,0.11862633,1
78965.80112,1707.16,0.38137,1
78966.309439,1706.8,0.00736764,1
78966.309439,1706.8,0.001,1
78966.309439,1706.84,0.03656775,1
78966.309439,1706.9,0.00081624,1
78966.309439,1706.9,0.001,1
78968.122213,1706.88,0.10398272,1
78968.903676,1707.1,0.00636854,-1
78968.843634,1707.1,0.04067389,-1
78968.843634,1707.1,0.001,-1
78971.782984,1707.08,0.01512114,1
78972.575887,1707.53,0.13964567,-1
78972.574577,1707.53,0.74060761,-1
78972.574577,1707.44,0.11318239,-1
78972.56866,1707.43,0.28672,-1
78972.56866,1707.3,0.001,-1
78972.561346,1707.51,0.00087879,-1
78972.561346,1707.5,0.001,-1
78972.561346,1707.48,1.52319513,-1
78972.561346,1707.45,6.75513678,-1
78972.561346,1707.44,0.1553216,-1
78972.561254,1707.4,0.001,-1
78972.561254,1707.36,0.966,-1
78972.561254,1707.34,3.37643895,-1
78972.561254,1707.3,0.606,-1
78972.561254,1707.3,0.001,-1
78972.561254,1707.29,1.05841,-1
78972.561254,1707.29,1.05676,-1
78972.561254,1707.27,2.1506467,-1
78972.561254,1707.22,0.17127274,-1
78972.561254,1707.22,0.05852266,-1
78972.561254,1707.22,0.979942,-1
78972.561254,1707.2,0.519,-1
78972.561254,1707.2,0.001,-1
78972.561254,1707.18,1.17142681,-1
78972.561254,1707.17,2.36248781,-1
78972.561254,1707.1,0.44595757,-1
78972.611636,1707.68,0.19416834,-1
78972.611636,1707.6,0.001,-1
78972.606501,1707.59,0.02829559,-1
78972.601604,1707.52,0.42276579,-1
78972.598977,1707.52,0.1141824,-1
78973.184634,1707.72,0.8725586,-1
78973.184634,1707.7,0.001,-1
78973.23305,1707.72,0.1274414,-1
78973.64876,1707.79,0.04306979,1
78974.262342,1707.72,0.6,1
78974.262342,1707.73,0.05852266,1
78974.252723,1707.76,1,1
78974.252723,1707.77,1.00903951,1
78974.252723,1707.77,0.64620745,1
78974.252723,1707.78,1,1
78974.653719,1707.48,0.36530867,1
78974.653554,1707.5,0.001,1
78974.653554,1707.54,1,1
78974.636174,1707.56,1,1
78975.504731,1707.44,0.06554179,-1
78983.661587,1707.88,0.02929965,-1
78983.661587,1707.8,0.001,-1
78983.661587,1707.7,0.001,-1
78994.220511,1707.82,0.02982586,1
78994.922593,1707.82,0.0013495,1
78995.613765,1707.82,0.00000047,1
78995.604497,1707.82,0.00134953,1
78995.604497,1707.82,0.02982,1
78995.604497,1707.82,0.00192083,1
78995.604497,1707.82,0.96882464,1
78995.663519,1707.81,0.146382,1
78996.259435,1707.78,0.00000585,1
78996.248955,1707.78,0.00248861,1
78997.592412,1707.78,0.27204272,1
78999.181947,1707.78,0.00000082,1
78999.17656,1707.78,0.27203918,1
78999.17656,1707.78,0.00249,1
78999.17656,1707.78,0.72546282,1
78999.237513,1707.77,0.159034,1
78999.805004,1707.74,1,1
78999.786868,1707.75,0.00000045,1
78999.743656,1707.75,0.146385,1
78999.866848,1707.72,0.146385,1
79000.043437,1707.68,0.05849,1
79000.043437,1707.68,1,1
79000.015756,1707.72,0.00000045,1
79000.213271,1707.63,1.171084,1
79000.257933,1707.63,1.171084,1
79001.532392,1707.63,0.14639102,1
79003.24824,1707.62,0.00083956,1
79003.24824,1707.62,0.31958244,1
79003.226911,1707.62,0.68041756,1
79005.834736,1707.46,0.14638545,1
79005.827775,1707.47,2.32861138,1
79005.827775,1707.48,3.35998033,1
79005.827775,1707.5,1.46412884,1
79005.827775,1707.5,0.2927709,1
79005.827775,1707.5,0.001,1
79005.827775,1707.52,0.14638545,1
79005.825391,1707.56,1.17115003,1
79005.825192,1707.58,1,1
79005.825192,1707.59,0.05849033,1
79005.825192,1707.6,1,1
79005.825192,1707.6,0.001,1
79005.919241,1707.2,0.00099999,1
79005.919241,1707.2,0.05,1
79005.919241,1707.3,0.001,1
79005.919241,1707.4,0.001,1
79006.376672,1707.1,0.001,1
79006.376672,1707.16,0.14638545,1
79006.376672,1707.2,0.00000001,1
79006.864242,1706.94,0.12808157,1
79006.864242,1707,0.001,1
79006.946975,1706.94,1.171164,1
79006.918828,1706.94,1.171164,1
79007.064404,1706.94,1.171164,1
79007.014431,1706.94,1.171164,1
79007.176693,1707,0.00064771,-1
79007.176693,1706.95,0.87876036,-1
79007.176693,1706.95,0.1960504,-1
79007.74564,1706.89,1.162282,1
79007.71236,1706.89,0.00888167,1
79007.71236,1706.9,0.001,1
79010.886844,1706.58,3.20226523,1
79010.886844,1706.6,0.001,1
79010.886844,1706.65,4.00646684,1
79010.886844,1706.66,0.2,1
79010.886844,1706.7,0.1,1
79010.886844,1706.7,0.493,1
79010.886844,1706.7,0.001,1
79010.886844,1706.71,1.52240945,1
79010.886844,1706.72,1.1178606,1
79010.886844,1706.72,1.26349644,1
79010.886844,1706.75,0.86690062,1
79010.886844,1706.8,0.001,1
79010.886844,1706.88,0.0584935,1
79010.886844,1706.88,1.17116431,1
79010.883156,1706.89,0.16,-1
79010.883156,1706.89,1.84,-1
79012.499633,1706.8,0.00000585,-1
79012.489965,1706.8,0.00016398,-1
79012.478192,1706.8,0.40586062,-1
79014.526433,1706.83,0.1462912,-1
79015.144961,1706.8,0.00116005,-1
79015.13965,1706.77,0.00067157,-1
79018.579574,1706.83,0.44041979,1
79018.579574,1706.83,0.0584935,1
79021.885598,1706.74,0.02900113,-1
79023.478075,1706.6,0.001262,1
79023.478075,1706.6,0.001,1
79023.654073,1706.51,1.17173,1
79023.71421,1706.5,1.17173,1
79023.71421,1706.5,0.001,1
79024.304342,1706.41,1.17173,1
79026.262599,1706.41,1.166087,1
79026.245268,1706.41,0.00000586,1
79026.235589,1706.41,0.00563756,1
79030.209278,1706.33,0.14546564,1
79030.209278,1706.4,0.001,1
79030.22046,1706.2,0.01214332,1
79030.22046,1706.2,0.001,1
79030.22046,1706.23,0.1,1
79030.22046,1706.24,0.0584935,1
79030.22046,1706.3,0.001,1
79032.199887,1706.33,0.0602236,1
79032.500513,1706.71,0.88025328,-1
79032.500513,1706.7,0.001,-1
79032.500513,1706.64,1.17201349,-1
79032.500202,1706.62,0.6,-1
79032.500202,1706.61,0.966,-1
79032.500202,1706.6,0.001,-1
79032.500036,1706.58,1.03266,-1
79032.500036,1706.48,0.0584935,-1
79032.500036,1706.43,0.17569064,-1
79038.353095,1707.06,0.00785467,-1
79038.353095,1707,0.001,-1
79040.130167,1707.22,0.00633737,-1
79040.130167,1707.2,0.001,-1
79040.130167,1707.1,0.001,-1
79041.628123,1707.14,0.87866255,-1
79047.495793,1707.29,0.21569692,1
79048.518635,1707.3,0.05591968,-1
79048.518635,1707.3,0.001,-1
79054.913463,1707.39,0.00168168,1
79054.913463,1707.39,1.17128532,1
79054.943089,1707.39,1.171285,1
79055.076236,1707.31,0.14642746,1
79055.076236,1707.35,1.17128532,1
79055.80593,1707.1,1.125385,1
79055.80593,1707.1,0.001,1
79055.862557,1706.92,0.12169545,1
79055.862557,1706.92,0.1,1
79055.862557,1706.92,0.07240415,1
79055.862557,1706.98,0.03620208,1
79055.862557,1707,0.05,1
79055.862557,1707,0.001,1
79055.862557,1707.1,0.00000044,1
79056.236054,1707.05,0.00008886,1
79057.903212,1707.05,1.171235,1
79058.917487,1706.96,0.01422862,-1
79061.117747,1706.96,0.05692568,-1
79061.373712,1706.95,1.1713235,1
79061.373712,1706.95,0.0584935,1
79061.458471,1706.92,1.171324,1
79061.425276,1706.92,1.17132345,1
79061.425276,1706.92,0.1,1
79061.425276,1706.92,0.07830455,1
79062.350149,1706.93,0.00611125,-1
79064.941743,1706.93,0.22778977,1
79067.075061,1706.96,0.82910102,-1
79067.075061,1706.94,0.05693,-1
79067.075061,1706.94,0.94307,-1
79068.1152,1707.08,0.14642275,1
79068.62017,1707.14,0.04437792,1
79075.552182,1707.2,0.00099538,-1
79075.691345,1707.28,0.00001294,-1
79075.691345,1707.2,0.00000462,-1
79076.159068,1707.26,0.00292293,1
79081.065034,1707.29,0.00136331,1
79081.065034,1707.29,0.00155945,1
79082.186413,1707.29,1.15683731,1
79082.186413,1707.29,1.83863669,1
79082.747772,1707.34,0.00485725,-1
79082.747772,1707.3,0.001,-1
79083.170848,1707.1,1.17139013,1
79083.170848,1707.1,0.00000087,1
79083.136174,1707.1,0.00099913,1
79083.136174,1707.1,0.90021087,1
79083.259178,1707.1,0.19036992,-1
79083.361129,1707.13,0.87867172,-1
79083.462529,1707.18,0.09518496,-1
79083.582129,1707.18,0.13051744,1
79086.539472,1707.11,0.0474438,1
79089.904987,1707.11,0.05851188,1
79089.904987,1707.11,0.55643915,1
79089.904686,1707.11,0.61495104,1
79089.996756,1707,1.171465,1
79089.996756,1707,0.001,1
79090.068073,1707,1.171465,1
79090.623924,1707.01,0.00773517,-1
79090.943079,1707.01,0.01063201,1
79091.257352,1707.02,0.0203661,-1
79094.185792,1706.8,0.05,1
79094.185792,1706.8,0.001,1
79094.185792,1706.82,0.2,1
79094.185792,1706.83,1.52267092,1
79094.185581,1706.87,0.1,1
79094.185581,1706.9,0.001,1
79094.185581,1706.91,1.46463492,1
79094.185581,1706.91,0.17849594,1
79094.185256,1707,0.17918304,1
79094.185256,1707.01,1.08872532,1
79094.185148,1707.01,0.91127468,1
79094.185148,1707.01,0.00074843,1
79094.185148,1707.01,1.17146501,1
79094.185148,1707.01,0.05851188,1
79094.303562,1706.6,0.469,1
79094.303562,1706.6,0.001,1
79094.245183,1706.7,0.469,1
79094.245183,1706.7,0.001,1
79094.312588,1706.61,0.00306505,-1
79094.312588,1706.61,0.00153253,-1
79094.312588,1706.61,0.04137825,-1
79094.312588,1706.61,0.00306506,-1
79094.414339,1706.69,0.88025328,-1
79095.246897,1706.71,0.05799581,-1
79096.255803,1706.7,7.158486,1
79096.242511,1706.7,0.01226023,-1
79096.242511,1706.66,0.88025328,-1
79096.578199,1706.71,0.27446961,-1
79097.785778,1706.62,0.01388926,-1
79097.759479,1706.61,1.17152002,1
79097.759479,1706.61,0.08787398,1
79097.746722,1706.61,0.05856978,1
79098.776832,1706.75,2.7075107,-1
79098.776757,1706.75,1.10191265,-1
79098.776757,1706.74,2.48178409,-1
79098.776757,1706.73,0.05851188,-1
79098.773651,1706.67,0.8789051,-1
79098.773651,1706.64,1,-1
79098.773651,1706.62,1,-1
79101.058418,1706.89,1.17152046,1
79103.881504,1706.81,0.03854868,-1
79103.881504,1706.81,0.01839034,-1
79105.581476,1706.8,0.01130712,1
79108.077507,1706.8,0.43949744,1
79108.077507,1706.8,0.00075239,1
79108.915084,1706.81,0.00338583,-1
79109.413077,1706.81,0.00275514,-1
79109.556104,1706.79,0.00863068,1
79109.556104,1706.8,0.02950256,1
79111.213258,1706.81,0.01111336,-1
79112.106529,1706.79,0.041696,1
79112.106529,1706.79,0.13785513,1
79112.106529,1706.8,0.469,1
79113.286336,1706.78,0.04725622,-1
79113.286336,1706.77,0.00919516,-1
79114.51434,1706.77,0.00275514,-1
79116.680965,1706.76,0.00870044,-1
79117.132305,1706.74,0.01546503,-1
79119.553226,1706.68,0.286937,-1
79120.19499,1706.7,0.000007,-1
79120.19499,1706.68,0.28693,-1
79120.19499,1706.68,0.713063,-1
79122.446483,1706.68,0.07764114,-1
79122.446483,1706.67,0.00322002,-1
79122.524346,1706.66,0.14794893,1
79122.88627,1706.66,1.17170828,1
79122.88627,1706.66,0.08892672,1
79122.871622,1706.66,0.05754278,1
79122.871622,1706.66,0.00105,1
79123.213661,1706.67,0.01433041,-1
79123.213661,1706.67,0.00161001,-1
79124.158667,1706.68,0.07764,-1
79124.158667,1706.68,0.92235886,-1
79124.158667,1706.66,1,-1
79125.150251,1706.76,0.00046019,-1
79127.438469,1706.72,0.01699746,-1
79127.438469,1706.71,0.000805,-1
79128.090069,1706.72,0.02900138,-1
79131.388966,1706.72,0.05835073,-1
79132.461684,1706.72,0.05557425,-1
79134.062723,1706.72,0.0087007,-1
79134.478746,1706.8,0.4911639,-1
79134.468801,1706.78,0.87885037,-1
79134.468646,1706.77,0.88025328,-1
79134.468646,1706.74,0.27643963,-1
79134.468604,1706.74,0.72356037,-1
79134.463485,1706.72,0.0087,-1
79134.463485,1706.72,0.05558,-1
79134.463485,1706.72,0.05835,-1
79134.463485,1706.72,0.029,-1
79134.463485,1706.72,0.01699,-1
79134.463485,1706.72,0.05851188,-1
79134.463485,1706.72,0.83137548,-1
79134.701803,1706.8,0.03586914,-1
79134.841321,1706.92,0.88032729,-1
79134.827696,1706.92,0.11967271,-1
79134.827696,1706.9,1,-1
79134.827696,1706.9,0.001,-1
79135.294008,1706.99,1.84,1
79135.763809,1707,0.0019003,-1
79135.763809,1707,0.001,-1
79135.951793,1707,0.029003,-1
79136.1084,1706.99,0.0029003,-1
79136.621443,1706.98,1,-1
79137.951768,1707.14,0.048,-1
79137.951768,1707.11,0.02438292,-1
79137.951689,1707.11,0.41380854,-1
79137.951525,1707.11,0.44049142,-1
79137.951525,1707.1,0.001,-1
79137.951525,1707.06,0.05851188,-1
79137.951525,1707.06,0.9690967,-1
79137.951525,1707.06,0.0309,-1
79137.951525,1707.04,1,-1
79138.289548,1707.12,0.92791655,-1
79138.288151,1707.1,1,-1
79138.288151,1707.1,0.16743175,-1
79138.287713,1707.1,0.71125599,-1
79140.177926,1707.16,0.01778464,-1
79141.312265,1707.16,0.00565466,-1
79142.837344,1707.16,0.1130828,-1
79142.837344,1707.16,0.04864415,-1
79143.741736,1707.18,1,-1
79143.741736,1707.16,0.16173,-1
79143.741736,1707.16,0.05851188,-1
79143.741736,1707.16,0.00565,-1
79143.741736,1707.16,0.01779,-1
79143.741736,1707.16,0.8148272,-1
79144.081493,1707.2,1,-1
79144.081493,1707.2,0.001,-1
79144.333535,1707.26,0.01389244,-1
79144.428476,1707.27,0.05857699,1
79145.750637,1707.29,1.171411,1
79146.364894,1707.25,0.00000585,1
79147.079861,1707.26,1,-1
79147.204429,1707.3,0.00056831,-1
79147.858249,1707.3,0.00716534,-1
79147.858249,1707.3,0.00043169,-1
79149.206288,1707.29,0.00159111,1
79149.206288,1707.29,1.17134941,1
79149.206288,1707.29,0.07494969,1
79149.206288,1707.29,0.22484905,1
79149.206288,1707.29,0.29979874,1
79149.606061,1707.3,0.00369716,-1
79151.063003,1707.29,1.171349,1
79151.463181,1707.28,1.171306,1
79154.011335,1707.14,0.25,1
79154.011283,1707.14,0.25,1
79154.371272,1706.99,0.14642746,1
79154.371272,1707,0.001,1
79155.39102,1706.89,0.07321373,1
79155.390841,1706.89,0.07321373,1
79155.377609,1706.9,0.001,1
79155.880081,1706.79,0.07371373,1
79155.87963,1706.79,0.07271373,1
79155.87963,1706.8,0.001,1
79156.303587,1706.6,0.02689213,1
79156.303587,1706.6,0.05,1
79156.303587,1706.6,0.001,1
79156.303587,1706.7,0.001,1
79156.405568,1706.55,0.149899,1
79156.36366,1706.55,0.299798,1
79156.516474,1706.57,1.171448,1
79156.473171,1706.57,1.171448,1
79156.578409,1706.57,1.171448,1
79156.54452,1706.57,1.171448,1
79160.541129,1706.5,0.00075,1
79160.541129,1706.5,0.001,1
79162.271677,1706.41,0.0582649,-1
79162.530109,1706.27,0.0093737,1
79162.530109,1706.3,0.001,1
79162.530109,1706.4,0.001,1
79164.124668,1706.23,0.98643023,-1
79167.703557,1706.2,0.0576096,1
79167.703557,1706.2,0.001,1
79169.356521,1706.13,1.46530451,1
79169.356521,1706.14,0.90971838,1
79169.356521,1706.15,0.05851188,1
79169.356521,1706.15,1.17205518,1
79169.356521,1706.16,5.10226523,1
79169.356521,1706.19,0.03747512,1
79169.356521,1706.19,0.03747513,1
79169.473591,1706.1,1.172055,1
79169.473591,1706.1,0.001,1
79169.51092,1706,0.001,1
79169.659997,1705.9,1.172159,1
79169.659997,1705.9,0.001,1
79169.801801,1705.86,1.172159,1
79169.773118,1705.86,1.172159,1
79171.000863,1705.84,1,-1
79171.102938,1705.88,1,-1
79171.460419,1706.1,0.09473739,-1
79171.460419,1706.1,0.001,-1
79172.085176,1706.1,0.09473,-1
79172.085176,1706.1,0.90526261,-1
79173.273274,1706.16,0.02848403,-1
79173.966041,1706.18,1,-1
79173.962731,1706.16,0.02848,-1
79173.962731,1706.16,0.97151597,-1
79176.013267,1706.3,0.11762962,-1
79176.013267,1706.3,0.02033521,-1
79176.013267,1706.3,0.001,-1
79176.013267,1706.29,0.87910483,-1
79176.013267,1706.28,0.05851188,-1
79176.013156,1706.22,0.12746929,-1
79176.012029,1706.22,0.87253071,-1
79176.011885,1706.2,1,-1
79176.011885,1706.2,0.001,-1
79176.692518,1706.4,0.0952876,-1
79176.684208,1706.4,0.8094248,-1
79176.681063,1706.4,0.0952876,-1
79176.681063,1706.4,0.001,-1
79176.803641,1706.52,0.01095519,-1
79176.803641,1706.5,0.001,-1
79176.978603,1706.51,0.01423901,-1
79177.008195,1706.51,0.02847902,-1
79177.668442,1706.65,0.44051418,-1
79177.668442,1706.64,0.05851188,-1
79177.668442,1706.6,0.001,-1
79177.668442,1706.52,0.01095,-1
79177.668442,1706.52,0.98904481,-1
79177.668442,1706.5,1,-1
79178.409685,1706.51,0.00000585,1
79178.40807,1706.54,0.13911331,-1
79178.40807,1706.52,1,-1
79178.841011,1706.55,0.00887342,-1
79179.175619,1706.49,0.0013712,1
79179.906157,1706.49,0.0058025,-1
79180.250539,1706.48,0.03606087,1
79181.217799,1706.49,0.02847869,-1
79182.584646,1706.5,0.12983416,-1
79183.147806,1706.5,0.0235,-1
79183.432062,1706.5,0.00555942,-1
79183.952929,1706.5,0.01993285,-1
79184.603675,1706.47,0.146521,1
79184.55443,1706.49,0.00123057,1
79184.55443,1706.49,1.84,1
79184.55443,1706.49,0.05905243,1
79184.922237,1706.46,0.82117357,-1
79184.922237,1706.46,0.02906,-1
79184.922237,1706.46,0.12983,-1
79184.922237,1706.46,0.01993,-1
79185.085614,1706.52,0.014506,-1
79185.023736,1706.49,0.57047378,-1
79185.125741,1706.52,0.985494,-1
79185.253038,1706.55,0.314763,1
79185.597251,1706.56,0.05802708,-1
79187.366912,1706.5,4.99166,-1
79187.604236,1706.5,3.75031,-1
79188.922706,1706.5,0.02109876,-1
79190.379902,1706.49,0.00000585,1
79190.895866,1706.49,0.00000585,1
79192.166188,1706.49,0.00127,1
79195.858648,1706.5,0.02778846,-1
79196.343726,1706.5,0.02733595,-1
79196.516509,1706.5,0.00580135,-1
79198.902675,1706.37,0.0022856,1
79198.902675,1706.49,0.00075045,1
79198.902675,1706.49,0.00000094,1
79198.934195,1706.35,1.17205822,1
79198.934195,1706.37,0.05622628,1
79200.152216,1706.2,0.001,1
79200.152216,1706.21,0.05851188,1
79200.152216,1706.3,0.001,1
79200.189138,1706.04,0.07119203,1
79200.189138,1706.05,0.5,1
79200.189138,1706.1,0.001,1
79200.189138,1706.11,0.03559601,1
79200.257318,1706,0.05,1
79200.257318,1706,0.001,1
79200.453467,1705.6,0.001,1
79200.453467,1705.6,0.05,1
79200.40774,1705.7,0.001,1
79200.397874,1705.8,0.0005,1
79200.397377,1705.8,0.0495,1
79200.397377,1705.8,0.001,1
79200.397377,1705.9,0.001,1
79200.962461,1705.22,0.00559964,1
79200.962461,1705.3,0.001,1
79200.962461,1705.4,0.001,1
79200.962461,1705.4,0.05,1
79200.962461,1705.5,0.001,1
79201.01367,1705.22,5.096665,1
79201.183316,1705.22,0.99723153,1
79201.183316,1705.22,0.00000047,1
79201.142103,1705.22,0.05851141,1
79201.142103,1705.22,0.00000059,1
79201.214412,1705.24,1,-1
79201.214412,1705.23,0.40305546,-1
79201.214398,1705.22,1.06325483,1
79201.214398,1705.22,0.00000017,1
79201.597694,1705.66,1,-1
79201.594612,1705.64,1,-1
79201.762732,1705.74,0.00277386,-1
79203.054312,1705.8,0.001,-1
79203.054312,1705.76,1,-1
79203.04645,1705.72,1,-1
79203.225658,1706.03,0.27304686,-1
79203.222521,1706.03,0.16347657,-1
79203.222521,1706,0.001,-1
79203.222521,1705.9,0.001,-1
79203.68961,1706.1,0.29299393,-1
79203.68961,1706.1,1,-1
79203.68961,1706.1,0.001,-1
79204.07335,1706.14,1,-1
79204.070111,1706.12,1,-1
79204.070111,1706.12,0.09887191,-1
79204.186105,1706.31,0.46447303,-1
79204.186105,1706.3,0.001,-1
79204.770705,1706.21,3.01684004,1
79204.770651,1706.26,5.10226523,1
79204.770651,1706.27,3.57088656,1
79204.770651,1706.33,0.14649696,1
79204.770437,1706.37,0.05851188,1
79204.770437,1706.37,0.39985918,1
79205.66432,1706.13,0.2000352,-1
79205.66432,1706.13,1.84,-1
79205.66432,1706.13,0.2000352,-1
79205.651147,1706.13,0.00047056,1
79205.651147,1706.2,0.001,1
79207.320579,1706.16,0.05002502,-1
79208.883093,1706.16,0.04113156,-1
79210.063528,1706.18,1,-1
79210.063528,1706.16,0.04113,-1
79210.063528,1706.16,0.05002,-1
79210.063528,1706.16,0.90884342,-1
79210.528802,1706.21,0.14652616,1
79210.528802,1706.22,0.00096307,1
79210.528802,1706.24,0.39996479,1
79214.229257,1706.01,0.05559509,-1
79214.338077,1706,0.001,1
79214.471599,1705.91,0.88555009,-1
79214.471599,1705.91,0.28672,-1
79214.471599,1705.91,0.27835,-1
79217.282928,1705.68,1.17222445,1
79217.282928,1705.7,0.001,1
79217.282928,1705.8,0.001,1
79217.202998,1705.82,0.14652616,1
79217.202998,1705.83,1.17222445,1
79217.202998,1705.9,0.001,1
79217.909884,1705.61,0.98365309,1
79217.909884,1705.61,0.22777994,1
79218.127578,1705.61,0.30157981,1
79218.48715,1705.61,0.0054929,-1
79220.166359,1705.62,0.00289007,-1
79222.820617,1705.75,0.88025328,-1
79222.820617,1705.74,4.10101383,-1
79222.820617,1705.73,2.93129627,-1
79222.815949,1705.64,1,-1
79222.815949,1705.62,0.00289,-1
79222.815949,1705.62,0.62506404,-1
79222.815799,1705.62,0.37204589,-1
79223.684714,1705.99,0.02189149,-1
79223.684714,1705.92,1,-1
79223.684714,1705.9,1,-1
79223.684714,1705.9,0.001,-1
79225.499135,1705.96,0.00389405,-1
79226.046175,1706,1,-1
79226.046175,1706,0.001,-1
79226.009776,1705.96,1,-1
79227.404193,1706,0.541,1
79227.404193,1706.04,1.46538181,1
79227.404193,1706.04,0.00096229,1
79227.404193,1706.04,1.17243783,1
79227.404193,1706.09,0.14657255,1
79227.404193,1706.09,1.18940692,1
79227.404193,1706.09,0.02964587,1
79227.404193,1706.09,0.02964586,1
79227.404193,1706.09,0.05929172,1
79227.404193,1706.09,1.84,1
79230.649477,1705.89,0.05859964,1
79231.425264,1705.8,0.001,1
79232.598363,1705.71,0.01001249,-1
79233.745667,1705.71,0.45381924,-1
79233.745667,1705.71,0.31052,-1
79233.745667,1705.71,0.27670751,-1
79233.960833,1705.7,0.00007105,1
79236.32521,1705.72,0.39876943,-1
79236.455601,1705.85,0.0589323,-1
79236.995803,1705.76,0.01160637,-1
79238.289442,1705.77,0.00275692,-1
79241.174901,1705.77,0.02902017,-1
79242.522341,1705.76,0.03284807,1
79244.453955,1705.79,0.00565893,-1
79245.551071,1705.7,0.00092895,1
79245.551071,1705.74,1.17238038,1
79245.551071,1705.75,0.1465399,1
79245.551071,1705.78,0.00099343,1
79245.551071,1705.78,0.08875787,1
79249.692591,1705.61,0.02780035,-1
79249.885775,1705.61,0.03192107,-1
79252.493965,1705.59,0.05762988,1
79252.493965,1705.6,0.001,1
79254.203738,1705.7,5.11605462,-1
79255.700396,1705.76,0.08182719,-1
79255.700396,1705.74,0.01859882,-1
79255.718276,1705.76,0.00002344,-1
79256.556312,1705.79,0.02039154,1
79256.788755,1706,0.00042196,-1
79256.788755,1705.9,0.001,-1
79256.718577,1705.86,0.60124,-1
79256.718577,1705.86,0.39876,-1
79256.718577,1705.8,0.001,-1
79257.523452,1705.96,1,1
79257.523452,1705.98,0.50585936,1
79257.521069,1705.98,0.24707032,1
79257.520698,1705.98,0.24707032,1
79261.60109,1705.83,0.11394648,-1
79262.559445,1705.79,0.14510937,-1
79263.884015,1705.71,0.57934232,-1
79263.930665,1705.7,0.00117011,1
79263.930665,1705.7,0.001,1
79266.645797,1705.71,0.01561812,-1
79266.97924,1705.71,0.05803762,-1
79267.159784,1705.87,1.01574854,-1
79267.15969,1705.87,1.04794378,-1
79267.15969,1705.86,0.18480016,-1
79267.157428,1705.74,0.31955,-1
79267.056267,1705.8,0.04005052,-1
79267.056267,1705.8,0.07922057,-1
79267.056267,1705.8,0.01693263,-1
79267.056267,1705.79,0.88025328,-1
79267.056015,1705.73,0.87938888,-1
79267.056015,1705.73,0.02427744,-1
79267.055632,1705.73,0.03423444,-1
79267.055632,1705.71,0.02901882,-1
79267.055632,1705.71,0.02491369,-1
79267.055632,1705.71,0.07474109,-1
79267.055632,1705.71,0.09965477,-1
79267.055632,1705.71,0.09965479,-1
79267.055632,1705.71,0.04161716,-1
79270.073682,1706.17,0.02240295,-1
79270.073682,1706.11,0.00661739,-1
79270.306588,1706.2,0.001,-1
79270.306588,1706.17,0.85675986,-1
79270.668684,1706.26,0.5,1
79270.668347,1706.26,0.5,1
79270.665034,1706.28,0.5,1
79270.664937,1706.28,0.5,1
79270.660297,1706.29,0.05851188,1
79271.15801,1706.06,0.5,1
79271.157949,1706.06,0.5,1
79272.770338,1705.95,0.03892766,-1
79273.890547,1705.92,0.81737554,1
79273.890547,1705.93,0.18710481,1
79273.890547,1705.94,1,1
79273.905241,1705.9,0.001,1
79273.905241,1705.92,0.18262446,1
79274.207127,1705.76,0.0930524,1
79274.20707,1705.76,0.09405241,1
79274.207041,1705.8,0.001,1
79274.886801,1705.71,0.047906,-1
79275.794348,1705.71,0.68098862,-1
79275.794348,1705.71,0.05851188,-1
79275.794348,1705.71,0.271644,-1
79276.665774,1705.71,0.01223232,-1
79276.789467,1705.71,0.02901258,-1
79276.981907,1705.71,0.02848219,-1
79277.461317,1705.7,0.05762678,1
79277.461317,1705.7,0.001,1
79277.557292,1705.68,0.14654849,1
79277.557292,1705.68,1,1
79277.557292,1705.7,0.00075277,1
79277.557292,1705.7,0.94237322,1
79277.518238,1705.71,0.00580267,-1
79280.36703,1705.61,0.02611509,-1
79282.83147,1705.61,0.00437044,-1
79286.235031,1705.67,0.00111444,-1
79288.272196,1705.7,0.1160875,-1
79291.614728,1705.69,0.16191906,1
79292.176922,1705.69,0.01533968,1
79292.176922,1705.69,0.00083909,1
79293.30099,1705.68,0.01143581,1
79296.257864,1705.89,0.00000586,1
79296.248075,1705.89,0.00313619,1
79296.425024,1705.99,0.03569977,-1
79296.425024,1705.9,0.001,-1
79297.5012,1705.95,0.00058041,-1
79298.271058,1705.9,0.00000586,1
79298.254517,1705.9,0.00616097,1
79299.138342,1705.94,0.29230741,1
79299.280125,1706.14,0.003659,-1
79299.280125,1706.1,0.001,-1
79299.280125,1706,0.001,-1
79299.396103,1706.12,0.05283381,1
79300.112149,1706.11,0.05283381,1
79300.083066,1706.11,0.05283381,1
79300.197957,1706.19,0.52985782,-1
79300.197957,1706.18,0.35029445,-1
79300.196442,1706.16,0.05283381,1
79300.31243,1706.16,0.01446351,1
79300.31243,1706.16,0.0383703,1
79300.282745,1706.16,0.05283381,1
79300.254146,1706.16,0.05283381,1
79300.224957,1706.16,0.05283381,1
79300.400546,1706.17,0.05283381,1
79300.371966,1706.17,0.05283381,1
79300.342021,1706.17,0.05283381,1
79300.432035,1706.17,0.02641691,1
79300.432035,1706.17,0.02641691,1
79300.432035,1706.17,0.08143299,1
79300.430928,1706.17,0.05283381,1
79300.596263,1706.11,0.05283381,1
79300.567502,1706.09,0.05283381,1
79300.714031,1706.09,0.04114002,1
79300.714031,1706.11,0.01169379,1
79300.684925,1706.1,0.02944623,1
79300.684925,1706.1,0.02338758,1
79300.654747,1706.09,0.00605866,1
79300.654747,1706.12,0.04677515,1
79300.625446,1706.11,0.01211732,1
79300.625446,1706.11,0.04071649,1
79300.807201,1706.09,0.00327521,1
79300.802027,1706.09,0.01005655,1
79300.802027,1706.1,0.00327521,1
79300.772612,1706.09,0.04628338,1
79300.772612,1706.1,0.00655043,1
79300.743424,1706.09,0.03973295,1
79300.743424,1706.1,0.00725396,1
79300.743424,1706.1,0.0058469,1
79300.732128,1706.19,0.01450792,-1
79300.944691,1706.08,0.0016376,1
79301.288772,1706.12,0.05283381,1
79301.403604,1706.1,0.05283381,1
79301.380137,1706.13,0.05696472,-1
79301.374932,1706.11,0.0521342,1
79301.374932,1706.12,0.00069961,1
79301.346565,1706.1,0.05283381,1
79301.33247,1706.12,0.00058041,-1
79301.317974,1706.1,0.052015,1
79301.317974,1706.11,0.00081881,1
79301.490091,1706.1,0.05283381,1
79301.461598,1706.1,0.05283381,1
79301.433532,1706.1,0.05283381,1
79301.607104,1706.1,0.05283381,1
79301.578794,1706.1,0.05283381,1
79301.549298,1706.1,0.05283381,1
79301.519063,1706.1,0.05283381,1
79301.636104,1706.1,0.01248071,1
79302.362698,1706.05,0.00321316,1
79302.913806,1706.12,0.012616,-1
79302.952806,1706.08,0.0066578,1
79303.191313,1706.11,0.05283381,1
79303.219645,1706.11,0.05283381,1
79303.50161,1706.12,0.02848654,-1
79305.380933,1706.11,0.00699264,1
79305.342855,1706.12,0.05697073,-1
79306.062809,1706.27,0.05459966,-1
79306.062809,1706.2,0.001,-1
79306.444706,1706.17,1.17244483,1
79306.444706,1706.18,0.00096332,1
79306.444706,1706.18,0.14654677,1
79306.444706,1706.22,1,1
79306.444706,1706.24,1,1
79306.444706,1706.25,0.0033289,1
79307.821785,1706.04,1,-1
79307.923368,1706.08,1,-1
79308.954736,1706.1,0.0068181,-1
79310.95418,1706.1,0.13453922,-1
79311.509872,1706.1,0.34424512,-1
79317.281076,1706.12,0.0028491,-1
79317.402792,1706.12,0.00464211,-1
79318.378107,1706.12,0.08704062,-1
79319.219018,1706.06,0.00126036,1
79319.219018,1706.09,0.00166445,1
79319.629412,1706.13,0.00058019,-1
79319.98938,1706.18,0.08704,-1
79319.98938,1706.18,0.00749,-1
79319.98938,1706.18,0.56121817,-1
79319.98938,1706.18,0.34425,-1
79319.983222,1706.13,0.00083222,-1
79319.983222,1706.13,0.59775535,-1
79321.612686,1706.27,0.01740802,-1
79322.883381,1706.02,0.5,1
79322.883381,1706.22,0.00090205,1
79325.391826,1706.02,0.0580247,-1
79326.115096,1706.02,0.96594,-1
79331.504368,1706.01,0.338132,1
79332.488962,1706.01,0.1324516,1
79335.470086,1706.07,0.01445505,-1
79336.495111,1706.06,0.00075096,1
79336.495111,1706.06,0.98492604,1
79336.943397,1706.01,0.28941372,-1
79340.572959,1706.01,0.247547,1
79340.988282,1706.62,0.02191936,-1
79340.988282,1706.62,0.096,-1
79340.988282,1706.61,1.30211368,-1
79340.988282,1706.61,1.3861037,-1
79340.988282,1706.61,1.08000515,-1
79340.988282,1706.6,2.93084095,-1
79340.988282,1706.6,0.001,-1
79340.988282,1706.55,0.88025328,-1
79340.988282,1706.51,5.10226523,-1
79340.988282,1706.5,3.57156355,-1
79340.988282,1706.5,0.568,-1
79340.988282,1706.5,0.001,-1
79340.988282,1706.49,0.0008793,-1
79340.988282,1706.41,0.88025328,-1
79340.988282,1706.4,0.513,-1
79340.988282,1706.4,0.001,-1
79340.988282,1706.39,0.966,-1
79340.988282,1706.39,2.93084095,-1
79340.988282,1706.38,5.10226523,-1
79340.988282,1706.35,0.048,-1
79340.988282,1706.34,3.81089529,-1
79340.988282,1706.34,2.99516049,-1
79340.988282,1706.33,0.88025328,-1
79340.988282,1706.3,1.52417829,-1
79340.988282,1706.3,0.513,-1
79340.988282,1706.3,0.001,-1
79340.988282,1706.26,0.95657,-1
79340.988282,1706.23,0.88025328,-1
79340.988282,1706.23,2.93084095,-1
79340.988282,1706.22,4.57529779,-1
79340.988282,1706.22,0.06412407,-1
79340.988282,1706.22,0.03236217,-1
79340.988282,1706.22,0.01553933,-1
79340.988282,1706.21,0.9554,-1
79340.988282,1706.2,0.487,-1
79340.988282,1706.16,0.18814564,-1
79340.988282,1706.15,0.01211732,-1
79340.988282,1706.13,0.05851188,-1
79340.988282,1706.13,1.17225717,-1
79340.988282,1706.1,0.487,-1
79340.988282,1706.02,0.87923939,-1
79340.988282,1706.01,0.47622596,-1
79341.043853,1706.12,0.361887,1
79341.043853,1706.12,1.84,1
79341.043853,1706.12,3.75031,1
79341.207319,1706.1,0.039983,1
79345.517324,1706.14,0.87917755,-1
79345.517324,1706.13,0.05851188,-1
79347.690255,1706.35,0.00132699,-1
79347.690255,1706.3,0.001,-1
79350.871814,1706.34,0.01194258,1
79351.652526,1706.35,0.05559672,-1
79352.771429,1706.35,0.01111786,-1
79352.884285,1706.35,0.00289506,-1
79353.597944,1706.41,0.87903903,-1
79353.597944,1706.4,0.001,-1
79353.597944,1706.35,0.05851188,-1
79357.78985,1706.48,0.05859964,1
79357.754791,1706.49,1.46499447,1
79357.754791,1706.49,0.00000053,1
79357.723665,1706.49,0.05851135,1
79357.723665,1706.49,1.15540757,1
79357.723665,1706.49,1.05353589,1
79357.723665,1706.49,1.46499539,1
79357.723665,1706.49,1.09663437,1
79357.723665,1706.49,1.16950943,1
79357.723665,1706.49,1.84,1
79358.22517,1706.46,0.61411822,1
79358.22517,1706.48,0.0586,1
79358.22517,1706.48,0.05851188,1
79358.22517,1706.48,0.01194,1
79358.22517,1706.48,0.92945778,1
79358.407017,1706.45,0.07325492,1
79358.406829,1706.45,0.07325492,1
79358.505983,1706.31,0.00000013,1
79358.494138,1706.31,0.036325,1
79358.470023,1706.42,0.00144257,1
79358.470023,1706.42,0.38588178,1
79358.552162,1706.2,0.001,1
79358.653486,1705.92,0.5,1
79358.633691,1706,0.001,1
79358.620349,1706.1,0.001,1
79358.794187,1705.8,1,1
79358.794187,1705.8,0.001,1
79358.736723,1705.9,0.05693858,-1
79358.734797,1705.9,0.001,1
79360.123703,1705.7,1,1
79360.123703,1705.7,0.001,1
79361.093153,1705.69,0.09047125,1
79361.093153,1705.69,0.09047175,1
79361.27503,1705.68,1,1
79362.193688,1705.66,0.16918946,1
79362.193277,1705.66,0.16918946,1
79362.256749,1705.64,0.21728514,1
79362.256745,1705.64,0.40576172,1
79362.253728,1705.64,0.18847657,1
79362.253538,1705.64,0.18847657,1
79362.19731,1705.66,0.24621581,1
79362.196875,1705.66,0.41540527,1
79362.564341,1705.58,0.4995,1
79362.564298,1705.58,0.5005,1
79362.564298,1705.6,0.5005,1
79362.564145,1705.6,0.4995,1
79362.564145,1705.6,0.001,1
79362.882059,1705.45,0.07377295,1
79362.881926,1705.45,0.07277296,1
79362.881926,1705.5,0.001,1
79362.861825,1705.51,0.0008705,-1
79363.027171,1705.4,0.001,1
79363.376115,1705.31,0.01708289,-1
79363.493437,1705.3,0.536,1
79363.493437,1705.3,0.001,1
79364.254359,1705.38,0.00275549,-1
79364.739048,1705.4,0.02847047,-1
79364.844452,1705.34,0.01424335,-1
79367.598456,1705.33,0.29020173,-1
79368.33207,1705.3,0.009154,-1
79368.456023,1705.3,0.031544,-1
79368.812071,1705.22,0.04653952,1
79370.62104,1705.25,0.02955764,-1
79371.250168,1704.83,0.055234,-1
79371.245838,1704.88,0.07192376,1
79371.245838,1704.9,0.001,1
79371.245838,1704.9,0.00087893,1
79371.245838,1704.95,0.03596188,1
79371.244402,1705,0.001,1
79371.244402,1705,0.05,1
79371.244402,1705.1,0.001,1
79371.207,1705.2,0.001,1
79371.38027,1704.8,0.53599955,1
79371.38027,1704.8,0.00078045,1
79371.351675,1704.8,0.536,1
79371.351675,1704.8,0.001,1
79374.312796,1704.86,2.55793903,1
79374.312796,1704.86,0.3,1
79374.3112,1704.87,1.17277782,1
79374.3112,1704.87,0.3,1
79374.3112,1704.88,0.05851188,1
79374.3112,1704.88,0.08281523,1
79374.324674,1704.8,0.84310246,1
79374.324674,1704.8,0.14660607,1
79374.503365,1704.56,0.00000586,1
79374.492438,1704.6,0.00089211,1
79374.492438,1704.6,0.001,1
79374.492438,1704.7,0.001,1
79374.670003,1704.5,0.536,1
79374.670003,1704.5,0.001,1
79375.413261,1704.85,0.041407,1
79375.896097,1704.78,0.01161038,-1
79377.099061,1704.76,0.01161,-1
79377.099061,1704.76,0.24473765,-1
79377.08635,1704.76,0.74365235,-1
79377.102548,1704.78,1,-1
79377.413693,1705.02,1,-1
79377.410174,1705,1,-1
79377.410174,1705,0.001,-1
79378.179182,1704.81,0.01741997,-1
79380.774739,1705.09,0.03795053,1
79380.774739,1705.09,0.01035205,1
79380.774739,1705.09,0.01035206,1
79380.8482,1705.09,0.41021674,1
79382.104361,1705.09,5.10226472,1
79382.104361,1705.09,1.15109314,1
79382.104361,1705.09,1.46619826,1
79382.104361,1705.09,0.05851188,1
79382.801781,1705.4,0.06450293,-1
79382.801781,1705.34,0.00788546,-1
79382.801781,1705.3,0.001,-1
79382.801781,1705.2,0.001,-1
79382.801781,1705.1,0.001,-1
79382.817139,1705.69,0.30270712,-1
79382.817139,1705.68,0.57754616,-1
79382.816881,1705.68,0.30270712,-1
79382.816881,1705.67,0.05851188,-1
79382.816881,1705.51,0.29482397,-1
79382.816043,1705.65,0.6576027,-1
79382.816043,1705.64,0.3,-1
79382.816043,1705.6,0.536,-1
79382.816043,1705.6,0.001,-1
79382.816043,1705.58,0.048,-1
79382.816043,1705.52,0.50423925,-1
79382.812112,1705.52,0.07864793,-1
79382.812112,1705.5,0.001,-1
79382.812112,1705.5,0.51,-1
79382.812112,1705.4,0.001,-1
79382.811421,1705.39,0.58964793,-1
79382.811421,1705.3,0.001,-1
79383.140579,1705.75,0.53950577,-1
79383.140579,1705.7,0.536,-1
79383.140579,1705.7,0.001,-1
79383.140579,1705.67,1.1725558,-1
79383.140579,1705.66,0.05851188,-1
79383.140579,1705.6,0.536,-1
79383.140579,1705.6,0.87945938,-1
79383.140579,1705.59,0.07370599,-1
79383.140579,1705.59,0.07370599,-1
79383.653533,1705.5,1,1
79384.273251,1705.54,0.00000586,1
79384.26181,1705.51,0.00503075,1
79384.936938,1705.56,1,1
79385.304461,1705.3,0.001,1
79385.270214,1705.41,0.0007835,1
79385.215695,1705.48,1,1
79385.528247,1705.18,0.51803859,1
79385.528247,1705.2,1,1
79385.528247,1705.2,0.001,1
79387.030998,1705.14,0.2723222,1
79388.149815,1705.15,0.00580451,-1
79388.642878,1705.15,0.00847231,-1
79389.071978,1705.12,0.00586462,1
79389.068538,1705.12,0.11028333,1
79389.068538,1705.14,0.27233,1
79389.068538,1705.14,0.51803,1
79389.068538,1705.14,0.20963921,1
79389.984606,1705.11,0.00353844,-1
79389.965381,1705.11,0.70581034,-1
79390.324496,1705.11,0.08092353,-1
79390.557545,1705.08,0.11614,1
79390.557545,1705.08,0.00586,1
79390.557545,1705.08,0.87799205,1
79390.556321,1705.09,0.14663101,1
79390.556321,1705.1,0.36436296,1
79390.554605,1705.1,0.63563704,1
79390.554605,1705.1,0.001,1
79390.667738,1705,0.001,1
79391.52213,1704.9,0.001,1
79393.343184,1704.81,1.21168242,-1
79393.343184,1704.81,0.31052,-1
79393.343184,1704.81,0.31955,-1
79393.343184,1704.81,0.2256548,-1
79394.789643,1704.81,1.73913771,-1
79394.963216,1704.63,0.10509209,1
79394.963216,1704.63,0.13070719,1
79394.963216,1704.63,0.00136172,1
79394.920373,1704.7,0.001,1
79394.920373,1704.8,0.001,1
79397.208092,1704.6,0.000755,1
79397.208092,1704.6,0.001,1
79397.306503,1704.5,0.001,1
79398.913395,1704.38,6.82103856,1
79398.913395,1704.4,0.001,1
79399.95692,1704.3,0.001,1
79400.182872,1704.24,1,-1
79400.182872,1704.22,0.02333373,-1
79400.182815,1704.22,0.97666627,-1
79400.182815,1704.21,0.05851188,-1
79400.17042,1704.2,0.563,1
79400.17042,1704.2,0.001,1
79400.234814,1704.49,0.6,-1
79400.52171,1704.5,0.0736705,-1
79400.52171,1704.5,0.001,-1
79400.760138,1704.79,0.32211462,-1
79400.760138,1704.78,0.95428,-1
79400.760138,1704.7,0.05851188,-1
79400.760138,1704.7,0.563,-1
79400.760138,1704.7,0.001,-1
79400.760138,1704.6,0.00691228,-1
79400.760138,1704.6,0.00613154,-1
79400.760138,1704.6,1.84,-1
79400.760138,1704.6,0.001,-1
79401.873097,1704.68,0.523778,1
79402.611793,1704.61,0.07233463,-1
79405.289671,1704.61,0.01449011,-1
79406.803992,1704.61,0.02903839,-1
79408.104043,1704.78,1,1
79408.458482,1704.72,0.28858923,1
79408.458482,1704.73,0.29805694,1
79409.199214,1704.72,0.02499999,1
79412.002411,1704.7,1,1
79412.002411,1704.71,0.05859858,1
79412.002411,1704.72,1.17315412,1
79412.002411,1704.72,0.00075221,1
79412.002411,1704.72,0.025,1
79412.002411,1704.72,0.28858,1
79412.002411,1704.72,0.68641078,1
79412.174128,1704.55,0.002109,1
79416.292142,1704.3,0.001,1
79416.292142,1704.4,0.05,1
79416.292142,1704.4,0.001,1
79416.292142,1704.5,0.001,1
79417.165814,1704.3,0.563,1
79417.165814,1704.3,0.001,1
79418.338085,1704.28,0.7,-1
79419.304118,1704.28,0.03774791,-1
79420.859783,1704.5,0.001,-1
79420.938038,1704.58,0.29329642,-1
79421.888608,1704.69,0.02774288,1
79421.888608,1704.69,0.03725712,1
79422.915345,1704.7,0.00058089,-1
79424.745777,1704.75,0.8308955,-1
79424.745777,1704.7,0.05859858,-1
79424.745777,1704.7,0.74821369,-1
79424.745777,1704.7,0.00041911,-1
79425.738479,1704.75,0.05565512,-1
79426.073394,1704.74,0.000875,1
79426.073394,1704.74,1,1
79426.195379,1704.7,1,1
79426.229772,1704.6,0.48347152,-1
79426.229772,1704.56,3.75031,-1
79426.503507,1704.5,1,1
79426.503507,1704.5,0.001,1
79426.519612,1704.48,1,1
79427.829432,1704.41,0.00058082,-1
79430.092387,1704.41,0.02850308,-1
79432.541915,1704.4,0.561,1
79432.541915,1704.4,0.001,1
79433.063861,1704.4,0.01104769,-1
79433.317305,1704.59,0.1575989,1
79433.268785,1704.41,0.85098603,-1
79433.268785,1704.4,0.05859858,-1
79433.42551,1705.12,0.50916263,-1
79433.42551,1705.11,0.96372,-1
79433.42551,1705.1,0.001,-1
79433.42551,1705.1,0.536,-1
79433.42551,1705.09,4.39569457,-1
79433.42551,1705.07,0.096,-1
79433.42551,1705.05,0.88025328,-1
79433.42551,1705.03,0.96329,-1
79433.42551,1705,0.001,-1
79433.42551,1705,0.536,-1
79433.42551,1704.96,0.00088013,-1
79433.42551,1704.9,0.563,-1
79433.42551,1704.9,0.001,-1
79433.42551,1704.8,0.001,-1
79433.42551,1704.7,0.001,-1
79433.42551,1704.66,0.14999939,-1
79433.42551,1704.6,0.001,-1
79433.865186,1705.13,0.75649243,-1
79433.865186,1705.12,1.17299349,-1
79433.865186,1705.1,0.561,-1
79433.865186,1705.06,0.17415227,-1
79433.865186,1705.05,0.05859858,-1
79433.865186,1705,0.561,-1
79433.865186,1704.98,0.87977684,-1
79433.865186,1704.8,0.001,-1
79433.977082,1705,0.561,1
79433.92399,1705.01,0.358264,1
79434.011352,1705,0.561,1
79434.612898,1704.88,0.69045397,1
79434.612898,1704.88,1,1
79434.612898,1704.9,1,1
79434.765236,1704.71,1.84451942,1
79434.765236,1704.71,0.00000058,1
79434.733264,1704.71,0.058598,1
79434.983206,1704.71,0.08179246,-1
79435.790602,1704.66,1,1
79435.734037,1704.7,1,1
79435.734037,1704.7,0.001,1
79437.647325,1704.85,1.1731363,-1
79437.643927,1704.84,0.10521694,-1
79437.640186,1704.84,2.62305885,-1
79437.640186,1704.81,0.88025328,-1
79437.640186,1704.8,1.94314768,-1
79437.637903,1704.97,4.02360885,-1
79437.637903,1704.96,5.10226523,-1
79437.637903,1704.95,0.14418791,-1
79437.637278,1704.95,0.33090193,-1
79437.636495,1704.95,0.40516344,-1
79437.636495,1704.9,0.001,-1
79437.636495,1704.88,0.88025328,-1
79437.636495,1704.85,0.4542668,-1
79437.636443,1704.85,0.51699596,-1
79437.636123,1704.85,0.20184284,-1
79437.636123,1704.85,4.69206836,-1
79437.636123,1704.84,0.05859858,-1
79437.636123,1704.81,0.88025328,-1
79437.636123,1704.8,0.96431,-1
79437.636123,1704.8,0.96497,-1
79437.635856,1704.79,2.45304044,-1
79437.635856,1704.7,0.87992022,-1
79437.771249,1705.11,0.56917616,-1
79437.771249,1705.1,0.001,-1
79437.771249,1705,0.001,-1
79438.552178,1705.2,0.00058078,-1
79438.541311,1705.2,0.0570778,-1
79438.541311,1705.2,0.001,-1
79440.05317,1705.15,2.77963705,1
79440.05317,1705.16,1,1
79440.05317,1705.18,1,1
79440.05317,1705.18,0.1466766,1
79440.05317,1705.19,1.17265843,1
79440.05317,1705.19,0.09229,1
79441.10182,1705,0.5061488,1
79441.10182,1705.02,1,1
79441.056156,1705.03,0.00090189,1
79441.056156,1705.03,0.05859858,1
79441.174945,1705,0.493851,1
79442.334527,1705.1,0.05807439,-1
79444.767651,1705.16,0.26394208,-1
79445.449329,1705.3,0.01190882,-1
79445.449329,1705.3,0.001,-1
79445.449329,1705.2,0.001,-1
79447.443086,1705.38,0.99999911,1
79447.443086,1705.38,0.26077789,1
79448.627469,1705.39,0.11126062,-1
79449.080475,1705.28,0.14660865,1
79449.073745,1705.36,1,1
79449.073745,1705.37,0.14660865,1
79449.073745,1705.38,0.99999,1
79449.073745,1705.38,0.00000089,1
79450.975402,1705.09,0.146608,1
79450.913382,1705.1,1,1
79450.913382,1705.1,0.001,1
79451.353247,1705.07,0.00370095,-1
79451.953855,1705.09,0.01389747,-1
79451.93101,1705.09,0.300444,-1
79452.293091,1705.04,1,1
79452.243645,1705.08,1,1
79453.682998,1705.15,0.01390441,-1
79454.882994,1705.14,0.000751,1
79454.882994,1705.14,1,1
79455.500893,1705.07,0.14659146,1
79455.500893,1705.08,0.49779111,1
79455.500769,1705.08,0.50220889,1
79455.529831,1705.04,1,1
79457.286551,1705.17,0.00159654,-1
79457.763115,1705.16,1,1
79461.389953,1705.09,0.05562802,-1
79463.427741,1705.06,1,1
79463.427741,1705.07,0.14659146,1
79463.427741,1705.08,1,1
79463.515157,1705,0.001,1
79463.706123,1704.9,0.001,1
79463.76932,1704.78,1,1
79463.763141,1704.8,1,1
79463.763141,1704.8,0.001,1
79464.171277,1704.68,1,1
79464.127639,1704.7,1,1
79464.127639,1704.7,0.001,1
79466.226193,1704.61,0.02016451,-1
79466.376566,1704.6,0.04832585,1
79466.376566,1704.6,0.001,1
79469.140902,1704.61,0.06270637,-1
79470.305687,1704.61,0.00001759,-1
79470.294977,1704.61,0.04354093,-1
79470.315176,1704.61,0.00000586,-1
79470.729164,1704.61,0.05871666,-1
79472.430177,1704.64,0.09889475,-1
79475.146872,1704.62,0.05673765,-1
79475.70374,1704.62,0.00290384,-1
79475.918115,1704.6,0.038424,1
79475.917857,1704.6,0.841,1
79475.917429,1704.6,0.29373658,1
79475.917429,1704.61,0.00126342,1
79476.075278,1704.11,0.030604,-1
79476.052583,1704.19,0.01449368,1
79476.052583,1704.2,0.07264593,1
79476.052583,1704.2,0.001,1
79476.052583,1704.2,0.05,1
79476.052583,1704.25,0.03632296,1
79476.024778,1704.3,0.001,1
79476.020805,1704.4,0.05,1
79476.020805,1704.4,0.001,1
79476.020805,1704.5,0.001,1
79476.125063,1704.1,0.533,1
79476.125063,1704.1,0.001,1
79476.696276,1704.12,0.05859858,1
79476.696276,1704.12,0.13223942,1
79476.765601,1704.09,0.099999,1
79476.893019,1704.09,1.20388961,1
79476.893019,1704.09,0.00000039,1
79476.920122,1704.09,1.087693,1
79477.050996,1704.26,0.00566259,-1
79477.414927,1704.21,0.29025434,-1
79478.760123,1704.11,0.01425204,-1
79479.633755,1704.12,0.02903873,-1
79480.087922,1704.12,0.010524,-1
79480.640732,1704.11,0.02357711,1
79481.220192,1704.11,0.05564075,-1
79482.507151,1704.11,0.3555858,1
79484.211947,1704.12,0.00288953,-1
79484.462639,1704.12,0.28992676,-1
79484.660749,1704,0.00008368,1
79485.272627,1704.02,0.29281,-1
79485.272627,1704.02,0.70719,-1
79485.32164,1704.06,0.00580945,-1
79485.797649,1704.06,0.01544262,-1
79485.782769,1704.03,0.31955,-1
79485.891366,1704.05,0.31955,-1
79486.942263,1704.06,0.00290473,-1
79487.878824,1704.08,1,-1
79487.878824,1704.06,0.0029,-1
79487.878824,1704.06,0.01544,-1
79487.878824,1704.06,0.98165265,-1
79487.961561,1704.22,0.01278079,-1
79489.035961,1703.99,1.17347568,1
79489.035961,1704,0.001,1
79489.035961,1704,0.00091632,1
79489.035961,1704.01,0.00087142,1
79489.035961,1704.01,0.05861334,1
79489.16302,1703.9,0.506,1
79489.16302,1703.9,0.001,1
79489.282734,1703.88,1.173475,1
79489.393619,1703.84,0.00271455,1
79490.402152,1703.85,0.00043571,-1
79490.558558,1703.85,0.00290473,-1
79491.785402,1703.85,0.03729086,-1
79492.784816,1703.84,0.08187525,1
79493.186716,1703.85,0.58103706,-1
79493.421948,1703.85,0.27829589,-1
79494.663285,1703.9,1,-1
79494.651337,1703.86,0.65901255,-1
79494.649954,1703.86,0.34098745,-1
79494.607231,1703.85,0.1113246,-1
79495.004294,1704.09,0.02927276,1
79498.71358,1704.1,0.00001173,-1
79498.759083,1704.11,0.02684341,-1
79498.759083,1704.1,0.00098827,-1
79499.042554,1704.11,0.0044325,-1
79500.245424,1704.08,1.173386,1
79502.406275,1703.8,0.67317433,1
79502.406275,1703.8,0.001,1
79502.406275,1703.82,0.14670242,1
79502.405751,1703.84,1.17338622,1
79502.405751,1703.9,0.001,1
79502.390284,1703.91,0.014694,-1
79502.309527,1704.03,0.05861334,1
79502.309527,1704.05,0.00074982,1
79502.486784,1703.7,0.506,1
79502.486784,1703.7,0.001,1
79502.408962,1703.8,0.32682567,1
79503.986161,1703.69,0.23457532,1
79504.013876,1703.69,1.17369332,1
79504.013876,1703.69,1.60542468,1
79504.311618,1703.66,0.00458406,1
79504.328207,1703.66,1.169109,1
79504.47924,1703.62,0.7606643,-1
79504.47924,1703.62,0.63,-1
79504.47924,1703.62,0.31955,-1
79504.529262,1703.61,1.1736934,1
79504.529262,1703.61,0.05861334,1
79505.175123,1703.61,0.0742914,-1
79505.876412,1703.6,0.05398407,1
79505.876412,1703.6,0.001,1
79507.594717,1703.56,0.05287777,-1
79507.813077,1703.55,0.02596259,1
79511.7458,1703.52,0.16310362,1
79511.7458,1703.52,0.88025328,1
79511.7458,1703.55,0.05861334,1
79511.7458,1703.55,1.14785115,1
79511.834416,1703.55,0.03005986,-1
79512.969321,1703.56,0.03679606,-1
79514.231579,1703.56,0.02839347,-1
79516.393338,1703.52,0.00090178,1
79516.393338,1703.52,0.93242622,1
79516.37438,1703.52,0.24138666,1
79516.37438,1703.52,0.05861334,1
79516.331763,1703.56,0.05704464,-1
79516.423667,1703.52,1.173812,1
79517.77757,1703.54,0.0004823,-1
79517.890447,1703.54,0.04649088,-1
79519.137961,1703.53,0.7005005,1
79519.137961,1703.53,0.05861334,1
79519.137961,1703.53,1.17381288,1
79520.614038,1703.5,1.173812,1
79520.614038,1703.5,0.001,1
79520.553913,1703.53,0.05861312,1
79520.553913,1703.53,1.17381288,1
79521.65639,1703.45,1.56527238,-1
79523.07125,1703.46,0.07877013,-1
79523.07125,1703.45,0.69957525,-1
79523.07125,1703.45,1.09892237,-1
79525.779932,1703.46,0.11135858,-1
79529.851221,1703.7,0.001,-1
79529.833443,1703.6,0.16310362,-1
79529.833061,1703.5,0.43546767,-1
79529.832593,1703.5,0.44507239,-1
79530.465548,1703.8,0.0105976,-1
79530.465548,1703.8,0.001,-1
79530.800314,1703.8,0.28475663,-1
79531.9676,1703.8,0.02975701,-1
79535.930884,1703.89,0.03842138,-1
79536.183171,1703.82,1.17366619,1
79536.181996,1703.86,1,1
79536.181996,1703.88,0.00000016,1
79536.162669,1703.88,0.14675738,1
79536.162669,1703.88,0.00099462,1
79536.162669,1703.88,1,1
79536.23479,1703.79,1.173666,1
79541.700292,1703.89,0.01896412,1
79541.89351,1703.84,1,1
79541.834667,1703.88,1,1
79544.486775,1703.81,0.00000586,1
79547.568674,1703.82,0.0285178,-1
79547.741719,1703.82,0.009173,-1
79548.754022,1703.82,0.0285178,-1
79551.602276,1703.9,0.00058105,-1
79552.679981,1704,0.00072631,-1
79552.67175,1703.93,0.88031884,-1
79552.67175,1703.9,0.00041895,-1
79552.661361,1703.89,0.31955,-1
79553.041289,1704,0.00027369,-1
79553.90758,1704.36,0.04710371,-1
79553.90758,1704.3,0.001,-1
79553.90758,1704.2,0.001,-1
79553.90758,1704.1,0.001,-1
79554.897722,1704.36,0.28952365,-1
79554.897722,1704.3,0.001,-1
79555.971506,1704.35,0.01711104,-1
79556.395693,1704.35,0.01140596,-1
79558.033768,1704.39,0.55224201,1
79558.033768,1704.39,0.23424299,1
79558.079476,1704.33,1.17349166,1
79558.079476,1704.34,0.14672567,1
79558.079476,1704.36,0.40408082,1
79558.077738,1704.36,0.59591918,1
79558.077738,1704.38,1,1
79558.214281,1704.23,0.3,1
79558.468891,1704.28,0.05808669,-1
79559.19959,1704.27,0.00483862,-1
79559.642054,1704.27,0.05808362,-1
79559.987202,1704.27,0.00001172,-1
79559.980962,1704.27,0.00580819,-1
79560.990682,1704.27,0.01452167,-1
79562.50316,1704.26,1.17349069,1
79562.50316,1704.26,0.00150331,1
79562.50316,1704.26,1,1
79563.247658,1704.24,0.14672567,1
79563.244368,1704.25,1.17349166,1
79563.244119,1704.26,1,1
79563.244119,1704.28,0.27407902,1
79563.24102,1704.28,0.72592098,1
79564.405896,1704.1,0.146686,1
79564.405896,1704.1,1,1
79564.405896,1704.1,0.001,1
79564.673227,1704.11,0.05565283,-1
79568.925629,1704.21,0.01781021,-1
79571.152358,1704.39,0.00933626,1
79571.274488,1704.39,0.13735,1
79571.241906,1704.4,1.13951211,-1
79571.241906,1704.4,0.001,-1
79572.055068,1704.4,0.02782743,-1
79572.383546,1704.36,0.854078,1
79572.332061,1704.36,0.14592138,1
79572.332061,1704.38,1,1
79572.332061,1704.39,0.00000067,1
79572.409776,1704.36,0.85406938,1
79572.409776,1704.36,0.00000062,1
79572.751523,1704.19,0.66452758,-1
79573.894395,1704.25,0.01452235,-1
79575.256286,1704.49,0.02126194,-1
79575.256286,1704.4,0.001,-1
79576.725133,1704.5,0.001,-1
79577.994825,1704.59,1.46662833,1
79577.994825,1704.59,1.1246332,1
79578.06247,1704.58,0.058615,1
79578.06247,1704.58,1,1
79578.299639,1704.4,0.001173,1
79578.253232,1704.54,1,1
79578.253232,1704.55,0.1467007,1
79578.253232,1704.56,0.00000095,1
79578.235221,1704.56,0.058615,1
79578.34312,1704.31,1.173406,1
79580.463026,1704.32,0.00049947,-1
79585.681339,1704.57,0.04283662,-1
79586.300946,1704.55,0.02572,-1
79589.069099,1704.55,0.0605,-1
79589.212891,1704.54,0.0586157,1
79589.212891,1704.54,0.3527333,1
79589.27309,1704.47,0.146682,1
79589.84134,1704.48,0.13077905,-1
79590.887386,1704.48,0.02850626,-1
79591.271479,1704.48,0.00085377,-1
79592.397155,1704.48,0.00000586,1
79592.331808,1704.48,0.14815206,1
79595.33625,1704.52,0.01425279,-1
79595.505195,1704.47,0.058615,1
79595.444305,1704.51,0.0586157,1
79595.444305,1704.51,1.05211383,1
79595.444305,1704.51,0.00095733,1
79595.444305,1704.51,0.16768014,1
79596.075715,1704.45,0.146682,1
79596.015514,1704.46,0.880253,1
79596.53451,1704.42,0.08384,1
79596.704657,1704.38,1.11252996,1
79596.704657,1704.38,1.46680904,1
79596.645191,1704.39,0.058615,1
79601.003057,1704.48,0.14666292,1
79601.003057,1704.48,0.04192008,1
79602.191831,1704.49,0.29304953,-1
79607.412423,1704.46,0.00074896,1
79607.412423,1704.46,0.146668,1
79607.412423,1704.46,0.02096004,1
79607.993196,1704.46,0.146668,1
79608.893415,1704.39,0.05861572,1
79608.893415,1704.39,0.88025328,1
79608.862113,1704.4,1.466791,1
79608.833638,1704.4,0.058615,1
79608.993862,1704.39,0.01140134,-1
79608.953749,1704.38,1.173273,1
79609.802108,1704.7,0.00366292,-1
79609.802108,1704.7,0.001,-1
79609.802108,1704.6,0.001,-1
79610.944465,1704.65,0.01669283,-1
79611.700314,1704.65,0.03421084,-1
79613.276303,1704.78,0.146672,1
79614.077769,1704.57,0.00290415,-1
79614.286393,1704.52,0.00290406,-1
79614.667938,1704.52,0.32212972,-1
79618.666159,1704.52,0.00055753,-1
79619.912517,1704.52,0.00001173,-1
79619.997564,1704.52,0.00039827,-1
79620.305372,1704.5,0.001,1
79620.305372,1704.51,0.00075186,1
79620.406917,1704.41,0.00871213,-1
79620.566859,1704.4,0.00000586,1
79620.971194,1704.41,0.05701218,-1
79621.383349,1704.4,0.14666486,1
79621.383349,1704.4,0.00099414,1
79624.173496,1704.3,0.146672,1
79624.173496,1704.3,0.001,1
79624.819022,1704.31,0.0567561,-1
79624.875213,1704.3,0.18964921,1
79626.709938,1704.34,1,-1
79626.709938,1704.32,1,-1
79629.963317,1704.7,0.00090392,-1
79629.963317,1704.7,0.001,-1
79629.963317,1704.6,0.001,-1
79632.549321,1704.75,0.05807479,-1
79633.792231,1704.74,0.00081,1
79633.792231,1704.74,1,1
79636.167272,1704.66,0.14665834,1
79636.167272,1704.66,1.17304266,1
79636.163623,1704.67,0.08550623,-1
79637.749025,1704.67,0.02781786,-1
79638.147861,1704.66,1.17304181,1
79638.147861,1704.66,0.00000019,1
79638.722094,1704.7,0.02850358,-1
79640.191201,1704.8,0.05463977,-1
79640.191201,1704.8,0.001,-1
79642.104197,1704.7,0.05674863,-1
79643.247033,1704.61,0.103011,1
79643.754033,1704.62,0.06120532,-1
79644.822871,1704.68,0.03338775,-1
79644.93258,1704.63,0.24336102,1
79644.93258,1704.65,0.09880302,1
79645.609746,1704.68,0.010169,-1
79645.673202,1704.68,0.949454,-1
79645.810032,1705,0.03378732,-1
79645.810032,1705,0.001,-1
79645.810032,1704.96,0.00088005,-1
79645.810032,1704.9,0.001,-1
79647.756721,1704.92,0.0194728,-1
79647.901482,1704.7,0.60878912,-1
79647.901291,1704.7,0.60878912,-1
79647.897684,1704.7,5.92741592,-1
79647.897595,1704.7,5.92741592,-1
79647.897496,1704.7,0.19015084,-1
79647.894024,1704.7,0.001,1
79647.894024,1704.7,0.556,1
79647.894024,1704.71,0.3,1
79647.894024,1704.71,0.88025328,1
79647.894024,1704.72,0.97684321,1
79647.894024,1704.78,0.88025328,1
79647.894024,1704.8,0.556,1
79647.894024,1704.8,0.87986448,1
79647.894024,1704.81,0.59977161,1
79647.894024,1704.81,0.05859367,1
79647.894024,1704.85,1.17304266,1
79647.894024,1704.86,0.88025328,1
79647.894024,1704.9,0.556,1
79647.894024,1704.91,0.0008429,1
79647.894024,1704.91,0.05913791,1
79649.099517,1704.7,0.01190532,-1
79649.663908,1704.69,0.05859334,1
79649.663908,1704.69,1.17304266,1
79649.759028,1704.68,1.173042,1
79649.724449,1704.68,1.173042,1
79650.297303,1704.67,0.57043104,-1
79654.955136,1704.7,0.00094399,-1
79655.490772,1704.7,0.01530341,-1
79656.353855,1704.69,0.05897309,-1
79656.664665,1704.69,0.01329724,-1
79658.402907,1704.61,1.17939491,-1
79658.80151,1704.64,0.28521552,-1
79660.418866,1704.69,0.05286117,-1
79661.192934,1704.68,0.01442706,1
79662.01489,1704.45,1.3135049,1
79662.01489,1704.45,0.2,1
79662.01489,1704.46,3.69096355,1
79662.01489,1704.5,0.001,1
79662.01489,1704.51,0.88001428,1
79662.01489,1704.53,0.88025328,1
79662.01489,1704.6,1.17304266,1
79662.01489,1704.6,0.001,1
79662.01489,1704.61,0.88025328,1
79662.01489,1704.62,0.05859367,1
79662.01489,1704.67,0.00081207,1
79664.664722,1704.61,0.23699463,1
79665.986499,1704.61,0.06288972,1
79666.000118,1704.61,0.0585932,1
79666.000118,1704.61,1.1102028,1
79666.750212,1704.62,0.36556247,-1
79667.522463,1704.61,0.04397249,1
79667.792735,1704.62,0.03484525,-1
79671.123689,1704.56,0.87998904,1
79671.119051,1704.61,0.05859367,1
79671.119051,1704.61,1.12912003,1
79673.237772,1704.41,0.05455797,-1
79673.493571,1704.41,0.00150421,-1
79673.897434,1704.41,0.22257156,-1
79673.988151,1704.41,0.02850442,-1
79674.733009,1704.41,0.02903873,-1
79674.92004,1704.3,0.001,1
79674.92004,1704.4,0.00075279,1
79674.92004,1704.4,0.001,1
79674.973517,1704.29,0.31955,-1
79674.92004,1704.21,0.03401001,1
79675.187051,1704.3,0.00000586,-1
79675.176518,1704.3,0.0002346,-1
79675.16556,1704.3,0.26115604,-1
79675.16556,1704.29,0.31955,-1
79675.756596,1704.24,0.01425221,-1
79676.727556,1704.24,0.05564401,-1
79677.627903,1704.21,0.058593,1
79677.563126,1704.22,0.11905879,-1
79677.945813,1704.11,0.02850442,-1
79677.916171,1704.1,0.04013702,1
79677.916171,1704.1,0.001,1
79677.916171,1704.2,0.001,1
79678.290454,1704.14,0.01995492,-1
79678.290454,1704.12,0.0000005,-1
79678.268705,1704.12,0.2613895,-1
79678.268705,1704.12,0.7386035,-1
79678.332805,1704.14,0.067668,-1
79678.67923,1704.2,0.01141363,-1
79678.798552,1704.2,0.08762,-1
79678.798552,1704.2,0.06767,-1
79678.798552,1704.2,0.83329345,-1
79680.017484,1704.3,0.10016039,-1
79680.198736,1704.3,0.04638267,-1
79680.630902,1704.3,0.00566255,-1
79680.743986,1704.3,0.96602061,-1
79680.743986,1704.3,0.46079439,-1
79681.083878,1704.29,0.00292791,1
79681.417431,1704.5,2.14172521,-1
79681.417431,1704.5,0.001,-1
79681.417431,1704.49,0.05859367,-1
79681.417431,1704.4,0.001,-1
79681.412508,1704.32,1,-1
79681.406614,1704.3,0.96602,-1
79681.406614,1704.3,0.03397939,-1
79682.128896,1704.7,0.04352186,-1
79682.128896,1704.6,0.001,-1
79682.343752,1704.7,0.00580914,-1
79684.241046,1704.69,0.03672927,-1
79684.380055,1704.7,0.00002327,-1
79684.493838,1704.69,0.468543,1
79685.693408,1704.69,0.234271,1
79685.753676,1704.68,1,1
79685.824805,1704.54,1.17324633,1
79685.824805,1704.54,0.05859367,1
79685.984367,1704.52,0.04657764,1
79685.984367,1704.52,0.06715336,1
79686.032666,1704.52,0.05859345,1
79686.032666,1704.52,0.00000055,1
79692.697274,1704.64,0.00102,1
79692.697274,1704.64,1,1
79692.851568,1704.63,0.146695,1
79693.150887,1704.62,0.0175921,1
79693.150887,1704.63,0.00000054,1
79694.674537,1704.64,0.00290399,-1
79695.395393,1704.65,0.2526853,-1
79696.400134,1704.7,0.22803935,-1
79696.964374,1704.69,0.650001,1
79697.084075,1704.64,0.982407,1
79697.084075,1704.64,0.01759,1
79697.027104,1704.68,1,1
79697.884866,1704.69,1.9956718,-1
79697.884866,1704.68,0.05859367,-1
79698.913209,1704.68,1,1
79699.010531,1704.64,0.9999891,1
79699.010531,1704.64,0.0000009,1
79698.972775,1704.64,0.99999,1
79699.085025,1704.62,0.146659,1
79699.333886,1704.62,0.99999961,1
79699.333886,1704.62,0.00000039,1
79699.720363,1704.63,0.03484709,-1
79700.317824,1704.62,0.99998961,1
79700.317824,1704.62,0.00000039,1
79701.346005,1704.62,0.08946961,1
79701.346005,1704.62,0.00000039,1
79701.857439,1704.62,0.05924831,1
79705.361964,1704.69,0.2850425,-1
79708.633546,1704.68,0.00081,1
79708.633546,1704.68,1,1
79709.654848,1704.63,0.03775013,-1
79711.778008,1704.68,0.07160747,-1
79711.778008,1704.68,0.05859367,-1
79712.259231,1704.68,0.01224266,-1
79713.872217,1704.68,0.01090807,-1
79715.390083,1704.68,0.20865213,-1
79715.6227,1704.67,0.066,1
79716.34769,1704.67,0.00000586,1
79716.336818,1704.67,0.00522681,1
79716.838514,1704.68,0.03338736,-1
79717.220506,1704.73,0.09479767,-1
79717.220506,1704.7,0.001,-1
79717.220506,1704.7,0.9059909,-1
79717.220287,1704.7,9.26721897,-1
79717.220203,1704.7,0.5032845,-1
79717.220203,1704.68,1.17316275,-1
79717.220203,1704.68,0.02520631,-1
79718.654414,1704.95,0.01011453,-1
79718.654414,1704.9,0.001,-1
79718.654414,1704.8,0.001,-1
79718.733396,1704.94,0.00173038,-1
79720.575938,1704.97,0.04239505,-1
79721.779667,1704.97,0.0136303,-1
79722.369355,1704.96,0.00000586,1
79723.265048,1704.97,0.105658,-1
79724.781018,1704.93,0.14665079,1
79724.781018,1704.94,0.99999414,1
79724.744145,1704.98,0.001111,1
79724.744145,1704.98,1,1
79725.31271,1704.7,0.146637,1
79725.31271,1704.7,0.001,1
79728.243797,1704.67,0.1,1
79728.47881,1704.61,0.03671549,-1
79728.752141,1704.61,0.03115216,-1
79729.846695,1704.61,0.0645797,-1
79731.069955,1704.61,0.00871167,-1
79732.326181,1704.61,0.00056916,-1
79732.897712,1704.61,0.00058078,-1
79733.108924,1704.61,0.00018004,-1
79733.080606,1704.6,0.146658,1
79733.080606,1704.6,0.001,1
79734.639353,1704.51,0.29296982,-1
79735.343704,1704.51,0.00566259,-1
79737.489388,1704.53,0.0122428,-1
79737.768814,1704.53,0.08345871,-1
79738.960301,1704.53,0.262398,-1
79739.019301,1704.53,0.05700917,-1
79741.180832,1704.56,0.00001173,-1
79741.249932,1704.56,0.05701184,-1
79741.387078,1704.58,0.00058081,-1
79741.425167,1704.6,0.00232322,-1
79742.135075,1704.57,0.016688,-1
79743.588572,1704.58,0.01161624,-1
79743.634376,1704.54,0.17383988,1
79743.634376,1704.54,0.1,1
79743.634376,1704.55,0.05859367,1
79743.634376,1704.57,0.00117115,1
79744.311635,1704.56,0.0027587,-1
79745.545606,1704.62,0.94299,-1
79745.545606,1704.62,0.05701,-1
79745.545606,1704.6,0.05934,-1
79745.545606,1704.6,0.05701,-1
79745.545606,1704.6,0.88364321,-1
79745.545606,1704.59,1.17316019,-1
79748.687488,1704.79,0.14666509,1
79748.687488,1704.79,1.84,1
79748.687488,1704.79,0.24701791,1
79749.820378,1704.79,0.05700917,-1
79750.79881,1704.79,1.46645613,1
79750.79881,1704.79,0.14664133,1
79750.79881,1704.79,0.15201354,1
79751.26908,1704.79,0.01277446,1
79751.753981,1704.79,0.03277108,1
79751.753981,1704.79,0.02522892,1
79753.562648,1704.86,0.05741521,-1
79753.562648,1704.8,0.001,-1
79756.337057,1704.88,0.01947023,-1
79759.757178,1704.88,0.00053511,-1
79764.969876,1704.89,0.05819247,1
79764.969876,1704.89,0.0010491,1
79765.205568,1704.87,0.146641,1
79766.873176,1704.77,0.00058069,-1
79767.89883,1704.7,0.00149834,1
79767.89883,1704.72,0.05859367,1
79767.86561,1704.73,0.53772275,1
79767.86561,1704.73,0.04061954,1
79770.697447,1704.85,0.00918054,-1
79771.092411,1704.85,0.05451997,-1
79771.343914,1704.89,0.02309948,-1
79771.701806,1704.82,0.00073774,1
79772.275735,1704.82,0.00000586,1
79772.265415,1704.82,0.00503278,1
79772.739502,1704.87,0.12127925,-1
79774.220728,1704.82,0.03439315,1
79774.220728,1704.82,0.01482373,1
79774.813579,1704.87,0.01175389,-1
79775.990854,1704.85,0.09987975,-1
79778.104325,1704.87,0.0010235,1
79778.104325,1704.87,0.1701565,1
79778.283928,1704.85,0.19473401,-1
79779.897212,1704.85,0.182445,1
79780.149388,1704.84,0.02956,1
79780.763236,1704.85,0.091222,1
79782.348206,1704.87,0.05633268,-1
79785.594613,1704.85,0.1207776,-1
79785.623516,1704.85,0.134166,1
79786.246346,1704.85,0.094902,1
79786.225213,1704.87,0.05563651,-1
79787.024906,1704.85,0.01161379,-1
79792.498207,1704.85,0.00027293,-1
79792.858741,1704.85,0.05806962,-1
79795.052633,1704.85,0.01161392,-1
79795.160619,1704.85,0.047451,1
79795.570006,1704.82,0.00131931,1
79795.570006,1704.84,0.00075092,1
79795.570006,1704.84,0.00000042,1
79795.798813,1704.82,0.110931,1
79796.35463,1704.82,1.46642955,1
79796.35463,1704.82,0.00000045,1
79796.607572,1704.81,4.49542929,1
79796.607572,1704.81,0.14663703,1
79796.607572,1704.81,1.02984968,1
79796.607572,1704.81,0.1,1
79797.155873,1704.81,0.00580696,-1
79797.575585,1704.8,0.146637,1
79797.970031,1704.79,0.58605308,1
79797.970031,1704.8,0.00000003,1
79798.283226,1704.75,0.00055747,-1
79798.451619,1704.82,0.01018388,-1
79798.428149,1704.75,0.00226762,1
79799.558911,1704.87,0.00290348,-1
79799.668115,1704.87,0.00131095,-1
79799.668115,1704.87,0.05569019,-1
79799.966608,1704.86,0.00275831,-1
79801.117251,1704.81,0.04284739,1
79801.096098,1704.82,0.05806962,-1
79801.487521,1704.81,0.04316445,1
79802.519169,1704.84,0.0057024,-1
79802.699654,1704.86,0.00290343,-1
79802.896627,1704.86,0.0256498,-1
79803.328809,1704.86,0.02850107,-1
79806.987991,1704.81,0.01206932,1
79806.987991,1704.81,0.11398816,1
79806.987991,1704.85,0.6470003,1
79806.987991,1704.85,0.00074974,1
79808.044042,1705.07,1.5247738,-1
79808.043559,1705,0.001,-1
79808.042427,1704.96,1.17298803,-1
79808.04214,1704.94,0.05859367,-1
79808.04214,1704.9,0.001,-1
79808.04214,1704.88,0.08215056,-1
79808.04214,1704.86,0.02546545,-1
79808.214902,1705.3,0.01125054,-1
79808.214902,1705.3,0.001,-1
79808.214902,1705.2,0.001,-1
79808.214902,1705.1,0.001,-1
79808.421843,1705.02,0.531734,1
79810.274658,1705.18,1,1
79810.64097,1705.1,0.14257877,1
79810.64097,1705.11,0.05859367,1
79811.00384,1705.12,0.14257,1
79811.00384,1705.12,0.85743,1
79811.342442,1705.11,0.050554,1
79811.326428,1705.11,0.00803924,1
79811.491143,1705.12,0.15813377,1
79811.491143,1705.13,0.03063998,1
79811.491143,1705.13,0.03063998,1
