64571.156244,1678.24,0.02002778,-1
64570.999726,1678.23,0.11306362,-1
64567.887779,1678.14,0.89384596,1
64567.887779,1678.14,1.19189304,1
64566.917609,1678.12,0.05940064,-1
64566.715506,1678.08,0.05899213,-1
64561.491178,1677.89,0.60796711,1
64561.490984,1677.89,0.28601247,1
64561.490984,1677.9,0.001,1
64561.490984,1678,0.001,1
64561.490298,1678.05,0.01474336,1
64561.490298,1678.07,0.33336491,1
64561.258373,1678.07,0.66663509,1
64561.258068,1678.11,0.8938581,1
64560.106002,1678.1,0.03735037,1
64560.106002,1678.1,0.001,1
64560.106002,1678.2,0.001,1
64560.106002,1678.23,0.00076305,1
64560.106002,1678.23,0.00030521,1
64557.265096,1678.24,0.00884766,-1
64556.471421,1678.24,0.00847545,-1
64556.33481,1678.26,5.7850288,1
64556.33481,1678.3,0.001,1
64556.33481,1678.4,0.001,1
64552.159235,1678.49,0.69775749,1
64552.15543,1678.49,0.49353765,1
64552.15543,1678.52,0.8936444,1
64551.694033,1678.53,0.02894592,-1
64550.858239,1678.53,0.02949009,-1
64549.192417,1678.53,1.15789298,-1
64547.916136,1678.56,6.87379296,1
64547.916136,1678.56,2.99011025,1
64547.916136,1678.57,1.48662189,1
64547.916136,1678.57,4.76415924,1
64547.916136,1678.58,2.84420307,1
64547.916136,1678.61,0.99665558,1
64547.916136,1678.61,0.89359648,1
64547.916136,1678.61,0.00110041,1
64547.916136,1678.61,0.05437818,1
64547.916136,1678.61,0.05437817,1
64547.05719,1678.6,0.01849659,-1
64547.05719,1678.6,0.05940064,-1
64547.05719,1678.6,0.001,-1
64547.05719,1678.53,0.09152055,-1
64547.05719,1678.53,2.77894558,-1
64545.175028,1678.53,0.02964498,-1
64542.330065,1678.53,0.0915125,-1
64542.330065,1678.53,1.813,-1
64541.592369,1678.33,0.58921492,-1
64541.592157,1678.33,2.31123374,-1
64541.547959,1678.32,0.02824646,-1
64540.908371,1678.32,0.70939,1
64540.847322,1678.32,0.07558,1
64540.846699,1678.32,0.07588,1
64540.843213,1678.32,0.05124,1
64540.841735,1678.32,0.04491,1
64540.841711,1678.32,0.04299914,1
64540.841711,1678.39,0.00000086,1
64540.78893,1678.39,0.155855,1
64540.743876,1678.39,0.06698,1
64540.740638,1678.4,0.001,1
64540.720921,1678.41,0.05940064,1
64540.720921,1678.49,0.89365561,1
64540.716526,1678.56,1.191408,1
64540.070931,1678.47,3.74140872,1
64540.070931,1678.5,0.001,1
64540.070931,1678.55,0.89362454,1
64540.070931,1678.59,1.191408,1
64540.070931,1678.59,0.18926622,1
64539.140905,1678.56,1.306592,1
64539.140905,1678.57,1.191408,1
64539.140905,1678.6,0.001,1
64539.140905,1678.65,2,1
64539.140905,1678.7,0.001,1
64539.031339,1678.73,0.89353261,1
64538.594614,1678.77,0.37853244,1
64538.47809,1678.78,0.00589728,-1
64534.371453,1678.75,0.0141234,-1
64534.225218,1678.82,0.02815479,-1
64533.757256,1678.74,0.02824679,-1
64533.166957,1678.83,0.02491487,-1
64533.166957,1678.83,0.25673003,-1
64533.166957,1678.83,0.25673003,-1
64531.642436,1678.74,0.00384487,-1
64531.39433,1678.76,0.44829577,1
64531.39433,1678.8,0.168,1
64531.39433,1678.8,0.001,1
64531.39433,1678.85,0.00100914,1
64531.39433,1678.85,0.83509906,1
64530.461726,1678.86,0.02655118,-1
64530.106911,1678.86,0.00127368,-1
64529.560995,1678.86,0.02948517,-1
64529.274919,1678.85,0.05836651,1
64528.428325,1678.93,0.00589703,-1
64527.487773,1678.81,0.03934036,-1
64527.487559,1678.81,0.03934037,-1
64527.121608,1678.81,1.315028,-1
64527.121608,1678.81,0.2476734,-1
64523.793827,1678.81,0.01446787,-1
64523.405875,1678.84,0.0056468,1
64572.59875,1678.23,0.11889053,1
64574.861654,1678.02,2.53624188,1
64574.861654,1678.03,0.05940064,1
64574.861654,1678.08,11.91717563,1
64574.861654,1678.09,4.76415924,1
64574.861654,1678.1,9.95875692,1
64574.861654,1678.1,0.185,1
64574.861654,1678.14,0.00000079,1
64574.861654,1678.2,0.185,1
64574.861654,1678.22,0.89380414,1
64574.861654,1678.23,0.00088547,1
64574.861654,1678.23,1.19189304,1
64574.861654,1678.23,0.64291461,1
64574.861654,1678.23,0.11090998,1
64577.335351,1678.23,0.58365197,1
64577.335351,1678.23,1.19189304,1
64577.335351,1678.23,0.05545499,1
64577.337903,1678.22,0.64291461,1
64577.337903,1678.22,0.89380414,1
64578.51894,1678.17,0.05813536,-1
64579.590053,1678.16,0.00058991,-1
64581.978424,1678.21,0.00565131,-1
64582.547713,1678.24,0.02895247,-1
64584.334921,1678.23,0.02895247,-1
64584.726972,1678.23,0.01474759,-1
64585.038688,1678.09,0.01474768,-1
64585.038539,1678.09,0.01179807,-1
64585.745282,1678.09,0.01437065,-1
64587.094919,1678,0.000763,1
64587.094919,1678,0.001,1
64587.168214,1677.96,0.89394,1
64588.114503,1677.97,0.029775,-1
64589.063169,1677.97,0.06694336,-1
64589.063169,1677.97,0.0148875,-1
64589.063169,1677.97,0.26786227,-1
64589.063169,1677.97,0.23808727,-1
64589.358585,1677.97,0.02895644,-1
64589.802328,1677.96,1.81299923,1
64589.802328,1677.96,0.00000077,1
64589.931612,1677.95,0.58999863,-1
64590.098618,1677.99,0.06895713,-1
64590.039611,1677.95,0.00480877,-1
64591.834136,1677.91,0.01179857,-1
64594.10499,1677.81,0.15055777,1
64594.10499,1677.81,0.14999999,1
64594.05397,1677.82,1,1
64594.05397,1677.9,0.001,1
64594.127885,1677.7,0.001,1
64594.122631,1677.71,0.003,1
64594.122631,1677.71,0.00061077,1
64594.122631,1677.73,0.44204685,1
64594.122631,1677.8,0.001,1
64594.145969,1677.6,0.001,1
64594.361811,1677.4,0.001,1
64594.361811,1677.41,0.07615248,1
64594.361811,1677.41,0.1999998,1
64594.356402,1677.5,0.001,1
64594.405902,1677.32,1,1
64594.573479,1676.88,2.60333496,1
64594.573479,1676.9,0.001,1
64594.573479,1676.91,0.01375051,1
64594.573479,1676.91,0.08519435,1
64594.573479,1676.93,0.19999922,1
64594.573479,1676.93,0.00061421,1
64594.573479,1677,0.001,1
64594.573479,1677.06,0.44222376,1
64594.573479,1677.07,1,1
64594.573479,1677.1,0.001,1
64594.573479,1677.13,0.14898866,1
64594.573479,1677.2,0.001,1
64594.573479,1677.23,0.00089433,1
64594.573479,1677.3,0.001,1
64594.890883,1677.02,0.94141208,-1
64594.890883,1677.01,0.05950253,-1
64595.39005,1677.02,0.002897,-1
64595.642327,1677.04,0.00381369,-1
64595.642327,1677.02,0.94141,-1
64595.642327,1677.02,0.05569092,-1
64596.750273,1677.02,0.11800113,-1
64596.890923,1677.02,0.01055514,-1
64598.172837,1676.8,0.001,1
64598.172837,1676.82,9.87363406,1
64598.171017,1676.82,2.04545914,1
64598.171017,1676.82,1,1
64598.171017,1676.87,0.20013186,1
64598.16997,1676.97,0.76733465,1
64598.16986,1676.97,0.12713464,1
64598.16986,1677,1,1
64598.16986,1677.01,1,1
64598.333089,1676.77,0.23834564,-1
64598.728543,1676.9,4.17966617,-1
64598.728543,1676.88,1.019,-1
64598.728543,1676.88,4.76415924,-1
64598.728543,1676.8,0.98944486,-1
64598.728543,1676.8,0.01055,-1
64598.728543,1676.79,2.73734808,-1
64598.728543,1676.79,0.83579693,-1
64598.728543,1676.79,0.05950253,-1
64598.728543,1676.78,1,-1
64599.055301,1676.71,0.003205,-1
64600.3737,1676.7,0.00000596,1
64601.687425,1676.71,0.11808347,-1
64603.152782,1676.74,1,-1
64603.152782,1676.72,1,-1
64603.152782,1676.71,0.11808243,-1
64603.152782,1676.71,0.05950253,-1
64603.152782,1676.71,0.00972634,-1
64603.269876,1676.9,0.19399982,1
64603.269876,1676.9,0.00095118,1
64603.238639,1676.9,0.194,1
64603.355649,1676.72,1.575,1
64603.355649,1676.73,0.88751327,1
64603.355457,1676.82,0.46625608,1
64603.355213,1676.89,0.89451305,1
64604.003193,1676.7,0.0006088,1
64604.003193,1676.7,0.00099404,1
64604.052319,1676.7,0.1939998,1
64604.052319,1676.7,0.0003912,1
64605.236285,1676.71,0.0090498,-1
64605.638982,1676.7,0.24261442,1
64605.637805,1676.7,0.652,1
64605.760696,1676.61,0.100825,-1
64605.897293,1676.3,0.001,1
64605.897293,1676.32,0.89481568,1
64605.897293,1676.4,0.001,1
64605.88731,1676.5,0.001,1
64605.885425,1676.53,0.57921848,1
64605.863049,1676.6,0.001,1
64605.919064,1675.8,0.39078397,1
64605.919064,1675.82,1,1
64605.919064,1675.86,0.06156533,1
64605.919064,1675.86,0.57945028,1
64605.919064,1675.9,0.001,1
64605.919064,1675.94,0.12313067,1
64605.919064,1675.97,1.575,1
64605.919064,1675.99,0.0008933,1
64605.919064,1676,0.194,1
64605.919064,1676,0.001,1
64605.919064,1676.1,0.194,1
64605.919064,1676.1,0.03078267,1
64605.919064,1676.1,0.001,1
64605.919064,1676.19,0.1,1
64605.919064,1676.19,0.2,1
64605.919064,1676.2,0.001,1
64606.465084,1676.01,0.01653238,-1
64607.204839,1676.01,0.99091461,-1
64607.289381,1676.01,0.99191461,-1
64607.402363,1676.24,0.048,-1
64607.402363,1676.23,0.05950253,-1
64607.402363,1676.2,0.001,-1
64607.38572,1676.17,0.99291461,-1
64607.378149,1676.06,0.00808539,-1
64607.372519,1676.04,0.99191461,-1
64607.369072,1676.02,1,-1
64607.369072,1676.01,0.87258333,-1
64607.455472,1676.41,0.021,-1
64607.455472,1676.3,0.001,-1
64609.611135,1675.89,0.34546526,1
64609.598656,1675.89,0.20428,1
64609.593693,1675.95,0.17768,1
64609.592988,1675.77,3.37339306,1
64609.592988,1675.78,0.17768,1
64609.592988,1675.8,0.001,1
64609.592988,1675.82,0.1553216,1
64609.592988,1675.9,0.001,1
64609.592988,1675.9,2.68319102,1
64609.592988,1676,0.1,1
64609.592988,1676,0.00841432,1
64609.592871,1676,0.19158568,1
64609.592871,1676,0.001,1
64609.5884,1676.1,0.194,1
64609.5884,1676.1,0.001,1
64609.581565,1676.11,1.89385309,1
64609.581565,1676.12,0.05950253,1
64609.581565,1676.2,0.194,1
64609.581501,1676.26,0.99900385,1
64609.581501,1676.26,0.89484924,1
64610.122016,1676.33,1.813,1
64610.022504,1676.12,1,-1
64610.014292,1676.1,0.001,-1
64609.710625,1676,1.61418426,-1
64609.69499,1676,4.59448695,-1
64609.694698,1676,1.83540301,-1
64609.694006,1675.89,0.06878849,-1
64609.687009,1675.89,0.13757698,-1
64609.683402,1675.92,0.67394947,-1
64609.682915,1675.92,0.01093828,-1
64609.682708,1675.89,0.03439425,-1
64609.682708,1675.89,0.24075971,-1
64609.675285,1675.92,0.12529864,-1
64609.675285,1675.92,0.66696712,-1
64609.673827,1675.92,0.65482978,-1
64609.673827,1675.92,0.04585899,-1
64609.673827,1675.92,0.045859,-1
64609.673827,1675.92,0.04585899,-1
64609.667074,1675.91,0.045859,-1
64610.150099,1676.33,0.74781894,1
64610.150099,1676.33,1.15889767,1
64610.150099,1676.33,0.96440839,1
64611.108213,1676.3,0.18191616,-1
64611.108213,1676.29,0.05950253,-1
64611.108213,1676.22,1,-1
64611.108213,1676.21,0.74296801,-1
64611.108213,1676.2,1,-1
64611.456355,1676.33,0.01447624,-1
64612.284648,1676.34,0.15190447,-1
64612.284648,1676.33,0.00723812,-1
64612.284648,1676.33,0.05950253,-1
64612.284648,1676.33,0.01991801,-1
64612.580537,1676.41,0.075,-1
64612.580537,1676.4,0.001,-1
64612.577372,1676.38,1,-1
64612.577372,1676.38,1.027,-1
64612.548548,1676.34,0.05950253,-1
64612.548548,1676.34,1,-1
64612.548548,1676.34,2.70294597,-1
64614.606282,1676.21,0.0668744,1
64614.762382,1676.2,0.001,1
64615.046172,1676,0.00283525,1
64615.046172,1676.1,0.001,1
64616.098734,1676.08,0.09027802,-1
64616.028592,1676.04,1,-1
64616.594725,1676.14,0.04548199,-1
64616.594725,1676.13,0.01357806,-1
64617.987384,1676.02,1,-1
64618.125186,1676.08,0.00282969,-1
64619.622132,1676.18,0.79735727,-1
64619.606167,1676.16,0.20264273,-1
64619.606167,1676.16,2.85515702,-1
64619.602182,1676.14,0.00282,-1
64619.602182,1676.14,0.00282,-1
64619.602182,1676.14,0.99435031,-1
64619.721495,1676.3,0.032952,-1
64619.721495,1676.3,0.001,-1
64620.655082,1676.32,0.23769087,-1
64620.655082,1676.32,0.76230316,-1
64621.332646,1676.34,0.33396591,-1
64621.332646,1676.32,0.23769,-1
64621.332646,1676.32,0.51839494,-1
64621.332587,1676.32,2.46432912,-1
64621.332587,1676.32,0.76230913,-1
64621.889458,1676.3,0.01789049,1
64623.400599,1676.05,0.89495866,1
64623.400599,1676.1,0.00122641,1
64623.400599,1676.1,0.001,1
64623.36112,1676.11,0.00014305,-1
64623.523851,1676,0.001,1
64623.778743,1675.5,0.001,1
64623.778743,1675.51,0.002,1
64623.778688,1675.51,0.05750253,1
64623.778688,1675.58,8.34890402,1
64623.778688,1675.6,0.05,1
64623.778688,1675.6,0.001,1
64623.778688,1675.61,1.19349879,1
64623.778688,1675.7,0.001,1
64623.778688,1675.8,0.001,1
64623.778688,1675.9,0.001,1
64624.894473,1675.56,1,-1
64624.889895,1675.54,0.29830622,-1
64624.889895,1675.54,1,-1
64625.088831,1675.72,0.001385,-1
64626.292981,1675.72,0.02219745,-1
64626.292981,1675.72,0.0006925,-1
64626.292981,1675.72,0.00540403,-1
64631.248221,1675.66,1,-1
64631.248221,1675.64,0.02219,-1
64631.248221,1675.64,0.02219,-1
64631.248221,1675.64,0.95561255,-1
64631.639697,1675.68,2.23172136,-1
64631.638398,1675.68,0.7521419,-1
64631.630965,1675.72,0.14919316,-1
64631.621251,1675.68,2.98386326,-1
64633.274662,1675.73,2.98377423,-1
64633.407971,1675.8,0.7682765,-1
64633.407971,1675.8,0.77885695,-1
64633.407971,1675.8,0.001,-1
64633.583099,1675.88,1,-1
64633.709643,1675.9,1.07444621,-1
64633.709643,1675.9,0.001,-1
64633.763695,1675.94,0.84346321,-1
64633.742117,1675.92,0.15653679,-1
64633.742117,1675.9,0.87655678,-1
64633.738494,1675.9,1.03246857,-1
64636.073055,1675.95,0.29696004,1
64636.139813,1675.96,0.03112951,-1
64636.242268,1675.94,0.00076798,1
64636.242268,1675.94,0.8950201,1
64637.226071,1675.8,0.19811462,-1
64642.661891,1675.7,0.001,1
64643.908002,1675.61,0.00280612,-1
64644.186036,1675.55,0.14918248,1
64644.186036,1675.6,0.001,1
64644.656695,1675.3,0.001,1
64644.656695,1675.32,0.23703855,1
64644.656607,1675.32,0.76296145,1
64644.656607,1675.4,0.001,1
64644.635985,1675.47,0.07603855,1
64644.635985,1675.5,0.001,1
64644.832154,1675.22,0.04726101,-1
64645.303722,1675.31,0.00575994,-1
64645.507545,1675.3,0.89536202,1
64645.539787,1675.2,0.001,1
64645.539787,1675.21,0.04999996,1
64646.261463,1675.1,0.001,1
64646.439641,1675,0.00021561,1
64646.43889,1675.03,0.11789976,-1
64646.43889,1675,0.00078439,1
64646.43889,1675,0.0030207,1
64646.43889,1675,0.05898507,1
64646.43889,1675,0.00118447,1
64646.43889,1675,0.29492537,1
64646.432383,1675.04,0.14918248,1
64646.432383,1675.07,1,1
64646.439641,1674.95,0.14918248,1
64646.439641,1675,0.193,1
64646.837686,1674.97,0.05939503,1
64647.189585,1674.92,0.00590763,-1
64647.257661,1674.98,0.00056713,-1
64647.351633,1674.95,0.20888412,-1
64647.351633,1674.94,0.0295084,-1
64647.51672,1674.93,0.00295381,-1
64647.672822,1674.93,0.00280612,-1
64648.203753,1674.92,0.01476986,-1
64648.532615,1675.08,0.62250841,-1
64648.532615,1675.08,0.49364068,-1
64648.532416,1675.08,2.49129138,-1
64648.532416,1675.05,1.80453374,-1
64648.532087,1675.05,1.10592284,-1
64648.531321,1675.05,1.09698274,-1
64648.531321,1675.05,0.05950253,-1
64648.531321,1675.04,0.65387699,-1
64648.531086,1675.04,1.96712635,-1
64648.531083,1675.04,0.364,-1
64648.530875,1674.94,0.47315388,-1
64648.530823,1674.94,0.418,-1
64648.530746,1674.94,0.10884612,-1
64648.530746,1674.92,0.92615388,-1
64648.450038,1674.92,0.05907626,-1
64648.5564,1675.2,0.001,-1
64648.535496,1675.08,0.57156631,-1
64648.640628,1675.28,0.14497315,-1
64649.597291,1675.3,0.0137409,-1
64649.597291,1675.3,0.001,-1
64650.33467,1675.29,0.00001193,-1
64650.671986,1675.26,1,1
64650.671986,1675.28,0.23838471,1
64650.671986,1675.28,0.00082869,1
64650.671986,1675.28,1,1
64650.783531,1675.12,0.07683203,1
64650.897391,1675.01,0.00295397,-1
64651.413378,1675.06,0.01821745,-1
64651.413378,1675.06,0.01186826,-1
64652.236604,1675.04,0.00165369,1
64652.246878,1675.04,0.00000597,1
64652.393314,1675.02,0.99843847,1
64652.393314,1675.04,0.00156153,1
64652.387362,1675.04,0.99677881,1
64653.229093,1674.99,0.04190004,-1
64653.225702,1675,1,1
64653.225702,1675,0.001,1
64653.293533,1674.96,0.00156153,1
64653.293533,1674.96,0.99843,1
64653.357518,1674.8,0.001,1
64653.354511,1674.81,0.89562008,1
64653.354372,1674.82,0.14923057,1
64653.354372,1674.82,1,1
64653.354372,1674.9,0.001,1
64656.276989,1674.71,0.10544463,-1
64656.276989,1674.71,0.01375163,-1
64657.089744,1674.71,0.04246513,-1
64657.980083,1674.7,0.001,1
64658.425793,1674.71,0.11699128,-1
64658.424777,1674.71,0.47895582,-1
64658.422994,1674.71,1.06527671,-1
64658.421963,1674.71,1.32436772,-1
64658.795884,1674.66,0.01487138,1
64658.859159,1674.61,0.00002388,-1
64659.25856,1674.61,0.31140085,-1
64660.89353,1674.61,0.00190283,-1
64661.345073,1674.61,0.11325532,-1
64662.50599,1674.71,0.41779711,-1
64662.50599,1674.68,0.05950253,-1
64662.50599,1674.61,0.00000597,-1
64662.586313,1674.71,2.56778845,-1
64663.308124,1674.85,2.985336,-1
64663.308124,1674.85,0.048,-1
64663.816255,1674.9,0.017,-1
64663.816255,1674.9,0.001,-1
64663.959232,1674.9,2.65562154,-1
64663.958071,1674.9,0.31263131,-1
64664.704154,1675,2.76902868,-1
64664.704154,1675,0.001,-1
64664.762244,1675,0.10802297,-1
64664.761714,1675,0.10802297,-1
64665.000143,1675.3,0.001,-1
64664.94717,1675.2,0.001,-1
64664.940909,1675.1,0.001,-1
64665.000143,1675.39,1.24262592,-1
64665.722004,1675.4,2.98436194,-1
64665.722004,1675.4,0.001,-1
64666.067296,1675.49,0.003,1
64667.254385,1675.33,0.11606093,-1
64670.603559,1675.49,0.06999523,1
64670.603559,1675.49,1.44591,1
64670.540295,1675.41,0.9834727,-1
64671.02287,1675.82,0.048,-1
64671.02287,1675.8,0.05,-1
64671.02287,1675.8,0.001,-1
64671.022281,1675.75,1.06,-1
64671.022281,1675.7,0.001,-1
64671.022281,1675.69,0.05950253,-1
64671.021198,1675.67,1.19381884,-1
64671.021198,1675.6,0.001,-1
64671.019778,1675.5,0.001,-1
64672.430721,1676,0.001,-1
64672.345548,1675.97,0.19991692,-1
64672.345548,1675.9,0.001,-1
64672.336159,1675.8,0.55387874,-1
64672.554919,1676.1,0.00387805,-1
64672.554919,1676.1,0.001,-1
64672.888829,1676.18,0.5,1
64672.888624,1676.18,0.5,1
64673.589041,1676.1,0.92507239,1
64673.589041,1676.11,0.46092761,1
64673.588993,1676.11,0.434,1
64673.588993,1676.12,1,1
64673.854562,1675.99,0.00144245,1
64673.854562,1675.99,0.35703322,1
64673.854219,1675.99,0.35847568,1
64674.149134,1676.04,1.06,-1
64674.149134,1676.03,0.05950253,-1
64674.46175,1676.4,0.001,-1
64674.461127,1676.3,0.001,-1
64674.451222,1676.2,0.19017008,-1
64674.451145,1676.2,0.18917009,-1
64674.451145,1676.2,0.001,-1
64674.694044,1676.5,0.00042946,-1
64674.915758,1676.48,0.09040512,1
64675.227728,1676.49,0.23747555,-1
64675.227728,1676.49,0.00593414,-1
64675.452309,1676.48,0.00656832,1
64675.726923,1676.6,0.001,-1
64675.717075,1676.5,0.00057054,-1
64675.715771,1676.49,0.12642485,-1
64675.80468,1676.7,0.001,-1
64675.792482,1676.69,0.0020202,-1
64675.909592,1676.23,1.575,1
64675.908172,1676.16,0.31702316,1
64675.908039,1676.16,1.58366559,1
64675.906525,1676.2,0.1553216,1
64675.906525,1676.2,0.001,1
64675.906525,1676.21,0.00731965,1
64675.906339,1676.21,1.88122722,1
64675.9048,1676.21,1.41449949,1
64675.9048,1676.21,2.04296938,1
64675.904526,1676.21,3.13964657,1
64675.904106,1676.21,0.23111784,1
64675.904001,1676.21,2.22397374,1
64675.902519,1676.25,4.03786,1
64675.902519,1676.25,8.84930371,1
64675.902519,1676.28,0.05954454,1
64675.90153,1676.25,2.03622823,1
64675.900032,1676.3,0.001,1
64675.900032,1676.34,10.88553194,1
64675.900032,1676.36,0.17768,1
64675.891674,1676.56,0.1,1
64675.891674,1676.56,0.2,1
64675.891674,1676.59,0.20922891,1
64675.891674,1676.68,0.20922891,1
64675.891674,1676.7,0.174,1
64675.891674,1676.7,0.94091461,1
64675.891674,1676.71,0.05950253,1
64675.891674,1676.78,0.3576013,1
64675.891607,1676.78,0.54542526,1
64675.891607,1676.78,0.00657,1
64675.891607,1676.79,0.8945664,1
64675.891607,1676.79,0.56591461,1
64675.891607,1676.79,1.813,1
64675.964222,1675.82,0.86069975,1
64675.964222,1675.82,0.06205576,1
64675.964222,1675.88,0.03102788,1
64675.964222,1675.9,0.00113122,1
64675.964222,1675.9,0.001,1
64675.916008,1676.21,0.88207921,1
64676.203728,1676.12,1,-1
64676.203658,1676.1,0.5,-1
64676.203147,1676.1,0.5,-1
64676.199273,1676.1,0.2834573,-1
64676.199199,1676.1,0.28345731,-1
64676.028776,1675.91,0.57191461,-1
64676.000629,1675.8,0.001,1
64676.000629,1675.82,0.24957579,1
64676.909188,1676.11,0.59703292,1
64676.494691,1676.4,0.02010856,-1
64676.48297,1676.4,0.62047477,-1
64676.92509,1676,0.001,1
64676.92509,1676.01,0.29851646,1
64677.100669,1676.09,0.32788169,-1
64677.222107,1676.07,0.92091461,1
64677.210492,1676.08,0.92191461,1
64677.179273,1676.11,0.89492933,1
64677.16441,1676.12,0.00932864,1
64677.16441,1676.12,0.02798592,1
64677.16441,1676.12,0.03731455,1
64677.16441,1676.12,0.07462912,1
64677.242777,1676.04,0.21214236,1
64677.2321,1676.07,0.56570728,1
64677.717204,1675.97,0.70981208,1
64677.717204,1675.98,0.1536,1
64677.717204,1676.03,0.05950253,1
64677.656977,1676.04,0.00004175,-1
64677.978243,1675.75,0.89511944,1
64677.954033,1675.8,0.001,1
64677.954033,1675.85,0.03731456,1
64677.954033,1675.85,0.03731456,1
64677.943698,1675.83,0.28545109,1
64677.943698,1675.84,0.63346352,1
64678.211072,1675.77,0.28987745,-1
64678.830913,1675.77,0.02547492,-1
64679.238934,1675.77,0.00000596,-1
64679.228376,1675.77,0.00590536,-1
64679.349296,1675.8,1,-1
64679.349296,1675.78,0.88502213,-1
64679.345858,1675.78,0.11497787,-1
64679.345858,1675.77,0.72570818,-1
64679.880469,1675.91,0.17768,1
64679.880469,1675.91,0.00932864,1
64679.880469,1675.91,0.00932864,1
64679.880469,1675.91,0.01865728,1
64680.190905,1675.87,0.01543166,1
64680.788606,1675.87,0.1536,1
64680.788606,1675.87,0.04407087,1
64680.932561,1675.73,0.02527395,1
64680.932561,1675.77,0.89064066,1
64680.883903,1675.86,0.89505802,1
64681.393178,1675.8,1,-1
64681.385921,1675.77,0.02954172,-1
64681.380358,1675.76,1,-1
64681.380358,1675.75,0.58134272,-1
64682.112983,1675.84,1,-1
64682.112983,1675.82,1,-1
64682.400828,1675.91,0.05950253,1
64682.390492,1675.97,0.30932864,1
64682.577924,1675.84,0.08829538,-1
64682.536107,1675.87,0.89505432,1
64684.692207,1675.7,0.001,1
64684.681538,1675.74,0.67673208,1
64684.681538,1675.76,0.17768,1
64684.681538,1675.77,0.05950253,1
64684.739298,1675.66,0.4517776,1
64685.085275,1675.61,0.89519637,1
64685.063799,1675.63,0.88181757,1
64685.063799,1675.63,0.03009704,1
64685.796914,1675.57,0.91091461,1
64685.744645,1675.6,0.001,1
64685.955384,1675.56,0.90991461,1
64686.417684,1675.54,0.00361549,1
64686.92239,1675.44,0.6930268,1
64686.92239,1675.5,0.001,1
64686.919296,1675.51,0.01179342,-1
64686.91189,1675.54,0.00076448,1
64686.91189,1675.54,1.1896886,1
64687.291181,1675.46,0.00008781,-1
64687.28811,1675.46,0.99991219,-1
64687.28811,1675.44,0.00008781,-1
64687.287736,1675.44,0.99991219,-1
64687.287736,1675.44,0.22488781,-1
64687.286527,1675.43,0.55091461,-1
64688.103605,1675.68,0.44178429,-1
64688.098659,1675.68,0.55821571,-1
64688.098659,1675.66,1,-1
64688.414797,1675.84,0.55315543,-1
64688.414797,1675.84,0.00161113,-1
64688.414797,1675.8,0.001,-1
64688.414797,1675.7,0.001,-1
64689.47809,1675.88,0.04220834,-1
64689.47809,1675.88,0.00322218,-1
64689.596427,1675.9,0.001,-1
64689.596427,1675.88,0.33530384,-1
64689.596248,1675.88,0.33630384,-1
64690.505712,1676,0.0043377,-1
64690.505712,1676,0.001,-1
64690.738656,1676.15,0.12773513,-1
64690.738656,1676.1,0.001,-1
64691.278312,1676.4,0.03163131,-1
64691.278312,1676.3,0.001,-1
64691.278312,1676.2,0.001,-1
64691.615162,1676.51,0.00779962,-1
64691.615162,1676.5,0.001,-1
64691.615162,1676.4,0.001,-1
64691.615162,1676.32,0.00434881,-1
64692.699002,1676.43,0.27538877,-1
64692.762053,1676.6,0.00273934,-1
64692.762053,1676.6,0.001,-1
64693.982898,1676.66,0.55652895,-1
64693.982898,1676.65,0.56091461,-1
64693.982898,1676.64,0.55991461,-1
64693.982898,1676.64,0.09178475,-1
64695.662106,1676.69,0.95091461,1
64696.799051,1676.66,0.90882922,1
64696.799051,1676.68,0.04608539,1
64696.77353,1676.68,0.95391461,1
64697.126744,1676.63,0.1181631,-1
64697.547419,1676.7,0.04589371,-1
64697.547419,1676.7,0.001,-1
64697.547419,1676.69,0.01529799,-1
64697.545086,1676.64,0.4,-1
64697.536719,1676.65,0.00000001,-1
64697.536719,1676.64,0.57291461,-1
64697.536719,1676.63,0.4,-1
64697.536719,1676.63,1.02082594,-1
64697.536719,1676.63,0.6613531,-1
64697.53642,1676.63,0.38734215,-1
64697.53642,1676.63,0.57291461,-1
64697.53642,1676.63,1.6948369,-1
64697.992892,1676.76,1,1
64697.992892,1676.78,1,1
64697.992605,1676.79,1.19282163,1
64698.730536,1676.74,0.35034054,-1
64699.513306,1676.79,0.62530417,1
64699.54843,1677,0.000585,-1
64699.54843,1677,0.001,-1
64699.54843,1676.9,0.001,-1
64699.54843,1676.8,0.001,-1
64700.30656,1676.88,0.94891461,1
64700.306382,1676.9,0.24857567,1
64700.306316,1676.9,0.75142433,1
64700.306316,1676.9,0.00079666,1
64700.425395,1676.86,0.05108539,1
64701.923883,1676.84,0.05646852,-1
64701.923883,1676.83,0.05950253,-1
64701.923883,1676.71,0.00000596,-1
64703.557415,1676.8,0.16139636,-1
64703.557415,1676.75,0.13384225,-1
64704.67329,1676.77,0.07919646,-1
64705.189949,1676.77,0.00000596,-1
64705.177945,1676.77,0.00590184,-1
64705.627312,1676.77,0.01738821,-1
64706.751473,1676.77,0.00059043,-1
64706.970491,1676.77,0.0289782,-1
64707.907347,1676.78,0.28978202,-1
64707.887184,1676.78,0.01414109,-1
64708.411466,1676.78,0.07594411,-1
64708.506575,1676.78,0.28859852,-1
64709.633732,1676.96,0.75142433,1
64709.633212,1676.98,0.24857567,1
64709.632861,1676.98,0.75142433,1
64709.633793,1676.96,0.24857567,1
64710.094908,1676.84,0.00280453,-1
64710.595532,1676.95,0.01476052,-1
64710.558767,1676.95,0.11591281,-1
64710.735456,1676.93,0.16550026,-1
64710.735456,1676.93,0.33444905,-1
64710.991586,1676.93,0.00059034,-1
64711.115787,1676.93,0.05795606,-1
64711.646726,1676.99,0.09190713,-1
64711.646726,1676.99,0.00059034,-1
64711.646726,1676.94,0.05950253,-1
64712.078933,1676.97,0.00295172,-1
64712.310201,1676.97,0.57962214,-1
64712.63955,1677.25,0.07218284,-1
64712.638548,1677.2,0.001,-1
64712.638548,1677.2,0.05,-1
64712.638458,1677.18,0.894359,-1
64712.633807,1677.1,0.001,-1
64712.633495,1677,0.001,-1
64712.633495,1676.99,0.05950253,-1
64712.633495,1676.99,0.46779209,-1
64712.741138,1677.34,0.51680664,-1
64712.737775,1677.34,2.52345523,-1
64712.737775,1677.27,1.575,-1
64712.73649,1677.31,1.19245794,-1
64712.73649,1677.31,0.048,-1
64712.736162,1677.3,0.001,-1
64712.736162,1677.29,1.65228787,-1
64712.734183,1677.29,0.21071254,-1
64712.734183,1677.29,4.63777457,-1
64712.733914,1677.26,0.89431572,-1
64712.733914,1677.21,0.21230262,-1
64712.733914,1677.2,0.16722453,-1
64712.887471,1677.1,1.49066841,1
64712.851442,1677.3,0.00079482,1
64712.826116,1677.34,0.51638773,1
64712.803543,1677.4,0.001,-1
64712.803543,1677.39,0.55691461,-1
64712.803543,1677.38,0.55691461,-1
64712.803543,1677.34,0.6356527,-1
64712.799777,1677.34,0.46967365,-1
64712.799633,1677.34,0.46967365,-1
64713.21812,1677,0.93591461,1
64713.275557,1677.01,0.01170594,-1
64713.473499,1677,0.0000789,1
64715.331428,1676.98,1,1
64715.331428,1677,0.93599,1
64715.331428,1677,0.06400649,1
64717.647674,1676.9,0.01418764,1
64717.647674,1676.9,0.001,1
64718.111517,1676.91,0.02888199,-1
64719.743607,1676.99,0.00565667,-1
64720.465048,1676.99,0.85107886,-1
64720.465048,1676.99,0.05384586,-1
64721.426206,1676.98,0.02577122,1
64721.426206,1676.98,0.01418,1
64726.841943,1677.01,0.31054078,-1
64726.841504,1677.01,0.30084496,-1
64726.841504,1677.01,0.00969582,-1
64726.833197,1676.99,0.18406192,-1
64726.833197,1676.99,0.55219172,-1
64727.857255,1677.2,0.09414118,-1
64727.857054,1677.2,0.09314119,-1
64727.857054,1677.2,0.001,-1
64728.074438,1677.5,0.02810519,-1
64728.074438,1677.5,0.001,-1
64728.074438,1677.4,0.001,-1
64728.074438,1677.3,0.001,-1
64729.859292,1677.31,0.27603424,-1
64729.859189,1677.31,0.27602828,-1
64729.859189,1677.31,0.00000596,-1
64730.923672,1677.6,0.05803434,-1
64730.923672,1677.6,0.001,-1
64732.829135,1677.5,0.86441208,1
64732.829135,1677.51,0.05950253,1
64732.821904,1677.56,1,1
64732.821904,1677.58,0.00110271,1
64732.821904,1677.58,0.07608539,1
64732.819185,1677.58,0.92391461,1
64735.337244,1677.52,0.16902401,1
64736.018539,1677.53,0.02019703,-1
64736.018539,1677.53,0.34180613,-1
64737.601189,1677.6,0.05042321,-1
64737.601189,1677.59,0.05960933,-1
64737.601189,1677.59,0.06235731,-1
64739.197555,1677.59,0.29986536,1
64739.502011,1677.56,1,1
64739.501587,1677.58,0.00009599,1
64739.50136,1677.58,0.16892401,1
64739.50136,1677.58,0.83097599,1
64740.429851,1677.32,0.05792704,-1
64740.749979,1677.32,0.00578969,-1
64740.939616,1677.32,0.00295048,-1
64741.533466,1677.32,0.04982015,-1
64742.105866,1677.32,0.05960699,-1
64743.045122,1677.32,0.01474758,-1
64744.181159,1677.6,0.05690975,-1
64744.181159,1677.51,0.05950253,-1
64744.181159,1677.32,0.10976703,-1
64744.163648,1677.32,0.8035274,-1
64746.500107,1677.63,0.0628912,-1
64746.477978,1677.6,0.2076061,-1
64746.477978,1677.6,0.001,-1
64746.477978,1677.6,0.02170947,-1
64747.047353,1677.7,0.05440719,-1
64747.047353,1677.7,0.001,-1
64747.792711,1677.79,0.83991461,1
64751.327258,1677.79,0.02827189,-1
64751.410865,1677.79,0.0169603,-1
64754.499556,1677.79,0.03835837,-1
64754.639779,1677.78,0.00101058,1
64754.639779,1677.78,1,1
64756.654833,1677.79,0.00300251,-1
64757.449589,1677.69,0.58567266,1
64757.449589,1677.7,0.05950253,1
64757.449589,1677.73,0.89406253,1
64757.449589,1677.76,1,1
64757.449244,1677.78,1.19213894,1
64757.449244,1677.78,1,1
64758.549581,1677.71,0.0847978,-1
64759.796007,1677.68,1,1
64759.796007,1677.7,1,1
64761.110064,1677.59,0.00052147,1
64761.737526,1677.78,0.00529434,-1
64763.095336,1677.73,0.01215586,-1
64764.318283,1677.79,0.06195724,-1
64765.701078,1677.79,0.05201054,-1
64766.32288,1677.76,1,1
64766.32288,1677.78,0.00094992,1
64766.32288,1677.78,1,1
64766.44592,1677.64,0.00826087,-1
64769.030364,1677.79,0.00280279,-1
64770.279255,1677.79,0.00443727,-1
64770.412121,1677.78,0.01,1
64770.34155,1677.79,0.0579229,-1
64770.750253,1677.79,0.01413198,-1
64771.232577,1677.78,0.01,1
64771.232577,1677.78,0.99,1
64771.281963,1677.68,0.01475155,-1
64771.691838,1677.72,0.01677016,-1
64771.824032,1677.72,0.01158292,-1
64772.36593,1677.69,0.00590062,-1
64775.4795,1677.63,0.03642993,1
64776.590975,1677.48,0.01059792,1
64776.590975,1677.5,0.001,1
64776.590975,1677.59,0.0040186,1
64776.837451,1677.53,0.26779563,1
64776.837451,1677.55,0.04652,1
64776.852018,1677.56,0.02950362,-1
64778.477965,1677.62,0.00819596,-1
64779.266538,1677.55,1.32801039,1
64779.266538,1677.57,1.19215535,1
64779.266538,1677.6,0.148,1
64779.266538,1677.61,0.00409798,1
64779.266538,1677.61,0.00085829,1
64779.266538,1677.61,0.33715118,1
64781.69568,1677.32,0.23391882,1
64781.69568,1677.33,0.10108118,1
64781.693367,1677.33,0.07659882,1
64781.693367,1677.35,0.07140118,1
64781.692537,1677.35,0.148,1
64781.692153,1677.35,0.26332,1
64781.692153,1677.36,0.17768,1
64781.691785,1677.4,0.001,1
64781.686132,1677.49,0.89419297,1
64781.686132,1677.5,0.148,1
64781.686132,1677.52,0.76303751,1
64781.686007,1677.52,0.42911784,1
64781.686007,1677.53,0.74310997,1
64781.686007,1677.53,0.17062458,1
64786.98108,1677.31,0.0169601,-1
64787.245345,1677.24,0.010797,1
64787.245345,1677.3,0.001,1
64789.386895,1677.29,0.04904246,-1
64789.386895,1677.25,0.00998062,-1
64789.724476,1677.21,0.00050886,1
64790.387269,1677.27,0.008515,-1
64792.33062,1677.2,0.5605238,1
64792.33062,1677.2,0.148,1
64792.33062,1677.2,0.001,1
64792.33062,1677.21,0.00085864,1
64792.33062,1677.21,0.08931536,1
64793.336218,1677.15,0.0588391,-1
64798.672313,1677,11.92442301,1
64798.672313,1677,0.001,1
64798.672313,1677.1,0.001,1
64799.49226,1676.98,0.14726662,-1
64800.314909,1677.31,2.69884517,-1
64800.314727,1677.3,0.001,-1
64800.310921,1677.26,0.6,-1
64800.309465,1677.2,0.001,-1
64800.309465,1677.15,0.2233062,-1
64800.303788,1677.08,0.34407657,-1
64800.303788,1677.08,5,-1
64800.383933,1677.39,0.00682838,1
64800.864531,1677.4,0.001,-1
64801.498086,1677.3,0.01478566,1
64801.498086,1677.3,0.07208534,1
64801.485745,1677.3,0.03141927,1
64802.174615,1677.42,0.02488472,-1
64802.562696,1677.56,0.34407657,-1
64802.560689,1677.53,0.89417441,-1
64802.560689,1677.5,2.22605584,-1
64802.560641,1677.5,0.75457009,-1
64802.560641,1677.5,0.001,-1
64802.55918,1677.42,0.05954694,-1
64802.55918,1677.42,0.52841178,-1
64802.706669,1677.57,0.08394796,1
64802.706669,1677.57,0.75421994,1
64802.706669,1677.57,0.16789705,1
64802.706669,1677.57,0.00000005,1
64802.678628,1677.57,0.167897,1
64802.638788,1677.57,1.813,1
64802.638788,1677.57,1.44591,1
64803.059469,1677.57,0.05293822,1
64803.258624,1677.83,1.121,-1
64803.258624,1677.82,0.05954694,-1
64803.258624,1677.8,0.001,-1
64803.258624,1677.7,0.001,-1
64803.145562,1677.6,0.001,-1
64803.145562,1677.58,0.09482894,-1
64803.145562,1677.58,0.25295148,-1
64803.900178,1677.72,1.78891374,1
64803.900115,1677.75,0.05954694,1
64805.444406,1677.41,0.088545,-1
64807.566204,1677.46,0.10496226,-1
64807.898261,1677.4,0.000945,1
64807.898261,1677.4,0.001,1
64809.617988,1677.45,0.82801871,-1
64810.219321,1677.6,0.0357537,-1
64810.219321,1677.6,0.001,-1
64810.515973,1677.9,0.001,-1
64810.515973,1677.84,1.19238844,-1
64810.515973,1677.83,0.45626665,-1
64810.515918,1677.83,0.83072905,-1
64810.515918,1677.81,1.123,-1
64810.515918,1677.8,1.76020203,-1
64810.513478,1677.8,1.21989094,-1
64810.513478,1677.8,0.001,-1
64810.513478,1677.76,0.05954694,-1
64810.512466,1677.7,0.001,-1
64810.506154,1677.6,0.71789449,-1
64810.506045,1677.6,0.71789449,-1
64811.425708,1677.73,0.00000595,-1
64811.415693,1677.73,0.00002383,-1
64811.405996,1677.73,0.0589847,-1
64814.406566,1677.7,0.00000596,1
64814.539882,1677.72,0.00289729,-1
64814.549801,1677.7,0.05946267,1
64814.904382,1677.87,0.06305676,-1
64814.904382,1677.81,0.16352864,-1
64814.904382,1677.81,0.49058594,-1
64814.904382,1677.8,0.05954694,-1
64814.904382,1677.72,0.00144866,-1
64814.904382,1677.72,0.37442599,-1
64814.998386,1677.82,0.70879095,-1
64814.998386,1677.81,0.09396866,-1
64814.998386,1677.81,0.09396866,-1
64815.615383,1677.9,0.001,-1
64815.615383,1677.89,0.05954694,-1
64815.615383,1677.88,0.09396866,-1
64816.479682,1678,0.11484587,-1
64816.479682,1678,0.001,-1
64816.730264,1678.25,0.0034551,-1
64816.705245,1678.27,0.00589898,-1
64816.648598,1678.3,0.001,-1
64816.648598,1678.2,0.001,-1
64816.648598,1678.1,0.001,-1
64816.640261,1678,0.06753967,-1
64816.634662,1678,0.00356797,-1
64816.754156,1678.2,0.00709898,-1
64817.462258,1678.18,0.05089287,-1
64818.681661,1678.1,0.02025824,-1
64818.681661,1678.02,0.0387578,-1
64819.332555,1678.01,0.00574544,-1
64819.608686,1678.03,0.03890101,-1
64819.608686,1677.99,0.01650618,-1
64820.476642,1677.99,0.95101437,-1
64820.476642,1677.91,0.00412654,-1
64820.476642,1677.91,0.00412655,-1
64821.010567,1678.03,0.0016726,-1
64821.448706,1678.03,0.511258,-1
64821.740447,1678.27,0.02517829,-1
64821.740447,1678.2,0.001,-1
64821.740447,1678.18,0.02065928,-1
64821.740447,1678.18,0.01108498,-1
64822.764391,1678.25,0.0035029,1
64823.259896,1678.26,0.05899881,-1
64823.457731,1678.26,0.08182525,-1
64823.457731,1678.26,0.00297609,-1
64825.459938,1678.14,0.05065819,-1
64825.459938,1678.06,0.005878,-1
64826.114018,1677.8,0.001,1
64826.114018,1677.81,0.23649876,1
64826.114018,1677.9,0.001,1
64826.114018,1678,0.001,1
64826.114018,1678.04,0.0011035,1
64826.186437,1677.71,0.02769829,-1
64826.119861,1677.71,1.49012642,1
64827.032469,1677.82,0.00271275,-1
64827.032469,1677.82,0.002939,-1
64827.614785,1677.93,0.00106181,-1
64827.796983,1677.91,0.29906141,-1
64827.796983,1677.91,0.00093859,-1
64830.047892,1677.74,0.00884966,-1
64830.149062,1677.73,0.14539183,-1
64830.14577,1677.73,0.00884926,-1
64830.30303,1677.73,0.00868437,-1
64830.531636,1677.74,0.02896162,-1
64830.767335,1677.74,0.02896162,-1
64831.909759,1677.74,0.02950047,-1
64831.96729,1677.74,0.01130343,-1
64831.96712,1677.74,0.05899416,-1
64832.784288,1677.71,0.00059,-1
64833.313295,1677.72,0.00132756,-1
64833.265325,1677.71,0.00575304,-1
64833.555101,1677.71,0.29565896,-1
64833.873948,1677.71,0.00177018,-1
64834.384585,1677.7,0.00000596,1
64835.42436,1677.71,0.01158273,-1
64835.639584,1677.71,0.01186822,-1
64835.742651,1677.74,0.38536795,-1
64835.742651,1677.73,0.05954694,-1
64835.742651,1677.71,0.17297302,-1
64836.960739,1677.71,0.02825826,-1
64837.575692,1677.71,0.01787709,-1
64837.575692,1677.71,0.00529888,-1
64838.75251,1677.71,0.00265242,-1
64840.933175,1677.71,0.00340482,-1
64840.972403,1677.71,0.01130592,-1
64841.223534,1677.71,0.01158271,-1
64841.372955,1677.6,0.05574918,1
64841.372955,1677.6,0.001,1
64841.372955,1677.7,0.00082541,1
64841.372955,1677.7,0.001,1
64841.372955,1677.7,0.00099404,1
64842.542987,1677.61,0.5995307,1
64842.629547,1677.21,3.74610285,1
64842.629547,1677.23,1.7882104,1
64842.629547,1677.3,0.148,1
64842.629547,1677.3,0.001,1
64842.629547,1677.37,1.19214075,1
64842.629547,1677.4,0.001,1
64842.629547,1677.5,0.001,1
64843.858751,1677.21,0.01298198,-1
64844.380715,1677.16,0.14901264,1
64844.380715,1677.2,0.001,1
64844.638365,1677,0.001,1
64844.638365,1677.04,0.0469357,1
64844.638365,1677.04,0.00686548,1
64844.638365,1677.1,0.001,1
64846.795546,1676.91,0.008554,-1
64847.227533,1676.91,0.94811886,-1
64847.259676,1677.06,0.05652912,-1
64850.925226,1676.91,0.3614004,1
64852.427121,1677.02,0.02203083,-1
64852.636112,1676.99,0.005753,-1
64853.483895,1676.91,0.00767415,1
64854.727504,1677.04,0.22048715,-1
64856.664458,1677.17,0.05,-1
64857.426597,1677.21,0.03795547,-1
64857.39964,1677.21,0.17769958,-1
64857.383507,1677.21,0.039,-1
64857.383507,1677.2,0.001,-1
64858.935032,1677.3,1.10809634,-1
64858.935032,1677.3,0.001,-1
64859.436235,1677.39,0.00187351,1
64859.541288,1677.4,0.5520329,-1
64859.541288,1677.4,0.001,-1
64860.908581,1677.37,0.059546,1
64860.884183,1677.49,0.00119736,1
64860.884183,1677.49,0.10851209,1
64860.884183,1677.49,0.10851209,1
64860.884183,1677.49,0.21702417,1
64860.884183,1677.49,0.14082849,1
64860.884134,1677.49,0.75336461,1
64861.206883,1677.2,0.00343912,1
64861.206883,1677.2,0.001,1
64862.525098,1677.11,0.001824,-1
64862.557921,1677.11,0.034,-1
64862.962138,1677.11,0.01413822,-1
64863.164062,1677.1,0.133,1
64863.164062,1677.1,0.001,1
64863.118494,1677.11,0.06198717,-1
64864.12005,1677.07,0.00447054,1
64864.539868,1677.05,0.14904907,1
64864.53945,1677.09,0.03,1
64865.18377,1677.01,0.002951,-1
64865.805854,1676.92,0.43643762,1
64865.805801,1676.92,7.81861101,1
64865.80563,1676.92,3.66887673,1
64865.80563,1677,0.001,1
64867.719253,1676.91,0.169631,-1
64867.806363,1676.91,0.05789468,-1
64867.844688,1676.85,0.002995,1
64867.844688,1676.9,0.001,1
64868.12163,1677.12,0.6,-1
64868.118477,1677.1,0.001,-1
64868.118477,1677.1,0.55213165,-1
64868.106991,1677.04,0.362,-1
64868.105625,1677.08,1.0302587,-1
64868.105625,1677.05,1.19279345,-1
64868.105325,1677.04,1.135,-1
64868.096036,1676.91,0.55351807,-1
64868.334425,1677.16,0.03109591,-1
64868.505369,1677.19,0.00068546,-1
64869.014619,1677.3,0.001,-1
64869.009132,1677.2,0.001,-1
64869.992709,1677.45,0.30354201,-1
64869.989163,1677.4,0.12592106,-1
64869.989163,1677.4,0.001,-1
64870.239343,1677.5,0.01712225,-1
64870.239343,1677.5,0.001,-1
64870.567121,1677.5,0.57684496,-1
64871.900773,1677.42,0.232914,1
64871.934112,1677.42,0.732562,1
64872.440387,1677.59,0.00399171,1
64872.440387,1677.59,0.05822893,1
64872.440387,1677.59,0.05822893,1
64873.197485,1677.52,0.00187108,1
64873.197485,1677.53,0.05822892,1
64873.810917,1677.55,0.0289763,-1
64877.482755,1677.28,1.3550927,1
64877.482755,1677.28,3.28901757,1
64877.482755,1677.3,0.001,1
64877.482755,1677.31,0.05954694,1
64877.482755,1677.39,0.04994767,1
64877.482755,1677.44,0.97868412,1
64877.481008,1677.39,0.09911117,1
64877.480652,1677.4,0.14905884,1
64877.47993,1677.42,0.14904907,1
64877.479494,1677.43,1.19217014,1
64877.479494,1677.44,0.97868412,1
64877.479494,1677.49,0.14905884,1
64877.478955,1677.53,0.89417178,1
64877.869749,1677.2,0.0011047,1
64877.869749,1677.2,0.001,1
64877.932442,1676.9,0.001,1
64877.932442,1677,0.001,1
64877.931461,1677.1,0.001,1
64878.051542,1677.1,0.061,-1
64878.051542,1677,0.139,-1
64878.727121,1677.06,0.39591461,-1
64878.742996,1677.08,1,-1
64878.742996,1677.06,0.39422316,-1
64878.739163,1677.06,0.20986223,-1
64878.870317,1677.28,0.01142797,-1
64878.870317,1677.28,0.27819869,-1
64880.309481,1677.28,1,-1
64880.434707,1677.32,1,-1
64880.434707,1677.3,0.001,-1
64881.099297,1677.46,0.11585822,-1
64881.9566,1677.49,0.12041513,1
64882.359382,1677.5,0.01965333,-1
64882.359382,1677.5,0.001,-1
64882.977216,1677.57,0.55197696,-1
64882.956016,1677.5,0.24056058,-1
64882.954249,1677.5,0.02343345,-1
64882.954249,1677.5,0.77232878,-1
64883.132451,1677.6,0.001,-1
64883.754067,1678.01,0.16097661,-1
64883.754067,1678,0.05954694,-1
64883.754067,1678,0.40407839,-1
64883.754067,1678,0.05,-1
64883.754067,1678,0.001,-1
64883.754067,1677.96,0.29814257,-1
64883.754067,1677.9,0.132,-1
64883.754067,1677.9,0.001,-1
64883.754067,1677.8,0.05,-1
64883.754067,1677.8,0.001,-1
64883.754067,1677.7,0.001,-1
64884.520817,1678,0.0097795,-1
64884.520817,1677.93,0.00788471,-1
64884.605867,1677.95,0.08462036,-1
64887.778182,1677.62,0.30003245,1
64887.778182,1677.7,0.001,1
64888.936202,1677.32,0.09420797,1
64888.936202,1677.4,0.001,1
64888.859825,1677.21,0.68265768,1
64888.859825,1677.21,0.1,1
64888.859825,1677.21,0.2,1
64888.859825,1677.22,3.23601857,1
64888.859825,1677.28,0.89430246,1
64888.859825,1677.3,0.001,1
64888.859825,1677.4,0.001,1
64888.859825,1677.41,0.14907129,1
64888.859825,1677.5,0.001,1
64888.859825,1677.6,0.001,1
64889.428424,1677.2,0.001,1
64889.817263,1677.1,0.001,1
64891.236893,1677.01,0.11583649,-1
64891.73262,1677.01,0.12864423,-1
64892.218483,1677,0.000767,1
64892.218483,1677,0.001,1
64892.801287,1676.9,0.001,1
64892.850393,1676.83,0.08603663,1
64892.850393,1676.83,0.01041237,1
64893.098999,1676.81,0.01158416,-1
64893.341431,1676.8,0.001,1
64893.686707,1676.71,0.00575544,-1
64893.803645,1676.52,0.8947085,1
64893.803645,1676.6,0.001,1
64893.803645,1676.7,0.001,1
64894.277766,1676.4,0.20006353,1
64894.277766,1676.4,0.00056247,1
64894.243317,1676.4,0.00000596,1
64894.233203,1676.4,0.00043157,1
64894.233203,1676.5,0.001,1
64894.481309,1676.41,0.11588793,-1
64894.560211,1676.41,0.00280301,-1
64895.961355,1676.42,0.0650076,-1
64896.930351,1676.42,0.00178482,-1
64897.478631,1676.41,0.3764674,-1
64897.46468,1676.41,0.15,1
64897.783807,1676.32,1.00099266,1
64897.783807,1676.4,0.00000039,1
64899.486458,1676.31,0.00869281,-1
64900.019404,1676.44,1,-1
64900.019404,1676.42,0.18411853,-1
64900.019404,1676.42,0.18411853,-1
64900.019404,1676.42,1.10475895,-1
64899.98378,1676.34,0.93320758,-1
64899.98378,1676.34,0.065,-1
64899.98378,1676.34,0.00179,-1
64899.98378,1676.31,0.0011931,-1
64901.437139,1676.6,0.44767955,-1
64901.437139,1676.6,1,-1
64901.437139,1676.6,0.001,-1
64902.000421,1676.59,0.0595468,1
64902.000421,1676.59,1.01004309,1
64902.000421,1676.59,0.89467311,1
64902.465057,1676.57,0.01390408,-1
64902.957556,1676.58,0.11594323,-1
64904.707759,1676.62,1,-1
64904.707759,1676.6,0.01655163,-1
64904.694027,1676.58,0.5523029,-1
64904.694027,1676.58,0.11594,-1
64904.694027,1676.58,0.88405677,-1
64905.322796,1676.7,0.29428548,-1
64905.322796,1676.7,0.00000596,-1
64905.322796,1676.7,0.001,-1
64906.879957,1676.63,0.00059568,1
64907.476577,1676.46,0.14913798,1
64907.475996,1676.48,1.19283426,1
64907.475996,1676.52,0.89471034,1
64907.475996,1676.58,0.00101113,1
64907.777955,1676.41,0.00118053,-1
64908.785052,1676.41,0.05904064,-1
64909.277915,1676.41,0.02828892,-1
64909.355774,1676.44,1,-1
64909.355473,1676.42,1,-1
64909.355473,1676.41,0.55236487,-1
64909.355473,1676.41,0.05954694,-1
64909.965464,1676.69,0.01317863,1
64912.277221,1676.98,0.11206338,-1
64912.277221,1676.97,0.05954694,-1
64912.277221,1676.9,0.001,-1
64912.277221,1676.8,0.05,-1
64912.277221,1676.8,0.001,-1
64912.277221,1676.7,0.0002982,-1
64912.277221,1676.7,0.0005964,-1
64912.277221,1676.7,0.00118685,-1
64912.277221,1676.7,0.001,-1
64912.277221,1676.7,0.00000596,-1
64914.344471,1676.82,0.14425636,1
64915.135864,1676.8,1,1
64915.135864,1676.82,0.89455039,1
64915.923243,1676.75,0.01187266,-1
64916.304442,1676.75,0.01668297,-1
64916.613851,1676.79,1.69445115,-1
64916.613851,1676.75,0.00834148,-1
64916.613851,1676.75,0.00593634,-1
64916.613851,1676.75,0.99075895,-1
64916.613851,1676.75,0.19787119,-1
64921.865069,1676.81,0.00178298,-1
64925.354445,1676.93,0.6,-1
64925.354445,1676.9,0.001,-1
64925.345701,1676.87,0.00000001,-1
64925.345,1676.87,0.55607768,-1
64927.282909,1677,0.01348867,-1
64927.282909,1677,0.001,-1
64928.061406,1677,0.04241339,-1
64928.061406,1676.95,0.10518302,-1
64928.928799,1676.99,0.001288,1
64929.885014,1676.77,0.06373623,1
64929.991347,1676.7,0.001,1
64930.244133,1676.74,0.00622266,-1
64930.888047,1676.74,0.14142537,-1
64931.731425,1676.61,0.52994748,-1
64931.731425,1676.61,0.04948018,-1
64935.906624,1676.9,0.001,-1
64935.959117,1677,0.01357191,-1
64935.938437,1677,0.60491461,-1
64937.871964,1676.87,0.05656215,-1
64938.113111,1677.48,0.048,-1
64938.113111,1677.4,0.56093125,-1
64938.082279,1677.35,0.31441935,-1
64938.082279,1677.34,0.00309251,-1
64938.082279,1677.31,3.93324216,-1
64938.082279,1677.29,0.00618502,-1
64938.082279,1677.29,0.6,-1
64938.082279,1677.29,0.84801688,-1
64938.07973,1677.29,0.63860501,-1
64938.07973,1677.26,1.575,-1
64938.07826,1677.43,1.06870186,-1
64938.07826,1677.43,0.09481084,-1
64938.077937,1677.43,1.39181105,-1
64938.077937,1677.42,0.88414142,-1
64938.077937,1677.41,0.00089451,-1
64938.077937,1677.4,0.05,-1
64938.077937,1677.4,0.001,-1
64938.077937,1677.36,5.39668663,-1
64938.077937,1677.35,3.34987975,-1
64938.077937,1677.21,0.89434367,-1
64938.077316,1677.35,0.76391844,-1
64938.077202,1677.3,2.45593752,-1
64938.077202,1677.3,0.001,-1
64938.076952,1677.2,0.001,-1
64938.076952,1677.2,0.05,-1
64938.076309,1677.1,0.001,-1
64938.076309,1677.09,1.149,-1
64938.073768,1677,0.001,-1
64938.073768,1677,0.06183085,-1
64938.073768,1676.99,0.02474009,-1
64938.227277,1678,0.05,-1
64938.227277,1678,0.001,-1
64938.225766,1677.91,0.048,-1
64938.225766,1677.9,0.124,-1
64938.225766,1677.9,0.001,-1
64938.219954,1677.57,0.00003128,-1
64938.21233,1677.57,0.0077,-1
64938.183737,1677.79,0.051,-1
64938.17422,1677.8,0.68753596,-1
64938.168542,1677.83,0.0433488,-1
64938.168542,1677.8,0.05,-1
64938.168542,1677.8,0.001,-1
64938.166802,1677.7,0.68646404,-1
64938.166802,1677.7,0.001,-1
64938.166802,1677.69,0.68646404,-1
64938.166802,1677.61,1.44591,-1
64938.151279,1677.6,0.001,-1
64938.151279,1677.6,0.05,-1
64938.151279,1677.55,0.38707192,-1
64938.151234,1677.55,1.42592808,-1
64938.114788,1677.58,0.037,-1
64938.114788,1677.5,0.001,-1
64938.289336,1678.71,0.38419265,-1
64938.285413,1678.71,28.37160275,-1
64938.276919,1678.71,1.02897981,-1
64938.276919,1678.7,3.17102019,-1
64938.276146,1678.7,4.2,-1
64938.27596,1678.7,8.4,-1
64938.267526,1678.7,1.9835,-1
64938.267317,1678.7,0.02699061,-1
64938.267317,1678.7,0.001,-1
64938.267317,1678.63,0.00200939,-1
64938.262026,1678.6,0.00113122,-1
64938.262026,1678.6,0.001,-1
64938.262026,1678.6,0.05,-1
64938.258777,1678.48,0.878384,-1
64938.255272,1678.5,0.001,-1
64938.255272,1678.46,0.89453439,-1
64938.254929,1678.42,2.97439604,-1
64938.25239,1678.42,0.5021,-1
64938.249966,1678.42,1.73454596,-1
64938.249966,1678.41,0.00089504,-1
64938.249966,1678.4,0.001,-1
64938.249966,1678.4,0.05,-1
64938.249966,1678.36,2.413559,-1
64938.249236,1678.36,1.4034,-1
64938.2492,1678.36,1.6268,-1
64938.245743,1678.3,0.001,-1
64938.242901,1678.24,0.192,-1
64938.242439,1678.1,4.32779384,-1
64938.24195,1678.1,0.192,-1
64938.239176,1678.1,0.00282316,-1
64938.231065,1678.2,0.05,-1
64938.231065,1678.2,0.001,-1
64938.231065,1678.1,0.001,-1
64938.229729,1678.05,0.096,-1
64938.358661,1679.02,0.01389918,-1
64938.358661,1679,0.124,-1
64938.358661,1679,0.04390082,-1
64938.358522,1679,0.1942276,-1
64938.358522,1679,0.1694724,-1
64938.357875,1679,0.03052847,-1
64938.357875,1678.99,0.15257153,-1
64938.35687,1678.99,0.08560496,-1
64938.35687,1678.91,0.00089504,-1
64938.35687,1678.8,0.001,-1
64938.32478,1678.79,2.08237773,-1
64938.494229,1679.06,0.46468373,-1
64938.491062,1679.06,1.11031627,-1
64938.491062,1679.06,0.00002077,-1
64938.475692,1679.06,0.1999,-1
64938.457755,1679.04,0.1999,-1
64938.421487,1678.9,0.124,-1
64938.414589,1678.9,0.124,-1
64938.40634,1679,0.124,-1
64938.40634,1678.99,0.47486619,-1
64938.401957,1678.99,0.801,-1
64938.381928,1678.8,0.124,-1
64938.575861,1679.15,0.00001353,-1
64938.535098,1679.15,0.0085,-1
64938.802498,1678.99,0.059546,1
64938.774021,1678.99,0.00096641,-1
64938.774021,1678.99,0.00193282,-1
64938.756453,1678.98,0.00096641,-1
64938.666268,1679.26,0.19995464,-1
64938.661555,1679.2,0.018,-1
64938.661204,1679.2,0.036,-1
64938.653397,1679.2,0.19995464,-1
64938.907749,1679.06,0.299033,1
64938.850068,1679.01,0.598067,1
64939.203445,1679.21,0.87273181,1
64939.32816,1679.12,0.689987,1
64939.285212,1679.12,0.6,1
64939.226593,1679.17,0.6,1
64939.349496,1679.04,0.00808325,1
64939.349496,1679.12,0.00000017,1
64939.570759,1679.11,0.689974,1
64939.793132,1679.11,0.06691866,1
64939.793132,1679.11,0.00000034,1
64940.224013,1679.06,1.575,-1
64940.224013,1679.06,1.01401682,-1
64940.224013,1679.05,0.349073,-1
64940.194931,1679.02,0.68989632,1
64940.194931,1679.02,0.00000068,1
64940.157391,1679.02,0.690948,1
64940.096891,1679.04,1,1
64940.041398,1679.06,1,1
64940.025743,1679.09,0.20281964,-1
64940.337048,1678.8,0.10941085,1
64940.336952,1678.8,0.47126658,1
64940.336952,1678.8,0.001,1
64940.314901,1678.87,0.1379443,1
64940.314901,1678.88,0.59840804,1
64940.314901,1678.9,0.001,1
64940.298445,1678.91,0.6,1
64940.296809,1678.98,0.03448607,1
64940.296809,1678.98,0.06897215,1
64940.252132,1679.06,5.25491018,1
64940.252132,1679.07,1.48891946,1
64940.252132,1679.07,0.17768,1
64940.252132,1679.08,0.21273174,1
64940.252132,1679.08,0.52805,1
64940.252132,1679.08,0.21273175,1
64942.093973,1678.72,0.00001805,1
64942.159669,1678.7,1,1
64942.159669,1678.72,0.6731551,1
64942.156629,1678.72,0.3268449,1
64942.364538,1678.39,0.30839971,1
64942.364538,1678.5,0.001,1
64942.467892,1678.3,1,1
64942.467892,1678.3,0.001,1
64942.55122,1678.2,0.001,1
64942.551019,1678.28,1,1
64944.376899,1678.11,0.55181126,-1
64944.446607,1678.23,0.23664184,1
64944.446607,1678.24,0.48591461,1
64944.446607,1678.25,0.48591461,1
64944.446607,1678.26,0.48591461,1
64944.446607,1678.26,0.21273175,1
64944.777271,1678.2,0.00095092,1
64944.777271,1678.2,0.51484408,1
64944.764027,1678.2,0.48515592,1
64946.016583,1678.64,1.139,-1
64946.016583,1678.63,0.00089387,-1
64946.016583,1678.62,4.11076667,-1
64946.016583,1678.6,0.05,-1
64946.016583,1678.6,0.001,-1
64946.016583,1678.6,0.124,-1
64946.016583,1678.56,3.23911934,-1
64946.016583,1678.5,0.001,-1
64946.016583,1678.49,0.6,-1
64946.014166,1678.44,0.940275,-1
64946.014166,1678.44,3.96674657,-1
64946.014166,1678.4,0.001,-1
64946.014028,1678.33,0.36192632,-1
64946.012382,1678.26,0.47570234,-1
64946.012382,1678.26,0.05954694,-1
64946.012382,1678.21,0.29066533,-1
64946.011914,1678.21,0.68781173,-1
64946.129507,1678.45,0.0531826,1
64946.129507,1678.45,0.05318294,1
64946.129507,1678.45,0.68962346,1
64946.199741,1678.42,0.01,1
64946.198286,1678.44,1,1
64946.896671,1678.21,0.05789287,-1
64948.990555,1678.21,0.16422855,-1
64949.025509,1678.45,0.02824158,-1
64950.742017,1678.32,0.11244022,-1
64951.17444,1678.21,0.002006,-1
64952.899901,1678.21,0.03,-1
64953.735787,1678.21,0.00058991,-1
64953.967812,1678.2,0.00001216,1
64954.3486,1678.21,0.00280194,-1
64954.342291,1678.21,0.0023239,-1
64954.532381,1678.1,0.001,1
64954.472346,1678.2,0.00098784,1
64954.645718,1678,0.001,1
64954.645718,1678,0.03207205,1
64954.891826,1677.9,0.001,1
64954.984078,1677.81,0.01158002,-1
64955.09385,1677.81,1.47478563,-1
64955.306494,1677.81,0.05651968,-1
64955.653688,1677.81,0.00057812,-1
64955.833418,1677.81,0.00294957,-1
64956.368893,1677.94,0.71610427,-1
64956.346967,1677.91,0.05954694,-1
64956.532935,1678.14,0.01031354,-1
64956.532935,1678.1,0.001,-1
64957.28871,1678.16,0.00294938,-1
64959.006076,1678.15,0.01695414,-1
64959.127246,1678.15,0.00176974,-1
64960.513783,1678.21,0.55176646,-1
64960.513783,1678.2,0.001,-1
64961.127905,1678.5,0.001,-1
64961.104718,1678.4,0.001,-1
64961.094142,1678.3,0.001,-1
64961.146096,1678.6,0.001,-1
64961.748759,1678.62,0.46288539,1
64961.748759,1678.63,0.46291461,1
64961.748304,1678.66,0.46291461,1
64961.748304,1678.67,0.00004383,1
64961.748214,1678.67,0.46187078,1
64961.748214,1678.68,0.46191461,1
64961.748214,1678.69,0.46191461,1
64961.839364,1678.5,0.00104234,1
64962.046717,1678.2,0.00094862,1
64962.046717,1678.21,0.37315138,1
64962.042731,1678.3,0.37315138,1
64962.042731,1678.4,0.001,1
64962.321102,1678.21,0.05653316,-1
64962.91998,1678.21,0.03010171,-1
64964.335427,1678.21,0.08157501,-1
64964.508948,1678.31,0.04046507,-1
64965.061144,1678.21,0.01651848,-1
64965.841567,1678.2,0.00005138,1
64966.025479,1678.1,0.467914,1
64966.025479,1678.1,0.001,1
64966.09559,1678.1,0.46691439,1
64966.09559,1678.1,0.00000061,1
64966.148042,1678.1,0.46591378,1
64966.148042,1678.1,0.00000022,1
64968.999875,1678.04,0.05790598,-1
64969.488561,1678.03,0.464914,1
64969.606805,1677.99,1.1918457,1
64969.601658,1678,0.001,1
64969.548532,1678.03,0.44691439,1
64969.548532,1678.03,0.00000061,1
64970.767657,1677.86,0.35444947,1
64970.767657,1677.9,0.001,1
64971.785809,1677.59,0.00089333,1
64971.785809,1677.6,0.001,1
64971.785809,1677.62,0.19999173,1
64971.785809,1677.7,0.001,1
64971.77858,1677.73,6.9290824,1
64971.778402,1677.73,4.98965564,1
64971.778402,1677.74,0.17768,1
64971.778402,1677.8,0.001,1
64972.03244,1677.5,0.48491378,1
64972.03244,1677.5,0.124,1
64972.03244,1677.5,0.00000022,1
64972.00113,1677.5,0.48591439,1
64972.00113,1677.5,0.124,1
64972.00113,1677.5,0.00000061,1
64971.971745,1677.5,0.486914,1
64971.971745,1677.5,0.001,1
64972.527966,1677.51,0.01130276,-1
64973.250325,1677.42,0.00019407,-1
64973.49635,1677.3,0.001,1
64973.490429,1677.4,0.001,1
64974.13627,1677.18,0.35444947,1
64974.13627,1677.2,0.001,1
64975.427278,1677.11,0.05652474,-1
64975.927359,1677.1,0.000768,1
64975.927359,1677.1,0.001,1
64976.492655,1676.62,0.27446786,1
64976.492655,1676.63,0.05950734,1
64976.492655,1676.7,0.001,1
64976.492655,1676.8,0.137,1
64976.492655,1676.8,0.001,1
64976.492655,1676.84,0.00662681,1
64976.492655,1676.9,0.001,1
64976.492655,1677,0.001,1
64977.576999,1676.84,0.08799547,1
64978.539872,1676.86,0.05844876,-1
64978.539872,1676.85,0.71550824,-1
64978.539872,1676.85,0.05950734,-1
64978.723495,1676.86,0.20278156,-1
64978.710119,1676.86,0.77491461,-1
64978.975322,1677.06,1.192631,1
64981.689798,1677.1,0.05947555,-1
64981.689798,1677.1,0.001,-1
64981.689798,1677.09,0.05950734,-1
64981.689798,1677,0.001,-1
64983.970369,1677.1,0.49342785,-1
64983.9607,1677.08,0.05950734,-1
64983.991031,1677.2,0.001,-1
64983.991031,1677.2,0.04101354,-1
64983.990585,1677.2,0.55898646,-1
64983.990585,1677.1,0.12192815,-1
64984.347684,1676.83,0.1403,1
64984.341466,1676.9,0.001,1
64984.338546,1676.93,0.5,1
64984.338546,1676.94,0.02216714,1
64984.338546,1676.94,0.01108357,1
64984.338546,1676.94,0.05541786,1
64984.338546,1676.94,1.324,1
64985.925303,1676.85,0.0303087,1
64985.925303,1676.85,0.39491461,1
64986.379201,1676.81,0.008996,-1
64987.392556,1676.96,0.15654311,-1
64987.392556,1676.95,0.05950734,-1
64987.392556,1676.86,0.18959841,-1
64987.993202,1676.96,0.00001089,1
64988.070386,1677.1,0.001,-1
64991.461825,1676.97,0.06994835,-1
64991.461825,1676.97,0.0430863,-1
64993.047612,1677.1,0.08543139,-1
64993.047612,1676.97,0.03899748,-1
64993.270195,1677.03,0.00778129,1
64995.316015,1677.09,0.001259,1
64995.947672,1677.13,0.05950734,-1
64996.128458,1677.2,0.001,-1
64996.019038,1677.14,0.19520983,-1
64996.018722,1677.14,0.35691461,-1
64996.224506,1677.3,0.001,-1
64996.370069,1677.39,1.57499939,1
64996.370069,1677.39,0.37291461,1
64996.338547,1677.39,0.044328,1
64996.839108,1677.5,0.03746314,-1
64996.839108,1677.5,0.001,-1
64996.839108,1677.49,0.05950734,-1
64996.839108,1677.4,0.001,-1
64997.752606,1677.59,0.09049698,-1
64998.318884,1677.6,0.3734442,-1
64998.318884,1677.6,0.001,-1
64998.318884,1677.59,0.04640972,-1
64998.318884,1677.59,0.12448214,-1
64998.318884,1677.59,0.04524849,-1
64998.318884,1677.59,0.48733816,-1
64998.427199,1677.67,0.333706,1
65000.824092,1677.54,0.05901323,-1
65001.871322,1677.4,0.09818,1
65001.836119,1677.25,0.15442123,1
65001.836119,1677.3,0.001,1
65001.836119,1677.3,0.124,1
65001.836119,1677.32,0.32879143,1
65001.836119,1677.34,0.1536,1
65001.836119,1677.37,0.17768,1
65001.836119,1677.38,0.05950734,1
65001.836119,1677.4,0.001,1
65001.980987,1677.47,0.00590064,-1
65002.237166,1677.59,0.337914,1
65002.647926,1677.55,0.336914,1
65004.371533,1677.53,0.05654704,-1
65004.597856,1677.49,0.20800139,1
65004.597856,1677.49,0.32491461,1
65004.536348,1677.47,0.05901534,-1
65005.5698,1677.45,0.054626,-1
65005.803891,1677.23,0.62541,1
65005.759352,1677.3,0.001,1
65005.756063,1677.33,0.17768,1
65005.755911,1677.35,0.32879143,1
65005.755911,1677.37,0.05950734,1
65005.755911,1677.37,0.13131409,1
65005.848222,1677.24,0.62441049,1
65006.349692,1677.2,1.192361,1
65006.349692,1677.2,0.001,1
65006.557245,1677.18,0.01400257,1
65008.244908,1677.11,0.05097927,-1
65008.398884,1677.1,0.000768,1
65008.398884,1677.1,0.001,1
65008.517269,1677.03,1.192361,1
65010.466617,1677,0.00000596,1
65010.551103,1677.01,0.03731629,-1
65011.109363,1677,0.00001257,1
65011.425291,1676.95,1.19236101,1
65011.417377,1677,0.00098147,1
65011.785481,1676.91,0.084816,-1
65012.465458,1676.9,0.001,1
65013.117331,1676.67,1.51733039,1
65013.117331,1676.68,1.19280093,1
65013.117331,1676.68,0.00858985,1
65013.117331,1676.7,0.001,1
65013.114573,1676.73,0.04452704,1
65013.114573,1676.74,0.31594686,1
65013.114573,1676.8,0.001,1
65013.193832,1676.61,0.11308789,-1
65013.305866,1676.51,0.28213218,-1
65013.236734,1676.59,1.19283266,1
65013.236734,1676.6,0.001,1
65013.443089,1676.3,0.001,1
65013.443089,1676.32,0.31594686,1
65013.443089,1676.33,0.10058292,1
65013.441342,1676.4,0.001,1
65013.441342,1676.5,0.001,1
65014.089051,1676.25,0.00088556,-1
65014.398196,1676.24,0.065657,1
65014.765367,1676.2,1.193171,1
65014.73596,1676.2,1.193171,1
65014.73596,1676.2,0.001,1
65014.934526,1676.19,0.15513996,1
65015.17636,1676.05,0.20003732,1
65015.17636,1676.09,0.19999998,1
65015.17636,1676.1,0.001,1
65016.636018,1676.11,0.02588082,-1
65016.825625,1676.11,0.01181215,-1
65017.868931,1676.11,0.56409956,-1
65017.868931,1676.11,0.08000068,-1
65017.868931,1676.11,0.02181437,-1
65017.945264,1676.11,0.21494835,-1
65018.5823,1676.13,0.01739329,-1
65019.259021,1676.13,0.01131422,-1
65019.544672,1676.13,0.00191938,-1
65019.787674,1676.27,0.3322936,-1
65019.787674,1676.25,0.18325165,-1
65019.787674,1676.24,2.80017245,-1
65019.787674,1676.23,0.05950734,-1
65019.787674,1676.13,0.01030106,-1
65019.787658,1676.13,0.0622837,-1
65019.787658,1676.13,0.73661947,-1
65019.787658,1676.13,1.07606531,-1
65019.87584,1676.27,0.028991,-1
65019.863148,1676.27,2.7400522,-1
65020.366818,1676.27,0.00280517,-1
65020.363361,1676.27,0.00282894,-1
65020.563129,1676.27,1.87854051,-1
65020.544635,1676.27,0.01448858,-1
65020.711688,1676.39,1.1932584,1
65020.711688,1676.39,0.65555562,1
65020.711688,1676.39,0.64082098,1
65020.738122,1676.39,1.19325793,1
65020.738122,1676.39,0.00076907,1
65021.509832,1676.35,0.0005906,-1
65021.808567,1676.35,0.02953443,-1
65021.771753,1676.35,0.05906534,-1
65022.219704,1676.34,1.19325887,1
65022.351906,1676.11,0.00772609,-1
65022.452821,1676.11,0.00297051,-1
65023.325551,1676.11,0.0941586,-1
65024.23605,1676.1,0.001,1
65024.523186,1675.97,0.20000359,1
65024.521735,1676,0.001,1
65024.534303,1675.82,0.37395668,1
65024.533747,1675.82,0.02604332,1
65024.533747,1675.85,1.19325887,1
65024.532987,1675.89,0.19999611,1
65024.532987,1675.9,0.001,1
65024.532987,1675.9,0.19999994,1
65025.960335,1675.83,0.07338644,-1
65025.960335,1675.82,0.89333306,-1
65025.960335,1675.81,0.07660396,-1
65025.960335,1675.81,0.69875038,-1
65025.960335,1675.81,1.13054957,-1
65025.960335,1675.81,1.04115197,-1
65025.960335,1675.81,0.05950734,-1
65025.960335,1675.81,1.813,-1
65026.722422,1675.67,1.42731133,1
65026.722422,1675.7,0.06701876,1
65026.721843,1675.7,1.12654083,1
65026.721843,1675.7,0.001,1
65026.721843,1675.71,0.24169471,1
65026.721843,1675.75,0.149154,1
65026.721843,1675.8,0.001,1
65027.960231,1675.6,0.17343517,1
65027.960231,1675.6,0.001,1
65028.288848,1675.5,0.001,1
65028.330233,1675.45,0.10373532,1
65028.513678,1675.4,0.001,1
65028.641214,1675.37,0.08228891,-1
65028.76091,1675.19,0.84057625,1
65028.759638,1675.19,0.3531595,1
65028.759638,1675.2,0.001,1
65028.759638,1675.3,0.001,1
65028.758046,1675.32,1,1
65028.758046,1675.36,0.02342375,1
65028.871718,1675.07,1,1
65028.870813,1675.08,1.19373575,1
65028.870813,1675.1,0.001,1
65030.703571,1675.01,0.02954148,-1
65030.799476,1674.89,0.00059918,1
65030.799476,1674.89,0.20008623,1
65030.799476,1674.9,0.001,1
65030.799476,1675,0.001,1
65030.799476,1675,0.05922388,1
65030.920416,1674.82,0.73620323,1
65030.920416,1674.83,0.5149946,1
65030.938872,1674.82,0.263796,1
65031.967325,1674.93,0.18390996,-1
65033.623214,1674.84,0.01985861,-1
65034.472464,1674.93,0.00041184,-1
65034.470022,1674.93,0.55684726,-1
65034.470022,1674.93,0.55450675,-1
65038.119044,1674.98,0.02659813,-1
65039.313713,1674.94,0.00210631,1
65039.614802,1674.87,1.19415876,1
65039.613566,1674.88,1.39173,1
65039.613566,1674.9,0.00113679,1
65039.551328,1674.92,0.90451901,1
65042.292204,1674.99,0.00000597,1
65042.270938,1674.99,0.00934333,1
65044.065821,1674.95,0.0587483,-1
65044.065821,1674.95,0.36594776,-1
65044.145688,1674.83,0.37420836,1
65044.145688,1674.84,0.05950734,1
65044.145688,1674.92,0.14925819,1
65044.145688,1674.94,0.18297389,1
65044.145688,1674.94,0.23405222,1
65044.413074,1674.99,0.1037531,-1
65044.520644,1675.15,1.172,-1
65044.520352,1675.11,0.55665598,-1
65044.520352,1675.1,0.001,-1
65044.67653,1675.3,0.001,-1
65044.673072,1675.27,0.6,-1
65044.673072,1675.2,0.001,-1
65044.669815,1675.19,0.01446087,1
65044.768173,1675.4,0.001,-1
65044.902886,1675.7,0.001,-1
65044.902886,1675.69,0.05950734,-1
65044.902886,1675.6,0.001,-1
65044.902886,1675.5,0.001,-1
65049.07124,1675.57,0.0990892,-1
65049.585927,1675.54,0.09844059,-1
65050.001732,1675.1,4.2,1
65050.000488,1675.1,0.30503919,1
65050.000488,1675.1,0.001,1
65050.000488,1675.12,3.89396081,1
65049.999991,1675.12,0.22300871,1
65049.999991,1675.15,3.89389129,1
65049.999868,1675.15,1.17557532,1
65049.999868,1675.15,0.89333306,1
65049.999868,1675.17,0.05959084,1
65049.999868,1675.22,0.52400078,1
65049.998575,1675.22,4.54546583,1
65049.998575,1675.28,0.5,1
65049.998575,1675.29,0.97673417,1
65049.994881,1675.29,1.716,1
65049.994457,1675.29,2.37673244,1
65049.987658,1675.2,0.001,1
65049.986434,1675.22,5.06946661,1
65049.986434,1675.24,0.1,1
65049.986434,1675.25,3.93324216,1
65049.985531,1675.27,0.2,1
65049.985132,1675.3,0.001,1
65049.985132,1675.31,10.39141109,1
65049.985132,1675.32,0.89333306,1
65049.985132,1675.32,5.06946661,1
65049.985132,1675.32,0.25116295,1
65049.985132,1675.34,0.17768,1
65049.985132,1675.35,0.14925819,1
65049.984258,1675.36,0.341905,1
65049.984258,1675.36,0.03611297,1
65049.978555,1675.4,0.001,1
65049.978555,1675.41,5.06946661,1
65049.978555,1675.42,0.46932613,1
65049.976363,1675.42,0.42596854,1
65049.976363,1675.43,0.05959637,1
65049.976218,1675.65,0.84119427,1
65049.974137,1675.65,0.35248039,1
65049.974137,1675.68,0.25805765,1
65050.300698,1674.81,1.68397117,1
65050.300698,1674.81,0.12902883,1
65050.239599,1674.8,0.001,1
65050.154462,1674.87,0.06450987,1
65050.154462,1674.87,0.54550987,1
65050.154462,1674.87,0.06350266,1
65050.154462,1674.9,0.122,1
65050.153634,1674.91,0.122,1
65050.15063,1674.94,0.18650266,1
65050.147148,1674.94,0.06450266,1
65050.14436,1674.91,0.45451329,1
65050.141299,1674.91,0.06450266,1
65050.131407,1674.9,0.06350266,1
65050.131407,1674.9,0.001,1
65050.124045,1674.93,0.00000033,1
65050.119625,1674.93,0.031751,1
65050.105639,1674.94,1.10432972,1
65050.08352,1675,0.001,1
65050.082265,1675.02,0.12700531,1
65050.078482,1675.1,0.10498972,1
65050.075452,1675.1,0.78413528,1
65050.073985,1675.12,0.5,1
65050.073985,1675.16,0.05959084,1
65050.073985,1675.17,0.28704581,1
65050.06947,1675.17,3.82988659,1
65050.023919,1675.18,0.21525,-1
65050.019742,1675.18,0.679875,-1
65050.018853,1675.18,0.679875,-1
65050.015487,1675.18,0.45325,-1
65050.015162,1675.18,0.45325,-1
65050.011744,1675.18,0.9065,-1
65050.01118,1675.18,0.9065,-1
65050.628171,1675.02,0.12443999,-1
65050.628171,1675.01,0.05959637,-1
65051.095171,1675.01,0.01755334,-1
65051.386178,1674.99,0.52197451,-1
65052.306117,1675.12,0.6,-1
65052.298735,1675.02,0.55281727,-1
65052.236671,1674.98,0.65948829,-1
65052.236018,1674.98,0.34051171,-1
65052.235661,1674.96,1,-1
65052.235661,1674.95,0.05959637,-1
65052.966538,1675.22,1,-1
65052.96016,1675.2,1,-1
65052.96016,1675.2,0.09213209,-1
65052.96016,1675.2,0.001,-1
65053.278628,1675.4,0.001,-1
65053.274742,1675.32,1,-1
65053.274742,1675.3,1,-1
65053.274742,1675.3,0.001,-1
65054.432773,1675.5,0.64977021,-1
65054.432773,1675.5,0.43842023,-1
65054.432087,1675.5,0.25165,-1
65054.431786,1675.5,0.30992977,-1
65054.431786,1675.5,0.29131005,-1
65054.431786,1675.5,0.001,-1
65054.440628,1675.64,5.0748238,-1
65054.436347,1675.6,0.05,-1
65054.436347,1675.6,0.001,-1
65054.436074,1675.57,0.1492083,-1
65054.432773,1675.52,1,-1
65054.882779,1675.72,0.06463489,-1
65054.879317,1675.72,0.93536511,-1
65054.879317,1675.7,1,-1
65054.879317,1675.7,0.001,-1
65055.333085,1675.8,0.02855224,-1
65055.333085,1675.8,0.001,-1
65056.187533,1675.82,1,-1
65056.187533,1675.8,0.02855,-1
65056.187533,1675.8,0.08695728,-1
65056.187533,1675.8,0.00486334,-1
65056.187533,1675.8,0.97144776,-1
65056.385181,1675.9,0.00486902,-1
65056.385181,1675.9,0.001,-1
65056.567861,1675.96,1.813,1
65057.52826,1676.09,1.813,1
65057.445377,1676,0.07535072,-1
65057.445377,1676,0.001,-1
65057.442916,1675.94,1,-1
65057.442916,1675.92,0.001259,-1
65057.442916,1675.92,1,-1
65057.555612,1676.09,0.97256016,1
65057.555612,1676.09,0.08356958,1
65057.555612,1676.09,0.08356958,1
65057.555612,1676.09,0.64111124,1
65057.555612,1676.09,0.63003227,1
65057.555612,1676.09,1.813,1
65057.555612,1676.09,1.44591,1
65057.555612,1676.09,0.16713917,1
65058.017038,1676.08,0.0058947,-1
65058.100284,1676.07,0.020596,-1
65058.275298,1675.76,7.05222025,1
65058.275298,1675.78,0.1492083,1
65058.275298,1675.8,0.122,1
65058.275298,1675.81,0.00113649,1
65058.275298,1675.81,0.5,1
65058.275298,1675.86,0.1536,1
65058.275298,1675.87,0.89505474,1
65058.275298,1675.87,0.1492083,1
65058.275298,1675.88,0.71512423,1
65058.275298,1675.9,0.122,1
65058.275298,1675.93,0.17768,1
65058.275298,1676.01,1.575,1
65058.275298,1676.02,0.05959637,1
65058.275298,1676.02,1.04005708,1
65058.275298,1676.08,0.17743717,1
65059.12973,1676.1,0.001,-1
65059.116423,1676.01,0.20591165,-1
65059.191702,1676.3,0.001,-1
65059.191702,1676.29,0.048,-1
65059.15572,1676.2,0.001,-1
65059.430736,1676.48,0.01159875,-1
65059.34743,1676.4,0.001,-1
65060.172413,1676.5,0.001,-1
65060.160712,1676.48,0.06882981,-1
65060.160712,1676.48,0.13889816,-1
65061.50704,1676.59,0.39432261,1
65061.50704,1676.59,1.19294275,1
65061.50704,1676.59,0.44691461,1
65062.011314,1676.53,0.0037631,-1
65062.004537,1676.56,0.12792969,1
65062.004537,1676.58,0.00000093,1
65061.979147,1676.58,0.61621,1
65061.965512,1676.58,0.38378907,1
65062.202196,1676.51,0.74491461,-1
65062.305349,1676.6,0.09258618,-1
65062.305349,1676.6,0.00000596,-1
65062.305349,1676.6,0.001,-1
65062.373955,1676.7,0.001,-1
65062.833877,1676.74,0.00114495,1
65065.089672,1676.72,1,1
65065.089672,1676.74,0.00000005,1
65065.077294,1676.74,0.00113995,1
65065.077294,1676.74,0.99885505,1
65066.418509,1676.63,0.33955734,-1
65066.648099,1676.64,0.28301581,-1
65067.013367,1676.41,2.21082421,1
65067.013367,1676.41,0.1536,1
65067.013367,1676.45,1.575,1
65067.013367,1676.47,5.2413335,1
65067.013367,1676.47,1.65090704,1
65067.013367,1676.48,0.14916735,1
65067.013367,1676.48,0.17768,1
65067.013367,1676.5,0.141,1
65067.013367,1676.5,0.001,1
65067.013367,1676.57,0.14916735,1
65067.013367,1676.6,1,1
65067.013367,1676.61,0.68605291,1
65067.013367,1676.62,0.46491461,1
65067.013367,1676.62,1,1
65068.353685,1676.67,0.042826,-1
65070.437134,1676.73,0.00280473,-1
65070.778406,1676.69,0.01180856,-1
65070.75451,1676.72,1,1
65072.092485,1676.69,0.08576974,-1
65072.518716,1676.75,0.03664423,-1
65072.997363,1676.73,1.0829498,1
65072.997363,1676.74,1.19289906,1
65072.997363,1676.74,0.0008293,1
65072.997363,1676.74,1,1
65072.997363,1676.74,0.47091461,1
65073.985167,1676.68,1,1
65073.982173,1676.7,1,1
65074.335927,1676.57,0.00811258,-1
65074.496122,1676.58,0.11808558,-1
65075.465542,1676.58,0.08016338,-1
65077.008697,1676.46,0.56919086,1
65077.008697,1676.46,0.14910774,1
65077.008697,1676.5,0.18,1
65077.008697,1676.5,0.001,1
65077.008697,1676.51,0.05959637,1
65077.008697,1676.55,0.8946893,1
65077.008697,1676.56,0.67776554,1
65077.008697,1676.57,1.575,1
65077.008697,1676.58,0.940275,1
65077.008697,1676.6,0.18,1
65077.008697,1676.66,0.79591461,1
65077.008697,1676.68,0.14910774,1
65077.008697,1676.72,1,1
65077.008697,1676.73,1.16117834,1
65077.008697,1676.74,0.47791461,1
65077.008697,1676.74,1,1
65079.109836,1677.05,0.44847452,-1
65079.109836,1677.02,0.048,-1
65079.109836,1677.02,0.00089554,-1
65079.109836,1677,2.81904133,-1
65079.109836,1677,0.128,-1
65079.109836,1677,0.001,-1
65079.109836,1676.9,0.001,-1
65079.067534,1676.86,1.0544534,-1
65079.067534,1676.85,1.18,-1
65079.067534,1676.8,0.001,-1
65079.067534,1676.78,0.00000596,-1
65079.067534,1676.75,0.51980723,-1
65079.02476,1676.74,0.05959637,-1
65079.014138,1676.7,0.79491461,-1
65079.013738,1676.7,5.36035198,-1
65079.013738,1676.69,0.85071525,-1
65079.012832,1676.69,4.81823591,-1
65079.012832,1676.62,0.0777756,-1
65079.597235,1676.64,6.42311613,1
65079.597235,1676.65,0.05959637,1
65079.597235,1676.65,3.93324216,1
65079.597235,1676.7,0.189,1
65079.597235,1676.71,0.89460602,1
65079.597235,1676.72,2.26089033,1
65079.597235,1676.72,0.68249183,1
65079.597235,1676.73,5.66895116,1
65079.597235,1676.76,1.575,1
65079.597235,1676.77,0.940275,1
65079.597235,1676.8,0.189,1
65079.597235,1676.9,0.47691461,1
65079.597235,1676.92,0.47791461,1
65079.597235,1676.93,0.47791461,1
65079.597235,1676.94,0.47791461,1
65079.597235,1676.95,0.52706454,1
65079.597235,1676.95,0.47791461,1
65079.597235,1676.96,0.47791461,1
65079.597235,1676.97,0.47691461,1
65079.597235,1676.99,0.25989962,1
65079.750979,1676.75,0.05964654,1
65080.319722,1676.62,0.29355673,-1
65080.280603,1676.62,0.30480187,-1
65080.280603,1676.62,0.48511274,-1
65080.104108,1676.62,0.0147607,-1
65080.38495,1676.81,0.00139025,-1
65080.53739,1676.81,0.06495163,-1
65082.933048,1676.8,0.00177128,-1
65082.912636,1676.8,0.01147617,-1
65082.912636,1676.8,0.00328602,-1
65083.174063,1676.8,0.02489496,-1
65083.93103,1676.8,0.00067312,-1
65084.009447,1676.8,0.00164599,-1
65084.009447,1676.8,0.06227575,-1
65084.740872,1676.94,0.00575695,-1
65084.899476,1676.94,0.01366929,-1
65084.899476,1676.94,0.0008205,-1
65085.060122,1676.94,0.53906962,-1
65085.112738,1677,0.18423971,-1
65085.112738,1677,0.001,-1
65085.285198,1677.22,0.21993092,-1
65085.285198,1677.2,0.001,-1
65085.125369,1677.1,0.001,-1
65085.511605,1677.23,0.00044282,-1
65087.986954,1677.22,0.00688639,-1
65087.975614,1677.2,0.07410539,-1
65088.091102,1677.3,0.001,-1
65088.085725,1677.29,0.85147112,1
65088.429412,1677.4,0.05415178,-1
65088.429412,1677.4,0.001,-1
65088.451267,1677.7,0.001,-1
65088.440815,1677.6,0.001,-1
65088.440815,1677.5,0.001,-1
65089.308595,1677.63,0.12496836,-1
65089.308595,1677.63,0.12496837,-1
65090.132675,1677.71,0.05959637,-1
65090.065082,1677.6,0.18399499,-1
65090.245626,1677.73,0.00000596,1
65090.236311,1677.73,0.00621673,1
65091.022411,1677.76,0.05959637,-1
65091.118597,1677.9,0.001,-1
65091.041828,1677.8,0.001,-1
65092.266775,1677.82,0.88555723,-1
65092.347008,1677.81,0.001194,1
65092.513478,1677.71,0.2897092,-1
65093.049671,1677.71,0.01584118,-1
65093.649748,1677.71,0.066326,-1
65093.996979,1677.77,0.53274129,-1
65093.996979,1677.71,0.05591523,-1
65093.996979,1677.71,0.00147224,-1
65094.233625,1677.77,0.86892187,-1
65095.798125,1677.7,1.191856,1
65095.798125,1677.7,0.001,1
65095.775165,1677.71,0.75476877,1
65097.679038,1677.44,0.2461173,1
65097.674535,1677.46,0.24603808,1
65097.674535,1677.5,0.001,1
65097.674535,1677.51,1.19185654,1
65097.674535,1677.6,0.001,1
65097.791151,1677.3,0.51849252,1
65097.791151,1677.3,0.001,1
65097.785543,1677.4,0.001,1
65098.194173,1677.48,0.030806,-1
65098.153241,1677.48,0.00289902,-1
65098.286797,1677.48,0.02316445,-1
65099.296905,1677.36,0.05912821,-1
65099.904961,1677.36,0.0147519,-1
65100.801348,1677.35,0.25773392,1
65100.945171,1677.36,0.06138565,-1
65103.367492,1677.42,0.467914,1
65103.604277,1677.4,0.467914,1
65103.580202,1677.42,0.00000061,1
65104.033627,1677.41,0.00000595,-1
65104.005925,1677.41,0.00589959,-1
65104.478138,1677.41,0.01182202,-1
65106.499519,1677.6,0.80091461,-1
65106.489308,1677.59,0.05959637,-1
65106.479187,1677.48,0.08730367,-1
65108.138691,1677.6,0.06877139,-1
65108.138691,1677.6,0.01580589,-1
65108.138691,1677.6,0.001,-1
65108.482307,1677.72,0.18415468,-1
65108.466234,1677.7,0.001,-1
65108.897306,1677.79,0.00101151,1
65108.897306,1677.79,1.19210849,1
65110.607244,1677.69,0.485914,1
65111.999451,1677.5,0.001,1
65112.211563,1677.4,0.001,1
65112.31431,1677.23,0.15603947,1
65112.31431,1677.3,0.001,1
65112.433751,1677.14,0.15603947,1
65112.433751,1677.2,0.001,1
65112.573343,1677.01,0.14390177,-1
65112.563034,1677.1,0.001,1
65112.540454,1677.11,0.04523849,-1
65113.181833,1676.79,0.1476665,1
65113.181833,1676.8,0.001,1
65113.181833,1676.88,0.15603947,1
65113.181833,1676.9,0.001,1
65113.181833,1677,0.001,1
65113.73849,1676.7,0.05317841,1
65113.73849,1676.7,0.001,1
65114.527423,1676.71,0.00579538,-1
65114.970828,1676.71,0.00413019,-1
65114.970828,1676.71,0.05380099,-1
65115.36964,1676.71,0.05959637,-1
65115.36964,1676.71,0.87435513,-1
65115.36964,1676.71,0.00920775,-1
65115.369228,1676.71,0.06510686,-1
65115.369228,1676.71,0.00216727,-1
65115.369228,1676.71,0.29371049,-1
65115.368134,1676.71,0.00920705,-1
65116.064738,1677,0.001,-1
65116.064738,1676.96,0.11453907,-1
65116.053702,1676.95,0.05959637,-1
65116.053702,1676.93,0.0671164,-1
65116.053702,1676.93,0.4481351,-1
65116.018569,1676.93,0.84291461,-1
65116.199036,1677.08,0.05794742,-1
65116.780575,1676.98,0.04635912,-1
65117.623701,1677.1,0.32476482,-1
65117.623701,1677.1,0.001,-1
65117.623701,1676.98,0.05840528,-1
65117.623701,1676.98,0.05959637,-1
65117.623701,1676.98,0.38814814,-1
65117.72815,1677.3,0.001,-1
65117.707663,1677.2,0.00000596,-1
65117.707663,1677.2,0.001,-1
65117.673127,1677.17,0.16343862,-1
65120.350733,1677.23,0.00297068,-1
65120.69901,1677.22,0.12377481,1
65120.69901,1677.22,0.23751582,1
65121.371563,1677.23,0.00000595,-1
65121.361383,1677.23,0.00436347,-1
65121.361383,1677.23,0.00153675,-1
65122.461683,1677.23,0.55208886,-1
65122.461683,1677.22,0.05959637,-1
65122.565476,1677.4,0.55691461,-1
65122.565476,1677.4,0.001,-1
65124.098936,1677.22,0.01490384,1
65124.39222,1677.22,0.00000596,1
65124.800699,1677.29,0.00000596,1
65124.754107,1677.23,0.55208886,-1
65125.686734,1677.22,0.02357588,-1
65127.424447,1677.3,0.06883898,-1
65127.424447,1677.3,0.00000596,-1
65127.946769,1677.55,0.02797025,-1
65127.946769,1677.5,0.001,-1
65129.834829,1677.47,5.06967826,-1
65129.834829,1677.43,0.48981773,-1
65129.833365,1677.43,0.06321279,-1
65129.833365,1677.43,0.23193833,-1
65130.267077,1677.6,0.001,-1
65130.234696,1677.55,0.00000596,-1
65130.234696,1677.55,0.00100146,-1
65131.659779,1677.9,0.037555,-1
65131.659779,1677.9,0.001,-1
65131.659779,1677.8,0.001,-1
65131.659779,1677.7,0.001,-1
65131.882599,1678.06,0.04323876,-1
65131.882599,1678,0.001,-1
65131.882599,1677.9,0.001,-1
65133.360209,1678.18,0.04058866,-1
65133.360209,1678.1,0.00000595,-1
65133.360209,1678.1,0.07151081,-1
65133.360209,1678.1,0.001,-1
65134.375939,1677.88,0.00000595,1
65134.778745,1677.89,0.02769557,-1
65135.53556,1677.89,0.06455143,-1
65135.53556,1677.89,0.52511778,-1
65137.685478,1678.2,0.13743308,-1
65137.685478,1678.2,0.001,-1
65137.685478,1678.14,0.20000045,-1
65137.685478,1678.1,0.001,-1
65137.685478,1677.99,0.06174314,-1
65137.685478,1677.99,0.00000595,-1
65137.934282,1678.3,0.00025599,-1
65137.934282,1678.2,0.001,-1
65139.242884,1678.3,0.00074401,-1
65139.242884,1678.29,0.552193,-1
65139.242884,1678.29,0.055435,-1
65139.242884,1678.29,0.00135256,-1
65141.788563,1678.29,0.02115623,-1
65141.788563,1678.28,0.11596916,-1
65141.925467,1678.4,0.001,-1
65141.885766,1678.29,0.05572987,-1
65142.08396,1678.6,0.001,-1
65142.05609,1678.55,0.82691461,-1
65142.038056,1678.5,0.001,-1
65142.484203,1678.69,0.82591461,-1
65142.903497,1678.8,0.001,-1
65142.889252,1678.7,0.001,-1
65143.672609,1678.8,0.11095822,-1
65143.672609,1678.78,0.00210271,-1
65143.896052,1678.8,0.00073733,-1
65144.513112,1678.88,0.00693091,-1
65144.50709,1678.8,0.55156659,-1
65144.682469,1678.94,0.18408539,-1
65144.679671,1678.94,0.81591461,-1
65144.679671,1678.9,0.001,-1
65145.364858,1679,0.03439098,-1
65145.364858,1679,0.001,-1
65145.511405,1679,0.0015128,-1
65145.511405,1679,0.01726631,-1
65145.618939,1679.19,1,-1
65145.618869,1679.1,0.19671848,-1
65145.618869,1679.1,0.001,-1
65145.645551,1679.2,0.001,-1
65145.897978,1679.14,0.00000003,1
65145.850818,1679.14,0.668135,1
65146.571166,1679.27,0.005899,-1
65146.916614,1679.27,0.06779136,-1
65146.916614,1679.27,0.0469958,-1
65146.916614,1679.27,0.19405564,-1
65147.338951,1679.3,0.0005663,-1
65147.65949,1679.3,0.02895338,-1
65147.65949,1679.3,0.0004337,-1
65148.129111,1679.29,0.17768,1
65148.025032,1679.29,0.01716107,1
65148.222956,1679.27,0.00000595,-1
65148.211308,1679.27,0.00589306,-1
65148.549247,1679.18,0.002395,1
65148.642964,1679.05,1.016867,1
65149.719823,1679.02,0.48591439,1
65149.719823,1679.02,0.00000061,1
65149.677146,1679.02,0.487914,1
65149.75437,1679.02,0.48691378,1
65149.75437,1679.02,0.00000022,1
65150.07409,1678.91,0.02907277,1
65150.07409,1679,0.001,1
65150.893114,1679.09,0.05959637,-1
65150.891151,1679,0.04399759,-1
65151.663631,1679.3,0.70630024,-1
65151.663631,1679.3,0.001,-1
65151.663631,1679.3,0.0000119,-1
65151.645966,1679.2,0.001,-1
65151.645966,1679.19,0.039871,-1
65151.645966,1679.19,0.04518845,-1
65152.324029,1679.2,0.79391461,-1
65152.893448,1679.2,0.33057408,-1
65152.893448,1679.2,0.0355649,-1
65152.950237,1679.26,0.00589861,-1
65154.689031,1679.1,0.04083333,-1
65155.967926,1679.14,0.10516,1
65155.964037,1679.14,0.21509,1
65155.953987,1679.16,0.01474118,-1
65156.881977,1678.8,0.0321076,1
65156.881977,1678.8,0.001,1
65156.881977,1678.9,0.001,1
65156.881977,1679,0.001,1
65159.443799,1678.65,0.46526087,1
65159.443799,1678.7,0.001,1
65159.569789,1678.6,0.001,1
65159.990194,1678.43,10.35326179,1
65159.990194,1678.5,0.001,1
65159.988822,1678.51,0.01157319,-1
65160.118423,1678.4,0.001,1
65160.264183,1678.31,0.00289508,-1
65160.88279,1678.3,0.00076571,1
65160.88279,1678.3,0.001,1
65161.280153,1678.2,0.001,1
65162.310889,1678.1,0.001,1
65162.517334,1678,0.001,1
65162.586559,1677.72,1,1
65162.585726,1677.74,1,1
65162.582969,1677.77,0.59210394,1
65162.582969,1677.8,0.001,1
65162.582969,1677.9,0.001,1
65162.839865,1677.7,0.001,1
65163.307819,1677.5,0.001,1
65163.307819,1677.55,0.003,1
65163.30618,1677.6,0.001,1
65163.384101,1677.41,0.005458,-1
65164.23543,1677.26,0.05658099,1
65164.23543,1677.3,0.001,1
65164.23543,1677.4,0.001,1
65164.780272,1677.22,0.00127439,-1
65165.258892,1677.21,0.13712539,1
65165.509766,1677.22,0.25295818,-1
65165.509324,1677.22,0.36637772,-1
65165.583585,1677.41,0.16718631,-1
65165.771874,1677.39,0.473452,1
65166.868605,1677.21,0.00000595,-1
65166.856509,1677.21,0.00590029,-1
65167.943121,1677.21,0.00119246,-1
65169.474594,1677.5,0.79491461,-1
65169.474594,1677.5,0.001,-1
65169.604532,1677.6,0.001,-1
65169.539193,1677.5,0.55201192,-1
65169.539193,1677.5,0.00240282,-1
65169.915846,1677.7,0.001,-1
65170.013358,1677.8,0.001,-1
65170.925319,1677.9,0.01704511,-1
65170.925319,1677.9,0.0702842,-1
65170.925319,1677.9,0.3590162,-1
65170.925319,1677.9,0.001,-1
65171.445912,1677.99,0.04152689,1
65171.763611,1678,0.05951129,-1
65171.763611,1678,0.06284386,-1
65171.763611,1678,0.24253277,-1
65171.763611,1678,0.001,-1
65172.302749,1678.06,0.11588102,-1
65174.359602,1678.05,0.22620763,-1
65176.561748,1678.03,0.02714568,-1
65176.677282,1677.98,0.03128391,-1
65177.212488,1677.98,0.08833239,-1
65177.787409,1677.98,0.11578972,-1
65179.066392,1678.1,0.001,-1
65179.066392,1678.06,0.16167479,-1
65179.066392,1678.06,0.00000595,-1
65179.055746,1677.98,0.06940378,-1
65179.407382,1678.2,0.11482232,-1
65179.407382,1678.2,0.001,-1
65179.77932,1678.3,0.0579967,-1
65179.77932,1678.3,0.001,-1
65181.9364,1678.19,0.05532488,-1
65182.427106,1678.3,0.23286697,-1
65182.403372,1678.3,0.0100455,-1
65183.006012,1678.34,0.04889652,-1
65183.006012,1678.34,0.34870048,-1
65182.987421,1678.34,0.07123407,-1
65182.987421,1678.33,0.65468054,-1
65183.504755,1678.45,0.00346906,-1
65183.504755,1678.45,0.03977251,-1
65183.504755,1678.4,0.00000595,-1
65183.504755,1678.4,0.001,-1
65184.36602,1678.5,0.001,-1
65184.345827,1678.45,0.04422782,-1
65184.345827,1678.45,0.48163702,-1
65184.531045,1678.69,0.01127033,-1
65184.531045,1678.6,0.00751221,-1
65184.531045,1678.6,0.001,-1
65186.038571,1678.63,0.02825942,-1
65188.849028,1678.63,0.05789149,-1
65189.645918,1678.63,0.02894575,-1
65189.828556,1678.63,0.01695434,-1
65190.330843,1678.62,0.05872804,1
65190.330843,1678.62,0.00144043,1
65190.477592,1678.7,0.001,-1
65190.457555,1678.63,0.04425146,-1
65190.457555,1678.63,0.23046313,-1
65191.645718,1678.61,0.36627,1
65191.927879,1678.52,0.17768,1
65191.867349,1678.53,1.813,1
65192.002546,1678.52,1.4459096,1
65192.002546,1678.52,0.0000004,1
65191.971042,1678.52,1.046064,1
65193.562475,1678.6,0.01474276,-1
65195.328738,1678.54,0.379914,1
65195.713267,1678.55,0.00103211,-1
65195.713146,1678.55,0.00579165,-1
65195.997659,1678.55,0.00579165,-1
65196.312049,1678.43,0.03395332,1
65196.312049,1678.5,0.001,1
65196.312049,1678.54,0.00000061,1
65196.497467,1678.44,0.062837,-1
65197.925509,1678.98,0.82773175,-1
65197.925509,1678.96,1.208,-1
65197.925509,1678.9,0.001,-1
65197.923597,1678.87,1.575,-1
65197.923597,1678.8,0.001,-1
65197.923597,1678.7,0.001,-1
65197.92352,1678.69,0.55563564,-1
65197.847919,1678.58,0.06018865,-1
65198.077255,1678.92,1,1
65198.071628,1678.93,0.31902132,-1
65198.039032,1678.96,1,1
65199.095587,1678.91,0.08925935,-1
65199.038429,1678.91,0.0471744,-1
65199.16354,1679.2,0.001,-1
65199.144461,1679.16,0.23603976,-1
65199.133733,1679.18,0.4,-1
65199.133733,1679.17,0.048,-1
65199.133344,1679.1,0.001,-1
65199.133344,1679.09,0.05951129,-1
65199.133344,1679,0.001,-1
65199.133344,1678.94,0.05476291,-1
65199.302919,1679.18,1,1
65199.302919,1679.19,2.94514557,1
65199.300443,1679.2,0.1536,1
65199.300443,1679.2,0.00085613,1
65199.300443,1679.21,0.05951129,1
65199.6221,1678.81,0.13025156,-1
65199.599941,1678.98,1,1
65199.599941,1679,0.001,1
65199.889596,1678.82,0.003,1
65200.108194,1678.85,0.04457669,-1
65201.117301,1678.87,0.28849573,-1
65201.117301,1678.87,0.00642098,-1
65201.31723,1678.82,1,1
65201.253176,1678.86,1.19105542,1
65201.253176,1678.86,1,1
65202.806136,1678.84,0.00589682,-1
65204.70314,1678.83,0.0088465,-1
65205.737351,1678.83,0.00574947,-1
65208.03357,1678.83,0.02951985,-1
65207.981515,1678.83,0.00280099,-1
65208.518606,1678.83,0.00983704,-1
65208.518606,1678.83,0.01870746,-1
65209.840203,1678.82,0.5,1
65209.911786,1678.83,0.00280104,-1
65209.950117,1678.72,5.21133074,1
65209.948569,1678.72,6.7010182,1
65209.948569,1678.73,1.48922101,1
65209.948569,1678.73,0.17768,1
65209.947727,1678.8,0.4997927,1
65209.947293,1678.8,0.5002073,1
65209.947293,1678.82,0.5,1
65210.229703,1678.6,0.001,1
65210.267331,1678.5,1,1
65210.267331,1678.5,0.001,1
65212.318632,1678.31,0.00565086,-1
65212.261492,1678.4,0.001,1
65212.260113,1678.44,0.3786992,1
65212.25481,1678.44,0.6213008,1
65212.25481,1678.46,0.00076265,1
65212.25481,1678.46,1.19155261,1
65212.25481,1678.46,1,1
65212.535471,1678.31,0.1447115,-1
65213.873609,1678.36,0.06839867,-1
65213.873609,1678.36,0.55574489,-1
65213.873609,1678.35,0.05951129,-1
65214.693957,1678.52,0.41946912,1
65214.690657,1678.52,0.58053088,1
65214.690657,1678.54,1,1
65216.780546,1678.38,0.01232781,1
65217.326952,1678.31,0.00173419,-1
65217.411489,1678.31,0.15181682,-1
65217.488495,1678.13,0.01084603,1
65217.488495,1678.2,0.001,1
65217.488495,1678.3,0.001,1
65218.385507,1678.36,0.00000595,1
65219.059502,1678.31,0.74463754,1
65221.536961,1678.12,0.03125856,-1
65222.174138,1678.19,0.05951129,-1
65223.078041,1678.36,0.021968,-1
65224.768432,1678.39,0.06335134,1
65226.791442,1678.4,0.01931084,-1
65226.791442,1678.4,0.03620245,-1
65226.791442,1678.4,0.001,-1
65227.696405,1678.4,0.02825386,-1
65228.074031,1678.4,0.06143577,-1
65228.320441,1678.55,0.02057107,-1
65228.320441,1678.54,0.05951129,-1
65228.320441,1678.5,0.001,-1
65228.320441,1678.47,0.09262006,-1
65228.731877,1678.55,0.59055902,-1
65228.731877,1678.55,0.25726992,-1
65229.63732,1678.54,0.01786831,1
65230.318092,1678.55,0.0281962,-1
65231.287265,1678.55,0.00294924,-1
65231.89517,1678.55,0.02240932,-1
65231.89517,1678.55,0.00000595,-1
65232.951287,1678.54,0.0693,1
65234.003198,1678.6,0.00000595,-1
65234.003198,1678.6,0.001,-1
65233.990166,1678.55,0.05951129,-1
65233.990166,1678.55,0.24696315,-1
65233.990166,1678.55,0.05828717,-1
65234.166995,1678.8,0.01030148,-1
65234.166995,1678.7,0.001,-1
65235.868891,1678.8,0.001,-1
65235.868891,1678.77,0.00000595,-1
65236.286796,1678.9,0.08230388,-1
65236.286796,1678.9,0.001,-1
65238.174063,1678.92,0.02825117,-1
65239.183522,1678.91,0.29321985,1
65239.179943,1678.91,0.89803296,1
65239.179943,1678.91,0.00150057,1
65241.422228,1678.7,0.001,1
65242.224528,1678.57,0.00302049,1
65242.224528,1678.6,0.001,1
65244.155833,1678.59,0.09776932,-1
65245.945173,1678.52,0.62525517,1
65245.945173,1678.52,0.17768,1
65245.93495,1678.72,1.19125281,1
65246.471678,1678.51,0.02064232,-1
65248.506338,1678.55,0.09126879,-1
65248.654438,1678.73,0.04248626,1
65249.440118,1678.74,0.03708613,-1
65249.440118,1678.74,0.41326434,-1
65249.440118,1678.74,0.08090759,-1
65249.886916,1678.9,0.43005951,-1
65249.886916,1678.9,0.001,-1
65249.85628,1678.8,0.07287261,-1
65249.85628,1678.8,0.001,-1
65250.185589,1678.92,0.01371715,-1
65250.185589,1678.92,0.01290028,-1
65250.389743,1678.99,0.39986299,1
65251.911191,1679,0.01057795,-1
65251.911191,1679,0.001,-1
65253.057223,1678.99,0.00082546,1
65253.057223,1678.99,1.19128154,1
65256.094004,1678.98,0.06698301,-1
65256.094004,1678.97,0.0818986,-1
65256.456496,1678.98,0.0122825,-1
65256.808757,1678.97,1.191084,1
65256.929642,1678.89,1.191084,1
65258.895734,1678.98,0.00590834,-1
65258.945354,1679,0.00589798,-1
65259.140226,1678.99,1.19108427,1
65259.760966,1678.65,0.51992572,1
65259.760966,1678.7,0.001,1
65261.095716,1678.61,0.01765746,-1
65261.457595,1678.6,0.001,1
65261.590938,1678.5,0.001,1
65262.140412,1678.41,0.00515932,-1
65262.343387,1678.3,0.001,1
65262.343387,1678.32,0.74024399,1
65262.343387,1678.34,0.51992572,1
65262.343387,1678.4,0.001,1
65263.142175,1678.05,0.04707579,1
65263.142175,1678.1,0.001,1
65263.111659,1678.2,0.000766,1
65263.111659,1678.2,0.001,1
65264.209601,1678,0.01221,1
65264.209601,1678,0.001,1
65264.26883,1677.99,0.003,1
65264.340632,1677.9,0.001,1
65265.852717,1677.7,0.001,1
65265.852717,1677.73,0.44171036,1
65265.852717,1677.8,0.001,1
65266.418458,1677.61,0.018138,-1
65266.551031,1677.6,0.655594,1
65266.551031,1677.6,0.001,1
65267.421863,1677.56,0.1158237,-1
65267.6341,1677.56,0.06102025,-1
65267.535705,1677.56,0.0144765,-1
65268.385249,1677.55,0.00000596,1
65268.966785,1677.56,0.20551014,-1
65269.014886,1677.56,0.00590055,-1
65269.256147,1677.56,0.0007373,-1
65269.249011,1677.56,0.00294957,-1
65269.946387,1677.51,0.00589974,-1
65270.188566,1677.36,2.32233592,1
65270.188566,1677.37,0.03096874,1
65270.188566,1677.39,0.89424234,1
65270.188566,1677.4,0.001,1
65270.184925,1677.47,1.19225188,1
65270.184925,1677.5,0.001,1
65270.051125,1677.51,0.020647,-1
65270.371291,1677.33,0.00166884,-1
65270.695808,1677.31,0.00056639,-1
65270.823414,1677.31,0.01093902,-1
65270.823414,1677.31,0.01801397,-1
65271.401302,1677.31,0.00368182,-1
65271.401302,1677.31,0.00764133,-1
65271.708376,1677.31,0.00280276,-1
65272.764625,1677.34,1,-1
65272.764625,1677.32,1,-1
65273.093859,1677.41,0.00569904,1
65273.873662,1677.32,0.05791979,-1
65274.430781,1677.31,0.003,1
65274.75633,1677.32,0.00393543,-1
65275.188809,1677.32,0.28965073,-1
65275.641562,1677.34,1,-1
65275.641562,1677.32,0.28965,-1
65275.641562,1677.32,0.11364342,-1
65275.641562,1677.32,0.00393,-1
65275.641562,1677.32,0.70641384,-1
65277.61882,1677.5,1,-1
65277.61882,1677.48,1,-1
65278.58908,1677.56,0.12355087,-1
65278.58908,1677.56,0.00394024,-1
65278.58908,1677.56,0.03070531,-1
65278.853022,1677.79,0.09760234,-1
65278.853022,1677.78,0.05951129,-1
65278.853022,1677.7,0.136,-1
65278.853022,1677.7,0.001,-1
65278.853022,1677.6,0.001,-1
65280.476132,1677.79,0.02309585,-1
65280.476132,1677.79,0.01311471,-1
65280.476132,1677.79,0.10692617,-1
65280.602442,1677.9,0.13714321,-1
65280.602442,1677.9,0.001,-1
65280.602442,1677.8,0.001,-1
65280.959821,1678,0.13557746,-1
65280.959821,1678,0.00042166,-1
65280.950869,1678,0.00057834,-1
65281.661687,1678.08,0.00028921,-1
65283.198095,1678.08,0.01154295,-1
65284.06308,1678.1,0.09970698,-1
65284.06308,1678.1,0.00000595,-1
65284.06308,1678.1,0.001,-1
65284.740541,1678.2,0.00000595,-1
65284.723511,1678.2,0.00017936,-1
65284.723511,1678.2,0.001,-1
65284.982936,1678.4,0.04505188,-1
65284.982936,1678.4,0.001,-1
65284.982936,1678.3,0.001,-1
65284.982936,1678.2,0.08641417,-1
65284.982936,1678.2,0.01136277,-1
65285.267699,1678.4,2.11447618,-1
65285.267699,1678.4,0.25492538,-1
65285.267699,1678.4,0.001,-1
65285.267699,1678.31,0.00911972,-1
65285.267699,1678.31,0.00911973,-1
65285.893373,1678.5,0.001,-1
65287.116749,1678.58,0.00143788,1
65287.116749,1678.58,0.59088027,1
65289.9512,1678.49,0.0143025,1
65290.374526,1678.58,0.0824132,-1
65291.47136,1678.6,0.07308264,-1
65291.47136,1678.6,0.001,-1
65293.593895,1678.69,0.00020277,1
65294.052231,1678.7,0.08113875,-1
65294.052231,1678.7,0.06257551,-1
65294.052231,1678.7,0.001,-1
65294.287035,1678.57,0.05967945,-1
65294.348321,1678.56,0.54732439,1
65294.348038,1678.56,0.64422248,1
65294.546612,1678.58,0.00579216,-1
65295.267086,1678.59,0.09889147,-1
65295.619259,1678.24,1.34978018,1
65295.619259,1678.24,1.339,1
65295.619259,1678.3,0.001,1
65295.619259,1678.31,0.17768,1
65295.619259,1678.32,0.1536,1
65295.618811,1678.34,0.62279743,1
65295.618811,1678.4,0.001,1
65295.618811,1678.41,0.2,1
65295.618811,1678.41,0.1,1
65295.591647,1678.58,1.19147315,1
65295.651072,1678.03,0.11125,-1
65295.651014,1678.03,0.11125,-1
65295.64697,1678.03,0.79525,-1
65295.646919,1678.03,0.79525,-1
65295.636726,1678.04,0.89333306,1
65295.636726,1678.04,3.93324216,1
65295.635752,1678.05,2.94851931,1
65295.635246,1678.1,0.001,1
65295.635246,1678.11,0.38584161,1
65295.630172,1678.11,1.93767479,1
65295.630172,1678.11,0.1,1
65295.630172,1678.11,0.4,1
65295.630172,1678.11,0.2,1
65295.630172,1678.12,0.5,1
65295.629387,1678.14,0.1553216,1
65295.629387,1678.15,1.89836329,1
65295.629387,1678.16,3.93324216,1
65295.629387,1678.18,4.10945267,1
65295.62745,1678.2,0.001,1
65295.62745,1678.22,0.03065905,1
65295.783344,1677.96,1.0131731,1
65295.740829,1677.96,0.5,1
65295.732938,1677.98,1.48988664,1
65295.732938,1678,0.001,1
65295.732938,1678.02,0.03035246,1
65295.732938,1678.02,0.0613181,1
65295.732938,1678.03,0.8939051,1
65295.732938,1678.05,1.19147315,1
65295.99572,1678.04,0.05651194,-1
65296.496244,1678,0.01413112,-1
65296.928966,1678,0.01673613,-1
65297.272019,1677.99,0.0895,1
65297.495835,1677.99,0.02447748,1
65297.769583,1678,0.01673,-1
65297.769583,1678,0.06197842,-1
65297.769583,1678,0.05951129,-1
65297.769583,1678,0.98326387,-1
65297.872814,1678.04,1,-1
65299.32348,1678.4,0.00272695,-1
65299.32348,1678.4,0.001,-1
65299.147983,1678.4,0.0349798,-1
65299.147983,1678.35,0.05951129,-1
65299.147983,1678.3,0.001,-1
65299.128479,1678.2,0.21414828,-1
65299.128479,1678.2,0.001,-1
65299.127921,1678.18,1,-1
65299.127921,1678.16,1,-1
65299.127921,1678.15,0.05762668,-1
65299.843438,1678.46,0.10032729,1
65300.070321,1678.5,0.12261317,-1
65300.066823,1678.5,0.87738683,-1
65300.066823,1678.5,0.001,-1
65300.066823,1678.48,1,-1
65300.066823,1678.47,0.05023607,-1
65300.190445,1678.6,0.001,-1
65301.195922,1678.7,0.013498,-1
65301.195922,1678.7,0.001,-1
65302.282444,1678.72,1,-1
65302.282444,1678.7,0.01349,-1
65302.282444,1678.7,0.04641124,-1
65302.282444,1678.7,0.16358739,-1
65302.281588,1678.7,0.82291461,-1
65302.511332,1678.89,0.0229172,-1
65302.511332,1678.88,0.05951129,-1
65302.511332,1678.8,0.001,-1
65302.616271,1679.02,2.81674962,-1
65302.616271,1679.02,0.00089366,-1
65302.616271,1679,0.001,-1
65302.616271,1678.94,0.42550713,-1
65302.616058,1678.94,0.46791461,-1
65302.616015,1678.92,1,-1
65302.616015,1678.92,0.048,-1
65302.616015,1678.9,1,-1
65302.616015,1678.9,0.001,-1
65302.779978,1678.99,0.18523458,1
65302.779978,1678.99,0.00000042,1
65302.749819,1678.99,0.11577158,1
65302.749819,1678.99,0.06946321,1
65302.749819,1678.99,0.18523521,1
65303.005777,1678.81,0.16301595,1
65303.005777,1678.84,0.00094946,1
65303.333982,1678.89,0.00847813,-1
65306.088778,1678.99,0.01526163,-1
65306.896196,1678.98,0.00563375,-1
65308.490437,1678.9,0.00416979,-1
65308.861211,1679.06,0.00000595,-1
65308.850155,1679.07,0.00117875,-1
65310.243835,1678.96,0.03832775,-1
65311.795632,1678.86,0.00579044,-1
65312.626467,1678.81,0.99814154,-1
65312.828918,1678.75,0.55890764,1
65312.828918,1678.8,0.001,1
65312.832714,1678.7,0.001,1
65313.247685,1678.39,0.497,1
65313.247685,1678.4,0.001,1
65313.247685,1678.5,0.001,1
65313.247685,1678.6,0.001,1
65313.899995,1678.49,0.643675,1
65315.162768,1678.4,0.637741,1
65315.162768,1678.4,0.001,1
65315.121995,1678.41,0.28936165,-1
65315.34951,1678.46,0.05649343,-1
65316.195877,1678.54,0.03184103,-1
65316.144907,1678.46,0.05951129,-1
65316.144907,1678.46,0.07250539,-1
65316.144907,1678.43,0.23779549,-1
65316.817373,1678.59,0.00082655,1
65316.817373,1678.59,1.04917745,1
65316.817373,1678.59,1.813,1
65316.887378,1678.59,0.00001194,-1
65318.510359,1678.6,0.001,-1
65318.601119,1678.7,0.06548102,-1
65318.601119,1678.7,0.001,-1
65319.660148,1678.8,0.042976,-1
65319.660148,1678.8,0.001,-1
65319.892469,1678.79,0.00264711,1
65320.426455,1678.79,0.97007727,1
65320.426455,1678.79,1.11945196,1
65320.426455,1678.79,0.01935032,1
65320.426455,1678.79,0.03870064,1
65320.426455,1678.79,0.01935032,1
65320.426455,1678.79,1.19128565,1
65320.426455,1678.79,0.07740128,1
65320.426455,1678.79,0.89085356,1
65323.373232,1678.74,0.0557893,-1
65324.318708,1678.56,0.07150236,1
65324.423918,1678.57,0.055588,-1
65325.587463,1678.57,0.08847659,-1
65327.200301,1678.8,0.001,-1
65327.730346,1678.93,0.0102487,-1
65327.730346,1678.9,0.001,-1
65327.841333,1678.93,0.0606384,-1
65327.840502,1678.93,0.147432,-1
65328.549824,1678.72,0.45056642,-1
65329.78439,1678.97,0.00485028,1
65329.940105,1678.99,0.00176933,-1
65330.363167,1678.84,0.01447313,-1
65331.295001,1678.89,0.0029489,-1
65331.410186,1678.89,0.0058976,-1
65331.924454,1678.97,0.01179323,-1
65332.482951,1678.9,0.00280083,-1
65334.026151,1678.78,0.09956709,1
65334.026151,1678.79,0.00097971,1
65334.026151,1678.79,0.44091461,1
65334.483858,1678.71,0.01447037,-1
65336.115277,1678.71,0.05951129,-1
65336.273694,1678.91,0.05651228,-1
65336.198047,1678.87,0.01371232,-1
65336.115277,1678.71,0.02262999,-1
65336.865072,1678.87,0.02948254,-1
65337.104419,1678.31,0.0177999,1
65337.100231,1678.39,0.2,1
65337.100231,1678.39,0.1,1
65337.100231,1678.4,0.001,1
65337.100231,1678.41,3.93324216,1
65337.100231,1678.41,2.53172021,1
65337.099255,1678.41,1.57727074,1
65337.099255,1678.42,5.06967826,1
65337.096978,1678.5,0.001,1
65337.096272,1678.56,0.05951129,1
65337.096272,1678.56,1,1
65337.096272,1678.58,1,1
65337.09626,1678.6,0.001,1
65337.09626,1678.61,0.54891522,1
65337.095377,1678.7,0.001,1
65337.08705,1678.79,4.35900194,1
65337.086707,1678.79,7.55391464,1
65337.086707,1678.8,0.44491461,1
65337.086707,1678.8,0.89349171,1
65337.086618,1678.81,0.44491461,1
65337.086618,1678.82,0.44491461,1
65337.086618,1678.83,0.44491461,1
65337.086618,1678.84,0.44491461,1
65337.086618,1678.85,1.48911457,1
65337.086618,1678.85,0.44491461,1
65337.086618,1678.86,0.02927475,1
65337.086618,1678.86,0.15808364,1
65337.086618,1678.86,0.11709899,1
65337.086618,1678.86,0.44491461,1
65337.086618,1678.86,0.0702594,1
65337.129132,1678.3,0.001,1
65337.129132,1678.34,0.64263829,1
65337.76223,1678.27,0.00983588,-1
65337.76223,1678.27,0.1031604,-1
65338.97517,1678.21,0.00000595,-1
65338.960647,1678.21,0.00117935,-1
65339.211331,1678.21,0.05788115,-1
65339.138634,1678.21,0.02824696,-1
65340.908585,1678.11,0.21296767,-1
65340.908585,1678.11,1.813,-1
65340.857439,1678.18,0.29793827,1
65340.857439,1678.2,0.001,1
65341.153049,1677.88,0.89398081,1
65341.153049,1677.9,0.29793827,1
65341.153049,1677.9,1.48995768,1
65341.153049,1677.9,0.001,1
65341.152564,1678,0.11778988,1
65341.152564,1678,0.001,1
65341.152564,1678.1,0.001,1
65341.313894,1677.81,0.29613603,-1
65341.53156,1677.81,0.0028246,-1
65341.937543,1677.81,0.019428,-1
65342.346949,1677.7,0.00000596,1
65342.333984,1677.7,0.00022185,1
65342.333984,1677.8,0.001,1
65342.637097,1677.72,0.65815161,-1
65342.637097,1677.71,0.10125171,-1
65342.637097,1677.71,0.05951129,-1
65343.382773,1677.74,1,-1
65343.382773,1677.72,0.65815,-1
65343.382773,1677.72,0.17847253,-1
65343.382324,1677.72,0.16337586,-1
65343.382324,1677.71,0.05951129,-1
65345.396285,1677.74,1,-1
65345.395814,1677.72,1,-1
65345.852332,1677.95,0.02316694,-1
65347.098227,1677.7,0.00082681,1
65347.098227,1677.7,0.001,1
65347.098227,1677.7,0.00077219,1
65348.058334,1677.62,0.02896162,-1
65348.548669,1677.61,0.00238435,1
65352.520226,1677.62,0.061858,-1
65353.574726,1677.42,0.07682889,1
65353.574726,1677.5,0.001,1
65353.574726,1677.6,0.001,1
65356.637385,1677.4,0.502914,1
65356.637385,1677.4,0.001,1
65357.002954,1677.34,0.83791461,-1
65357.394163,1677.6,0.79970474,-1
65357.394163,1677.59,0.03920987,-1
65357.385492,1677.67,4.4690607,-1
65357.385492,1677.66,0.4,-1
65357.385492,1677.66,0.89333306,-1
65357.384428,1677.6,0.001,-1
65357.384428,1677.6,3.20134907,-1
65357.384387,1677.58,1.19218041,-1
65357.384387,1677.58,0.89414913,-1
65357.384387,1677.58,0.51964282,-1
65357.384385,1677.58,1.05535718,-1
65357.384385,1677.57,0.940872,-1
65357.384385,1677.56,4.22147472,-1
65357.384328,1677.56,0.24758598,-1
65357.384328,1677.55,2.97907225,-1
65357.383777,1677.45,0.05951129,-1
65357.38377,1677.36,0.90918038,-1
65357.38377,1677.36,0.09081,-1
65357.383715,1677.34,0.73799539,-1
65357.383499,1677.34,0.09991461,-1
65357.383499,1677.34,0.16208539,-1
65357.611111,1677.7,0.001,-1
65357.720047,1678.29,0.08270831,-1
65357.720047,1678.29,0.32309,-1
65357.716587,1678.29,0.10472,-1
65357.715367,1678.29,0.07219,-1
65357.711568,1678.25,0.02636662,-1
65357.71069,1678.25,0.02212,-1
65357.709171,1678.25,0.0434115,-1
65357.709171,1678.25,0.0147985,-1
65357.706291,1678.25,0.05872,-1
65357.702103,1678.24,0.18240486,-1
65357.698832,1678.24,0.03815063,-1
65357.698832,1678.24,0.03675925,-1
65357.684643,1678.3,0.0011,-1
65357.684643,1678.3,0.001,-1
65357.684643,1678.3,0.096,-1
65357.684643,1678.3,0.128,-1
65357.67039,1678.2,0.001,-1
65357.67039,1678.2,0.05,-1
65357.67026,1678.1,0.001,-1
65357.666634,1678.05,0.048,-1
65357.666634,1678,0.001,-1
65357.666634,1677.9,0.00009048,-1
65357.666088,1677.9,0.028,-1
65357.654969,1677.9,0.521,-1
65357.654969,1677.9,0.001,-1
65357.644015,1677.81,0.54480258,-1
65357.640442,1677.81,0.00089404,-1
65357.640437,1677.81,0.00089404,-1
65357.640279,1677.81,0.00089404,-1
65357.640217,1677.81,0.00089404,-1
65357.640159,1677.81,0.00078808,-1
65357.640159,1677.8,0.00010596,-1
65357.639846,1677.8,0.00089404,-1
65358.306785,1678.39,0.38491417,1
65358.306785,1678.39,0.55864583,1
65358.419693,1678.38,1,1
65359.422247,1678.38,1,1
65359.596853,1678.34,0.02261346,-1
65360.337955,1678.5,0.00019592,-1
65360.337955,1678.4,0.001,-1
65360.746819,1678.44,1,1
65361.622431,1678.3,0.36691386,-1
65361.622431,1678.3,0.142,-1
65363.020404,1678.34,0.00961429,-1
65363.910017,1678.19,0.03166399,-1
65365.557892,1678.29,0.05886383,-1
65365.789919,1678.2,0.03109741,-1
65366.970029,1678.34,0.00565407,-1
65367.798319,1678.4,0.015828,-1
65367.798319,1678.4,0.001,-1
65367.894863,1678.4,0.00294947,-1
65368.724432,1678.73,0.1560118,-1
65368.723687,1678.86,2.04939603,-1
65368.723687,1678.73,3.93324216,-1
65368.722694,1678.86,0.34747007,-1
65368.722694,1678.85,2.49052756,-1
65368.722665,1678.85,0.19070116,-1
65368.722665,1678.85,2.45841021,-1
65368.721545,1678.85,0.41376593,-1
65368.721545,1678.82,1.91423819,-1
65368.721545,1678.82,0.28563609,-1
65368.720852,1678.82,0.3484114,-1
65368.720852,1678.7,0.05955394,-1
65368.720065,1678.82,0.25928557,-1
65368.719288,1678.85,1.06106602,-1
65368.719288,1678.83,1.575,-1
65368.719288,1678.82,3.39393093,-1
65368.719288,1678.8,1.214,-1
65368.719288,1678.8,0.05,-1
65368.719288,1678.8,0.001,-1
65368.719288,1678.74,0.1553216,-1
65368.719288,1678.73,0.01355817,-1
65368.719284,1678.73,0.83437383,-1
65368.719284,1678.7,0.001,-1
65368.719284,1678.57,0.14535566,-1
65368.719284,1678.56,0.07267783,-1
65368.718328,1678.6,0.001,-1
65368.718313,1678.59,1.19158735,-1
65368.712054,1678.58,2.18256792,-1
65368.712054,1678.58,0.62378617,-1
65368.711889,1678.58,0.26983143,-1
65368.711889,1678.52,0.00089403,-1
65368.711889,1678.5,0.135,-1
65368.711889,1678.5,0.001,-1
65368.711889,1678.5,0.00080408,-1
65368.711889,1678.4,0.05951129,-1
65368.711889,1678.4,1.575,-1
65368.711889,1678.4,0.62931326,-1
65368.711889,1678.4,0.135,-1
65368.78343,1678.92,0.642,-1
65368.78343,1678.92,0.14880278,-1
65368.768482,1679.1,0.0134953,-1
65368.768482,1679.1,0.001,-1
65368.768482,1679.03,0.096,-1
65368.768482,1679,0.001,-1
65368.768482,1678.92,0.644,-1
65368.730856,1678.9,0.001,-1
65368.730856,1678.89,2.65059633,-1
65368.729859,1678.84,0.13627093,-1
65368.729859,1678.82,0.28674748,-1
65368.729095,1678.82,2.79829198,-1
65368.72831,1678.82,1.02508377,-1
65368.72831,1678.73,2.52521692,-1
65368.948655,1679.06,0.58284681,-1
65369.990149,1679.19,0.09663647,1
65370.484017,1679.09,0.6,1
65370.484017,1679.1,0.05951129,1
65370.483581,1679.14,1,1
65370.460171,1679.18,1,1
65370.460171,1679.18,1.48882192,1
65370.460171,1679.18,0.89329129,1
65370.460171,1679.19,0.24322045,1
65370.460171,1679.19,0.24322044,1
65371.748149,1679.17,0.00141274,-1
65372.300706,1678.34,0.00190568,1
65372.295307,1678.2,0.05,1
65372.295307,1678.2,0.00113122,1
65372.295307,1678.25,0.70017015,1
65372.295307,1678.37,1.575,1
65372.290513,1678.28,2.21010107,1
65372.29051,1678.28,1.96661885,1
65372.29051,1678.28,0.4,1
65372.29051,1678.28,0.2,1
65372.29051,1678.28,0.1,1
65372.29051,1678.29,0.83590158,1
65372.29051,1678.29,0.89333306,1
65372.29051,1678.3,0.001,1
65372.29051,1678.32,1.13277525,1
65372.29051,1678.33,0.67626682,1
65372.29051,1678.33,0.60346344,1
65372.290402,1678.51,1.305797,1
65372.290402,1678.52,0.12196341,1
65372.289898,1678.33,1.5905,1
65372.289052,1678.33,1.01049694,1
65372.289052,1678.54,0.89333306,1
65372.288765,1678.33,0.72878178,1
65372.288765,1678.33,0.25960564,1
65372.288765,1678.4,0.60211258,1
65372.288598,1678.4,0.52346634,1
65372.288598,1678.43,2.18324366,1
65372.288353,1678.43,0.13896784,1
65372.288353,1678.49,2.34274216,1
65372.288003,1678.49,1.5905,1
65372.28654,1678.44,0.00089334,1
65372.28654,1678.48,5.04439529,1
65372.28654,1678.48,5.1730756,1
65372.28654,1678.49,0.42509369,1
65372.28654,1678.5,8,1
65372.28654,1678.5,0.001,1
65372.28654,1678.51,0.05947035,1
65372.28654,1678.51,6.08609901,1
65372.28654,1678.59,2.3597194,1
65372.284503,1678.63,3.65096944,1
65372.284503,1678.7,0.89587179,1
65372.284503,1678.71,2.27540014,1
65372.284503,1678.72,3.15523562,1
65372.284429,1678.72,0.95295821,1
65372.28422,1678.95,0.24392681,1
65372.277397,1678.57,0.12980282,1
65372.277397,1678.6,10,1
65372.277397,1678.6,0.001,1
65372.277397,1678.6,0.05,1
65372.277039,1678.63,5.42871334,1
65372.277039,1678.63,4.23382875,1
65372.277039,1678.68,0.2,1
65372.277039,1678.68,0.1,1
65372.277039,1678.69,0.06490141,1
65372.277039,1678.7,10,1
65372.277039,1678.7,0.001,1
65372.277039,1678.7,1.575,1
65372.277039,1678.71,4.10817233,1
65372.277039,1678.71,2.27620315,1
65372.277039,1678.71,4.30316663,1
65372.277039,1678.73,0.1553216,1
65372.277039,1678.74,1.12546789,1
65372.277039,1678.74,0.0324507,1
65372.277039,1678.78,6.29625413,1
65372.277039,1678.8,0.135,1
65372.277039,1678.8,0.001,1
65372.277039,1678.87,1.344,1
65372.277039,1678.88,2.11947184,1
65372.277039,1678.9,0.001,1
65372.277039,1678.91,1.575,1
65372.277039,1678.91,0.1536,1
65372.277039,1678.92,0.05951129,1
65372.277039,1678.94,2.89028562,1
65372.27691,1678.94,9.02589596,1
65372.27691,1678.95,2.83934473,1
65372.27691,1678.95,7.55955623,1
65372.27691,1678.96,0.6,1
65372.27691,1678.99,0.17768,1
65372.27691,1679,1.70869902,1
65372.27691,1679,0.135,1
65372.27691,1679.03,11.91618158,1
65372.27691,1679.14,1,1
65372.27691,1679.16,0.00149736,1
65372.27691,1679.16,1,1
65372.27691,1679.16,0.89330379,1
65372.345047,1678.3,0.06723959,1
65372.344518,1678.3,0.39667502,1
65372.344518,1678.31,0.00285852,1
65372.344518,1678.31,0.05717034,1
65372.344518,1678.31,0.46391461,1
65372.344518,1678.37,0.27237461,1
65372.344518,1678.38,0.4966211,1
65372.338727,1678.38,0.05318,1
65372.337261,1678.37,0.19154,1
65372.32622,1678.38,0.05618728,1
65372.32622,1678.39,1.5905,1
65372.314806,1678.3,0.05113122,1
65372.408591,1678.1,0.11597997,1
65372.408591,1678.1,0.001,1
65372.408591,1678.16,4.1101056,1
65372.408591,1678.2,0.135,1
65372.408591,1678.22,0.01500721,1
65372.408591,1678.22,0.01500722,1
65372.408591,1678.33,1.813,1
65374.428316,1678.12,0.000019,-1
65375.738394,1678.08,0.14895227,-1
65375.737809,1678.06,0.999991,-1
65375.737226,1678.04,1,-1
65375.737226,1678.03,0.29249639,-1
65375.737226,1678.03,0.29249638,-1
65375.946363,1678.12,0.13424816,-1
65377.281977,1677.77,0.4233672,1
65377.281977,1677.78,0.17768,1
65377.281977,1677.79,2.08446242,1
65377.281977,1677.8,0.001,1
65377.281977,1677.81,0.89333306,1
65377.281977,1677.82,2.41815732,1
65377.281977,1677.9,0.001,1
65377.281977,1678,0.001,1
65378.317978,1677.79,0.376914,1
65379.295064,1677.8,0.16990155,-1
65379.786084,1677.82,1,-1
65379.782874,1677.8,0.1699,-1
65379.782874,1677.8,0.05951129,-1
65379.782874,1677.8,0.12270333,-1
65379.782874,1677.8,0.83009845,-1
65379.73412,1677.79,0.05677404,1
65379.73412,1677.79,0.00000061,1
65380.316891,1678.02,0.08652861,-1
65380.313621,1678.02,0.91347139,-1
65380.313621,1678,0.11056768,-1
65380.313621,1678,0.23390736,-1
65380.241362,1678,0.76609264,-1
65380.241362,1678,0.001,-1
65380.515724,1678.1,0.001,-1
65381.190042,1678.2,1,-1
65381.190042,1678.2,0.001,-1
65381.64731,1678.26,1,-1
65381.64731,1678.26,0.048,-1
65381.647246,1678.24,1,-1
65381.647246,1678.24,0.09373911,-1
65381.799315,1678.29,0.153752,1
65381.767574,1678.29,0.05765633,1
65381.767574,1678.29,0.24984667,1
65383.200528,1678.47,0.01991358,-1
65383.200528,1678.4,0.001,-1
65383.170377,1678.39,0.00712797,1
65383.160481,1678.32,0.34320315,-1
65383.151931,1678.32,0.65679685,-1
65383.151931,1678.3,0.08499745,-1
65383.151931,1678.3,1,-1
65383.151931,1678.3,0.001,-1
65383.415366,1678.46,0.23840804,1
65384.619845,1678.6,0.001,-1
65384.611867,1678.5,0.001,-1
65384.611867,1678.47,0.07210108,-1
65384.611867,1678.47,0.08865096,-1
65384.61171,1678.47,0.16175205,-1
65385.77684,1678.59,0.01807632,-1
65387.638567,1678.51,0.13319208,-1
65387.982441,1678.5,0.53045654,1
65387.982441,1678.56,0.00100762,1
65387.982441,1678.56,0.07173607,1
65387.982441,1678.56,0.07173607,1
65388.716168,1678.46,0.8936745,1
65390.03842,1678.41,0.00001769,-1
65390.34079,1678.4,0.001,1
65390.899143,1678.2,0.001,1
65390.898442,1678.3,0.001,1
65391.6213,1678.11,0.57893876,-1
65391.728339,1678.11,0.00294904,-1
65392.906886,1678.11,0.20341066,-1
65393.164943,1678.31,0.00589823,-1
65393.149057,1678.14,0.05951129,-1
65393.149057,1678.11,0.07417849,-1
65393.396146,1678.31,0.16848303,-1
65393.62387,1678.28,0.54955909,1
65393.62387,1678.3,0.00000092,1
65393.577182,1678.3,0.99999908,1
65393.577182,1678.3,0.03587246,1
65393.577182,1678.3,0.03587246,1
65394.063646,1678.1,0.053,1
65394.050473,1678.1,0.947,1
65394.050473,1678.1,0.001,1
65394.201943,1678.01,0.00589798,-1
65395.980369,1678.1,0.16434804,1
65397.053569,1678.21,0.01098775,-1
65397.400271,1678.18,0.99999196,1
65397.398692,1678.2,0.16434,1
65397.398692,1678.2,0.83566,1
65397.354624,1678.21,0.0147461,-1
65397.501511,1677.89,0.03830032,1
65397.501419,1677.89,1.91824407,1
65397.501419,1677.89,2.38396072,1
65397.497662,1677.83,1.575,1
65397.497662,1677.84,2.36409655,1
65397.497662,1677.88,2.38396072,1
65397.497662,1677.88,0.89333306,1
65397.497662,1677.89,0.17768,1
65397.497662,1677.89,2.49025574,1
65397.497662,1677.9,0.001,1
65397.497662,1677.92,0.1489434,1
65397.496602,1678,0.001,1
65397.668474,1677.91,0.03539064,-1
65398.761233,1677.83,0.01412929,-1
65399.270274,1677.83,0.14478135,-1
65399.817702,1677.84,0.53278899,-1
65399.817702,1677.83,1.51150075,-1
65399.817702,1677.83,0.08100884,-1
65399.817702,1677.82,1,-1
65399.817702,1677.81,0.05951129,-1
65400.033863,1677.86,0.05846453,-1
65400.033863,1677.85,0.05951129,-1
65400.681178,1677.8,0.000764,1
65400.681178,1677.8,0.001,1
65401.017101,1677.7,0.001,1
65401.888616,1677.6,0.001,1
65401.98484,1677.55,0.05899494,-1
65402.09293,1677.55,0.00576902,-1
65402.082882,1677.55,0.05579695,-1
65403.235789,1677.51,0.05849828,-1
65403.235789,1677.51,0.05951129,-1
65404.82611,1677.52,0.13121654,-1
65404.82611,1677.52,0.53278,-1
65404.82611,1677.51,0.08140678,-1
65404.82611,1677.51,0.05951129,-1
65404.93067,1677.52,0.33798939,-1
65404.930626,1677.52,0.00198594,-1
65404.930626,1677.52,0.33600346,-1
65406.517909,1677.75,0.6,-1
65406.481642,1677.72,0.6,-1
65406.457944,1677.58,0.14900287,-1
65406.457944,1677.56,0.07281743,-1
65406.455913,1677.54,1,-1
65406.455913,1677.52,0.05951129,-1
65406.455913,1677.52,1,-1
65406.597965,1677.82,0.11176023,-1
65406.597965,1677.82,0.30139243,-1
65406.597588,1677.82,0.81291461,-1
65406.576818,1677.81,0.53690261,-1
65406.576818,1677.8,0.001,-1
65406.763779,1677.9,0.001,-1
65410.027694,1677.75,0.018288,-1
65410.389578,1677.92,0.02186969,-1
65410.721276,1677.9,0.49175409,-1
65410.921312,1678,0.01080152,-1
65410.921312,1678,0.001,-1
65412.206903,1678.19,0.79291461,-1
65412.195472,1678.2,1.19201908,-1
65412.195472,1678.2,0.05,-1
65412.195472,1678.2,0.001,-1
65412.195472,1678.19,0.82208039,-1
65412.195472,1678.16,0.29801996,-1
65412.195472,1678.16,0.048,-1
65412.195472,1678.15,0.05951129,-1
65412.195472,1678.1,0.001,-1
65412.194794,1678,0.07177369,-1
65412.358946,1678.26,1,1
65412.691927,1678.25,0.01033996,-1
65413.021674,1678.39,0.35238126,-1
65413.021674,1678.3,0.64661874,-1
65413.021674,1678.3,0.001,-1
65413.354129,1678.41,0.04351057,-1
65413.354129,1678.4,0.001,-1
65413.354129,1678.34,0.06484743,-1
65414.270015,1678.62,0.69527948,-1
65414.270015,1678.61,0.05951129,-1
65414.270015,1678.6,0.05,-1
65414.270015,1678.6,0.001,-1
65414.270015,1678.59,0.048,-1
65414.270015,1678.5,0.001,-1
65414.311555,1678.89,0.00454226,-1
65414.311555,1678.8,0.001,-1
65414.311555,1678.8,0.05,-1
65414.311555,1678.7,0.001,-1
65416.101158,1678.8,1,1
65416.039182,1678.84,1,1
65416.998892,1678.74,0.01475172,-1
65417.607371,1678.78,0.001008,1
65417.607371,1678.78,1,1
65417.673463,1678.74,1,1
65418.597153,1678.78,0.03210645,-1
65418.597091,1678.78,0.03210644,-1
65418.597091,1678.78,0.00000001,-1
65418.544037,1678.78,0.13200356,-1
65418.543493,1678.78,0.10140584,-1
65418.543493,1678.78,0.03059772,-1
65419.066038,1679.04,0.00788839,-1
65419.066038,1679.01,0.048,-1
65419.066038,1679,0.001,-1
65419.066038,1678.9,0.001,-1
65420.499522,1679,0.00122701,1
65422.107126,1678.82,0.23402997,-1
65422.106608,1678.82,0.40297003,-1
65422.103299,1678.82,0.21732983,-1
65422.103044,1678.82,0.21732983,-1
65422.099447,1678.82,0.68917017,-1
65422.09925,1678.82,0.68917017,-1
65422.08089,1678.96,0.03391013,-1
65422.076678,1679,0.9330957,1
65422.07318,1679,0.0669043,1
65422.07318,1679.02,1,1
65422.832652,1678.8,0.111446,1
65422.820399,1678.81,0.02893369,-1
65422.820399,1678.81,0.05951129,-1
65422.819947,1678.8,0.88855314,1
65422.819947,1678.8,0.001,1
65423.340371,1678.8,0.29299914,1
65423.340371,1678.8,0.00000086,1
65423.335891,1678.82,0.99999,1
65423.473199,1678.68,0.70701,1
65423.473199,1678.7,0.001,1
65423.855316,1678.6,0.028348,1
65423.842476,1678.6,0.97165137,1
65423.842476,1678.6,0.001,1
65424.166997,1678.6,0.99998937,1
65424.166997,1678.6,0.00000063,1
65424.283912,1678.58,0.6899414,1
65424.280934,1678.58,0.3100586,1
65424.280934,1678.6,0.00000063,1
65424.592383,1678.5,1,1
65424.592383,1678.5,0.001,1
65424.635867,1678.48,1,1
65426.15155,1678.41,0.07034492,-1
65426.15155,1678.41,0.05951129,-1
65426.313828,1678.7,0.3245,-1
65426.313787,1678.7,0.3235,-1
65426.313787,1678.7,0.001,-1
65426.250937,1678.54,1.19175199,-1
65427.271445,1678.27,1.28996067,1
65427.269386,1678.27,1.17271073,1
65427.269386,1678.29,7.39089926,1
65427.269386,1678.3,0.001,1
65427.269386,1678.33,1.575,1
65427.269284,1678.34,2.00329176,1
65427.26813,1678.34,0.38066896,1
65427.26813,1678.35,0.8937299,1
65427.26813,1678.35,0.89333306,1
65427.26813,1678.35,0.15275753,1
65427.267548,1678.35,0.01002966,1
65427.267548,1678.37,7.39089926,1
65427.267548,1678.38,1.19134297,1
65427.267548,1678.4,0.001,1
65427.267418,1678.5,0.001,1
65427.267418,1678.6,1,1
65427.267418,1678.62,1,1
65427.275731,1678.26,0.16278719,1
65430.044589,1678.22,0.05951129,-1
65430.044589,1678.21,0.06788192,-1
65431.325097,1678.28,0.06267419,-1
65431.325097,1678.28,0.05951129,-1
65431.416165,1678.37,0.1305295,-1
65431.531708,1678.54,0.11673764,-1
65431.473914,1678.54,0.32591461,-1
65431.473914,1678.5,0.001,-1
65431.531893,1678.54,0.11673764,-1
65432.839759,1678.6,0.05551295,-1
65432.839759,1678.6,0.001,-1
65433.292864,1678.8,0.00572158,-1
65433.292864,1678.8,0.001,-1
65433.292864,1678.7,0.001,-1
65433.292864,1678.6,0.00025687,-1
65434.357412,1678.72,0.083818,-1
65434.603074,1678.71,0.06139081,1
65435.545817,1679.08,0.04869806,-1
65435.545817,1679.08,0.05951129,-1
65435.545817,1679.02,0.00089366,-1
65435.545817,1679,0.001,-1
65435.545817,1678.9,0.001,-1
65437.978846,1678.91,0.00595628,1
65438.597302,1678.94,0.41610324,-1
65438.597302,1678.92,0.055592,-1
65440.268777,1679.1,0.29559609,-1
65440.268777,1679.1,0.001,-1
65440.268777,1679.09,0.74741498,-1
65440.268777,1679.09,0.05951129,-1
65440.268777,1679.02,0.05417698,-1
65445.67052,1678.85,0.001683,1
65446.118877,1678.84,0.127848,-1
65446.373763,1678.87,0.14123651,-1
65447.332524,1678.81,0.01977134,-1
65451.256246,1678.81,0.00001769,-1
65452.883369,1678.5,0.001,1
65452.849265,1678.51,0.18361529,-1
65452.787036,1678.6,0.001,1
65452.782267,1678.7,0.001,1
65452.5579,1678.8,0.001,1
65452.477216,1678.81,0.00056609,-1
65453.635175,1678.3,0.001,1
65453.630723,1678.4,0.001,1
65453.747957,1678.2,0.001,1
65453.74029,1678.21,0.02893902,-1
65454.1871,1678.1,0.001,1
65454.305427,1678,0.001,1
65454.301193,1678.01,0.5888761,-1
65454.505837,1677.9,0.133,1
65454.505837,1677.9,0.001,1
65454.399289,1677.91,0.00884555,-1
65454.75312,1677.84,0.00588494,-1
65454.751037,1677.84,0.01474259,-1
65455.672684,1677.76,0.08520064,1
65455.672684,1677.8,0.133,1
65455.672684,1677.8,0.001,1
65455.672684,1677.83,0.00298004,1
65456.329086,1677.78,0.00103198,-1
65457.087725,1677.79,0.02768559,-1
65458.289888,1677.96,0.05790943,-1
65458.866731,1677.82,0.00162178,-1
65459.437169,1677.77,0.01447132,-1
65462.399865,1677.87,0.00000595,1
65462.695652,1677.88,0.02065008,-1
65462.962725,1678.01,0.14630553,-1
65462.962725,1678,0.133,-1
65462.962725,1678,0.14891412,-1
65462.962725,1678,0.001,-1
65462.962725,1677.91,0.1489931,-1
65462.962725,1677.89,0.32693489,-1
65462.962725,1677.88,0.03886121,-1
65463.63896,1678.09,1.813,1
65463.588988,1678.07,0.0736316,-1
65463.588988,1678.07,1.19182026,-1
65463.588988,1678.06,1.44794793,-1
65463.588988,1678.04,1.575,-1
65463.359134,1677.97,0.09117785,-1
65463.692831,1678.09,0.0155,1
65463.692831,1678.09,1.575,1
65463.688854,1678.11,0.10118,-1
65463.688854,1678.1,0.001,-1
65463.684517,1678.06,1.19182026,-1
65466.146884,1678.32,0.04706071,-1
65466.146673,1678.32,0.04506071,-1
65466.146673,1678.3,0.001,-1
65466.146673,1678.2,0.001,-1
65466.817461,1678.4,0.0861092,-1
65466.817461,1678.4,0.001,-1
65467.227325,1678.5,0.001,-1
65467.23932,1678.57,0.01787044,1
65468.218051,1678.2,0.03027063,1
65468.218051,1678.3,0.001,1
65468.218051,1678.32,0.28159209,1
65468.13886,1678.57,0.05951129,1
65468.13886,1678.57,0.89361778,1
65468.13886,1678.57,0.10425978,1
65468.558345,1678.52,0.93291416,-1
65468.558345,1678.5,1,-1
65468.558345,1678.5,0.001,-1
65469.218409,1678.5,0.127,1
65469.249948,1678.5,1.5905,1
65469.249948,1678.5,0.127,1
65469.697285,1678.5,1.015752,1
65469.636857,1678.51,0.01100083,-1
65469.878587,1678.31,0.001473,1
65470.121769,1678.2,0.001,1
65470.118327,1678.3,0.001,1
65470.525883,1678,0.001,1
65470.521751,1678.1,0.001,1
65471.563009,1677.91,0.04465256,-1
65472.217322,1677.91,0.04287898,-1
65472.216798,1677.91,0.04287899,-1
65472.907776,1677.92,0.01447391,-1
65473.294567,1677.92,0.05788529,-1
65474.101566,1677.94,1,-1
65474.101566,1677.92,0.05788,-1
65474.101566,1677.92,0.01447,-1
65474.101566,1677.92,0.07336513,-1
65474.101566,1677.92,0.9276408,-1
65475.017555,1678.16,0.29796186,-1
65475.435497,1678.13,0.01130031,-1
65475.796801,1678.06,0.2341814,1
65475.796801,1678.1,0.127,1
65477.894505,1677.94,1,-1
65481.49598,1677.93,0.01737349,-1
65481.790937,1677.93,0.05146995,-1
65483.469397,1677.96,1,-1
65483.469397,1677.94,0.08600898,-1
65483.469397,1677.94,1,-1
65487.551619,1678.2,0.07005942,-1
65487.551619,1678.2,0.001,-1
65488.384725,1678.25,0.00000595,1
65488.371578,1678.25,0.00001191,1
65488.650817,1678.26,0.00000595,1
65489.089006,1678.16,1.0522569,-1
65489.089006,1678.16,1.67693283,-1
65489.089006,1678.1,0.16647021,-1
65491.444609,1678.15,0.05580266,-1
65491.779578,1678.07,0.001321,1
65491.813525,1678.01,0.03268164,-1
65492.121243,1678.01,0.05131679,-1
65493.313356,1678,0.001,1
65494.211405,1677.6,0.05,1
65494.211405,1677.6,0.001,1
65494.211405,1677.62,1.77187255,1
65494.211405,1677.62,0.05951129,1
65494.211405,1677.62,0.89411853,1
65494.211405,1677.65,7.58646272,1
65494.211405,1677.66,1.19181567,1
65494.211405,1677.7,0.001,1
65494.210352,1677.75,0.67897263,1
65494.210224,1677.75,7.23803658,1
65494.210224,1677.76,1.49008201,1
65494.210224,1677.76,0.4148766,1
65494.210199,1677.8,0.001,1
65494.210199,1677.81,0.22381137,1
65494.210083,1677.9,0.001,1
65494.357385,1677.84,0.05953373,-1
65494.357385,1677.83,0.00527658,-1
65494.357385,1677.83,0.02027658,-1
65494.340722,1677.57,0.89415563,-1
65494.340722,1677.56,0.05951129,-1
65494.340722,1677.54,0.00187764,-1
65494.340483,1677.54,0.99812236,-1
65494.340483,1677.52,0.05533377,-1
65494.340483,1677.52,1,-1
65494.340483,1677.51,1.1921139,-1
65494.952091,1677.79,0.00004181,-1
65496.448226,1677.79,0.00868385,-1
65498.057422,1677.72,0.40755879,-1
65498.057422,1677.71,0.05951129,-1
65498.32766,1677.79,0.28834742,1
65498.32766,1677.79,0.28834797,1
65498.32766,1677.79,0.48291461,1
65498.358198,1677.79,0.482914,1
65499.027929,1677.78,1,1
65499.015222,1677.79,0.00014752,-1
65499.249018,1677.64,0.0039993,1
65499.995544,1677.71,0.08611361,-1
65499.995544,1677.7,0.12,-1
65499.995544,1677.68,0.05951129,-1
65499.995544,1677.67,0.31357764,-1
65501.107696,1677.79,0.00148092,1
65502.416983,1677.8,0.08921223,-1
65502.416983,1677.8,0.001,-1
65502.443306,1677.9,0.001,-1
65503.518373,1677.96,0.96987,1
65503.518373,1677.96,0.00000073,1
65503.507601,1677.96,0.96987,1
65503.485628,1677.96,0.03012927,1
65503.485628,1677.98,1,1
65504.418708,1677.92,0.70756874,-1
65504.418708,1677.91,0.05951129,-1
65506.545353,1677.86,0.96733223,1
65506.543711,1677.86,0.03266777,1
65506.543711,1677.88,0.00079884,1
65506.543711,1677.88,1,1
65507.0226,1677.8,0.00000595,-1
65507.010262,1677.8,0.00001191,-1
65506.996986,1677.74,0.02949217,-1
65507.174097,1677.79,0.01695111,-1
65507.543697,1677.83,0.03930663,-1
65507.543697,1677.8,0.11998214,-1
65507.810059,1677.92,0.04523094,-1
65507.761974,1677.84,0.57136255,-1
65507.761974,1677.83,0.05951129,-1
65507.761974,1677.82,0.13304077,-1
65508.260751,1677.86,0.01711078,-1
65508.769798,1677.79,0.73517366,-1
65508.769798,1677.79,0.13356718,-1
65511.214457,1677.71,0.06580197,1
65511.929765,1677.78,0.00263101,-1
65512.940295,1677.8,0.04425201,-1
65513.227187,1677.82,0.01472482,-1
65513.227187,1677.8,0.09974675,-1
65513.227187,1677.8,0.07574799,-1
65513.227187,1677.73,0.09968458,-1
65515.053182,1677.84,0.00684159,-1
65515.053182,1677.8,0.12,-1
65515.053182,1677.79,0.04984229,-1
65515.156866,1677.85,0.00020296,-1
65515.156866,1677.84,0.05951129,-1
65515.156866,1677.8,0.12,-1
65515.156866,1677.79,0.02492114,-1
65515.782562,1677.84,0.00059008,-1
65516.38548,1677.8,0.00000596,1
65518.28173,1677.73,0.00575314,-1
65519.021796,1677.78,0.00201613,-1
65519.021796,1677.77,0.01246355,-1
65519.287421,1677.82,0.01158278,-1
65519.506187,1677.82,0.00044255,-1
65519.460552,1677.82,0.00295034,-1
65520.085149,1677.72,0.89407052,1
65520.231664,1677.54,1,1
65520.231664,1677.56,1,1
65520.231664,1677.6,0.001,1
65520.22779,1677.7,0.001,1
65520.445688,1677.51,0.01158298,-1
65520.759737,1677.87,0.12,-1
65520.755167,1677.79,0.89403627,-1
65520.755167,1677.75,0.10224088,-1
65520.752388,1677.71,1.19220998,-1
65520.752388,1677.66,0.05951129,-1
65520.752388,1677.65,0.00471819,-1
65520.871392,1677.99,0.00623178,-1
65520.860219,1677.88,0.63391461,-1
65520.856402,1678,1.22959138,-1
65520.856402,1678,0.001,-1
65520.856402,1677.95,0.89395205,-1
65520.856402,1677.9,0.001,-1
65520.854782,1677.88,0.59123918,-1
65521.468631,1677.79,0.00057828,-1
65522.216567,1677.8,0.00141337,-1
65522.216567,1677.8,0.00070669,-1
65522.216567,1677.8,0.00070669,-1
65523.986184,1677.71,0.05792013,-1
65525.544026,1677.51,0.763265,-1
65525.543816,1677.51,0.763265,-1
65525.537212,1677.53,0.58631602,1
65525.537212,1677.54,0.91368398,1
65525.536852,1677.54,1.47027674,1
65525.536852,1677.54,0.05951129,1
65525.535885,1677.57,0.89333306,1
65525.535885,1677.6,0.001,1
65525.535655,1677.68,0.00122568,1
65525.535655,1677.68,0.89409034,1
65525.535655,1677.7,0.001,1
65526.213966,1677.96,0.00475317,-1
65526.213966,1677.8,0.001,-1
65526.142777,1677.71,0.09693805,-1
65527.165271,1678.07,0.14901175,-1
65527.165271,1678.03,0.00983977,-1
65527.165271,1678.03,0.01322593,-1
65527.165271,1678.03,0.00146468,-1
65527.165271,1678,0.08973747,-1
65527.165271,1678,0.001,-1
65527.856242,1678.13,0.14901175,-1
65527.856242,1678.1,0.07850201,-1
65527.856242,1678.1,0.001,-1
65528.08381,1678.2,0.001,-1
65529.070218,1678.3,0.05553585,-1
65529.070218,1678.3,0.001,-1
65529.273024,1678.29,0.00009522,1
65529.426316,1678.29,0.01335154,1
65531.461859,1678.32,0.06169948,-1
65531.461859,1678.32,0.19999848,-1
65533.495578,1678.33,0.05792324,-1
65540.256791,1678.3,0.01130202,-1
65541.047592,1678.24,0.89379349,1
65541.047592,1678.25,0.00088593,1
65541.047592,1678.25,0.59186324,1
65542.189159,1678.11,0.00058868,-1
65543.176208,1678.1,0.001,1
65544.602852,1678,0.001,1
65544.66251,1677.91,0.00796917,-1
65546.723185,1677.91,0.11798988,-1
65547.503686,1677.91,0.75541925,-1
65547.503686,1677.91,0.05951129,-1
65547.503686,1677.91,0.18607849,-1
65547.719844,1677.65,0.893333,1
65547.689279,1677.66,2.38396072,1
65547.689279,1677.66,0.89333306,1
65547.689279,1677.7,0.001,1
65547.685218,1677.73,0.89406514,1
65547.685218,1677.79,0.14896736,1
65547.685218,1677.8,0.001,1
65547.685218,1677.9,0.001,1
65547.863488,1677.61,0.00300842,-1
65549.049521,1677.61,0.08516437,-1
65551.817548,1677.4,1.11108504,1
65551.817548,1677.4,0.001,1
65551.813656,1677.43,0.41634984,1
65551.813656,1677.43,0.07036369,1
65551.813656,1677.43,0.0771458,1
65551.813656,1677.5,0.10626483,1
65551.813656,1677.5,0.001,1
65551.813656,1677.6,0.001,1
65552.522945,1677.31,0.05900197,-1
65552.622572,1677.24,0.0587371,1
65552.622572,1677.25,0.4479658,1
65552.58692,1677.3,0.000765,1
65552.58692,1677.3,0.001,1
65553.600781,1677.2,0.12,1
65553.600781,1677.2,0.001,1
65554.6262,1677.2,0.894343,1
65555.575345,1677.21,0.122948,-1
65557.466176,1677.29,0.0565399,-1
65558.741174,1677.4,0.048,-1
65559.797509,1677.49,0.96215557,1
65559.797509,1677.49,1.15931382,1
65559.797509,1677.49,0.44491461,1
65559.835114,1677.49,0.44591427,1
65559.835114,1677.49,0.00000073,1
65560.516446,1677.49,0.44591458,1
65560.516446,1677.49,0.00000042,1
65560.477762,1677.49,1.189652,1
65562.757312,1677.39,0.00735063,1
65563.790968,1677.43,0.00339403,-1
65564.058124,1677.46,0.14904374,-1
65564.058124,1677.43,0.2946508,-1
65566.084853,1677.55,0.02076064,-1
65566.084853,1677.55,0.14904374,-1
65566.084853,1677.5,0.11708066,-1
65566.084853,1677.5,0.001,-1
65567.198455,1677.57,0.05313891,-1
65567.198281,1677.57,0.05313891,-1
65570.342038,1677.59,0.00576436,1
65570.58895,1677.59,0.00000596,1
65571.808443,1677.59,0.01011665,1
65574.08311,1677.6,0.09278358,-1
65574.08311,1677.6,0.001,-1
65577.898445,1677.48,1.575,1
65577.861313,1677.44,1.51190199,1
65577.861313,1677.46,0.89333306,1
65577.861313,1677.46,2.38396072,1
65577.861313,1677.53,0.58133041,1
65577.861313,1677.6,0.14902685,1
65577.861313,1677.6,0.89333306,1
65577.858208,1677.53,1.49625861,1
65577.857425,1677.53,0.3063717,1
65577.857425,1677.61,0.05951129,1
65577.857108,1677.65,1.19223904,1
65577.857049,1677.69,0.001319,1
65577.857049,1677.69,0.89408651,1
65577.857049,1677.69,0.2174254,1
65579.806608,1677.42,0.02896179,-1
65580.780913,1677.44,1,-1
65580.780913,1677.42,0.02896,-1
65580.780913,1677.42,0.97103821,-1
65581.054753,1677.86,0.00095047,-1
65581.054753,1677.8,0.001,-1
65581.054753,1677.7,0.001,-1
65581.693528,1677.68,0.01447965,-1
65582.581457,1677.51,0.04630759,1
65582.581457,1677.52,0.00459823,1
65582.581457,1677.52,0.01000664,1
65582.581457,1677.58,0.05951129,1
65583.597072,1677.56,0.00590094,-1
65583.801291,1677.58,1,-1
65583.801291,1677.56,0.11116678,-1
65583.801291,1677.56,0.98552035,-1
65583.801291,1677.56,0.00856906,-1
65584.454914,1677.73,0.00575341,-1
65585.393025,1677.68,0.0059005,-1
65586.323497,1677.7,0.14134475,-1
65587.830102,1677.59,0.0565463,-1
65589.603424,1677.49,1.94170476,1
65589.603424,1677.49,0.89333306,1
65589.603424,1677.5,0.12,1
65589.603424,1677.5,0.001,1
65589.603424,1677.51,1.49030408,1
65589.603424,1677.53,0.14903485,1
65589.603424,1677.54,0.05951129,1
65589.603424,1677.6,0.12,1
65589.603424,1677.62,0.89412234,1
65589.603424,1677.62,0.14903485,1
65589.603424,1677.64,1.19213462,1
65589.603424,1677.68,0.00091701,1
65589.603424,1677.68,0.98366278,1
65589.603424,1677.68,1.575,1
65589.603424,1677.68,0.21348519,1
65589.603424,1677.68,1.813,1
65589.603424,1677.68,0.54748808,1
65594.686568,1677.48,0.55059967,1
65594.686568,1677.5,0.89418777,1
65594.686568,1677.51,0.10674259,1
65594.896065,1677.49,0.07146399,-1
65594.896065,1677.48,0.57144236,-1
65594.896065,1677.47,0.01554749,-1
65594.896065,1677.47,0.49998622,-1
65594.853046,1677.49,0.06218996,-1
65595.447253,1677.48,0.05583187,-1
65595.905065,1677.48,0.10120226,-1
65599.941985,1677.47,0.2024831,1
65603.108689,1677.63,0.13872862,-1
65603.218312,1677.73,0.20067634,-1
65603.218312,1677.7,0.001,-1
65603.827915,1677.8,0.0601374,-1
65603.827163,1677.8,0.0591374,-1
65603.827163,1677.8,0.001,-1
65604.665336,1677.85,0.06114361,1
65604.665336,1677.85,0.00085639,1
65605.218569,1677.65,0.02035415,-1
65608.559463,1677.73,0.05358199,-1
65608.559463,1677.73,0.05951129,-1
65612.781568,1677.74,0.10125821,-1
65612.779056,1677.74,0.27806552,-1
65612.779056,1677.73,0.05951129,-1
65612.779056,1677.73,0.05432296,-1
65612.848304,1677.81,0.001198,1
65617.740672,1677.86,0.031115,-1
65617.923992,1678.17,0.51826791,-1
65617.923992,1678.1,0.001,-1
65617.923992,1678,0.001,-1
65617.865012,1677.99,0.05951129,-1
65617.861978,1677.9,0.001,-1
65617.861978,1677.87,0.01811155,-1
65617.861978,1677.86,0.11569919,-1
65617.861978,1677.86,0.1679342,-1
65617.943791,1678.28,0.0105825,-1
65617.943791,1678.2,0.001,-1
65620.822395,1678.2,0.05899178,-1
65621.981733,1678.19,0.00884777,-1
65622.176761,1678.18,0.00104017,1
65622.176761,1678.18,0.89382545,1
65623.046152,1677.9,0.001,1
65623.03459,1678,0.001,1
65624.61571,1677.81,0.01413139,-1
65625.499639,1677.74,0.20458686,1
65625.499639,1677.75,0.02084948,1
65625.499639,1677.8,0.001,1
65626.63541,1677.7,0.00000596,1
65627.133459,1677.71,0.0000177,-1
65627.371046,1677.71,0.00579365,-1
65629.531724,1677.86,0.05792151,-1
65630.10505,1677.86,0.09274483,-1
65632.994361,1677.5,0.001,1
65632.994361,1677.52,0.5,1
65632.994361,1677.53,1.19192944,1
65632.994361,1677.53,0.14901353,1
65632.994361,1677.6,0.001,1
65632.994065,1677.61,0.89412488,1
65632.994065,1677.7,0.001,1
65632.994065,1677.7,0.00099404,1
65633.908699,1677.4,0.000764,1
65633.908699,1677.4,0.001,1
65636.548067,1677.31,0.89220118,-1
65636.548067,1677.31,0.2385117,-1
65637.61692,1677.27,0.00904495,-1
65637.550381,1677.25,0.01952417,1
65637.550381,1677.3,0.001,1
65639.630208,1677.29,0.0289668,-1
65640.845926,1677.29,0.00118044,-1
65641.365536,1677.11,0.02028033,-1
65641.353676,1677.2,0.001,1
65641.353676,1677.2,0.00000024,1
65641.640799,1677.1,0.001,1
65642.13643,1677.01,0.00191825,-1
65644.06078,1677.16,0.07623144,-1
65644.060471,1677.16,0.07623144,-1
65646.427436,1677.24,0.00123952,-1
65646.697589,1677.2,0.00226439,1
65646.657055,1677.2,0.03011204,1
65647.346335,1677.19,0.00575475,-1
65649.011918,1677.11,0.0004297,-1
65650.455075,1677.25,0.00575482,-1
65651.229772,1677.3,0.04032355,-1
65651.229772,1677.3,0.001,-1
65651.889126,1677.15,0.00100748,-1
65654.375133,1677.4,0.064708,-1
65654.375133,1677.4,0.001,-1
65656.310669,1677.5,0.15117403,-1
65656.310669,1677.5,0.001,-1
65656.750565,1677.59,0.00297504,1
65657.303497,1677.7,0.001,-1
65657.303497,1677.68,0.29811768,-1
65657.303497,1677.6,0.001,-1
65657.467545,1677.8,0.12990356,-1
65657.467545,1677.8,0.001,-1
65658.796273,1677.85,0.03017868,-1
65661.225469,1677.89,0.15,1
65661.713238,1677.9,0.06402814,-1
65661.713238,1677.9,0.001,-1
65662.109368,1677.89,0.001685,1
65662.197873,1677.87,0.00000595,-1
65662.183567,1677.87,0.00117959,-1
65666.524486,1678.12,0.36658805,-1
65666.524486,1678.1,0.19986303,-1
65666.524486,1678.1,0.19986331,-1
65666.524486,1678.1,0.19986345,-1
65666.524486,1678.1,0.001,-1
65666.524486,1678.08,1.48776378,-1
65666.524274,1678.05,0.61742923,-1
65666.523929,1678.05,1.17104762,-1
65666.523929,1678.05,0.19999936,-1
65666.523929,1678.03,0.05951129,-1
65666.523929,1678,0.11482925,-1
65666.523929,1678,0.001,-1
65666.590539,1678.12,0.03225029,-1
65666.590279,1678.12,0.03225029,-1
65666.890906,1678.12,0.05055476,-1
65666.890703,1678.12,0.05055475,-1
65666.890703,1678.12,0.00000001,-1
65667.634433,1678.26,0.00497859,-1
65667.634433,1678.26,0.02235141,-1
65667.634433,1678.2,0.001,-1
65669.098323,1678.27,0.893777,1
65669.249726,1678.19,0.03392104,-1
65670.720287,1678.4,0.02376719,-1
65670.720287,1678.4,0.001,-1
65670.720287,1678.3,0.09223106,-1
65670.720287,1678.3,0.001,-1
65672.472461,1678.37,0.01157945,-1
65674.257713,1678.41,1.77914382,-1
65674.257713,1678.34,0.08391677,-1
65674.470234,1678.49,0.00076139,1
65674.470234,1678.49,0.89366037,1
65674.470234,1678.49,0.22579262,1
65674.470234,1678.49,0.22579262,1
65674.692976,1678.46,0.89367566,1
65674.692976,1678.46,0.00000034,1
65674.648529,1678.46,0.893676,1
65675.046486,1678.47,0.005884,-1
65675.035804,1678.47,0.005884,-1
65676.371507,1678.47,0.00000599,-1
65676.680799,1678.47,0.06834468,-1
65676.680799,1678.47,0.07551688,-1
65676.898976,1678.46,0.00000068,1
65679.582816,1678.7,6.16833997,-1
65679.582816,1678.7,0.131,-1
65679.582816,1678.7,0.001,-1
65679.582816,1678.67,1.575,-1
65679.582816,1678.66,5.69133733,-1
65679.582816,1678.66,2.17963992,-1
65679.582816,1678.66,0.048,-1
65679.582816,1678.65,0.89333306,-1
65679.582816,1678.65,0.17366741,-1
65679.582816,1678.65,0.0244284,-1
65679.582816,1678.65,0.1526101,-1
65679.582816,1678.64,1.78847685,-1
65679.582816,1678.62,0.89359295,-1
65679.582816,1678.61,1.19155435,-1
65679.582816,1678.6,10,-1
65679.582816,1678.6,0.131,-1
65679.582816,1678.6,0.001,-1
65679.582816,1678.59,0.4,-1
65679.582816,1678.57,6.76021809,-1
65679.582816,1678.56,1.78847685,-1
65679.582816,1678.54,1.06772068,-1
65679.582816,1678.5,0.131,-1
65679.582816,1678.5,0.001,-1
65679.582816,1678.48,0.44491461,-1
65679.582816,1678.47,0.44491461,-1
65679.582816,1678.46,2.51355932,-1
65679.582816,1678.46,0.44291461,-1
65679.582816,1678.45,0.4,-1
65679.582816,1678.45,0.36832336,-1
65679.582816,1678.45,0.44291461,-1
65679.582816,1678.45,0.05951129,-1
65680.185989,1678.37,0.73591461,1
65680.621131,1678.29,0.05791737,-1
65681.266618,1678.19,0.72391461,1
65681.266618,1678.2,0.001,1
65681.223107,1678.29,0.00001194,-1
65682.863687,1678.12,0.0589844,-1
65683.27619,1678.12,0.0368016,1
65686.338897,1678.17,0.89383,1
65686.593132,1678,0.001,1
65686.566473,1678.1,0.001,1
65686.566473,1678.17,0.00000077,1
65686.817278,1677.89,0.00178,1
65686.736762,1677.9,0.000766,1
65686.736762,1677.9,0.001,1
65686.999532,1677.86,0.893995,1
65686.972785,1677.89,1.5904992,1
65686.972785,1677.89,0.0000008,1
65687.459945,1677.89,0.01178861,-1
65687.612262,1677.89,0.011598,-1
65687.675384,1677.88,0.01241687,1
65689.155094,1677.93,0.022,-1
65690.070932,1677.87,0.05652238,-1
65689.921499,1677.87,0.00884866,-1
65691.310443,1677.8,0.894027,1
65691.310443,1677.8,0.001,1
65691.263706,1677.86,0.52108223,1
65691.26367,1677.86,0.37291369,1
65691.26367,1677.86,0.00000092,1
65693.873703,1677.75,2.28052302,1
65693.873703,1677.75,0.14899754,1
65693.873703,1677.76,1.49008201,1
65693.873703,1677.8,0.00000089,1
65693.962434,1677.71,0.00590034,-1
65695.648564,1677.71,0.00005292,-1
65695.931978,1677.66,0.8940984,1
65695.931978,1677.7,0.001,1
65696.026342,1677.6,0.894134,1
65696.026342,1677.6,0.001,1
65697.164367,1677.68,0.05354964,-1
65697.164367,1677.67,0.05951129,-1
65697.019188,1677.66,0.06218292,-1
65697.326582,1677.66,0.05900549,-1
65697.883774,1677.62,0.0036171,-1
65699.846261,1677.6,0.00076486,1
65699.846261,1677.6,0.00000047,1
65700.144056,1677.36,0.01726527,1
65700.144056,1677.4,0.001,1
65700.144056,1677.5,0.001,1
65700.867364,1677.31,0.89428906,1
65701.03609,1677.3,0.001,1
65701.721578,1677.11,0.0295045,-1
65701.615084,1677.12,3.84046762,1
65701.614943,1677.12,0.55068824,1
65701.614849,1677.12,3.68468824,1
65701.614739,1677.12,3.84587787,1
65701.613427,1677.13,1.02347731,1
65701.613427,1677.2,0.001,1
65701.789223,1676.8,0.07044232,1
65701.789223,1676.8,0.001,1
65701.789223,1676.9,0.131,1
65701.789223,1676.9,0.001,1
65701.789223,1676.92,0.8944963,1
65701.789223,1677,0.001,1
65701.789223,1677.1,0.001,1
65702.461222,1676.94,0.00413085,-1
65703.186662,1676.94,0.00295061,-1
65704.319343,1676.74,0.001767,1
65704.252474,1676.76,0.20265205,1
65704.252474,1676.76,0.01030592,1
65704.246336,1676.78,3.76448661,1
65704.246336,1676.8,0.001,1
65705.878984,1676.75,0.00000598,-1
65706.046366,1676.75,0.00575352,-1
65706.195283,1676.75,0.00590122,-1
65706.345344,1676.75,0.02896317,-1
65706.979877,1676.75,0.01158485,-1
65706.977302,1676.75,0.03901776,-1
65706.977302,1676.75,0.01889996,-1
65707.207419,1676.75,0.02896853,-1
65707.577091,1676.61,0.26129889,1
65707.577091,1676.68,0.14902152,1
65707.577091,1676.7,0.001,1
65707.577091,1676.74,0.00000071,1
65707.947443,1675.7,0.001,1
65707.947443,1675.71,0.30943627,1
65707.947443,1675.78,0.4,1
65707.947443,1675.78,0.2,1
65707.947443,1675.78,0.1,1
65707.947443,1675.8,0.72462447,1
65707.947443,1675.8,0.001,1
65707.947443,1675.81,3.7043809,1
65707.945923,1675.81,6.2956191,1
65707.945923,1675.82,0.155,1
65707.945923,1675.83,1.575,1
65707.944014,1675.88,0.24754902,1
65707.944014,1675.9,0.00113122,1
65707.944014,1675.9,0.001,1
65707.944014,1675.93,2.27756215,1
65707.943587,1675.98,0.00066584,1
65707.942922,1676,2,1
65707.942922,1676,0.001,1
65707.942922,1676,0.05,1
65707.942922,1676.01,0.20003355,1
65707.942922,1676.01,0.2001352,1
65707.942922,1676.01,0.19999918,1
65707.942922,1676.02,0.20013583,1
65707.940434,1676.07,1.36662469,1
65707.940434,1676.07,1.24295956,1
65707.940431,1676.07,0.33204044,1
65707.940431,1676.1,0.05955748,1
65707.940431,1676.1,2.32562881,1
65707.940431,1676.1,0.12377451,1
65707.940431,1676.1,0.001,1
65707.938723,1676.11,1.10580599,1
65707.938723,1676.13,0.17768,1
65707.938723,1676.13,3.78787576,1
65707.938594,1676.13,0.50261425,1
65707.938594,1676.14,0.36161288,1
65707.938594,1676.16,0.29392033,1
65707.938491,1676.16,0.59941273,1
65707.938491,1676.18,2.08568594,1
65707.938491,1676.19,4.11451621,1
65707.938491,1676.2,5.70445726,1
65707.937511,1676.2,4.29554274,1
65707.937511,1676.2,0.001,1
65707.937511,1676.2,0.05,1
65707.937511,1676.21,0.1553216,1
65707.937511,1676.21,0.06188725,1
65707.937511,1676.21,0.19999929,1
65707.936837,1676.24,1.283,1
65707.936837,1676.24,1.575,1
65707.936837,1676.25,4.29049001,1
65707.936837,1676.26,2.08568594,1
65707.936837,1676.27,0.03094363,1
65707.936837,1676.27,0.19999995,1
65707.936837,1676.27,0.19999998,1
65707.936837,1676.29,0.20013505,1
65707.936837,1676.29,0.20003977,1
65707.936837,1676.3,0.20002393,1
65707.936837,1676.3,0.001,1
65707.936837,1676.32,0.89333306,1
65707.936837,1676.32,0.1499993,1
65707.936837,1676.32,0.20166251,1
65707.935018,1676.4,0.2,1
65707.935018,1676.4,0.1,1
65707.935018,1676.4,0.20013586,1
65707.935018,1676.4,0.20013349,1
65707.935018,1676.4,0.2001355,1
65707.935018,1676.4,0.001,1
65707.935018,1676.44,0.05952385,1
65707.935018,1676.44,1.575,1
65707.935018,1676.45,0.89333306,1
65707.935018,1676.46,0.20013249,1
65707.935018,1676.5,0.001,1
65707.934771,1676.53,0.14902152,1
65707.934452,1676.6,1.1929304,1
65707.934452,1676.6,0.001,1
65707.934452,1676.6,0.19999885,1
65707.933453,1676.64,0.89464643,1
65707.933424,1676.65,0.89333306,1
65707.932737,1676.71,0.48572231,1
65707.971247,1675.3,0.001,1
65707.971247,1675.31,0.04,1
65707.971247,1675.32,1,1
65707.971247,1675.33,8.40833268,1
65707.971072,1675.33,6.44891228,1
65707.971072,1675.35,0.04,1
65707.971072,1675.4,5.414119,1
65707.971072,1675.4,0.001,1
65707.971072,1675.43,0.29778744,1
65707.971072,1675.5,0.001,1
65707.971072,1675.53,1.79718128,1
65707.953896,1675.6,0.001,1
65707.953896,1675.6,0.05,1
65708.130315,1675.53,0.33880027,1
65708.130315,1675.62,0.41411434,1
65708.115768,1675.51,0.09231809,1
65708.115768,1675.54,0.06723744,1
65708.105929,1675.5,0.92986347,1
65708.10207,1675.5,0.26509653,1
65708.10207,1675.52,1.813,1
65708.10207,1675.54,0.00758941,1
65708.089119,1675.32,1.3521101,1
65708.089119,1675.42,0.00531176,1
65708.089119,1675.42,0.00697616,1
65708.089119,1675.42,0.00597616,1
65708.089119,1675.5,0.131,1
65708.089119,1675.54,0.58431176,1
65708.032518,1675.41,1.53822261,1
65708.032518,1675.41,0.17986487,1
65708.032518,1675.51,0.58231176,1
65708.032518,1675.53,1.813,1
65708.027529,1675.54,0.73757524,-1
65708.025177,1675.41,1.35171976,1
65708.022641,1675.41,0.55410131,1
65708.022641,1675.53,1.44589869,1
65708.005283,1675.53,0.14460131,1
65708.265706,1675.62,0.74491461,1
65708.19798,1675.6,0.48704,1
65708.19798,1675.63,1.19496,1
65708.19798,1675.7,0.131,1
65708.369435,1675.63,0.73791461,1
65708.442328,1675.64,0.00177066,-1
65708.904148,1675.24,0.00575475,-1
65708.885514,1675.2,0.0079,1
65708.885268,1675.2,0.1333,1
65708.884285,1675.2,2.40968952,1
65708.884285,1675.2,0.001,1
65708.884285,1675.23,0.20000972,1
65708.884285,1675.45,0.00000076,1
65708.81083,1675.45,0.613229,1
65708.731393,1675.5,0.131,1
65708.698701,1675.5,0.131,1
65708.984385,1675.14,0.43291461,-1
65708.98128,1675.13,0.43291461,-1
65708.967402,1675.13,0.72091461,1
65708.955618,1675.19,0.71991461,1
65708.944689,1675.23,0.71891461,1
65709.107158,1675.07,0.72011301,1
65709.107158,1675.08,0.0008016,1
65709.082991,1675.1,0.71891461,1
65709.082991,1675.1,0.001,1
65709.06244,1675.11,0.72091461,-1
65709.161893,1675,0.42601373,1
65709.161893,1675,0.29671641,1
65709.161893,1675,0.00118447,1
65709.125353,1675.07,0.27988699,1
65709.327282,1674.99,4.29049,1
65709.307315,1675,0.001,1
65709.307315,1675,0.00005308,1
65709.307315,1675,0.38427906,1
65709.307315,1675.01,0.00000047,1
65709.292705,1675.01,0.152481,1
65709.273448,1675,0.72391461,1
65709.255644,1675,0.72391391,1
65709.255644,1675.01,0.0000007,1
65709.229243,1675.01,0.150195,1
65709.223646,1675,0.72391461,1
65709.357689,1674.95,0.00575369,-1
65709.347721,1674.95,0.72291461,1
65709.392858,1674.99,0.047,1
65709.587872,1675.36,0.05952385,-1
65709.58729,1675.34,0.25377187,-1
65709.586447,1675.26,1,-1
65709.586447,1675.25,0.25377187,-1
65709.582615,1675.21,1.07092825,-1
65709.582615,1675.14,0.83319649,-1
65709.581325,1675.14,0.65886426,-1
65709.577042,1675.24,0.99424525,-1
65709.577042,1675.21,1.49206075,-1
65709.577042,1675.2,0.71626196,-1
65709.576896,1675.2,3.19609799,-1
65709.576896,1675.19,0.25377187,-1
65709.568776,1675,0.337582,-1
65709.762402,1675.46,0.6,-1
65709.762402,1675.46,0.096,-1
65709.762402,1675.46,0.048,-1
65710.023682,1675.5,1,-1
65710.023682,1675.5,0.001,-1
65710.02289,1675.48,0.42891461,-1
65710.009364,1675.48,0.00575,-1
65710.009364,1675.48,0.99425,-1
65709.990025,1675.44,0.1065527,1
65709.990025,1675.46,0.18136191,1
65709.989927,1675.46,0.71391461,1
65710.219769,1675.55,0.09630362,1
65710.219769,1675.55,0.01284049,1
65710.219769,1675.55,0.09630362,1
65710.247311,1675.54,0.60731916,1
65710.247135,1675.54,0.28791461,1
65710.408914,1675.52,0.71691461,1
65710.398364,1675.52,0.71691461,1
65710.387533,1675.52,0.71691461,1
65710.373006,1675.45,0.71691461,1
65710.36894,1675.53,0.97115258,1
65710.36894,1675.53,1.02394063,1
65710.36894,1675.53,2.85866079,1
65710.36222,1675.53,0.71591461,1
65710.352062,1675.53,0.71591461,1
65710.872306,1675.48,1,-1
65711.022711,1675.66,0.048,-1
65710.974739,1675.56,0.1148261,-1
65710.974739,1675.54,1,-1
65711.09525,1675.72,0.29091461,1
65711.048221,1675.7,0.001,-1
65711.222089,1675.73,0.29091461,1
65711.221709,1675.73,0.71091461,1
65711.265992,1675.71,0.29191461,1
65711.256181,1675.73,0.29091461,1
65711.255838,1675.73,0.71091461,1
65711.363341,1675.67,0.17193958,1
65711.523694,1675.62,0.70991461,1
65711.523358,1675.62,0.29191461,1
65711.630261,1675.63,0.0289782,-1
65711.537602,1675.63,0.10272314,1
65711.537602,1675.63,1.02941373,1
65711.537602,1675.63,0.58156513,1
65711.83491,1675.61,0.10663819,1
65711.83491,1675.62,0.18527642,1
65711.834858,1675.62,0.70991461,1
65711.845156,1675.61,0.70991461,1
65711.845153,1675.61,0.29191461,1
65711.983639,1675.53,0.0658514,1
65711.983639,1675.53,0.6043245,1
65711.983614,1675.53,0.29091461,1
65712.073637,1675.51,0.0000008,1
65712.043166,1675.51,0.895249,1
65712.030525,1675.51,0.29091461,1
65712.030513,1675.51,0.71091461,1
65712.460527,1675.45,0.21008539,1
65712.459761,1675.45,0.28991461,1
65712.455402,1675.47,1.00337514,1
65712.455402,1675.47,1.05896368,1
65712.455402,1675.47,0.89527117,1
65712.455402,1675.47,0.00077001,1
65712.440076,1675.47,0.29091461,1
65712.440067,1675.47,0.71091461,1
65713.009786,1675.4,0.001,1
65713.484277,1675.72,1,-1
65713.471262,1675.7,0.001,-1
65713.366323,1675.62,1,-1
65713.721252,1675.79,0.096,-1
65713.738389,1675.82,0.048,-1
65713.738389,1675.8,0.001,-1
65713.83766,1675.9,1,-1
65713.83766,1675.9,0.001,-1
65714.137324,1675.98,0.628005,1
65714.13716,1675.98,0.26698891,1
65714.13716,1675.99,0.0329257,1
65714.579012,1675.95,0.05952385,1
65715.034271,1675.84,0.65768275,1
65715.034165,1675.84,0.23739076,1
65715.034165,1675.84,0.05952385,1
65715.120406,1675.72,0.01100699,1
65715.120305,1675.72,0.14431461,1
65715.120305,1675.72,0.1536,1
65715.060824,1675.75,0.59720697,1
65715.06057,1675.75,0.29791461,1
65715.050351,1675.78,0.07542778,1
65715.049953,1675.78,0.29791461,1
65715.339218,1675.72,0.55683093,-1
65715.335196,1675.72,0.44316907,-1
65715.335196,1675.71,0.58353714,-1
65715.340747,1675.76,0.208,-1
65715.339218,1675.74,1,-1
65716.073057,1675.76,0.05952385,1
65717.367815,1675.7,0.05952385,1
65717.367815,1675.7,0.59923368,1
65717.367603,1675.7,0.29591461,1
65717.367603,1675.7,0.001,1
65718.592125,1675.59,0.70491461,1
65718.592125,1675.6,0.001,1
65718.582103,1675.61,0.70591461,1
65718.581805,1675.61,0.29591461,1
65718.571954,1675.61,0.10663285,1
65718.571954,1675.61,0.59828176,1
65718.571703,1675.61,0.29691461,1
65719.802613,1675.5,0.005079,1
65719.802613,1675.5,0.001,1
65720.119467,1675.54,0.37305165,-1
65720.114922,1675.54,0.62694835,-1
65720.114922,1675.52,1,-1
65720.109659,1675.51,0.16267051,-1
65723.147941,1675.66,0.48649117,-1
65723.147941,1675.64,1,-1
65723.147941,1675.63,0.14140099,-1
65724.918708,1675.6,0.22578695,1
65724.918708,1675.65,0.05952385,1
65724.908873,1675.65,0.10589332,1
65724.908873,1675.66,0.00076624,1
65724.908873,1675.66,0.60225505,1
65724.907904,1675.66,0.29291461,1
65725.767259,1675.44,0.41369619,-1
65725.767259,1675.44,0.48649,-1
65725.767259,1675.41,0.12906935,-1
65726.607733,1675.44,0.00003969,-1
65727.56794,1675.44,0.11213347,-1
65727.56794,1675.44,0.90018,-1
65727.56794,1675.44,0.09977295,-1
65729.73641,1675.64,0.03113267,-1
65730.486143,1675.62,0.00009042,1
65730.973059,1675.66,0.06005165,-1
65730.970822,1675.66,0.7084674,-1
65730.970822,1675.64,0.29158425,-1
65730.970644,1675.64,0.70841575,-1
65730.970644,1675.64,0.01686733,-1
65730.970644,1675.63,0.29176857,-1
65731.323298,1675.79,0.06509713,1
65731.313095,1675.72,1,-1
65731.312939,1675.7,0.76851,-1
65731.312939,1675.7,0.23148095,-1
65731.312939,1675.7,0.001,-1
65731.275747,1675.69,0.366,1
65731.396313,1675.96,0.00033497,-1
65731.396313,1675.9,0.001,-1
65731.396313,1675.8,0.001,-1
65732.366436,1675.96,0.10812921,-1
65732.366436,1675.96,0.04766503,-1
65733.272752,1676,0.09379987,-1
65733.272752,1676,0.001,-1
65735.760393,1676.2,0.096,-1
65735.760393,1676.2,0.001,-1
65735.734472,1676.1,0.08013398,-1
65735.734472,1676.1,0.001,-1
65736.102739,1676.4,0.001,-1
65736.102739,1676.4,0.05,-1
65736.102516,1676.38,0.048,-1
65736.102516,1676.3,0.001,-1
65736.40355,1676.5,0.07354018,-1
65736.40355,1676.5,0.001,-1
65736.938732,1676.59,0.11209523,1
65739.493285,1676.7,0.001,-1
65739.493285,1676.69,0.05952385,-1
65739.493285,1676.69,2.79744582,-1
65739.493285,1676.6,0.001,-1
65739.521348,1676.7,0.14588429,-1
65739.977141,1676.76,1,1
65741.295029,1676.64,0.00001194,-1
65741.424027,1676.64,0.00059048,-1
65741.983881,1676.64,0.00001194,-1
65742.004708,1676.64,0.01449048,-1
65744.222929,1676.68,1,1
65744.222483,1676.7,0.00110398,1
65744.222483,1676.7,1,1
65744.681471,1676.48,0.55282665,1
65744.677268,1676.48,0.44717335,1
65744.677268,1676.5,1,1
65744.677268,1676.5,0.001,1
65744.790449,1676.4,0.001,1
65745.003158,1676.28,0.188,1
65744.999756,1676.28,0.812,1
65744.999756,1676.3,1,1
65744.999756,1676.3,0.001,1
65748.02225,1676.23,0.00034346,1
65748.432424,1676.24,0.02897889,-1
65749.762464,1676.24,0.07990551,-1
65749.833429,1676.46,0.04465349,1
65750.287591,1676.5,0.07619523,-1
65750.287591,1676.5,0.001,-1
65750.765438,1676.6,0.001,-1
65750.875685,1676.7,0.001,-1
65750.964511,1676.84,0.00129194,-1
65750.964511,1676.8,0.001,-1
65751.451971,1676.83,0.000001,1
65751.537074,1677.02,1.19085631,-1
65751.537074,1677.02,0.00089491,-1
65751.537074,1677,0.131,-1
65751.537074,1677,0.05,-1
65751.537074,1677,0.001,-1
65751.537074,1676.99,0.62984258,-1
65751.537074,1676.99,0.6436859,-1
65751.537074,1676.98,0.05952385,-1
65751.537074,1676.9,0.131,-1
65751.537074,1676.9,0.001,-1
65751.537074,1676.84,0.06745245,-1
65751.537074,1676.84,0.04670806,-1
65751.946329,1676.9,0.00295242,-1
65754.940004,1676.96,0.09136114,-1
65754.940004,1676.9,0.131,-1
65754.940004,1676.89,0.07294264,-1
65756.645689,1676.89,0.01414505,-1
65757.043926,1676.77,0.39388542,1
65757.043926,1676.78,0.89456703,1
65757.043926,1676.79,1.490944,1
65757.043926,1676.79,0.35651952,1
65757.043926,1676.82,0.35651952,1
65757.043761,1676.86,0.01358416,1
65757.043697,1676.86,0.35743549,1
65757.043558,1676.86,0.62898035,1
65757.043558,1676.88,0.00079513,1
65757.043558,1676.88,0.40131332,1
65757.043237,1676.88,0.59868668,1
65758.446949,1676.72,0.03960661,-1
65760.786245,1676.84,0.02222775,-1
65764.239602,1676.8,0.80936755,1
65764.238297,1676.8,0.19063245,1
65764.238297,1676.82,1,1
65764.405766,1676.66,0.1879295,1
65764.405766,1676.66,0.01178691,1
65764.405766,1676.66,0.05211198,1
65766.722471,1676.6,0.462,1
65766.722471,1676.6,0.001,1
65766.808732,1676.72,0.01448832,-1
65766.796373,1676.61,0.08919066,-1
65766.796373,1676.61,0.05952385,-1
65767.951335,1677.1,0.07873607,-1
65767.951335,1677.1,0.001,-1
65767.951335,1677.09,0.05952385,-1
65767.951335,1677,0.124,-1
65767.951335,1677,0.05,-1
65767.951335,1677,0.001,-1
65767.951335,1676.9,0.001,-1
65768.095899,1676.99,0.00000597,-1
65768.079587,1676.99,0.00056678,-1
65768.324671,1676.96,0.40289926,1
65768.31999,1676.96,0.18156804,1
65768.31999,1676.98,0.4098417,1
65768.31863,1676.98,0.5901583,1
65768.41295,1676.79,0.11548443,-1
65768.41295,1676.77,0.0073497,-1
65768.41295,1676.77,0.0073497,-1
65768.41295,1676.77,0.0146994,-1
65768.356133,1676.96,0.4029,1
65768.356133,1676.96,0.4155327,1
65769.123365,1676.77,0.00076909,1
65769.22767,1676.7,0.001,1
65769.22767,1676.72,0.41103358,1
65769.222985,1676.72,0.58896642,1
65769.197658,1676.76,1,1
65769.294865,1676.63,1.501373,-1
65769.294575,1676.61,1.19300214,-1
65769.294575,1676.61,1.575,-1
65769.902377,1676.85,0.018,-1
65770.036046,1676.82,1,1
65770.036046,1676.84,1,1
65770.475763,1676.67,0.005904,-1
65770.541109,1676.67,0.129756,-1
65773.120773,1676.52,0.66929324,1
65773.120773,1676.6,0.001,1
65773.031508,1676.61,0.029346,-1
65773.701297,1676.52,0.312056,-1
65774.279011,1676.74,0.95211303,1
65774.039934,1676.67,0.72991461,-1
65774.029426,1676.72,0.56196043,-1
65774.028129,1676.68,1.575,-1
65774.028129,1676.68,0.89530592,-1
65774.027462,1676.67,1.179,-1
65774.027462,1676.65,2.51412601,-1
65774.027462,1676.6,0.05530486,-1
65774.02722,1676.6,0.58576271,-1
65774.026349,1676.6,0.25360156,-1
65774.026349,1676.56,1.19305537,-1
65774.026349,1676.55,1.29836321,-1
65774.026349,1676.54,0.05952385,-1
65774.598848,1676.57,0.58530059,1
65775.580966,1676.51,0.040066,-1
65775.688647,1676.42,0.10214037,1
65775.688647,1676.5,0.001,1
65776.608771,1676.48,0.055062,-1
65777.167125,1676.5,0.00004175,1
65777.602737,1676.77,1.175,-1
65777.602737,1676.76,0.52080427,-1
65777.601892,1676.74,1.01299215,-1
65777.601892,1676.7,0.001,-1
65777.601199,1676.62,1.19295922,-1
65777.601199,1676.6,0.89466978,-1
65777.600858,1676.55,1.41236207,-1
65777.600858,1676.55,1.78081215,-1
65777.600858,1676.51,0.09876817,-1
65777.600858,1676.51,0.30734969,-1
65777.600858,1676.51,0.05952385,-1
65779.02141,1676.92,0.19999847,-1
65779.004973,1676.9,0.001,-1
65778.991528,1676.8,0.001,-1
65778.991528,1676.78,0.08730783,-1
65779.102172,1677,0.001,-1
65779.651822,1677.3,0.001,-1
65779.651822,1677.27,1.15430075,-1
65779.647086,1677.27,0.03822191,-1
65779.647086,1677.26,0.71193603,-1
65779.647086,1677.23,0.048,-1
65779.647086,1677.22,0.096,-1
65779.647086,1677.2,0.05,-1
65779.647086,1677.2,0.001,-1
65779.647086,1677.19,0.04182241,-1
65779.646944,1677.19,2.93935443,-1
65779.646944,1677.18,0.04217099,-1
65779.646812,1677.18,0.01735286,-1
65779.646812,1677.1,0.07862749,-1
65779.646812,1677.1,0.001,-1
65781.72993,1677.6,0.89413771,-1
65781.72993,1677.6,0.05,-1
65781.72993,1677.6,0.001,-1
65781.728855,1677.5,0.001,-1
65781.728855,1677.49,0.05952385,-1
65781.728446,1677.41,0.08525911,-1
65781.728446,1677.4,0.001,-1
65781.9386,1677.58,1.192398,1
65783.462487,1677.47,0.000001,-1
65785.388319,1677.3,0.001,1
65785.382938,1677.34,0.57291052,1
65785.382938,1677.36,0.00076449,1
65785.375297,1677.38,0.59342662,1
65785.375297,1677.38,0.05952385,1
65785.369464,1677.38,10.64691676,1
65785.368373,1677.38,0.55220016,1
65785.366521,1677.38,0.30280118,1
65785.366521,1677.38,0.39837162,1
65785.366521,1677.4,1.04600149,1
65785.366359,1677.4,0.43920016,1
65785.365501,1677.4,0.00520016,1
65785.365501,1677.4,0.001,1
65785.365298,1677.43,0.70919823,1
65785.364984,1677.43,0.48320016,1
65785.364948,1677.46,1,1
65785.364948,1677.48,1,1
65785.361371,1677.53,0.89417178,1
65785.361371,1677.53,0.32592848,1
65785.46622,1677.2,0.5203591,1
65785.46622,1677.2,0.001,1
65785.529768,1677.1,0.001,1
65785.490666,1677.17,1.275,1
65786.486835,1677.1,0.80384009,1
65787.811556,1676.9,0.001,1
65787.777743,1677,0.001,1
65789.108139,1676.71,0.36724199,1
65789.108139,1676.8,0.001,1
65789.233519,1676.62,0.36724199,1
65789.233519,1676.63,0.14121137,1
65789.233519,1676.7,0.001,1
65789.555906,1676.5,0.001,1
65789.546305,1676.6,0.001,1
65789.700158,1676.4,0.001,1
65791.764946,1676.32,0.00565364,-1
65793.581047,1676.3,0.001,1
65793.697943,1676.14,0.17653055,1
65793.694015,1676.2,0.001,1
65793.757913,1676.1,0.001,1
65794.096891,1676,0.001,1
65795.039394,1675.91,0.03767896,-1
65795.22721,1675.9,0.000764,1
65795.22721,1675.9,0.001,1
65795.296771,1675.83,0.33707506,1
65795.530181,1675.75,0.031188,1
65795.460542,1675.8,0.001,1
65796.073184,1675.7,0.118,1
65796.073184,1675.7,0.001,1
65797.588321,1675.71,0.05952385,-1
65797.588321,1675.71,0.10147298,-1
65797.736564,1675.76,0.016186,-1
65798.115244,1675.6,0.001,1
65798.010442,1675.61,0.03589072,-1
65798.164121,1675.51,0.02953884,-1
65798.139496,1675.5,0.10163911,1
65798.139496,1675.5,0.19999989,1
65798.139496,1675.5,0.001,1
65798.715114,1675.46,0.05303556,1
65798.715114,1675.5,0.00000077,1
65799.111682,1675.28,0.39328893,1
65799.111682,1675.3,0.001,1
65799.111577,1675.4,0.001,1
65799.440753,1675.2,0.001,1
65801.018357,1675.18,0.00144154,-1
65803.399494,1675.25,0.11926805,-1
65805.179336,1675.21,0.56231514,-1
65805.179336,1675.2,0.05952385,-1
65805.179336,1675.11,0.10607562,-1
65808.053492,1675.12,0.09302216,-1
65810.020497,1675.31,0.29840447,-1
65809.960016,1675.2,0.66639076,-1
65809.960016,1675.18,0.05952385,-1
65811.263221,1675.36,0.08700079,-1
65811.527375,1675.22,0.00531861,-1
65813.887044,1675.04,0.04661846,1
65813.887044,1675.04,0.46483454,1
65813.840678,1675.1,0.001134,1
65813.840678,1675.1,0.001,1
65814.274859,1675.05,0.00576183,-1
65815.571985,1675.03,0.11324789,-1
65817.095756,1675.15,0.03545951,-1
65817.767014,1675.14,0.89544754,1
65817.877058,1674.8,5.46046915,1
65817.877058,1674.8,0.001,1
65817.877058,1674.82,1,1
65817.877058,1674.83,0.05952385,1
65817.877058,1674.84,1.19392205,1
65817.877058,1674.9,0.001,1
65817.877058,1674.92,0.14924126,1
65817.877058,1674.97,0.44252094,1
65817.877058,1675,0.001,1
65817.877058,1675,0.00005308,1
65818.23742,1674.8,0.001,1
65818.341346,1674.56,0.49157657,1
65818.340789,1674.6,0.001,1
65818.339257,1674.7,0.001,1
65818.436441,1674.3,0.44269804,1
65818.436441,1674.3,0.001,1
65818.435411,1674.32,0.89687551,1
65818.434326,1674.32,0.10312449,1
65818.434326,1674.33,0.89587551,1
65818.434326,1674.4,0.001,1
65818.434326,1674.5,0.001,1
65819.562489,1674.33,0.05952385,-1
65819.994335,1674.42,0.23856883,-1
65820.065774,1674.42,0.00869966,-1
65824.394763,1674.37,0.0438521,-1
65824.394763,1674.37,0.07550777,-1
65824.995023,1674.28,0.05091285,1
65824.995023,1674.28,1.19453365,1
65824.991012,1674.41,0.89583793,1
65825.003615,1673.92,0.47243412,1
65825.003615,1673.93,0.89530592,1
65825.003615,1673.94,0.00089472,1
65825.003615,1673.99,0.19999958,1
65825.003615,1674,2.04867581,1
65825.003615,1674,3.21585407,1
65825.003615,1674,0.001,1
65825.003615,1674.07,1,1
65825.003615,1674.1,0.001,1
65825.003615,1674.11,0.20013485,1
65825.003615,1674.19,0.06331678,1
65825.003615,1674.2,0.001,1
65825.003615,1674.2,1.20876715,1
65825.003615,1674.21,0.20002437,1
65825.003615,1674.24,0.49159263,1
65825.446855,1674.13,0.04778227,-1
65825.714654,1674.5,0.001,-1
65825.714654,1674.49,0.08937052,-1
65825.948258,1674.54,0.55531472,1
65825.948258,1674.54,0.89576839,1
65827.82157,1674.2,0.001,1
65828.286207,1674.2,0.402914,1
65828.286207,1674.2,0.101,1
65828.272373,1674.17,0.00345283,1
65828.272373,1674.2,0.00000074,1
65828.172401,1674.2,0.10099926,1
65828.172401,1674.2,0.00089174,1
65828.093883,1674.12,0.15864228,1
65828.093883,1674.12,0.13882868,1
65828.093883,1674.12,0.40291461,1
65828.093883,1674.13,0.40191461,1
65828.093883,1674.2,0.00000013,1
65828.078739,1674.2,0.089052,1
65828.064881,1674.2,0.01194787,1
65828.874377,1674,0.07039711,1
65828.874377,1674,0.001,1
65828.874377,1674.1,0.001,1
65829.959854,1674.3,0.001,-1
65829.956991,1674.26,0.89592191,-1
65829.956991,1674.24,1.21725141,-1
65829.956991,1674.22,1.575,-1
65829.956968,1674.16,2.62171954,-1
65829.956968,1674.16,1.19455436,-1
65829.956968,1674.09,0.61009848,-1
65829.956968,1674.09,0.6266279,-1
65829.956968,1674.05,0.05964115,-1
65829.956968,1674.05,0.39491461,-1
65829.956968,1674.05,0.39175696,-1
65829.979071,1675.02,1.575,-1
65829.976401,1675,0.001,-1
65829.976401,1675,0.05,-1
65829.976401,1674.98,4.29049001,-1
65829.976401,1674.93,1.12950137,-1
65829.976401,1674.9,0.00113122,-1
65829.976401,1674.9,0.001,-1
65829.976401,1674.89,0.192,-1
65829.976401,1674.87,4.29049001,-1
65829.976401,1674.83,0.89333306,-1
65829.976401,1674.83,4.92141105,-1
65829.974052,1674.83,0.40325293,-1
65829.973952,1674.83,3.896,-1
65829.973561,1674.83,4.46428055,-1
65829.973098,1674.83,0.47136048,-1
65829.973098,1674.8,0.001,-1
65829.973098,1674.8,0.05,-1
65829.973098,1674.78,0.88202629,-1
65829.972328,1674.71,0.37967077,-1
65829.970359,1674.71,0.71359871,-1
65829.968915,1674.7,0.001,-1
65829.968915,1674.68,0.89530592,-1
65829.968915,1674.68,0.1,-1
65829.968915,1674.68,0.2,-1
65829.968915,1674.68,0.2,-1
65829.968915,1674.68,0.8,-1
65829.968915,1674.68,0.4,-1
65829.968915,1674.67,0.096,-1
65829.968915,1674.61,0.1553216,-1
65829.968915,1674.6,0.05,-1
65829.968915,1674.6,0.001,-1
65829.968915,1674.59,0.89530592,-1
65829.968915,1674.59,1.19070678,-1
65829.96725,1674.59,2.13961019,-1
65829.966512,1674.59,0.70754303,-1
65829.966512,1674.59,0.0596527,-1
65829.964428,1674.56,0.048,-1
65829.964428,1674.54,4.12089575,-1
65829.964428,1674.53,0.16631736,-1
65829.963474,1674.53,2.16014131,-1
65829.963474,1674.5,0.001,-1
65829.962169,1674.46,1.172,-1
65829.962169,1674.4,0.05,-1
65829.962169,1674.4,0.001,-1
65829.962169,1674.39,0.14930811,-1
65830.004765,1675.2,0.001,-1
65830.004765,1675.2,0.05,-1
65829.990471,1675.19,0.65491461,-1
65829.989113,1675.19,0.34691461,-1
65829.987499,1675.15,1.13833249,-1
65829.987499,1675.1,0.001,-1
65829.98294,1674.55,0.66994779,-1
65829.982801,1674.55,0.22582,-1
65829.982201,1675.05,2.33248652,-1
65830.233826,1675.9,0.001,-1
65830.219205,1675.68,2.04485623,-1
65830.218817,1675.68,0.5989,-1
65830.215563,1675.68,1.05362485,-1
65830.214726,1675.68,0.33030999,-1
65830.170684,1675.68,0.0892,-1
65830.163998,1675.83,0.1818,-1
65830.154454,1675.83,0.3127,-1
65830.154454,1675.8,0.05,-1
65830.154454,1675.8,0.001,-1
65830.121852,1675.74,0.89530592,-1
65830.121852,1675.7,0.001,-1
65830.121852,1675.68,1.9690585,-1
65830.117353,1675.68,2.32143151,-1
65830.117353,1675.68,0.89333306,-1
65830.117353,1675.67,0.89604128,-1
65830.018278,1675.6,0.001,-1
65830.018278,1675.59,0.89530592,-1
65830.018278,1675.5,0.001,-1
65830.018278,1675.4,0.001,-1
65830.018278,1675.39,0.384,-1
65830.018278,1675.3,0.001,-1
65830.36265,1676,0.00012222,-1
65830.510032,1675.82,0.072,-1
65830.578507,1675.6,0.000005,1
65830.570983,1675.66,0.00119592,-1
65830.569525,1675.66,0.018,-1
65830.826927,1675.72,0.41371947,1
65830.993923,1676.01,0.73791461,-1
65830.983577,1676.01,0.73791461,-1
65830.972101,1676,0.00087778,-1
65830.972101,1675.99,0.20685974,-1
65830.972101,1675.99,0.09314025,-1
65830.972101,1675.99,0.04657014,-1
65830.972101,1675.99,0.04657013,-1
65830.972101,1675.8,0.11561016,-1
65830.886613,1675.72,0.413719,1
65831.088213,1676.29,0.68291461,-1
65831.088213,1676.2,0.05,-1
65831.088213,1676.2,0.001,-1
65831.043011,1676.12,0.73491461,-1
65831.043011,1676.1,0.001,-1
65831.032301,1676.09,0.63774383,-1
65831.032301,1676.01,0.09917078,-1
65831.321954,1676.22,0.73091461,-1
65831.299215,1676.14,0.00576468,-1
65831.239079,1676.11,0.440914,1
65831.41408,1676.2,0.72991461,-1
65831.527956,1676.14,0.89491239,1
65831.527956,1676.14,0.43791461,1
65831.698093,1676.14,0.43691386,1
65831.698093,1676.14,0.00000014,1
65831.666534,1676.14,0.43591447,1
65831.666534,1676.14,0.00000053,1
65831.639013,1676.14,0.43691408,1
65831.639013,1676.14,0.00000092,1
65831.803115,1676.14,0.43691403,1
65831.803115,1676.14,1,1
65831.803115,1676.14,0.00000097,1
65831.772223,1676.14,0.43691364,1
65831.772223,1676.14,0.00000036,1
65831.739227,1676.14,0.43691425,1
65831.739227,1676.14,0.00000075,1
65831.836225,1676.14,0.43791442,1
65831.836225,1676.14,0.00000058,1
65832.32616,1676.14,0.43791454,1
65832.32616,1676.14,0.00000046,1
65832.296711,1676.14,0.43791415,1
65832.296711,1676.14,0.00000085,1
65832.242773,1676.14,0.43791376,1
65832.242773,1676.14,0.00000024,1
65832.213982,1676.14,0.43791437,1
65832.213982,1676.14,0.00000063,1
65832.181978,1676.14,0.43791398,1
65832.181978,1676.14,0.00000002,1
65832.143749,1676.14,0.43691459,1
65832.143749,1676.14,1,1
65832.143749,1676.14,0.00000041,1
65832.111519,1676.14,0.4369142,1
65832.111519,1676.14,0.0000008,1
65832.078955,1676.14,0.43791381,1
65832.078955,1676.14,0.00000019,1
65832.418754,1676.15,0.00295609,-1
65832.530103,1676.4,0.001,-1
65832.530103,1676.39,0.19657013,-1
65832.512777,1676.29,0.1160741,-1
65832.477984,1676.15,0.10354987,-1
65832.668278,1676.42,0.00887028,-1
65832.990648,1676.74,0.72791461,-1
65832.981056,1676.65,0.72691461,-1
65832.981056,1676.6,0.001,-1
65832.969837,1676.56,0.05964115,-1
65832.969837,1676.5,0.001,-1
65832.959869,1676.42,0.00443514,-1
65832.959869,1676.42,0.07371379,-1
65832.959869,1676.42,0.01570099,-1
65833.149191,1676.53,0.02346248,-1
65833.149191,1676.53,0.02346248,-1
65833.323366,1676.53,0.0057643,-1
65833.648931,1676.53,0.02346248,-1
65834.026536,1676.61,0.14949132,-1
65834.761045,1676.6,0.00566934,1
65835.026387,1676.72,0.71227346,-1
65835.026387,1676.67,0.05964115,-1
65835.474743,1676.8,0.09153666,-1
65835.461948,1676.8,0.82691461,-1
65835.461948,1676.8,0.001,-1
65836.286219,1676.9,0.001,-1
65836.594342,1676.93,0.08211205,-1
65836.861836,1676.96,0.0209648,-1
65837.070612,1677.1,0.001,-1
65837.070612,1677.04,0.00979304,-1
65837.070612,1677.04,0.29295871,-1
65837.013027,1677,0.001,-1
65837.001759,1676.99,0.84491461,-1
65837.694331,1677.19,0.08539872,-1
65837.694331,1677.19,0.07324777,-1
65837.757592,1677.2,0.001,-1
65838.424842,1677.3,0.001,-1
65838.800728,1676.88,0.15235088,1
65838.800728,1676.9,0.001,1
65838.796247,1677,0.53434962,1
65838.789338,1677,0.00157928,1
65838.789338,1677,0.001,1
65838.789338,1677.02,0.05962958,1
65838.789338,1677.02,0.50591461,1
65838.789338,1677.04,0.50591461,1
65838.784949,1677.04,0.00000001,1
65838.784334,1677.04,0.07353359,1
65838.78423,1677.04,0.07353359,1
65838.776916,1677.12,1,1
65838.776746,1677.14,0.06358551,1
65838.772661,1677.14,0.07844195,1
65838.772251,1677.14,0.06004042,1
65838.768622,1677.02,0.03808772,1
65838.768622,1677.05,0.55229314,1
65838.768622,1677.08,0.07617544,1
65838.768622,1677.1,0.001,1
65838.768543,1677.14,0.05964115,1
65838.76662,1677.2,0.90744828,1
65838.76662,1677.2,0.111,1
65838.76662,1677.27,0.89430743,1
65838.76662,1677.28,0.50791461,1
65838.76662,1677.29,0.90744828,1
65838.76662,1677.29,0.15814123,1
65838.766589,1677.29,0.34977338,1
65838.766589,1677.3,0.84191461,1
65838.766589,1677.31,0.50591461,1
65838.766589,1677.32,0.50591461,1
65838.766589,1677.33,0.50591461,1
65838.766589,1677.34,0.50591461,1
65838.766589,1677.35,0.03322981,1
65838.766589,1677.35,0.29866437,1
65838.766589,1677.35,0.50591461,1
65838.766589,1677.36,1,1
65838.766589,1677.36,0.50591461,1
65838.766589,1677.37,0.50591461,1
65838.766589,1677.37,0.58826875,1
65838.913839,1676.83,0.09484981,-1
65838.913839,1676.83,0.1422747,-1
65838.913839,1676.83,0.1422747,-1
65838.823266,1676.81,0.05813803,1
65838.823266,1676.82,0.50591461,1
65838.811114,1676.9,0.50591461,1
65840.5466,1677.02,0.4643825,-1
65840.546221,1677.02,0.72794696,-1
65840.546221,1677.01,0.05964115,-1
65840.546221,1676.91,0.0663265,-1
65841.221058,1677.15,0.00210476,-1
65842.917787,1677.03,1.74989,1
65842.915671,1677.03,0.16005433,1
65842.915671,1677.1,0.111,1
65842.915671,1677.13,0.50891461,1
65842.915671,1677.13,0.00085829,1
65842.915671,1677.13,0.89438505,1
65844.846113,1677.2,0.001,-1
65846.327228,1677.2,0.06817338,-1
65847.035575,1677.28,0.28276439,-1
65848.826809,1677.27,0.2345,1
65848.826519,1677.27,0.6598,1
65848.87411,1677.12,0.00074578,1
65848.87411,1677.12,0.05964115,1
65848.865202,1677.15,0.87674852,1
65852.204518,1676.9,0.89450677,1
65852.204518,1676.9,0.001,1
65852.199362,1676.96,0.17578173,1
65852.199362,1677,0.001,1
65852.343107,1676.81,0.00000031,1
65852.238487,1676.81,0.89455542,1
65852.238487,1676.81,0.03542158,1
65852.45142,1676.81,0.01130956,-1
65852.607755,1676.8,0.001,1
65853.127322,1676.6,0.001,1
65853.127322,1676.7,0.001,1
65853.019968,1676.71,0.01448685,-1
65854.099838,1676.61,0.11805038,-1
65854.296302,1676.58,0.00000596,1
65854.285882,1676.6,0.00089466,1
65854.802352,1676.59,0.00282726,-1
65855.641874,1676.59,0.03418638,-1
65856.515221,1676.46,2.37175854,1
65856.515221,1676.5,0.111,1
65856.515221,1676.5,0.001,1
65856.515221,1676.54,0.14905173,1
65856.515221,1676.58,0.53291461,1
65856.515221,1676.59,0.53291461,1
65856.515221,1676.6,0.6134574,1
65856.515221,1676.6,0.53291461,1
65856.515221,1676.6,0.111,1
65856.515221,1676.61,0.53291461,1
65856.515221,1676.62,0.53291461,1
65856.515221,1676.63,0.53291461,1
65856.515221,1676.64,0.00082618,1
65856.515221,1676.64,0.53291461,1
65856.846492,1676.56,0.00113328,-1
65858.475263,1676.6,0.00869193,-1
65858.878045,1676.6,0.05903364,-1
65858.955257,1676.6,0.02656292,-1
65859.840606,1676.6,0.08501035,-1
65860.346713,1676.55,0.41644671,1
65860.346713,1676.56,0.05964115,1
65860.346713,1676.62,0.14905173,1
65860.346623,1676.7,1,1
65860.346623,1676.72,0.51049931,1
65860.345342,1676.72,0.48950069,1
65861.263922,1676.74,0.03934959,-1
65861.24681,1676.74,0.11432104,-1
65861.24681,1676.73,0.07988603,-1
65861.24681,1676.72,0.3805635,-1
65861.243957,1676.72,0.81227346,-1
65861.243957,1676.65,0.05964115,-1
65861.369399,1676.9,0.001,-1
65861.358414,1676.84,0.1601673,-1
65861.358414,1676.8,0.001,-1
65861.896565,1676.98,0.894463,1
65861.882506,1676.98,0.1055367,1
65861.882506,1676.98,0.8944633,1
65861.956873,1676.98,0.5209137,1
65861.956873,1676.98,0.0000003,1
65862.43301,1676.99,0.00147628,-1
65862.531531,1676.99,0.00059043,-1
65863.114165,1676.99,0.01948691,-1
65863.734927,1676.98,0.06024456,1
65863.991717,1676.98,0.00385961,1
65864.65736,1676.98,1,1
65865.425906,1677,0.001,-1
65865.413156,1676.99,0.06948757,-1
65865.446948,1677.1,0.001,-1
65865.939425,1677.2,0.00465681,-1
65865.939425,1677.2,0.001,-1
65866.050908,1677.26,0.05964115,-1
65866.038033,1677.2,0.06089652,-1
65866.487957,1677.24,1,1
65867.621861,1677.2,0.013,1
65867.91467,1677.11,1.19245451,1
65867.910814,1677.18,0.51475068,1
65867.910814,1677.2,0.987,1
65868.025912,1676.98,0.48525,1
65868.025912,1676.98,0.54240923,1
65868.025912,1677,0.001,1
65868.307127,1676.9,0.00099902,1
65868.307127,1676.9,0.03448598,1
65868.291891,1676.94,1.575,1
65868.395869,1676.77,1.575,1
65868.395869,1676.8,0.001,1
65868.340639,1676.88,1,1
65868.340639,1676.9,0.00000098,1
65868.33789,1676.9,0.99999902,1
65868.33789,1676.9,0.00000098,1
65869.907757,1676.97,3.38626642,-1
65869.907757,1676.89,0.75582727,-1
65869.906252,1676.89,0.31615027,-1
65869.905477,1676.89,0.11102246,-1
65869.905477,1676.86,0.706251,-1
65869.905477,1676.85,0.05964115,-1
65870.002205,1677.2,0.001,-1
65869.980696,1677.1,0.001,-1
65869.931286,1677,0.001,-1
65870.052729,1677.23,0.01374524,1
65870.218109,1677.22,1,1
65872.68928,1677.2,0.52654223,1
65872.68928,1677.21,0.0008946,1
65872.68928,1677.21,0.89434239,1
65872.761807,1677.2,0.00000077,1
65872.757949,1677.2,0.473457,1
65873.959108,1677.16,0.14034885,-1
65873.959108,1677.16,0.05964115,-1
65874.617513,1677.26,0.0032967,1
65874.858828,1677.27,0.02827256,-1
65875.879765,1677.24,1,1
65875.87949,1677.26,0.85724013,1
65875.876606,1677.26,0.14275987,1
65875.876606,1677.26,0.89101902,1
65876.492199,1677.17,0.00132809,-1
65878.724014,1677.28,0.71637128,-1
65878.724014,1677.25,0.08390218,-1
65878.724014,1677.25,0.05964115,-1
65878.744679,1677.31,0.27745528,-1
65878.740642,1677.3,0.001,-1
65878.740642,1677.28,9.60352595,-1
65878.735139,1677.28,0.39647405,-1
65878.735139,1677.28,18.41771411,-1
65878.734575,1677.28,0.86591461,-1
65879.312969,1677.36,0.49605,1
65879.312969,1677.36,0.48910084,1
65879.307033,1677.36,0.49605511,1
65879.303454,1677.36,0.01484405,1
65879.303454,1677.38,0.47941823,1
65879.282193,1677.38,0.52058177,1
65879.282193,1677.38,0.89425174,1
65879.497526,1677.2,0.02193134,-1
65879.712401,1677.21,0.05964115,-1
65880.462854,1677.21,0.00590262,-1
65880.609006,1677.21,0.31286519,-1
65883.033257,1677.26,0.00885367,-1
65883.937209,1677.26,0.584387,1
65883.899833,1677.26,0.41561229,1
65883.899833,1677.28,0.00076594,1
65883.899833,1677.28,0.08224619,1
65883.896181,1677.28,0.91775381,1
65884.010161,1677.15,0.417,1
65884.004221,1677.16,4.70232846,1
65884.004221,1677.16,1.19257151,1
65884.003902,1677.2,0.39864682,1
65884.003768,1677.26,0.58438,1
65884.003768,1677.26,0.00000071,1
65884.231798,1677,0.001,1
65884.231798,1677.1,0.001,1
65886.40818,1677.09,0.83691461,-1
65886.393325,1677.07,0.07544076,-1
65886.3793,1677.06,0.77727346,-1
65886.3793,1677.05,0.05964115,-1
65886.485707,1677.23,0.01307478,-1
65886.485707,1677.2,0.001,-1
65887.370494,1677.4,0.001,-1
65887.354933,1677.3,0.06566965,-1
65887.354933,1677.3,0.001,-1
65888.502646,1677.38,0.00625647,1
65889.757197,1677.45,0.00590266,-1
65890.043575,1677.39,0.05964115,-1
65890.22091,1677.58,0.05,-1
65890.22091,1677.5,0.001,-1
65890.323838,1677.52,0.01158789,-1
65891.386885,1677.52,0.11589312,-1
65891.696533,1677.52,0.00000595,-1
65891.682764,1677.52,0.00011917,-1
65891.672076,1677.52,0.29496046,-1
65891.825121,1677.52,0.00565546,-1
65892.658287,1677.46,0.01448746,-1
65893.070358,1677.52,0.05397722,-1
65893.173965,1677.66,0.07137533,-1
65893.173965,1677.65,0.69753928,-1
65893.169852,1677.65,0.01348772,-1
65893.169852,1677.6,0.001,-1
65893.374747,1677.7,0.05802006,-1
65893.374747,1677.7,0.001,-1
65894.85183,1677.85,0.0005902,-1
65894.809108,1677.9,0.00375413,-1
65894.809108,1677.9,0.001,-1
65894.809108,1677.8,0.001,-1
65895.482776,1677.61,0.0419,1
65895.772842,1677.62,0.00095957,-1
65897.321306,1677.73,0.04192334,-1
65897.321306,1677.62,0.04497499,-1
65897.878775,1677.72,0.08941771,-1
65900.100429,1677.9,0.03797537,-1
65900.100429,1677.9,0.001,-1
65900.239162,1677.99,0.580869,1
65900.39653,1677.92,0.12149338,-1
65900.39653,1677.92,0.12850662,-1
65901.157468,1677.74,0.00559278,-1
65901.489418,1677.77,0.03317305,-1
65901.715865,1677.99,0.417914,1
65901.783964,1677.99,0.41791368,1
65901.783964,1677.99,0.00110132,1
65902.08589,1678.08,0.0281239,-1
65902.08589,1678,0.163,-1
65902.08589,1678,0.02755121,-1
65902.08589,1678,0.001,-1
65902.796588,1677.91,0.05145693,1
65902.796588,1677.93,0.53854307,1
65904.348583,1677.81,0.05889224,-1
65910.800626,1678.06,0.09572435,1
65912.057078,1678,0.42959103,1
65912.164017,1677.89,0.00294991,-1
65912.362261,1677.8,0.00000596,1
65912.698065,1677.79,0.034141,1
65912.675515,1677.8,0.00099404,1
65914.61601,1677.79,0.00000075,1
65914.598132,1677.79,0.38891386,1
65914.598132,1677.79,0.00076602,1
65914.598132,1677.79,0.00000012,1
65914.677976,1677.78,0.20195351,1
65914.677976,1677.78,0.38891461,1
65914.677976,1677.78,0.06731788,1
65917.712702,1677.81,0.02049924,-1
65918.810276,1678,0.01312963,-1
65918.810276,1678,0.001,-1
65918.876039,1678.1,0.01619865,-1
65918.876039,1678.1,0.001,-1
65918.876039,1678,0.01020735,-1
65919.637367,1677.81,0.133686,1
65919.60846,1677.82,0.0018995,1
65919.676517,1677.81,0.066843,1
65920.722301,1677.71,0.54992958,1
65920.722301,1677.71,0.05952218,1
65920.722301,1677.78,0.15321308,1
65920.722301,1677.8,0.147,1
65920.722301,1677.81,1.19202234,1
65920.722301,1677.83,0.25119748,1
65920.722301,1677.83,0.8940119,1
65920.928457,1677.84,0.28960601,-1
65920.978761,1677.91,0.178224,1
65921.109694,1677.9,0.147,1
65921.210165,1677.9,0.147,1
65921.147147,1677.9,0.147,1
65921.327454,1677.85,0.894001,1
65921.268944,1677.86,0.089112,1
65921.91946,1677.85,0.89400075,1
65921.91946,1677.85,0.00000025,1
65922.437558,1677.85,0.0000005,1
65922.611657,1677.71,0.00295022,-1
65922.736069,1677.71,0.00621922,-1
65923.163836,1677.6,0.04552936,1
65923.163836,1677.6,0.001,1
65923.163836,1677.61,0.06828225,1
65923.163836,1677.7,0.001,1
65923.163836,1677.71,0.0445566,1
65923.683051,1677.74,0.00885056,-1
65923.795143,1677.7,0.013947,1
65927.394924,1677.76,0.57329641,-1
65927.975384,1677.88,0.28265147,-1
65928.334347,1677.87,0.17258515,1
65928.909644,1677.91,0.0315565,-1
65928.909644,1677.91,0.45800639,-1
65928.909644,1677.9,0.001,-1
65928.871209,1677.88,0.31250102,1
65929.997189,1678.3,0.001,-1
65929.993512,1678.2,0.05,-1
65929.993512,1678.2,0.001,-1
65929.993512,1678.19,1,-1
65929.993512,1678.1,0.001,-1
65929.993512,1678,0.001,-1
65930.085579,1678.29,0.00549099,-1
65930.085579,1678.2,0.001,-1
65931.208645,1678.4,0.001,-1
65931.208355,1678.34,1,-1
65931.326183,1678.6,0.01765865,-1
65931.326183,1678.5,0.001,-1
65931.440624,1678.94,0.4117057,-1
65931.440624,1678.92,0.89343509,-1
65931.440624,1678.9,0.001,-1
65931.440624,1678.88,0.048,-1
65931.440624,1678.86,0.89530592,-1
65931.440624,1678.86,0.89333306,-1
65931.440624,1678.84,1.575,-1
65931.440624,1678.81,1.19139213,-1
65931.440624,1678.8,0.133,-1
65931.440624,1678.8,0.001,-1
65931.440624,1678.79,0.89530592,-1
65931.440624,1678.7,0.05952218,-1
65931.440624,1678.7,0.001,-1
65931.440624,1678.69,1,-1
65931.440624,1678.6,0.001,-1
65931.684014,1678.73,1.191385,1
65932.125445,1678.85,0.0023133,-1
65932.11227,1678.94,0.42969445,1
65932.089805,1678.99,0.0012388,-1
65932.012618,1678.71,0.11588923,-1
65932.170017,1678.81,0.216003,1
65932.615136,1678.88,0.89345277,1
65932.822864,1678.85,0.89346874,1
65932.793074,1678.85,1.08326969,1
65932.793074,1678.86,0.10800238,1
65933.205316,1678.86,0.89346342,1
65934.724405,1679,1.186,-1
65934.724405,1679,0.001,-1
65934.723241,1678.99,0.03186885,-1
65934.723241,1678.99,0.41012825,-1
65934.723241,1678.9,0.001,-1
65934.821863,1679.08,0.1364997,-1
65934.821863,1679.08,0.2729994,-1
65934.806625,1679,1.575,1
65934.806625,1679,0.139,1
65934.806625,1679.07,0.89335137,1
65934.804474,1679.09,1.19127207,1
65934.804474,1679.09,0.36191461,1
65934.804474,1679.09,1.813,1
65934.922144,1679,0.139,1
65934.922144,1679.01,0.89530592,1
65934.919377,1679.09,1.575,1
65934.919377,1679.09,1.1910446,1
65934.919377,1679.09,0.00000061,1
65934.842943,1679.09,0.360914,1
65934.948639,1679.09,1.04151998,1
65934.948639,1679.09,1.00390445,1
65934.948639,1679.09,1.575,1
65934.948639,1679.09,0.0000006,1
65934.935682,1679.09,1.191044,1
65935.019886,1679.08,0.00119154,1
65935.592827,1679.2,0.001,-1
65935.585323,1679.1,0.001,-1
65937.109972,1679.29,0.85330692,1
65937.109972,1679.29,1.19093208,1
65937.080618,1679.29,0.00131728,1
65937.080618,1679.29,1.19093208,1
65937.080618,1679.29,0.89323464,1
65937.375011,1679.3,0.001,-1
65937.575823,1679.4,0.001,-1
65937.575823,1679.39,0.48118523,-1
65937.734174,1679.46,0.05652345,-1
65938.110756,1679.46,0.1434687,-1
65938.140485,1679.55,0.00000001,-1
65938.129681,1679.55,0.11904243,-1
65938.129681,1679.5,0.001,-1
65938.544445,1679.7,0.001,-1
65938.543452,1679.69,0.91012023,-1
65938.542381,1679.69,0.08987977,-1
65938.5402,1679.6,0.001,-1
65939.716605,1679.31,0.20522635,1
65939.716605,1679.33,0.06468769,1
65939.716605,1679.33,0.00808596,1
65939.713405,1679.35,0.01617192,1
65939.712814,1679.31,0.03359689,1
65939.712814,1679.31,0.2710737,1
65939.712541,1679.32,0.1553216,1
65939.712541,1679.35,0.88712894,1
65939.708374,1679.32,1.79258876,1
65939.708374,1679.33,0.89333306,1
65939.708116,1679.34,1,1
65939.708116,1679.34,0.05948462,1
65939.708116,1679.34,0.55126995,1
65939.708116,1679.35,1.28,1
65939.708116,1679.35,0.17768,1
65939.707663,1679.37,0.89530592,1
65939.707663,1679.4,0.001,1
65939.707504,1679.41,0.87914802,1
65939.707037,1679.48,0.27115766,1
65939.707037,1679.56,0.25875074,1
65939.765742,1679.23,0.39191461,1
65939.740708,1679.2,0.39191461,1
65939.730953,1679.18,0.13438756,1
65939.730953,1679.2,0.39291461,1
65939.730953,1679.2,0.001,1
65940.296662,1680.07,2.96614246,-1
65940.296662,1680.07,3.09474237,-1
65940.296662,1680,0.001,-1
65940.296662,1679.79,0.43811517,-1
65940.28998,1679.94,0.411705,-1
65940.28998,1679.9,0.001,-1
65940.28998,1679.88,0.05946629,-1
65940.28998,1679.87,0.746306,-1
65940.28998,1679.87,0.048,-1
65940.28998,1679.84,0.33266043,-1
65940.28998,1679.84,0.04260888,-1
65940.284468,1679.84,0.3818217,-1
65940.284468,1679.82,2.32486597,-1
65940.284468,1679.76,0.03738399,-1
65940.284208,1679.76,0.85792193,-1
65940.284208,1679.49,0.96702043,-1
65940.283657,1679.49,0.22374534,-1
65940.28024,1679.8,0.79970107,-1
65940.280134,1679.8,0.46307336,-1
65940.279501,1679.8,0.31222557,-1
65940.277816,1679.8,0.2261753,-1
65940.277816,1679.53,0.61616342,-1
65940.27737,1679.8,4.44677536,-1
65940.27737,1679.8,0.05,-1
65940.27737,1679.8,0.001,-1
65940.27737,1679.78,6.12049565,-1
65940.27737,1679.68,0.89530592,-1
65940.27737,1679.53,0.85496342,-1
65940.274213,1679.78,11.1915772,-1
65940.274213,1679.77,0.89530592,-1
65940.274213,1679.7,8.47408529,-1
65940.274213,1679.46,0.12877435,-1
65940.273671,1679.7,1.52591471,-1
65940.273671,1679.69,5.89105632,-1
65940.273671,1679.69,0.61748063,-1
65940.273671,1679.68,4.10794343,-1
65940.273671,1679.67,0.02907094,-1
65940.273671,1679.66,3.11209772,-1
65940.273671,1679.65,0.05948462,-1
65940.273671,1679.58,0.6,-1
65940.273671,1679.55,0.89309953,-1
65940.273671,1679.53,1.52485865,-1
65940.273671,1679.5,0.001,-1
65940.273671,1679.49,1.19076577,-1
65940.273671,1679.47,1.188,-1
65940.273671,1679.46,1.50370316,-1
65940.273671,1679.45,0.2575487,-1
65940.273671,1679.42,0.70739884,-1
65940.273671,1679.42,1.72734935,-1
65940.273671,1679.39,0.51509741,-1
65940.265834,1679.43,1.18492268,-1
65940.265802,1679.43,1.70845982,-1
65940.265802,1679.42,2.26184699,-1
65940.265802,1679.4,0.139,-1
65940.265362,1679.28,1,-1
65940.265362,1679.26,1,-1
65940.265362,1679.25,0.0290782,-1
65940.321735,1680.24,0.096,-1
65940.319223,1680.2,0.00113122,-1
65940.319223,1680.2,0.001,-1
65940.319223,1680.2,0.05,-1
65940.319223,1680.1,0.001,-1
65940.319223,1680.09,0.02906367,-1
65940.433281,1679.91,1.5359948,1
65940.393305,1679.95,0.029063,-1
65940.497812,1679.77,8.43572567,1
65940.497812,1679.87,0.25581019,1
65940.452961,1679.87,0.04507661,1
65940.452961,1679.9,0.26780641,1
65940.748029,1679.79,0.591856,1
65940.7191,1679.79,0.22802304,1
65940.7191,1679.79,0.17368596,1
65940.649285,1679.79,0.401709,1
65940.847161,1679.79,1.17457495,1
65940.847161,1679.79,0.89333306,1
65940.819619,1679.79,0.32291461,1
65940.819619,1679.79,0.39910396,1
65940.819619,1679.79,1.04135112,1
65940.819619,1679.79,1.0960728,1
65940.819619,1679.79,0.59185696,1
65940.819619,1679.79,0.15388077,1
65941.463747,1679.82,1,-1
65941.463655,1679.8,1,-1
65941.887266,1679.82,0.892952,1
65942.217365,1679.86,0.00182922,-1
65942.217365,1679.84,0.34308539,-1
65942.217273,1679.84,0.65691461,-1
65942.249331,1679.86,0.65425617,-1
65942.249276,1679.86,0.34391461,-1
65942.501244,1680.2,0.01346638,-1
65942.501244,1680.1,0.001,-1
65942.471724,1680,0.001,-1
65944.144565,1679.87,0.016665,-1
65944.840577,1679.84,0.34108539,-1
65944.840269,1679.84,0.65891461,-1
65945.498441,1679.86,0.34108539,-1
65945.498438,1679.86,0.65891461,-1
65946.10328,1680.82,0.89973045,-1
65946.10328,1680.8,1.12678849,-1
65946.10328,1680.8,0.001,-1
65946.10328,1680.8,0.05,-1
65946.10328,1680.7,0.00113122,-1
65946.10328,1680.7,0.001,-1
65946.10328,1680.69,1,-1
65946.10328,1680.64,0.05944543,-1
65946.097866,1680.64,2.17059671,-1
65946.097866,1680.64,0.85541613,-1
65946.096943,1680.64,2.17482756,-1
65946.096804,1680.64,2.01415915,-1
65946.096804,1680.64,0.02761131,-1
65946.096804,1680.63,0.096,-1
65946.096804,1680.62,0.13173918,-1
65946.0968,1680.62,0.20236286,-1
65946.096772,1680.62,0.75650321,-1
65946.096441,1680.6,0.05,-1
65946.096441,1680.6,0.001,-1
65946.096441,1680.59,0.89333306,-1
65946.096441,1680.59,4.29049001,-1
65946.096441,1680.57,4.95102372,-1
65946.096441,1680.57,8.94964122,-1
65946.096314,1680.57,0.2193441,-1
65946.096314,1680.54,0.1553216,-1
65946.096314,1680.53,0.29968157,-1
65946.096314,1680.52,0.02130225,-1
65946.096314,1680.52,0.27041535,-1
65946.096314,1680.52,0.34622594,-1
65946.096314,1680.51,2.32152611,-1
65946.096314,1680.49,0.5,-1
65946.094892,1680.5,9.79541105,-1
65946.094892,1680.5,0.001,-1
65946.094892,1680.49,1.575,-1
65946.094892,1680.48,6.19583542,-1
65946.094892,1680.48,1.83907436,-1
65946.094785,1680.48,2.45141565,-1
65946.094785,1680.48,1.21250889,-1
65946.094785,1680.47,2.56142254,-1
65946.094785,1680.4,9.21373083,-1
65946.094585,1680.4,0.78626917,-1
65946.094585,1680.4,0.001,-1
65946.094585,1680.4,0.05,-1
65946.094585,1680.35,0.61095341,-1
65946.094468,1680.35,1.98740757,-1
65946.094468,1680.35,3.0164401,-1
65946.093922,1680.31,1.177,-1
65946.093922,1680.3,0.001,-1
65946.092543,1680.29,0.0495726,-1
65946.092543,1680.29,0.59171392,-1
65946.092543,1680.29,4.10658322,-1
65946.092543,1680.29,0.57589388,-1
65946.092543,1680.26,0.52971392,-1
65946.092543,1680.26,0.29789388,-1
65946.092543,1680.26,0.06271392,-1
65946.092543,1680.2,0.132,-1
65946.092543,1680.19,1.575,-1
65946.092543,1680.16,0.4,-1
65946.092543,1680.15,0.0247863,-1
65946.092543,1680.1,0.132,-1
65946.092543,1680.08,1.19496,-1
65946.084488,1680.26,4.10659038,-1
65946.084488,1680.2,0.139,-1
65946.084488,1680.2,0.001,-1
65946.084488,1680.16,3.17950017,-1
65946.084488,1680.1,0.89280708,-1
65946.084488,1680.1,0.02130758,-1
65946.084488,1680.1,0.27048295,-1
65946.084488,1680.1,0.34631249,-1
65946.084488,1680.1,0.132,-1
65946.084488,1680.1,0.001,-1
65946.084488,1680.09,0.91343098,-1
65946.08435,1680.09,1.01763783,-1
65946.08435,1680.08,0.05948462,-1
65946.08435,1680.02,1.19042777,-1
65946.08435,1680.01,0.71068538,-1
65946.08435,1679.92,1.575,-1
65946.08435,1679.9,1,-1
65946.08435,1679.9,0.132,-1
65946.08435,1679.89,1.616079,-1
65946.08435,1679.88,0.09914519,-1
65946.08435,1679.88,1.813,-1
65946.08435,1679.88,0.09914519,-1
65946.08435,1679.88,1.19496,-1
65946.16047,1680.63,0.87074489,1
65946.160319,1680.64,0.00387286,1
65946.160319,1680.64,0.06493056,1
65946.160319,1680.64,0.15193643,1
65946.160319,1680.64,0.06957799,1
65946.143082,1680.57,0.13915599,1
65946.143082,1680.62,0.069578,1
65946.143082,1680.62,0.069578,1
65946.143082,1680.63,0.05437878,1
65946.142862,1680.9,0.64157184,-1
65946.142862,1680.64,1.265,-1
65946.141974,1680.63,1.14058122,1
65946.141974,1680.63,0.74409822,1
65946.141007,1680.64,0.548,-1
65946.140363,1680.63,0.83090178,1
65946.140363,1680.64,0.02323715,1
65946.140363,1680.64,0.02091344,1
65946.140363,1680.64,0.12986113,1
65946.140363,1680.64,0.25972226,1
65946.140363,1680.67,0.89333306,1
65946.140363,1680.69,0.89530592,1
65946.140114,1680.76,0.14542,-1
65946.139791,1680.88,0.19991205,-1
65946.139791,1680.85,0.58457216,-1
65946.139791,1680.85,0.07210612,-1
65946.139791,1680.84,0.00774572,-1
65946.124442,1680.85,0.45079516,-1
65946.124442,1680.85,0.048,-1
65946.124442,1680.84,0.02323715,-1
65946.124442,1680.84,0.01549144,-1
65946.124442,1680.79,0.03098287,-1
65946.124442,1680.76,1.19496,-1
65946.124442,1680.64,0.05944543,-1
65946.115375,1680.65,0.5,-1
65946.607063,1679.89,0.018,-1
65946.588796,1679.99,0.06959409,1
65946.55155,1680.02,0.5915951,1
65946.55155,1680.07,0.03479705,1
65946.543428,1680.08,1,1
65946.543428,1680.1,1,1
65946.543428,1680.1,0.001,1
65946.724367,1679.68,0.03444908,1
65946.724367,1679.7,0.132,1
65946.724367,1679.7,0.001,1
65946.72422,1679.75,0.89298971,1
65946.72422,1679.8,0.001,1
65946.72422,1679.82,0.39491461,1
65946.72422,1679.82,0.00000081,1
65946.742432,1679.6,0.81100201,1
65946.742089,1679.6,0.97643131,1
65946.740711,1679.6,0.97643131,1
65946.74034,1679.6,0.42803475,1
65946.74033,1679.6,0.65186262,1
65946.73589,1679.48,0.1553216,1
65946.73589,1679.5,0.001,1
65946.73589,1679.52,0.42803475,1
65946.734697,1679.52,1.14696525,1
65946.734697,1679.53,1.48851166,1
65946.734697,1679.53,0.00089247,1
65946.734049,1679.54,2.39945922,1
65946.734049,1679.6,0.001,1
65946.734049,1679.61,0.1553216,1
65946.7336,1679.71,0.07558093,1
65946.777793,1679.55,1.19066492,-1
65946.777793,1679.54,0.22562678,-1
65946.758135,1679.43,1.001,1
65946.749903,1679.46,0.06750627,1
65946.743124,1679.54,0.01889523,1
65949.321359,1679.85,1.48851166,-1
65949.321359,1679.84,1.19069198,-1
65949.321359,1679.84,0.7015683,-1
65949.321357,1679.84,1.78938827,-1
65949.321357,1679.82,0.89779,-1
65949.321357,1679.82,1.07057124,-1
65949.321357,1679.82,0.05948462,-1
65949.321357,1679.82,0.28677733,-1
65949.321357,1679.82,0.17206641,-1
65949.383054,1680.63,1.14360858,-1
65949.368778,1680.69,0.8024646,-1
65949.368778,1680.65,0.07445332,-1
65949.368778,1680.62,0.01596319,-1
65949.368778,1680.62,0.02128426,-1
65949.340103,1680.6,0.05,-1
65949.340103,1680.57,1.575,-1
65949.340103,1680.56,0.0594532,-1
65949.340103,1680.55,0.048,-1
65949.340103,1680.53,1.10567716,-1
65949.336495,1680.4,2.56142254,-1
65949.336495,1680.4,0.096,-1
65949.336495,1680.4,0.05,-1
65949.335918,1680.37,0.89530592,-1
65949.335918,1680.36,0.17768,-1
65949.335918,1680.33,3.31440433,-1
65949.335101,1680.33,0.22545395,-1
65949.335101,1680.21,0.89530592,-1
65949.334833,1680.33,3.69119615,-1
65949.334833,1680.31,1.575,-1
65949.334833,1680.3,0.001,-1
65949.333659,1680.3,2.48959836,-1
65949.333538,1680.3,4.61560661,-1
65949.333538,1680.29,4.02918006,-1
65949.333411,1680.29,0.26130995,-1
65949.333411,1680.28,0.27765694,-1
65949.333122,1680.28,0.54625739,-1
65949.332701,1680.28,0.06941873,-1
65949.332701,1680.28,0.89530592,-1
65949.332701,1680.27,0.1553216,-1
65949.332701,1680.26,2.32106009,-1
65949.332701,1680.2,0.001,-1
65949.332701,1680.2,0.05,-1
65949.332701,1680.18,0.00089307,-1
65949.332701,1680.15,1.179,-1
65949.332701,1680.1,1.65144946,-1
65949.332701,1679.95,0.1536,-1
65949.330992,1680.1,2.45560551,-1
65949.330992,1680.1,0.001,-1
65949.330992,1680.09,0.89281199,-1
65949.330992,1680.09,3.15637182,-1
65949.330992,1680.03,1.4627,-1
65949.330677,1679.95,0.50929704,-1
65949.330455,1680,1.575,-1
65949.330455,1680,0.001,-1
65949.330455,1679.96,0.07886377,-1
65949.330455,1679.95,0.03943189,-1
65949.465243,1680.62,0.00433417,1
65949.46311,1680.62,0.06936537,1
65949.46311,1680.62,0.05983041,1
65949.461265,1680.62,0.00086663,1
65949.461265,1680.62,0.00866833,1
65949.420138,1680.63,0.20811485,1
65949.418736,1680.57,0.7184757,1
65949.418014,1680.63,0.0402868,1
65949.418014,1680.63,0.02905983,1
65949.414799,1680.63,0.01122696,1
65949.414799,1680.63,0.04082049,1
65949.414799,1680.63,0.16168088,1
65949.414799,1680.63,0.16221455,1
65949.414799,1680.63,0.04028681,1
65951.059082,1680.32,1,1
65951.059082,1680.33,0.03292901,1
65951.059082,1680.34,0.00082673,1
65951.059082,1680.34,1,1
65952.23382,1680.25,0.00105217,-1
65952.366818,1680.29,0.06934353,-1
65952.366676,1680.29,0.36791461,-1
65952.522654,1680.71,0.01045072,-1
65952.522654,1680.7,0.001,-1
65952.522654,1680.6,0.001,-1
65952.522654,1680.5,0.001,-1
65952.476201,1680.38,0.43725814,-1
65952.476201,1680.36,0.05948462,-1
65952.476201,1680.36,0.01740544,-1
65952.476201,1680.36,0.01060851,-1
65952.476198,1680.36,0.1545707,-1
65952.476198,1680.36,0.21234391,-1
65953.538617,1680.48,0.45562476,1
65953.535621,1680.48,0.54437524,1
65953.535621,1680.5,1,1
65953.657915,1680.03,0.00314606,1
65953.656609,1680.03,0.01448737,1
65953.656609,1680.06,0.89282036,1
65953.656609,1680.1,0.001,1
65953.656609,1680.1,0.119,1
65953.656609,1680.2,0.001,1
65953.656609,1680.3,0.001,1
65954.666036,1680.26,0.00294674,-1
65955.115955,1680.22,0.23284872,1
65955.115955,1680.24,1,1
65955.115955,1680.25,0.00364008,1
65955.522002,1680.22,0.00058939,-1
65955.85016,1680.21,0.02313784,-1
65957.07581,1680.26,0.0057442,-1
65958.226439,1680.25,0.01128897,-1
65958.340421,1680.24,0.872524,1
65958.325147,1680.24,0.12747548,1
65958.510304,1680.24,0.00000052,1
65959.555254,1680.14,0.00001281,1
65960.270201,1680.09,0.14593809,1
65960.270201,1680.14,0.23284,1
65960.270201,1680.14,0.13701917,1
65960.26408,1680.14,0.6301193,1
65960.26408,1680.16,0.99998,1
65960.260767,1680.17,0.02945973,-1
65960.450778,1680,0.001,1
65960.878557,1679.9,1,1
65960.878557,1679.9,0.001,1
65961.716457,1679.97,0.68563101,-1
65961.716457,1679.95,0.89288437,-1
65961.716457,1679.91,0.05948462,-1
65961.786106,1680.78,0.00046174,1
65961.786106,1680.83,0.36485,1
65961.785056,1680.98,0.47530592,-1
65961.785056,1680.98,0.05,-1
65961.785056,1680.98,0.021,-1
65961.785056,1680.98,0.401,-1
65961.753308,1680.98,0.192,-1
65961.753308,1680.98,1.575,-1
65961.753308,1680.98,0.00438209,-1
65961.753308,1680.97,1.08126592,-1
65961.753308,1680.94,0.29724837,-1
65961.753308,1680.91,0.02513539,-1
65961.753308,1680.9,0.001,-1
65961.753308,1680.9,0.35855751,-1
65961.753308,1680.88,1.11942693,-1
65961.753308,1680.87,1.89831784,-1
65961.753308,1680.8,0.001,-1
65961.753308,1680.8,0.05,-1
65961.753308,1680.79,1.575,-1
65961.753308,1680.75,0.096,-1
65961.753308,1680.7,0.00113122,-1
65961.753308,1680.7,0.001,-1
65961.753308,1680.64,0.048,-1
65961.753308,1680.6,1.33653372,-1
65961.750521,1680.6,0.23846628,-1
65961.750521,1680.6,0.05,-1
65961.750521,1680.6,0.001,-1
65961.750165,1680.55,1.08837486,-1
65961.750165,1680.55,0.79465357,-1
65961.749589,1680.55,3.49583644,-1
65961.748716,1680.54,0.89333306,-1
65961.748716,1680.5,0.001,-1
65961.748716,1680.49,1.45825096,-1
65961.748496,1680.49,0.86311358,-1
65961.748496,1680.47,0.89530592,-1
65961.748496,1680.45,0.08983555,-1
65961.747307,1680.45,0.06548605,-1
65961.747307,1680.43,1.37255726,-1
65961.747214,1680.43,0.12277691,-1
65961.746872,1680.43,0.07966583,-1
65961.74687,1680.41,0.89333306,-1
65961.74687,1680.41,2.47964702,-1
65961.74679,1680.41,1.55666885,-1
65961.746777,1680.41,0.17171198,-1
65961.746065,1680.41,0.08246216,-1
65961.746062,1680.4,0.05,-1
65961.746062,1680.4,0.68010402,-1
65961.745781,1680.4,0.07699487,-1
65961.745148,1680.4,0.13820703,-1
65961.745148,1680.4,0.001,-1
65961.745059,1680.33,0.89530592,-1
65961.745059,1680.3,0.001,-1
65961.744854,1680.27,0.00044967,-1
65961.744819,1680.27,1.19455033,-1
65961.744819,1680.27,0.05944967,-1
65961.741022,1680.23,0.00007974,-1
65961.736891,1680.23,0.514,-1
65961.736805,1680.23,1.445,-1
65961.736805,1680.21,1.575,-1
65961.736805,1680.2,0.001,-1
65961.735472,1680.16,0.25380757,-1
65961.732888,1680.16,0.30643,-1
65961.732849,1680.1,0.001,-1
65961.889896,1680.66,0.36485,1
65961.811771,1680.66,0.27368826,1
65961.811411,1680.66,0.09468826,1
65961.79096,1680.74,0.36646756,1
65961.79096,1680.78,0.89484418,1
65961.960611,1680.62,0.037533,1
65961.939903,1680.66,11.47957253,1
65961.939903,1680.67,0.08809872,1
65961.918506,1680.66,0.423914,1
65962.218804,1680.62,0.99999942,1
65962.218804,1680.62,0.00000058,1
65962.31975,1680.62,0.00000058,1
65962.396304,1680.56,0.075067,1
65963.508084,1680.68,1,1
65963.508084,1680.69,0.03292901,1
65963.508084,1680.69,0.251,1
65963.675981,1680.62,0.35778407,1
65963.641481,1680.64,0.00082424,1
65964.648752,1680.54,0.37947857,1
65964.644926,1680.54,0.62052143,1
65964.644926,1680.56,0.35778,1
65964.644926,1680.56,0.28443593,1
65964.644926,1680.56,0.35778,1
65964.644926,1680.56,0.00000016,1
65964.791498,1680.43,0.02822242,-1
65965.255059,1680.4,1,1
65965.255059,1680.4,0.001,1
65965.255059,1680.42,1,1
65965.255059,1680.42,0.03715825,1
65965.886858,1680.56,0.51247844,1
65965.886858,1680.56,0.99999405,1
65965.850457,1680.56,0.00000595,1
65967.418549,1680.68,0.03959398,1
65968.887432,1681.28,0.19110803,-1
65968.883332,1681.2,0.17373457,-1
65968.883332,1681.19,0.34746914,-1
65968.878497,1681.63,0.88069742,-1
65968.878497,1681.61,0.048,-1
65968.878497,1681.6,0.001,-1
65968.878497,1681.6,0.05,-1
65968.878497,1681.59,1.97458415,-1
65968.878497,1681.5,1.11390003,-1
65968.878497,1681.5,2.32060457,-1
65968.878497,1681.5,0.001,-1
65968.878497,1681.49,0.05941576,-1
65968.878497,1681.4,0.001,-1
65968.878497,1681.4,0.05,-1
65968.878497,1681.3,0.001,-1
65968.878497,1681.29,0.19999823,-1
65968.878497,1681.17,2.33091001,-1
65968.878101,1681.17,1.95958,-1
65968.874813,1681.04,0.28314044,1
65968.874762,1681.1,0.89530592,-1
65968.874762,1681.09,0.89333306,-1
65968.874748,1681.04,0.28314044,1
65968.874748,1681.04,0.41977417,1
65968.874123,1681.04,0.28314044,1
65968.870909,1681.2,0.00353428,-1
65968.870909,1681.2,0.05,-1
65968.870909,1681.2,0.001,-1
65968.870909,1681.19,0.40743192,-1
65968.870312,1681.19,0.11733126,-1
65968.870296,1681.19,0.47523682,-1
65968.870296,1681.18,1.575,-1
65968.870296,1681.13,0.16486533,-1
65968.870244,1681.13,0.15582704,-1
65968.869987,1681.13,0.17791175,-1
65968.869363,1681.13,3.79188589,-1
65968.869363,1681.13,0.89333306,-1
65968.869363,1681.12,10.06200209,-1
65968.869363,1681.12,0.89530592,-1
65968.869363,1681.1,0.001,-1
65968.869363,1681.06,1.196,-1
65968.869363,1681.05,1.24910663,-1
65968.869056,1681.01,0.89232323,-1
65968.869056,1681,0.05,-1
65968.869056,1681,1.575,-1
65968.869056,1681,0.001,-1
65968.869056,1680.98,1.16610366,-1
65968.86891,1680.98,0.19350801,-1
65968.868678,1680.98,2.66480015,-1
65968.868319,1680.98,0.26607819,-1
65968.868319,1680.97,5.37147898,-1
65968.86824,1680.96,0.89530592,-1
65968.86824,1680.94,0.89333306,-1
65968.868085,1680.93,1.30661747,-1
65968.868085,1680.9,0.001,-1
65968.867947,1680.87,0.45924599,-1
65968.867947,1680.86,0.89530592,-1
65968.867947,1680.85,0.05948462,-1
65968.867947,1680.8,0.001,-1
65968.867947,1680.7,0.001,-1
65968.913619,1681.45,0.45924599,-1
65968.904868,1681.45,0.2853538,-1
65968.904868,1681.44,0.02606019,-1
65969.371467,1681.36,0.018,-1
65969.371076,1681.36,0.018,-1
65969.370895,1681.36,0.018,-1
65970.15451,1681.34,0.08368776,1
65970.15451,1681.35,0.03651599,1
65970.305554,1681.32,1,1
65970.305554,1681.32,0.07303198,1
65970.305554,1681.34,0.91631224,1
65971.013484,1681.41,0.00004746,-1
65971.152154,1681.4,0.01918409,1
65971.669915,1681.38,0.04166456,1
65971.668756,1681.38,0.95833544,1
65971.668756,1681.39,0.57569072,1
65971.666935,1681.39,0.3164283,1
65971.666935,1681.4,0.01918,1
65971.666935,1681.4,0.26887581,1
65971.66642,1681.4,0.92060229,1
65971.66642,1681.4,0.98081591,1
65972.521554,1681.48,0.00294557,-1
65973.387468,1681.6,0.001,-1
65973.727661,1681.67,0.05587934,-1
65973.727661,1681.67,0.05699995,-1
65973.65469,1681.67,0.00248467,-1
65974.444281,1681.64,1,1
65974.444281,1681.66,1,1
65974.444281,1681.66,1.18951191,1
65974.597666,1681.53,1.575,-1
65974.597666,1681.53,0.15829188,-1
65974.597666,1681.53,0.4,-1
65974.597666,1681.5,0.108,-1
65974.597666,1681.41,1.813,-1
65974.594983,1681.31,0.8921563,1
65974.594983,1681.33,0.89333306,1
65974.594983,1681.33,0.89530592,1
65974.594294,1681.4,0.6,1
65974.594294,1681.4,0.05948462,1
65974.594294,1681.4,0.001,1
65974.590112,1681.53,1.18951191,1
65975.325411,1681.48,1.18940242,1
65975.325411,1681.48,0.99464758,1
65975.311976,1681.48,0.00089207,1
65975.311734,1681.48,0.00089207,1
65975.311686,1681.48,0.00089207,1
65975.311467,1681.48,0.00089207,1
65975.311395,1681.48,0.00089207,1
65975.311232,1681.48,0.00089207,1
65975.392911,1681.44,0.81636304,1
65975.392911,1681.44,1,1
65975.533261,1681.3,0.30592893,1
65975.53322,1681.3,0.18,1
65975.533118,1681.3,0.342,1
65975.52691,1681.3,0.36162178,1
65975.52691,1681.3,0.001,1
65975.58868,1681.2,0.416,1
65975.588664,1681.2,0.231,1
65975.588664,1681.2,0.001,1
65976.927827,1681.15,1.18969359,1
65976.927827,1681.15,0.03615083,1
65976.908316,1681.28,0.41917282,1
65976.908057,1681.28,0.58082718,1
65976.905027,1681.3,0.19245369,1
65976.904713,1681.3,0.80754631,1
65976.904713,1681.31,0.00076464,1
65976.904713,1681.31,0.26042702,1
65976.904713,1681.31,1.18969359,1
65976.904713,1681.31,0.26042703,1
65977.060898,1681.11,0.05779337,-1
65977.626497,1681.1,0.79106668,1
65977.626497,1681.1,0.24177607,1
65977.626079,1681.1,0.94791752,1
65977.626079,1681.1,0.001,1
65977.642093,1681.08,1,1
65977.642093,1681.1,0.00000032,1
65977.640178,1681.1,0.208933,1
65978.742306,1681.12,0.05948462,-1
65979.399589,1681.16,0.33811373,1
65979.399589,1681.18,1,1
65979.507206,1681.14,0.66188627,1
65981.007726,1681.01,0.29744022,-1
65981.187514,1681,1,1
65981.187514,1681,0.001,1
65981.322054,1681,0.04794377,-1
65982.123491,1681.6,0.05,-1
65982.123491,1681.6,0.001,-1
65982.12222,1681.5,0.001,-1
65982.12222,1681.4,1.575,-1
65982.120007,1681.43,0.23466877,-1
65982.120007,1681.29,0.89333306,-1
65982.119873,1681.43,0.96833123,-1
65982.119515,1681.42,0.13301821,-1
65982.119515,1681.42,0.17160206,-1
65982.119515,1681.42,0.89530592,-1
65982.119515,1681.42,0.10946123,-1
65982.119419,1681.42,0.19244986,-1
65982.119419,1681.34,0.89530592,-1
65982.119419,1681.28,0.55255759,-1
65982.119419,1681.27,0.89530592,-1
65982.117517,1681.42,2.21297153,-1
65982.116927,1681.42,1.77560739,-1
65982.116927,1681.4,0.05,-1
65982.116927,1681.4,0.001,-1
65982.116197,1681.39,0.36132557,-1
65982.115125,1681.39,0.82461131,-1
65982.115125,1681.39,0.89333306,-1
65982.115125,1681.35,1.44806,-1
65982.115125,1681.35,0.89530592,-1
65982.115125,1681.34,1.39898945,-1
65982.115125,1681.3,0.001,-1
65982.115125,1681.28,1.18975223,-1
65982.115125,1681.28,0.89530592,-1
65982.115125,1681.24,4.29049001,-1
65982.115125,1681.23,2.4022799,-1
65982.115125,1681.23,1.24477972,-1
65982.115125,1681.2,0.001,-1
65982.114973,1681.18,1.575,-1
65982.114973,1681.15,0.03052456,-1
65982.114413,1681.15,0.86172189,-1
65982.114413,1681.14,0.1058345,-1
65982.114338,1681.14,0.78947142,-1
65982.114338,1681.14,0.5528239,-1
65982.114338,1681.13,1.8054055,-1
65982.114338,1681,0.13305147,-1
65982.114338,1681,0.17164496,-1
65982.114338,1681,0.05948462,-1
65982.168623,1681.96,0.65383011,-1
65982.168623,1681.94,1,-1
65982.168623,1681.9,0.108,-1
65982.168623,1681.9,0.001,-1
65982.168623,1681.84,0.608,-1
65982.168623,1681.8,0.49045585,-1
65982.167231,1681.8,0.11754415,-1
65982.167231,1681.72,0.187,-1
65982.166455,1681.72,1.626,-1
65982.163634,1681.84,0.13298497,-1
65982.163634,1681.84,0.04150986,-1
65982.163634,1681.79,0.608,-1
65982.163634,1681.78,0.89779,-1
65982.159396,1681.84,0.13004932,-1
65982.159396,1681.8,0.05,-1
65982.159396,1681.8,0.001,-1
65982.159396,1681.79,1.813,-1
65982.145873,1681.8,0.04594154,-1
65982.145267,1681.8,0.29491461,-1
65982.144677,1681.8,0.70691461,-1
65982.140148,1681.8,0.08964718,-1
65982.139439,1681.7,0.001,-1
65982.138793,1681.69,0.86663364,-1
65982.133402,1681.69,0.13336636,-1
65982.133402,1681.5,0.02228082,-1
65982.13257,1681.5,1.56864718,-1
65982.13228,1681.61,0.11822838,-1
65982.12985,1681.41,0.07890027,-1
65982.25123,1681.6,0.108,1
65982.245939,1681.78,0.16192452,1
65982.245939,1681.78,0.16192453,1
65982.408682,1681.49,0.035059,1
65982.517687,1681.42,11.89690145,1
65982.517687,1681.42,0.07011801,1
65983.240229,1681.51,0.03384781,-1
65984.414924,1681.68,0.00195586,-1
65984.414924,1681.6,0.00098806,-1
65984.393862,1681.6,0.00001194,-1
65984.438078,1681.64,0.00176606,-1
65985.917398,1681.78,0.032929,1
65985.917398,1681.78,1,1
65986.399855,1681.77,0.891917,1
65987.856458,1681.8,0.001,-1
65987.856458,1681.78,0.07043955,-1
65988.044068,1682.1,0.00295256,-1
65988.044068,1682.1,0.001,-1
65988.044068,1682,0.001,-1
65988.034323,1681.9,0.05430795,-1
65988.034323,1681.9,0.001,-1
65988.414395,1682.2,0.01968093,-1
65988.414395,1682.2,0.001,-1
65988.472273,1682.3,0.001,-1
65988.466152,1682.2,0.05074102,-1
65988.654555,1682.32,0.05429438,-1
65988.814088,1682.4,0.18386748,-1
65988.806175,1682.44,0.08322936,-1
65988.806175,1682.43,0.21013426,-1
65988.80308,1682.47,0.4,-1
65988.80308,1682.45,0.05253357,-1
65988.783151,1682.48,0.21492,-1
65988.783151,1682.41,0.10618,-1
65988.783151,1682.41,0.0789,-1
65988.751095,1682.5,0.001,-1
65988.751095,1682.49,0.05939018,-1
65988.750609,1682.4,0.001,-1
65988.750609,1682.36,0.19999314,-1
65988.750609,1682.36,0.19996868,-1
65989.697616,1682.34,1,1
65989.648162,1682.38,1,1
65990.487529,1681.94,0.00859117,1
65990.487529,1681.95,1.575,1
65990.487529,1681.97,0.06801447,1
65990.487529,1681.98,1.51537727,1
65990.487529,1681.99,0.89530592,1
65990.487529,1682,4.29049001,1
65990.487529,1682,0.001,1
65990.487529,1682,0.108,1
65990.487529,1682.01,2.62649554,1
65990.487529,1682.03,0.1553216,1
65990.487529,1682.05,0.03400723,1
65990.487529,1682.07,0.89530592,1
65990.487529,1682.08,0.89333306,1
65990.487529,1682.1,0.00076108,1
65990.487529,1682.1,0.001,1
65990.487529,1682.1,0.108,1
65990.487529,1682.12,0.05939018,1
65990.487529,1682.12,1.575,1
65990.487529,1682.13,0.6,1
65990.487529,1682.14,0.89530592,1
65990.487529,1682.14,0.41791461,1
65990.487529,1682.15,2.7167708,1
65990.487529,1682.16,1.48618442,1
65990.487529,1682.2,0.102,1
65990.487529,1682.21,0.14860343,1
65990.487529,1682.23,0.89167246,1
65990.487529,1682.3,0.14860343,1
65990.487529,1682.3,0.102,1
65990.487529,1682.31,0.41091461,1
65990.487529,1682.32,1,1
65990.487529,1682.32,0.41091461,1
65990.487529,1682.34,1,1
65990.487529,1682.35,0.40991461,1
65990.487529,1682.35,0.31106537,1
65991.755558,1682.45,0.58413252,-1
65991.755558,1682.45,0.56894091,-1
65991.755558,1682.4,0.102,-1
65991.968211,1682.48,0.00164919,-1
65991.968211,1682.46,0.02188,-1
65992.78781,1682.41,0.14860343,1
65992.78781,1682.42,0.80579664,1
65992.787447,1682.42,0.38310673,1
65992.787447,1682.44,1,1
65992.787146,1682.46,1,1
65993.818062,1682.33,0.02943835,-1
65994.423255,1682.45,0.00111808,1
65995.560569,1682.46,0.03176845,-1
65996.166198,1682.39,0.89158652,1
65996.162878,1682.42,0.14860343,1
65996.162875,1682.44,0.60545424,1
65996.16263,1682.44,0.39454576,1
65996.16263,1682.46,1,1
65996.16263,1682.47,0.16969282,1
65996.501034,1682.2,1,1
65996.467194,1682.2,0.001,1
65997.00667,1682.16,1,1
65996.961861,1682.17,0.03817687,-1
65997.178105,1682.1,1,1
65997.178105,1682.1,0.001,1
65997.408706,1682.01,0.03036,-1
65997.435724,1682.01,0.01409846,-1
65998.137624,1682,1,1
65998.137624,1682,0.001,1
65998.321527,1681.98,0.0563816,-1
65998.629426,1681.98,1,1
65998.625571,1682,1,1
65998.625571,1682,0.13526644,1
65999.133677,1681.91,0.00117683,-1
65999.830123,1681.9,1,1
65999.830123,1681.9,0.001,1
65999.889331,1681.86,1,1
66000.178929,1681.5,0.001,1
66000.178929,1681.6,0.001,1
66000.178929,1681.7,0.001,1
66000.178929,1681.77,0.00000044,1
66000.178929,1681.8,0.001,1
66000.689655,1681.45,0.00000594,1
66000.679574,1681.43,0.00140356,1
66000.649504,1681.62,0.09811703,1
66000.648878,1681.62,0.63412935,1
66000.648515,1681.62,0.26775362,1
66000.648515,1681.64,0.36637573,1
66000.647227,1681.64,0.63362427,1
66001.075904,1681.8,0.17488642,-1
66001.065345,1681.64,0.15441348,-1
66001.065117,1681.64,0.59446796,-1
66001.064981,1681.64,0.193,-1
66001.064897,1681.64,0.19541348,-1
66001.061337,1681.64,0.29056554,-1
66001.061077,1681.64,0.17327042,-1
66001.06103,1681.64,0.50658847,-1
66001.06103,1681.63,4.21136844,-1
66001.06103,1681.56,1.13640173,-1
66001.060845,1681.56,0.05232675,-1
66001.060845,1681.54,0.15944797,-1
66001.060666,1681.54,0.24055203,-1
66001.060666,1681.53,1.0063799,-1
66001.060666,1681.52,0.05939018,-1
66001.060538,1681.49,0.4,-1
66001.060538,1681.49,0.16050962,-1
66001.565571,1681.81,0.018,-1
66001.535512,1681.81,0.63491461,-1
66001.535474,1681.81,0.36691461,-1
66002.111796,1681.81,0.01795232,-1
66002.111796,1681.81,0.14474359,-1
66002.111505,1681.81,0.16269592,-1
66002.108041,1681.81,0.10558206,-1
66002.107874,1681.81,0.10558206,-1
66002.488419,1681.88,1,1
66002.488419,1681.89,0.0007958,1
66003.059624,1681.66,0.89197138,1
66003.058759,1681.78,1,1
66003.05778,1681.8,1.18912502,1
66003.05778,1681.8,1,1
66003.05778,1681.8,1.575,1
66003.441233,1681.58,1,1
66003.441233,1681.6,0.02060728,1
66003.436909,1681.6,0.97939272,1
66003.436909,1681.6,0.001,1
66003.436909,1681.6,1.575,1
66004.117816,1681.5,1,1
66004.117816,1681.5,0.001,1
66004.227959,1681.4,0.03119518,1
66004.225713,1681.4,1.15839621,1
66004.225713,1681.4,0.001,1
66004.225713,1681.41,0.06692847,1
66004.177541,1681.46,1,1
66004.378397,1681.3,0.001,1
66004.988306,1681.32,1.189591,1
66004.962032,1681.36,0.00000039,1
66004.93829,1681.36,0.99999961,1
66004.93829,1681.36,1.18959139,1
66005.025607,1681.32,1.189591,1
66005.736601,1681.32,0.02754927,-1
66005.930161,1681.3,1,1
66005.930161,1681.31,1.18959139,1
66006.37007,1681.26,0.00000594,1
66006.786378,1681.4,1.18964061,1
66006.786378,1681.4,0.02949239,1
66006.769984,1681.4,0.97050761,1
66006.769984,1681.4,1.18964114,1
66007.106727,1680.95,4.29049001,1
66007.106727,1680.95,0.89333306,1
66007.106727,1680.96,4.03861887,1
66007.106727,1680.96,1.48676335,1
66007.105713,1681,0.001,1
66007.105713,1681,1.575,1
66007.105713,1681.01,1.82846972,1
66007.105713,1681.1,0.001,1
66007.105413,1681.12,1.48710383,1
66007.105413,1681.12,0.89333306,1
66007.105413,1681.2,1.18964114,1
66007.029412,1681.2,0.083,1
66007.025018,1681.2,0.77425617,1
66007.025018,1681.21,0.0472359,1
66007.018602,1681.2,0.05546353,1
66007.014779,1681.2,1.43129982,1
66007.00618,1681.2,0.001,1
66007.00618,1681.24,1.575,1
66007.00618,1681.25,0.89219082,1
66007.006034,1681.34,1,1
66007.006034,1681.36,0.71664114,1
66007.00597,1681.36,0.473,1
66007.391225,1681.16,1.18976097,1
66007.626595,1681.09,0.23500685,-1
66007.626595,1681.09,0.07204776,-1
66007.645596,1681.15,0.00006541,-1
66007.752173,1681.17,0.6732768,-1
66007.752173,1681.16,0.05939018,-1
66007.752173,1681.13,0.42282203,-1
66008.361666,1681.31,0.12919881,-1
66008.361666,1681.3,0.05939018,-1
66008.361666,1681.29,0.21141101,-1
66010.473144,1681.52,0.0553987,-1
66010.473144,1681.5,0.001,-1
66010.445831,1681.4,0.001,-1
66012.176507,1681.3,1.12700727,1
66012.176507,1681.3,0.001,1
66012.140771,1681.5,1,1
66012.140771,1681.52,0.3261316,1
66012.139758,1681.52,0.86356872,1
66012.139758,1681.52,1,1
66012.419328,1681.23,0.02350659,-1
66013.114738,1681.24,0.05640876,-1
66013.823629,1681.23,0.0552331,-1
66013.823629,1681.23,0.09395221,-1
66014.092786,1681.16,0.00003568,-1
66014.057903,1681.2,1,1
66014.057903,1681.2,0.001,1
66014.057903,1681.22,1,1
66015.086172,1681.12,1,1
66015.086172,1681.14,0.00076372,1
66015.086172,1681.14,1,1
66015.187985,1681.06,1.18966907,1
66015.187985,1681.1,0.001,1
66015.397909,1680.98,1,1
66015.395324,1681,1,1
66015.395324,1681,0.001,1
66015.601708,1680.9,0.001,1
66016.26655,1680.85,0.02889823,-1
66017.511409,1680.94,1,1
66017.536602,1680.89,1.18995519,1
66017.536602,1680.9,1,1
66018.067762,1680.88,0.00279656,-1
66018.062044,1680.88,0.47158689,-1
66018.062044,1680.84,0.51041311,-1
66018.061749,1680.84,0.145,-1
66018.061732,1680.84,0.237,-1
66018.061668,1680.81,0.05939018,-1
66018.390918,1680.93,0.00564123,-1
66018.47797,1680.93,0.00397406,-1
66019.544311,1680.96,0.42251529,-1
66019.543897,1680.96,0.34000028,-1
66019.543897,1680.93,0.01591433,-1
66019.847746,1681.2,0.001,-1
66019.846803,1681.1,0.001,-1
66020.072761,1681.3,0.001,-1
66020.465753,1681.4,0.001,-1
66020.57221,1681.56,0.02789583,-1
66020.57221,1681.5,0.001,-1
66020.674848,1681.56,0.19986318,-1
66020.674848,1681.56,0.19986306,-1
66020.674848,1681.56,0.17210305,-1
66021.269314,1681.6,0.001,-1
66022.747388,1681.79,0.05681641,-1
66022.747388,1681.7,0.001,-1
66022.852953,1681.8,0.001,-1
66022.852953,1681.79,0.00257087,-1
66022.969751,1681.9,0.001,-1
66023.107241,1681.99,0.49958374,1
66023.107241,1681.99,1.01951407,1
66023.107241,1681.99,0.40391461,1
66023.107241,1681.99,1.07698758,1
66023.076571,1681.99,0.78608539,1
66023.076571,1681.99,0.40091461,1
66023.076571,1681.99,1.813,1
66023.184287,1681.99,1.18926839,1
66023.184287,1681.99,0.40991461,1
66023.176009,1681.99,1.18926856,1
66023.176009,1681.99,0.00073161,1
66023.156939,1681.99,0.407183,1
66023.147327,1681.99,0.78208529,1
66023.141071,1681.99,0.0000001,1
66023.141071,1681.99,1.8129999,1
66023.138511,1681.99,0.0000001,1
66023.138511,1681.99,0.40491461,1
66023.127653,1681.99,1.18926846,1
66023.127653,1681.99,0.47789554,1
66023.794754,1681.85,0.89186986,1
66023.794754,1681.87,1.7840948,1
66023.794754,1681.88,0.89333306,1
66023.794572,1681.96,1,1
66023.794556,1681.98,0.02963915,1
66023.794472,1681.98,0.97036085,1
66023.794472,1681.98,1.18926856,1
66025.241727,1681.79,0.01692398,-1
66025.7174,1681.79,1.18937528,1
66025.691619,1681.8,0.00649026,-1
66026.831797,1681.9,0.0144517,-1
66027.097203,1681.89,0.0006716,-1
66027.77618,1681.88,0.02943783,-1
66028.250269,1681.88,0.11281417,-1
66028.363351,1681.9,0.08461076,-1
66029.181116,1681.89,0.25487406,-1
66029.181116,1681.89,0.03817832,-1
66029.181116,1681.89,0.05938728,-1
66031.295805,1682.79,1.02909084,-1
66031.295805,1682.78,0.096,-1
66031.295805,1682.78,0.19999892,-1
66031.295805,1682.77,1.09551849,-1
66031.295805,1682.73,0.01445762,-1
66031.295805,1682.73,0.04280901,-1
66031.295805,1682.7,0.001,-1
66031.295805,1682.67,0.048,-1
66031.295805,1682.65,1.575,-1
66031.295805,1682.6,2.32012512,-1
66031.295805,1682.6,0.001,-1
66031.295805,1682.5,0.001,-1
66031.295805,1682.47,1.575,-1
66031.295805,1682.4,0.001,-1
66031.286502,1682.31,0.01446123,-1
66031.286502,1682.31,0.04281971,-1
66031.286502,1682.3,0.001,-1
66031.286502,1682.29,0.1553216,-1
66031.286502,1682.2,0.05,-1
66031.286502,1682.2,0.001,-1
66031.286502,1682.18,0.05938154,-1
66031.286502,1682.1,0.001,-1
66031.285247,1682.08,0.12380432,-1
66031.284782,1682.08,0.18824044,-1
66031.284547,1682.08,0.21980432,-1
66031.284502,1682.08,0.26480432,-1
66031.279574,1682.01,4.33652317,-1
66031.279574,1682,1.18927309,-1
66031.279574,1682,0.53382848,-1
66031.278477,1682,2.12513033,-1
66031.278477,1682,10,-1
66031.278477,1682,10,-1
66031.278477,1682,0.001,-1
66031.278477,1681.99,0.89333306,-1
66031.278477,1681.99,2.42573059,-1
66031.27812,1681.99,15.87759001,-1
66031.27812,1681.98,1.7840948,-1
66031.27812,1681.96,1.43433,-1
66031.277791,1681.9,3.020772,-1
66031.2776,1681.9,6.979228,-1
66031.2776,1681.89,5.97,-1
66031.2776,1681.89,0.01446485,-1
66031.2776,1681.89,1.7840948,-1
66031.2776,1681.89,0.04283042,-1
66031.277164,1681.84,0.89188402,-1
66031.277164,1681.8,10,-1
66031.277164,1681.79,2.46522929,-1
66031.277164,1681.78,0.05938728,-1
66031.277164,1681.76,0.17584926,-1
66031.38646,1682.47,0.14522771,1
66031.377788,1682.47,0.29045542,1
66031.367791,1682.47,0.58091083,1
66031.324074,1682.55,0.00370316,-1
66031.323777,1682.55,0.00165291,-1
66031.59821,1682.17,0.036306,1
66031.809784,1681.98,0.17624466,-1
66031.804915,1681.98,0.00234961,1
66031.804915,1682,0.001,1
66032.636223,1681.92,0.17675501,-1
66034.806526,1682.2,0.001,-1
66034.783125,1682.1,0.001,-1
66034.963687,1682.3,0.001,-1
66035.038552,1682.5,0.001,-1
66035.008592,1682.4,0.001,-1
66035.147524,1682.58,1,1
66036.338256,1682.56,1,1
66036.996208,1682.6,0.001,-1
66036.996208,1682.59,0.01722639,-1
66036.996208,1682.59,0.02469869,-1
66036.996208,1682.57,0.01037401,-1
66037.014297,1682.78,1.21,-1
66037.014297,1682.7,0.001,-1
66037.980253,1682.8,5.11575179,-1
66037.980253,1682.8,0.001,-1
66037.980253,1682.79,0.54553914,-1
66038.234085,1682.82,0.02843313,1
66038.234085,1682.84,1,1
66038.33767,1682.82,0.971566,1
66038.652631,1682.9,0.001,-1
66038.652631,1682.88,0.19986144,-1
66038.652631,1682.88,0.19993128,-1
66038.650603,1682.85,0.19992204,-1
66039.001644,1682.88,0.11759843,1
66039.001644,1682.88,0.07669463,1
66039.001644,1682.88,0.09203356,1
66039.001644,1682.88,0.0409038,1
66039.164999,1682.7,0.90296848,1
66039.164999,1682.7,0.001,1
66039.093049,1682.71,0.00144101,1
66039.187478,1682.68,1,1
66039.183519,1682.7,0.09703152,1
66039.495766,1682.6,0.82502956,1
66039.495492,1682.6,0.17497044,1
66039.495492,1682.6,0.001,1
66039.678769,1682.42,0.034427,1
66039.639106,1682.48,1,1
66039.639106,1682.5,0.001,1
66039.883784,1682.49,1.05979057,-1
66039.875174,1682.41,0.1090962,-1
66039.875174,1682.41,0.00837397,-1
66039.874574,1682.41,0.10072222,-1
66039.874574,1682.41,0.21819239,-1
66040.208472,1682.68,0.04510996,1
66040.919014,1682.94,0.66991461,-1
66040.918345,1682.94,0.13989514,-1
66040.918345,1682.9,0.001,-1
66040.918345,1682.85,0.19101947,-1
66041.130268,1682.94,0.19019025,-1
66041.190746,1683.24,0.1820362,1
66041.190746,1683.24,0.1909038,1
66041.13684,1683.33,0.17201396,-1
66041.13684,1683.33,1.575,-1
66041.13684,1683.3,0.001,-1
66041.13684,1683.2,0.001,-1
66041.13684,1683.2,0.05,-1
66041.13684,1683.2,0.19998604,-1
66041.13684,1683.19,1,-1
66041.13684,1683.1,0.001,-1
66041.13684,1683,0.001,-1
66041.313426,1683.16,1,1
66041.247727,1683.2,1,1
66041.475674,1683.06,1.18843852,1
66041.475674,1683.07,0.1953376,1
66041.926235,1683.02,1,1
66042.320987,1682.87,0.85728534,-1
66042.320987,1682.86,0.17648462,-1
66042.353773,1682.91,0.02887488,-1
66043.083778,1683.18,0.02274378,-1
66043.083778,1683.1,0.001,-1
66043.083778,1683.03,0.01378898,-1
66043.33784,1683.09,0.01470641,-1
66044.197142,1683.19,0.46091461,-1
66044.288005,1683.16,1,1
66044.288005,1683.18,1,1
66044.431468,1682.98,0.01691503,-1
66044.995807,1683.67,1.37521568,-1
66044.995807,1683.62,0.19999428,-1
66044.995563,1683.6,0.001,-1
66044.994839,1683.55,0.19999184,-1
66044.994737,1683.52,0.048,-1
66044.994737,1683.5,0.001,-1
66044.986447,1683.48,0.50052564,-1
66044.98613,1683.48,0.18083605,-1
66044.98596,1683.48,0.11550592,-1
66044.985471,1683.45,1.208,-1
66044.985471,1683.44,0.49724069,-1
66044.985468,1683.44,3.84936085,-1
66044.985272,1683.44,0.56636085,-1
66044.985127,1683.44,0.07993492,-1
66044.985127,1683.4,0.001,-1
66044.985127,1683.4,0.05,-1
66044.985127,1683.39,0.05938728,-1
66044.984771,1683.35,0.19999268,-1
66044.984771,1683.3,0.001,-1
66044.984771,1683.2,0.001,-1
66045.003729,1684.01,1.575,-1
66045.003729,1684,0.001,-1
66045.003729,1684,0.05,-1
66045.003729,1683.9,0.001,-1
66045.003729,1683.84,1.575,-1
66045.003729,1683.8,0.001,-1
66045.003729,1683.8,0.05,-1
66045.003729,1683.7,0.001,-1
66045.114374,1683.86,0.08780815,1
66045.595712,1683.74,0.08864195,-1
66045.855785,1683.78,0.05054788,1
66045.850215,1683.79,0.12733265,-1
66045.953234,1684.1,0.00058822,-1
66046.327571,1684.02,0.34244923,1
66046.327571,1684.02,0.00000077,1
66046.297085,1684.02,0.342457,1
66046.259948,1684.02,0.65754223,1
66046.259948,1684.04,1,1
66046.675702,1684.09,1.187799,1
66046.663388,1684.09,1.18779969,1
66046.663388,1684.09,0.37294,1
66046.794025,1684.04,1,1
66046.74505,1684.08,1,1
66047.290722,1684.09,0.81406,1
66047.290722,1684.09,1.813,1
66047.290722,1684.09,0.37294,1
66047.161605,1684.04,0.00569786,1
66047.404246,1684.08,0.99431,1
66048.050726,1683.68,1.1878698,1
66048.050726,1683.7,0.001,1
66048.050726,1683.8,0.001,1
66048.285264,1683.62,0.17302848,-1
66048.774583,1684.14,0.74578589,-1
66048.774583,1684.1,0.001,-1
66048.774583,1684.1,0.111,-1
66048.774583,1684.1,0.00041178,-1
66048.774583,1684.09,0.0197691,-1
66048.774583,1684,0.111,-1
66048.774583,1683.87,0.01103323,-1
66048.897816,1683.94,0.65556254,1
66048.997778,1683.86,1.1878034,1
66049.107782,1683.69,0.380914,1
66049.524851,1683.62,0.2791449,1
66049.524851,1683.64,0.38091461,1
66049.524851,1683.68,0.00000061,1
66049.517085,1683.68,0.380914,1
66049.503564,1683.69,0.00000061,1
66049.759204,1683.62,0.101769,1
66050.787861,1683.6,0.381914,1
66050.787861,1683.6,0.001,1
66050.738365,1683.62,0.00000071,1
66052.086875,1683.36,1.18807724,1
66052.086875,1683.37,0.06912549,1
66052.086875,1683.4,0.001,1
66052.086875,1683.43,0.03456275,1
66052.086875,1683.5,0.001,1
66052.077358,1683.6,0.00076522,1
66052.30434,1683.3,0.001,1
66052.982426,1683.1,0.001,1
66052.982426,1683.2,0.001,1
66053.855832,1682.9,0.001,1
66053.855832,1683,0.001,1
66054.889787,1682.7,0.001,1
66054.889787,1682.8,0.001,1
66054.998759,1682.67,0.058716,1
66055.123183,1682.48,0.03250375,1
66055.123183,1682.5,0.001,1
66055.123183,1682.6,0.001,1
66055.123183,1682.67,0.0000002,1
66056.014246,1682.62,0.02816258,-1
66056.141916,1682.51,1.188475,1
66056.757914,1682.83,0.02640988,1
66056.740403,1682.7,0.001,-1
66057.536972,1682.64,1.575,1
66057.535831,1682.74,1.18850304,1
66058.04408,1682.61,0.00358707,-1
66059.157186,1682.61,0.04366013,-1
66059.181497,1682.6,0.001,1
66061.379041,1682.2,0.001,1
66061.379041,1682.3,0.001,1
66061.379041,1682.4,0.001,1
66061.507886,1682.57,0.02090917,-1
66061.507792,1682.57,0.54133856,-1
66061.507792,1682.54,0.14857605,-1
66061.507667,1682.45,0.14857605,-1
66061.507667,1682.39,0.00175293,-1
66061.507004,1682.39,0.04481622,-1
66061.507004,1682.39,0.1047806,-1
66061.506041,1682.31,0.09313831,-1
66061.506041,1682.31,0.11642289,-1
66061.501574,1682.4,1.54988352,-1
66061.501192,1682.4,0.40216471,-1
66061.500977,1682.4,1.79144314,-1
66061.500977,1682.4,0.001,-1
66061.497838,1682.31,1.1888186,-1
66061.497838,1682.31,0.30928634,-1
66061.497808,1682.31,0.54172157,-1
66061.497767,1682.31,0.04043778,-1
66061.497767,1682.3,0.62428379,-1
66061.496746,1682.3,0.61763399,-1
66061.496746,1682.2,0.16936947,-1
66061.496746,1682.19,0.05938728,-1
66061.496746,1682.15,0.89172076,-1
66061.496746,1682.14,0.73161007,-1
66061.618029,1682.73,1.189002,1
66061.527894,1682.7,0.001,-1
66061.527894,1682.61,0.00939886,-1
66061.527894,1682.61,0.00882694,-1
66061.706148,1682.61,1.18900114,1
66061.706148,1682.61,0.17116247,1
66061.706148,1682.61,0.00000039,1
66061.679379,1682.61,0.06557651,1
66061.679379,1682.61,1.18900206,1
66061.679379,1682.61,0.27674843,1
66061.668066,1682.61,0.13115379,1
66062.04042,1682.26,0.015425,-1
66062.292431,1682.23,0.00887143,-1
66062.529124,1682.42,0.25335303,-1
66062.483674,1682.37,0.55560068,-1
66062.483667,1682.37,0.29019364,-1
66062.483565,1682.37,0.04580636,-1
66062.483565,1682.36,0.05938728,-1
66062.483247,1682.34,1.16261789,-1
66063.890007,1682.47,0.01782763,1
66064.330109,1682.47,0.01456359,1
66065.264494,1682.48,0.00000594,-1
66065.25014,1682.48,0.00588181,-1
66065.368825,1682.5,0.001,-1
66067.625068,1682.68,0.0009456,1
66068.846989,1682.7,0.001,-1
66070.444323,1682.68,0.00035816,-1
66070.928412,1682.57,0.05775147,-1
66071.761312,1682.42,0.01296925,-1
66071.7521,1682.41,3.081574,1
66071.733822,1682.5,0.001,1
66072.016335,1682.3,0.001,1
66072.016335,1682.4,0.001,1
66072.016335,1682.41,0.00000041,1
66072.182246,1682.2,0.001,1
66072.331049,1682.09,0.0059212,1
66072.331049,1682.1,0.001,1
66072.474185,1682,0.00099406,1
66072.443052,1682,0.00000594,1
66073.462076,1681.99,0.07372219,-1
66074.303096,1681.81,6.44061495,1
66074.303096,1681.82,1.48648487,1
66074.303096,1681.9,0.07290018,1
66074.302038,1681.9,1.11616729,1
66074.302038,1681.9,0.001,1
66074.929117,1681.8,0.001,1
66076.319031,1681.71,0.00588617,-1
66077.411139,1681.7,0.001,1
66077.467674,1681.63,1.189311,1
66077.456432,1681.64,0.00294326,-1
66078.507792,1681.83,0.00706167,-1
66078.507792,1681.83,0.0158266,-1
66078.90608,1681.9,0.001,-1
66079.023095,1682,0.001,-1
66079.04556,1682.1,0.001,-1
66079.546003,1682.19,1.18912739,1
66079.689376,1682.13,0.05776829,-1
66080.824532,1682.3,0.001,-1
66080.824532,1682.28,0.20364276,-1
66080.824335,1682.28,0.32698146,-1
66080.824335,1682.2,0.001,-1
66080.837541,1682.4,0.001,-1
66080.94291,1682.5,0.001,-1
66082.193052,1682.58,0.02402474,1
66082.681047,1682.59,0.01155454,-1
66082.872968,1682.54,0.1042576,1
66082.872794,1682.54,1.0844104,1
66082.869545,1682.56,1,1
66082.869545,1682.58,0.02402,1
66082.869545,1682.58,0.97597526,1
66083.287244,1682.44,1,1
66083.721259,1682.36,0.70110234,1
66083.721259,1682.38,1,1
66083.721259,1682.38,0.00097886,1
66083.721259,1682.38,1.18884363,1
66083.770072,1682.31,0.02763883,-1
66084.038537,1682.3,0.001,1
66084.880391,1682.35,0.09532579,-1
66085.156436,1682.32,0.00057664,-1
66086.259677,1682.41,0.13540595,-1
66086.377937,1682.4,0.00000594,1
66087.451561,1682.37,1.48599891,1
66087.451561,1682.4,0.14414941,1
66087.451561,1682.4,0.14414347,1
66090.154563,1682.28,0.02166365,1
66091.254047,1682.41,0.0014322,-1
66091.254047,1682.41,0.01266449,-1
66091.712769,1682.47,0.314,-1
66091.711513,1682.41,0.05938728,-1
66091.711513,1682.41,0.00852829,-1
66091.711513,1682.41,0.00421734,-1
66091.809165,1682.76,1.188818,1
66091.809165,1682.76,1,1
66091.722082,1682.7,0.51879358,-1
66091.722082,1682.7,0.001,-1
66091.722082,1682.6,0.001,-1
66091.722082,1682.57,1.18882631,-1
66091.722082,1682.5,0.001,-1
66091.987501,1682.68,1.188818,1
66091.928883,1682.72,1,1
66093.18753,1682.66,0.99999937,1
66093.18753,1682.66,1.18881863,1
66093.448212,1682.67,0.01127454,-1
66093.766011,1682.64,1,1
66093.766011,1682.66,0.99999,1
66093.766011,1682.66,0.00000063,1
66094.667343,1682.3,0.001,1
66094.667343,1682.4,0.001,1
66097.073606,1682.42,0.00451955,-1
66097.073606,1682.41,0.01013146,-1
66098.143035,1682.41,0.00588351,-1
66098.581873,1682.49,0.01972834,-1
66101.05361,1682.6,0.02549186,-1
66101.05361,1682.5,0.001,-1
66101.637324,1682.54,0.0239646,1
66102.509515,1682.49,0.392914,1
66102.440358,1682.49,0.39291419,1
66102.440358,1682.49,0.00110181,1
66104.49506,1682.7,0.001,-1
66104.485176,1682.6,0.001,-1
66104.475543,1682.51,0.00773457,-1
66104.569954,1682.8,0.001,-1
66104.720783,1682.89,0.39691457,1
66104.720783,1682.89,0.00000043,1
66104.688796,1682.89,1.17672339,1
66104.688796,1682.89,0.39391461,1
66105.49117,1683,0.00001195,-1
66105.489028,1682.9,0.001,-1
66105.865267,1682.99,0.00001195,-1
66105.840469,1682.9,0.00294205,-1
66106.097498,1682.96,0.00175346,-1
66106.154931,1682.96,0.0058841,-1
66107.208806,1682.58,0.00743345,1
66107.208806,1682.59,0.39948116,1
66107.208806,1682.6,0.40591461,1
66107.208806,1682.65,0.40491461,1
66107.198239,1682.59,0.00643345,1
66107.198239,1682.61,0.54892637,1
66107.198239,1682.62,0.40591461,1
66107.198239,1682.63,0.40591461,1
66107.186271,1682.6,0.11322572,-1
66107.186271,1682.6,0.01376252,-1
66107.186173,1682.6,0.2126889,-1
66107.186173,1682.6,0.11322571,-1
66107.180935,1682.58,0.2594694,1
66107.180935,1682.58,0.55335982,1
66107.161268,1682.57,0.40591461,1
66107.161268,1682.58,0.40591461,1
66107.151171,1682.6,0.001,1
66107.147045,1682.62,1.575,1
66107.147045,1682.64,5.31286345,1
66107.147045,1682.69,0.1,1
66107.147045,1682.69,0.2,1
66107.147045,1682.7,0.001,1
66107.146543,1682.72,0.71129308,1
66107.146543,1682.73,0.5702563,1
66107.146543,1682.74,1.3927,1
66107.146543,1682.75,2.90186555,1
66107.146543,1682.78,0.14859106,1
66107.146543,1682.8,0.14859106,1
66107.146453,1682.84,0.89134996,1
66107.14615,1682.9,0.05938728,1
66107.380828,1682.57,0.89779,1
66107.539879,1682.5,0.402914,1
66107.539879,1682.5,0.001,1
66108.515625,1682.5,0.00000061,1
66108.437838,1682.5,0.398914,1
66108.558917,1682.48,0.399914,1
66112.612402,1682.52,0.65625617,-1
66112.612234,1682.52,0.34191461,-1
66112.5851,1682.52,0.00182922,-1
66112.5851,1682.5,0.65708539,-1
66112.58492,1682.5,0.34291461,-1
66112.687991,1682.7,0.001,-1
66112.813902,1682.8,0.001,-1
66113.757466,1682.84,0.02481325,-1
66114.032894,1682.84,0.35991461,-1
66114.539208,1682.84,0.02818501,-1
66115.930388,1682.83,0.00076069,1
66115.930388,1682.83,0.71330731,1
66118.397227,1682.6,0.00000594,1
66119.124829,1682.61,0.05774667,-1
66119.783128,1682.55,0.025,1
66119.783128,1682.6,0.00099406,1
66121.577569,1682.5,0.001,1
66121.930694,1682.6,0.23791617,-1
66121.930609,1682.58,0.11322571,-1
66121.930609,1682.58,0.11322571,-1
66121.923987,1682.5,0.1,-1
66121.923987,1682.49,0.05938728,-1
66121.923987,1682.45,0.89155695,-1
66121.923987,1682.44,0.58709,-1
66121.923987,1682.44,0.05981288,-1
66121.923669,1682.44,0.32490712,-1
66121.923669,1682.42,1,-1
66121.923669,1682.41,0.37294,-1
66121.978773,1682.9,0.00822571,-1
66121.978773,1682.8,0.105,-1
66121.960465,1682.81,0.15198805,-1
66121.949652,1683,0.05,-1
66121.949652,1683,0.001,-1
66121.949652,1683,0.1,-1
66121.949652,1683,0.00098805,-1
66121.936116,1682.9,0.1,-1
66121.936116,1682.9,0.001,-1
66121.936116,1682.8,0.51974992,-1
66121.936116,1682.8,0.001,-1
66121.936116,1682.7,0.001,-1
66121.934001,1682.62,0.00701099,-1
66121.934001,1682.62,0.00361582,-1
66121.934001,1682.62,0.00810553,-1
66121.934001,1682.6,0.79099624,-1
66121.93209,1682.6,0.14,-1
66121.931118,1682.6,0.01991617,-1
66122.078691,1682.82,1.188269,1
66122.198835,1682.74,0.05938629,1
66122.198835,1682.74,1.18826971,1
66123.031746,1682.84,1,1
66123.380736,1682.64,0.11530508,-1
66124.90876,1682.64,1,1
66124.969692,1682.6,1,1
66124.969692,1682.6,0.001,1
66125.317291,1682.48,1,1
66125.27927,1682.5,0.83663747,1
66125.277529,1682.5,0.16336253,1
66125.277529,1682.5,0.001,1
66126.477853,1682.48,0.16353128,-1
66127.428595,1682.68,1,1
66127.406439,1682.69,0.48677428,1
66127.428595,1682.68,0.000766,1
66129.687507,1682.73,0.00576627,-1
66129.687507,1682.7,0.001,-1
66130.936193,1682.73,0.01154919,-1
66131.382744,1682.99,0.03362949,-1
66131.382744,1682.95,0.00089159,-1
66131.382744,1682.9,0.001,-1
66131.382744,1682.8,0.001,-1
66131.685268,1683,0.001,-1
66131.876555,1683.3,0.05246266,-1
66131.876555,1683.3,0.001,-1
66131.876555,1683.2,0.1,-1
66131.876555,1683.2,0.001,-1
66131.876555,1683.2,0.05,-1
66131.876555,1683.1,0.001,-1
66132.256891,1683.29,0.05938728,-1
66132.256891,1683.29,0.89111204,-1
66133.321,1683.4,0.43353763,-1
66133.321,1683.4,0.001,-1
66133.321,1683.39,0.00289269,-1
66133.321,1683.39,0.00648429,-1
66133.311582,1683.38,0.39091461,1
66133.311582,1683.38,0.24523123,1
66133.311563,1683.38,0.75476877,1
66133.638249,1683.44,1,1
66135.310621,1683.46,1,1
66135.309281,1683.48,1,1
66135.915682,1683.7,0.001,-1
66135.915682,1683.69,0.68495639,-1
66135.914857,1683.69,0.31491461,-1
66135.875067,1683.6,0.001,-1
66135.863259,1683.5,0.001,-1
66135.945197,1683.8,0.001,-1
66136.015639,1684.14,0.17049945,-1
66136.015639,1684.11,0.89068024,-1
66136.015639,1684.1,0.001,-1
66136.015639,1684,0.001,-1
66136.015639,1684,0.05,-1
66136.015639,1683.9,0.001,-1
66136.015639,1683.89,0.17830642,-1
66136.015639,1683.89,0.17830643,-1
66137.828461,1684.03,0.03663987,-1
66137.798893,1684.06,1,1
66137.846036,1684.02,1,1
66137.953644,1683.8,0.394914,1
66137.953644,1683.8,0.001,1
66138.045436,1683.73,0.00396941,-1
66138.043189,1683.72,0.394914,1
66138.178952,1683.71,0.42169339,1
66138.178952,1683.71,0.31291461,1
66138.137077,1683.71,0.393914,1
66138.137077,1683.71,0.14036,1
66138.242602,1683.7,1,1
66138.357854,1683.68,0.059387,1
66138.466762,1683.67,0.033525,1
66138.673445,1683.66,1,1
66138.673445,1683.67,0.00000086,1
66138.673445,1683.68,1,1
66138.998129,1683.6,0.99999939,1
66138.998129,1683.6,0.38991461,1
66138.967739,1683.6,0.001,1
66139.081777,1683.61,0.03623851,-1
66139.081255,1683.61,0.35291461,-1
66139.220982,1683.62,0.01443101,-1
66139.985211,1683.57,0.89096384,-1
66139.985211,1683.54,0.19457656,-1
66140.188642,1683.66,0.382914,1
66140.158189,1683.66,1,1
66140.655873,1683.7,0.00573359,-1
66140.777963,1683.67,0.00079429,1
66140.777963,1683.67,0.06283897,1
66140.777963,1683.67,0.18851688,1
66140.777963,1683.67,0.25135586,1
66141.353094,1683.75,0.00058806,-1
66141.891608,1683.7,0.00279329,-1
66142.322258,1684,0.52797837,-1
66142.322258,1684,0.001,-1
66142.322258,1684,0.0037665,-1
66142.322153,1684,0.0462335,-1
66142.322153,1683.9,0.59488325,-1
66142.322153,1683.9,0.001,-1
66142.322153,1683.89,0.59488325,-1
66142.314987,1683.84,0.25377514,-1
66142.314984,1683.84,0.127,-1
66142.314669,1683.84,0.37591461,-1
66142.314481,1683.84,0.24470373,-1
66142.314435,1683.84,0.62591461,-1
66142.314265,1683.84,1.54475603,-1
66142.311288,1683.84,2.10731504,-1
66142.310962,1683.84,1.36932451,-1
66142.310962,1683.84,0.60999053,-1
66142.310962,1683.8,0.001,-1
66142.310962,1683.8,0.127,-1
66142.310765,1683.75,1.10767104,-1
66142.310765,1683.75,1.13725747,-1
66142.310765,1683.75,0.05938728,-1
66142.310765,1683.75,0.89086859,-1
66142.370892,1684.09,0.46964414,-1
66142.345179,1683.86,0.121,-1
66142.334924,1683.9,0.121,-1
66142.456301,1684.04,1,1
66142.448716,1684.06,1,1
66142.828098,1683.8,0.018,-1
66142.747017,1683.8,0.05879977,-1
66143.436035,1684.09,1.575,1
66143.436035,1684.09,1.18780616,1
66143.352847,1684,0.001,-1
66143.573254,1684.09,1.18758172,1
66143.568063,1684.09,0.37091461,1
66143.978824,1684.1,0.001,-1
66144.871918,1684.17,0.01154336,-1
66145.498333,1684.12,1,1
66145.476271,1684.16,1,1
66145.645213,1684.03,0.0255779,-1
66146.197943,1684.02,0.99999972,1
66146.197943,1684.02,0.05938728,1
66146.721787,1683.93,0.00293936,-1
66147.067248,1683.96,1.187646,1
66147.22598,1683.91,0.05880222,-1
66150.417548,1683.83,11.87867125,1
66150.417403,1683.85,0.14846487,1
66150.417403,1683.87,1.18772461,1
66150.417403,1683.9,0.001,1
66151.038679,1683.7,0.001,1
66151.038679,1683.71,1.18772461,1
66151.038679,1683.8,0.001,1
66151.388686,1683.69,0.066045,-1
66152.18643,1684.1,0.001,-1
66152.18643,1684.04,0.54204923,-1
66152.165898,1684.03,0.5,-1
66152.163243,1684.03,0.5,-1
66152.153614,1684,0.001,-1
66152.150223,1683.9,0.07421065,-1
66152.150223,1683.83,0.03478935,-1
66152.149676,1683.83,0.03639836,-1
66152.148151,1683.92,0.776697,-1
66152.148151,1683.91,1.18772461,-1
66152.148151,1683.9,0.001,-1
66152.147777,1683.87,0.00577734,-1
66152.147777,1683.86,0.00231406,-1
66152.144305,1683.8,1.3792,-1
66152.144305,1683.8,1.37851,-1
66152.144305,1683.79,0.61824647,-1
66152.144216,1683.79,1.54444095,-1
66152.144216,1683.79,0.35113726,-1
66152.144206,1683.79,1.89557821,-1
66152.144108,1683.79,0.87210548,-1
66152.144108,1683.78,0.05938728,-1
66152.144108,1683.68,0.77084433,-1
66152.144108,1683.67,0.89091209,-1
66152.144108,1683.67,0.28475085,-1
66152.230048,1684.13,1.18788,1
66152.406987,1684.06,1,1
66152.406987,1684.08,1,1
66152.398275,1684.09,1.18788,1
66152.718161,1683.74,0.00529126,-1
66152.698065,1683.73,0.58431,1
66152.970985,1683.75,0.05971262,-1
66154.394623,1683.76,1,1
66154.394623,1683.78,1,1
66154.394623,1683.79,0.00079581,1
66154.724159,1683.68,1,1
66154.724159,1683.7,1,1
66154.724159,1683.7,0.001,1
66155.032242,1683.6,0.83900676,1
66155.032087,1683.6,0.16099324,1
66155.032087,1683.6,0.001,1
66155.049532,1683.58,0.83901,1
66155.629206,1683.4,0.001,1
66155.622804,1683.5,0.001,1
66155.812638,1683.22,0.75865392,-1
66155.812638,1683.21,0.05938728,-1
66155.751033,1683.3,0.001,1
66157.529836,1683.8,0.001,-1
66157.475003,1683.63,0.0018512,-1
66157.475003,1683.63,0.00518719,-1
66157.452601,1683.6,0.001,-1
66157.634255,1683.9,0.001,-1
66157.928188,1683.98,1,1
66158.084284,1683.93,0.036,-1
66158.345546,1683.92,0.11265673,-1
66159.077213,1683.9,0.3428,1
66159.293062,1683.85,0.00468066,1
66159.533234,1683.69,1.18788187,1
66159.533234,1683.7,0.001,1
66160.733831,1683.61,0.00141122,-1
66161.829006,1683.74,1.59505769,-1
66161.829006,1683.7,0.109,-1
66161.829006,1683.69,0.05938728,-1
66161.828183,1683.63,0.89093653,-1
66161.828183,1683.61,1.06691731,-1
66161.846885,1684.09,0.48574272,-1
66161.846885,1684.08,0.1536,-1
66161.846885,1684.01,0.89144569,-1
66161.83318,1684,0.05,-1
66161.83318,1684,1.575,-1
66161.83318,1684,10,-1
66161.83318,1684,10,-1
66161.83318,1684,0.001,-1
66161.832118,1683.9,0.001,-1
66161.832118,1683.9,10,-1
66161.832118,1683.83,1.18804209,-1
66161.832046,1683.8,1.37307,-1
66161.832046,1683.78,1.575,-1
66161.831529,1683.74,1.10614602,-1
66161.99091,1684.15,0.89144569,1
66161.99091,1684.15,0.0325045,1
66161.989663,1684.15,1.15545825,1
66161.986324,1684.15,0.89144569,1
66161.97714,1684.13,0.89144569,1
66161.97714,1684.15,0.36485,1
66161.97714,1684.15,0.37294,1
66161.93579,1684.1,0.001,-1
66161.93579,1684.04,0.48284585,-1
66161.932118,1684.04,0.04234815,-1
66161.932118,1684,1.651986,-1
66162.448691,1683.89,0.00000593,1
66164.614083,1683.83,0.01859171,-1
66166.794356,1683.77,0.00058795,-1
66168.075338,1683.8,0.03887415,-1
66169.175381,1683.88,0.0041503,-1
66169.614488,1684,0.03134122,-1
66169.614488,1684,0.001,-1
66169.689857,1684,0.06759206,-1
66170.273321,1683.77,0.00094833,1
66170.372461,1683.53,0.14846399,1
66170.372461,1683.57,0.14846399,1
66170.372461,1683.6,0.001,1
66170.372461,1683.7,0.001,1
66170.82254,1683.63,0.05938728,-1
66170.82254,1683.63,0.89093701,-1
66170.846817,1683.8,0.001,-1
66171.47236,1683.96,0.05863425,-1
66171.649536,1684,0.001,-1
66172.421833,1684.21,1.18687521,-1
66172.418877,1684.21,0.00082922,-1
66172.418877,1684.2,0.001,-1
66172.418877,1684.19,0.38908539,-1
66172.418833,1684.19,0.61091461,-1
66172.418803,1684.15,0.05938728,-1
66172.418803,1684.13,0.39867013,-1
66172.418195,1684.13,0.492,-1
66172.418195,1684.1,0.001,-1
66176.826628,1684.1,0.00757593,-1
66178.369052,1684.08,0.11151173,-1
66178.369052,1684.06,0.00366464,-1
66178.369052,1684.06,0.01099391,-1
66178.369052,1684.06,0.01465857,-1
66178.9252,1684,1.1876784,1
66181.440235,1683.94,0.0078687,-1
66181.440235,1683.89,0.01465856,-1
66181.386883,1683.9,1.18768139,1
66181.386883,1683.9,0.32891461,1
66181.386883,1683.9,0.001,1
66181.646122,1683.8,0.001,1
66182.058072,1683.6,0.0009678,1
66182.058072,1683.7,0.001,1
66182.384713,1684.17,0.36507674,1
66182.371131,1684.13,1.575,-1
66182.371131,1684.1,0.001,-1
66182.371131,1684.1,0.089,-1
66182.36874,1684.08,0.4,-1
66182.36874,1684.08,0.00148114,-1
66182.36874,1684.08,0.00332023,-1
66182.36874,1683.98,0.50454232,-1
66182.36874,1683.9,0.001,-1
66182.36874,1683.81,0.00521895,-1
66182.36874,1683.76,0.00183232,-1
66182.364056,1683.79,1.1879579,-1
66182.363137,1683.77,0.68531781,-1
66182.361718,1683.77,0.05775705,-1
66182.361667,1683.77,0.14837083,-1
66182.361214,1683.69,0.05938728,-1
66182.360032,1683.61,0.89094267,-1
66182.360032,1683.61,0.00366464,-1
66182.360032,1683.61,0.00366464,-1
66182.608243,1684.12,0.324914,1
66182.4395,1684.15,0.36485,1
66182.638799,1684.12,0.323914,1
66182.999338,1683.8,0.01689544,-1
66185.263278,1683.62,0.00088694,1
66185.263278,1683.62,1.18791422,1
66185.983057,1683.69,0.66877718,-1
66185.983057,1683.68,0.05938728,-1
66185.983057,1683.62,0.89093738,-1
66185.983057,1683.61,1.09383325,-1
66185.983057,1683.61,1.19427003,-1
66185.983057,1683.61,1.18912643,-1
66185.983057,1683.61,1.14110678,-1
66185.983057,1683.61,0.89779,-1
66185.983057,1683.61,1.813,-1
66186.513847,1683.36,0.89107243,1
66186.513847,1683.4,0.001,1
66186.507778,1683.5,0.001,1
66186.491551,1683.53,1.18793371,1
66186.491551,1683.6,0.001,1
66186.491551,1683.6,0.0000322,1
66187.026281,1683.4,0.00879385,-1
66187.026281,1683.32,0.00274848,-1
66187.941919,1683.26,0.11952501,1
66187.941919,1683.3,0.001,1
66188.379898,1683.41,0.00000594,1
66189.022086,1683.4,0.24698059,-1
66189.022086,1683.4,0.084,-1
66189.619627,1683.32,0.19414191,1
66189.619627,1683.33,0.29931288,1
66189.619627,1683.33,0.29931287,1
66189.654115,1683.23,0.01176044,-1
66189.749638,1683.22,0.87761135,1
66190.241021,1683.21,0.00563215,-1
66190.407824,1683.1,0.001,1
66190.407824,1683.2,0.001,1
66192.392479,1683.11,0.00000594,1
66193.208438,1683,8,1
66193.208438,1683,0.001,1
66194.064106,1683.08,0.05516118,-1
66194.064106,1683.01,0.00118493,-1
66196.893547,1682.8,0.001,1
66196.887455,1682.9,0.00076356,1
66196.887455,1682.9,0.001,1
66197.578518,1682.7,0.001,1
66198.577273,1682.49,11.8809999,1
66198.577273,1682.5,1.4858841,1
66198.577273,1682.5,0.19999929,1
66198.577273,1682.5,0.001,1
66198.57649,1682.55,0.1485125,1
66198.57649,1682.56,1.18850334,1
66198.57649,1682.58,0.20470575,1
66198.574763,1682.58,0.79529425,1
66198.574763,1682.6,1,1
66198.574763,1682.6,0.001,1
66199.819782,1682.7,0.001,-1
66199.807631,1682.61,0.00094793,-1
66200.252101,1682.8,0.001,-1
66201.210492,1682.88,1,1
66201.269833,1682.87,1.188553,1
66201.488161,1682.85,0.01270656,-1
66201.605824,1682.85,0.03381725,-1
66202.224452,1682.85,0.02887145,-1
66202.430176,1682.85,0.008824,-1
66203.199156,1682.86,0.00265629,-1
66203.916578,1682.9,0.02787556,-1
66203.916578,1682.9,0.001,-1
66204.186976,1682.88,1,1
66204.684862,1682.84,0.05774124,-1
66204.817274,1682.82,1,1
66205.524229,1682.6,1.18855313,1
66205.524229,1682.6,0.001,1
66205.46999,1682.74,1,1
66205.466748,1682.76,0.35311039,1
66205.465706,1682.76,0.64688961,1
66208.146069,1682.5,0.28875278,1
66208.146069,1682.5,0.001,1
66211.136306,1682.5,0.06425986,1
66211.213459,1682.27,0.04526203,1
66211.213459,1682.3,0.001,1
66211.213459,1682.37,0.03319061,1
66211.213459,1682.38,0.06638121,1
66211.213459,1682.4,0.001,1
66211.184752,1682.47,1.18855313,1
66211.178955,1682.48,0.11133466,1
66211.178955,1682.5,0.00076728,1
66211.178955,1682.5,0.28875,1
66211.178955,1682.5,0.64698736,1
66211.478574,1682.39,0.00225314,-1
66212.158349,1682.57,1.188666,1
66212.013071,1682.41,0.52166354,-1
66212.012842,1682.41,0.36991461,-1
66212.387781,1682.56,0.16759365,1
66212.387781,1682.56,0.16759366,1
66212.594806,1683.01,0.00075815,-1
66212.594806,1683,0.00471416,-1
66212.594806,1683,0.05,-1
66212.594806,1683,0.001,-1
66212.594806,1682.96,0.04835404,-1
66212.594806,1682.88,0.47917617,-1
66212.590658,1682.88,0.049,-1
66212.589907,1682.96,0.011,-1
66212.589907,1682.94,0.048,-1
66212.589907,1682.9,0.001,-1
66212.58389,1682.84,1.15823991,-1
66212.58389,1682.8,0.001,-1
66212.580355,1682.75,0.00755643,-1
66212.580261,1682.75,0.73455643,-1
66212.578895,1682.68,0.47919596,-1
66212.576521,1682.76,0.4845247,-1
66212.576496,1682.76,0.6924753,-1
66212.576422,1682.72,0.43015204,-1
66212.576117,1682.72,0.07700636,-1
66212.575894,1682.72,0.2934186,-1
66212.575894,1682.7,0.001,-1
66212.57589,1682.69,1.18870466,-1
66212.575797,1682.65,0.77771468,-1
66212.575797,1682.64,0.0593559,-1
66212.575568,1682.62,0.14859283,-1
66212.575568,1682.6,0.001,-1
66212.575568,1682.59,0.00075834,-1
66212.575568,1682.58,0.00471534,-1
66212.570506,1682.5,1.42992119,-1
66212.570127,1682.5,0.10597381,-1
66212.570127,1682.48,0.89154105,-1
66212.570127,1682.48,0.43240633,-1
66212.622759,1683.2,0.00113122,-1
66212.622759,1683.2,0.05,-1
66212.622759,1683.2,0.001,-1
66212.622759,1683.2,0.084,-1
66212.622759,1683.1,0.001,-1
66212.622759,1683.1,0.084,-1
66212.622759,1683.05,0.096,-1
66216.405268,1682.78,1,1
66216.405268,1682.8,1,1
66216.405268,1682.8,0.001,1
66217.515874,1682.71,0.00956272,-1
66217.962398,1682.71,0.010385,-1
66218.501463,1682.71,0.00588442,-1
66219.593556,1682.71,0.072165,-1
66220.025051,1682.68,0.1220618,-1
66220.025051,1682.68,0.21620316,-1
66219.957333,1682.7,1,1
66219.957333,1682.7,0.001,1
66220.548609,1682.76,0.31077886,1
66220.544532,1682.76,0.33355611,1
66220.544532,1682.78,1,1
66220.544532,1682.79,0.0614873,1
66220.544532,1682.79,0.18446189,1
66220.544532,1682.79,0.24594921,1
66222.111076,1682.7,0.64433,1
66222.111076,1682.7,0.04488503,1
66222.111076,1682.7,0.31078,1
66222.142254,1682.66,1,1
66222.34795,1682.6,0.000763,1
66222.34795,1682.6,0.001,1
66223.026354,1682.8,0.001,-1
66225.4032,1683.08,0.02054372,-1
66225.4032,1683,0.001,-1
66225.4032,1682.9,0.001,-1
66225.486126,1683.1,0.001,-1
66225.465754,1683.08,0.27659778,-1
66225.714479,1683.15,0.00380375,-1
66225.82504,1683.38,1.188278,1
66225.795782,1683.38,0.25214,1
66225.735192,1683.4,0.00437524,-1
66225.735192,1683.4,0.05,-1
66225.735192,1683.4,0.001,-1
66225.735192,1683.3,0.001,-1
66225.729225,1683.2,0.001,-1
66225.997867,1683.24,0.75476877,1
66226.016877,1683.24,0.05935585,1
66226.016877,1683.24,1.18827892,1
66226.016877,1683.24,1.05823123,1
66226.713769,1683.4,0.01311983,-1
66227.330848,1683.42,0.00172947,-1
66227.663737,1683.42,0.05636854,-1
66228.085197,1683.45,0.07057722,-1
66228.229774,1683.42,0.3347442,1
66228.229723,1683.42,0.6652558,1
66228.229723,1683.44,1,1
66229.500419,1683.31,0.01240214,-1
66230.644708,1683.31,0.02818317,-1
66231.314292,1683.26,1,1
66231.276133,1683.3,1,1
66231.888317,1683.22,0.00588092,-1
66233.919135,1683.18,0.59453144,1
66233.919059,1683.2,0.59446856,1
66233.918787,1683.2,0.40553144,1
66233.918787,1683.2,0.001,1
66233.997579,1683.16,0.40545944,1
66233.997579,1683.16,0.00000056,1
66233.971532,1683.16,0.405468,1
66234.4766,1683.29,0.02817528,-1
66236.798436,1683.28,0.000766,1
66236.798436,1683.28,1,1
66236.858096,1683.24,1,1
66237.845399,1683.23,0.30709609,-1
66237.845399,1683.23,0.0593559,-1
66238.633644,1683.23,0.0593559,-1
66239.446799,1683.39,0.288221,1
66240.161845,1683.35,1.18827258,1
66240.161845,1683.36,1,1
66240.161845,1683.38,1,1
66240.499287,1683.28,1,1
66240.567815,1683.24,0.00000594,1
66240.727067,1683.22,0.999994,1
66244.193359,1683.38,1,1
66244.420844,1683.3,1,1
66244.745397,1683.29,0.17319986,-1
66247.419853,1683.38,1,1
66247.419853,1683.39,1.18817109,1
66247.380431,1683.39,1.18817039,1
66247.380431,1683.39,0.37891461,1
66247.347859,1683.39,1.18817078,1
66247.347859,1683.39,0.14411061,1
66247.347859,1683.39,0.37991461,1
66247.947907,1683.44,0.05422154,-1
66247.947907,1683.4,0.001,-1
66248.131285,1683.38,0.42628498,1
66248.143713,1683.38,0.00076398,1
66248.143713,1683.38,0.57371502,1
66248.375694,1683.36,0.0593559,-1
66248.375694,1683.34,0.89108557,-1
66248.468702,1683.45,0.31765,1
66249.459586,1683.42,1,1
66249.661366,1683.36,0.10200263,1
66250.862233,1683.3,0.01499994,1
66251.018255,1683.31,0.00539258,-1
66251.401917,1683.31,0.00212502,-1
66253.279785,1683.37,0.061295,-1
66253.729778,1683.37,0.11077237,-1
66254.631712,1683.41,0.05773054,-1
66254.726685,1683.4,0.380914,1
66254.724519,1683.41,0.08197902,-1
66254.711508,1683.39,1.10603792,1
66254.711508,1683.39,0.38091461,1
66254.711508,1683.4,1,1
66254.711508,1683.4,0.07904449,1
66254.711508,1683.4,0.0790445,1
66254.711508,1683.4,0.38091461,1
66254.946795,1683.37,0.02399948,1
66256.105999,1683.28,1.18812989,1
66256.105999,1683.29,0.14850721,1
66256.105999,1683.34,0.0790445,1
66256.324259,1683.1,0.001,1
66256.316592,1683.2,0.001,1
66256.313121,1683.22,0.1511166,1
66256.514637,1682.98,0.93971396,1
66256.514637,1683,1,1
66256.514637,1683,0.001,1
66256.558047,1682.98,0.060286,1
66256.897761,1682.9,0.001,1
66256.897761,1682.98,0.00000004,1
66256.994567,1682.8,0.001,1
66257.081836,1682.7,0.113,1
66257.081836,1682.7,0.001,1
66257.159577,1682.7,0.11563654,-1
66257.39972,1683,0.001,-1
66257.39972,1683,0.119,-1
66257.39972,1682.99,0.0593559,-1
66257.39972,1682.97,0.0016999,-1
66257.39972,1682.89,0.37991461,-1
66257.39972,1682.88,0.37991461,-1
66257.39972,1682.86,1.19255291,-1
66257.39972,1682.86,0.25132973,-1
66257.39972,1682.86,0.25132974,-1
66257.438815,1683.1,0.0451345,-1
66257.438815,1683.1,0.02356216,-1
66257.573345,1683.26,0.54848069,-1
66257.572809,1683.2,0.113,-1
66257.572809,1683.2,0.16677772,-1
66257.572359,1683.2,0.2919259,-1
66257.568604,1683.2,0.12514819,-1
66257.568505,1683.2,0.01214819,-1
66257.568505,1683.2,0.113,-1
66257.563612,1683.19,0.595,-1
66257.79015,1683.17,0.383018,1
66258.401021,1683.17,0.05935555,1
66258.401021,1683.17,1.18842545,1
66258.370688,1683.17,0.05935555,1
66258.370688,1683.17,1.18842545,1
66258.453302,1683.17,1.18842465,1
66258.453302,1683.17,0.00000035,1
66259.247576,1683.18,1.1884251,1
66259.247576,1683.18,0.0593559,1
66259.489424,1683.11,0.05935555,1
66259.489424,1683.11,1.18842545,1
66259.72034,1683,1.188425,1
66259.72034,1683,0.001,1
66259.750677,1683,1.188425,1
66261.176457,1683.06,0.00573577,-1
66262.439419,1683.06,0.00845118,-1
66262.503847,1683.06,0.01053206,-1
66263.264026,1683.06,0.01176184,-1
66263.432646,1683.05,0.00076412,1
66263.432646,1683.05,1.18842545,1
66264.427225,1682.92,1.188277,1
66264.716714,1682.96,0.00056465,-1
66264.921813,1682.95,1.188277,1
66264.909422,1682.95,0.66611197,1
66266.743347,1683.19,0.00411718,-1
66266.87199,1683.18,0.00688,1
66267.339035,1683.2,0.01343392,-1
66267.339035,1683.2,0.001,-1
66267.955842,1683.2,0.00588232,-1
66268.512289,1683.12,0.89119775,1
66268.502438,1683.19,0.0593559,1
66268.502438,1683.19,1.18826642,1
66268.604327,1683.12,1.18826642,1
66268.664243,1683.03,0.00297083,1
66268.664243,1683.03,0.00297083,1
66268.821889,1682.91,0.30415698,1
66269.406782,1682.95,0.00573526,-1
66269.753046,1683.01,0.00573509,-1
66270.447014,1682.96,0.14088909,-1
66271.566665,1682.95,0.03584676,-1
66271.566665,1682.94,0.2026701,-1
66271.566665,1682.94,0.2026701,-1
66273.907538,1683.13,0.89119675,-1
66273.907538,1683.12,0.0593559,-1
66273.907538,1683.05,0.00343498,-1
66273.956949,1683.2,0.001,-1
66274.028866,1683.3,0.001,-1
66274.819527,1683.3,0.00082502,1
66274.819527,1683.3,0.58315698,1
66275.011255,1683.25,1.18808225,-1
66274.975374,1683.17,0.8911802,-1
66276.290783,1683.16,0.89118087,-1
66276.259023,1683.15,0.00000594,1
66276.248052,1683.15,0.00486587,1
66276.361177,1683.4,0.00006532,-1
66276.3387,1683.34,0.24685472,-1
66276.3387,1683.34,0.0593559,-1
66278.239234,1683.28,0.11764706,-1
66279.920927,1683.27,0.01408857,-1
66280.054405,1683.16,0.89779,1
66281.52373,1683,0.35591461,1
66281.52373,1683.01,0.35691461,1
66281.52373,1683.02,0.35691461,1
66281.487572,1683,0.001,1
66281.487476,1683.03,0.05871534,1
66281.478715,1683.1,0.001,1
66282.324276,1682.74,0.3396414,1
66282.324276,1682.8,0.001,1
66282.324276,1682.88,1.18832059,1
66282.314468,1682.87,0.03272722,1
66282.314468,1682.88,1.18832059,1
66282.314468,1682.9,10,1
66282.314468,1682.9,0.097,1
66282.314468,1682.9,0.00404007,1
66282.314468,1682.9,0.001,1
66282.314468,1682.91,1.48122929,1
66282.314468,1682.92,0.46319771,1
66282.528772,1682.82,0.93607979,-1
66282.521427,1682.8,0.097,-1
66282.521427,1682.71,0.39146102,-1
66282.520997,1682.71,0.00853898,-1
66282.520997,1682.7,1.624501,-1
66282.520997,1682.7,0.097,-1
66282.520997,1682.69,2.49707095,-1
66282.520997,1682.64,0.18420057,-1
66282.520997,1682.64,0.18420057,-1
66282.520997,1682.64,0.59067907,-1
66282.520997,1682.64,1.813,-1
66282.520997,1682.64,0.89779,-1
66282.505411,1682.69,0.03363489,1
66282.505411,1682.7,0.001,1
66282.629959,1682.95,0.0593559,-1
66282.625185,1682.88,4.36683092,-1
66282.623596,1682.83,0.02518367,-1
66282.623596,1682.83,0.04461109,-1
66282.623596,1682.83,0.11440581,-1
66285.006279,1682.96,0.03493391,-1
66286.112134,1682.95,0.02100391,1
66288.308137,1683.1,0.0593559,-1
66288.28324,1683.04,0.50539776,-1
66288.28324,1683.01,0.10260224,-1
66288.420167,1683.3,0.05682195,-1
66288.420167,1683.3,0.001,-1
66288.420167,1683.2,0.001,-1
66288.546959,1683.3,0.02253823,-1
66290.128439,1683.58,0.09755825,-1
66290.128439,1683.58,0.34535636,-1
66290.128428,1683.58,0.54608933,-1
66290.128428,1683.57,0.01282528,-1
66290.117306,1683.59,0.04261349,-1
66290.117306,1683.59,0.40030112,-1
66290.117205,1683.59,0.49303194,-1
66290.117205,1683.58,0.00939247,-1
66290.117205,1683.56,0.0564902,-1
66290.116422,1683.57,0.33591461,1
66290.113532,1683.57,0.448895,1
66290.113111,1683.57,0.448895,1
66290.106722,1683.58,0.44291461,-1
66290.106698,1683.58,0.43913861,-1
66290.106698,1683.54,0.118776,-1
66290.106698,1683.5,0.001,-1
66290.096088,1683.46,0.55891461,-1
66290.09584,1683.46,0.2330274,-1
66290.09584,1683.46,0.00007707,-1
66290.09584,1683.45,0.0593559,-1
66290.09584,1683.41,0.14851956,-1
66290.09584,1683.4,0.001,-1
66290.09584,1683.4,0.00093468,-1
66290.0925,1683.33,0.89109087,-1
66290.192156,1683.57,0.44191461,-1
66290.140563,1683.57,0.55891461,-1
66290.140192,1683.57,0.28759301,-1
66290.140192,1683.57,0.1553216,-1
66290.478207,1683.9,0.001,-1
66290.478207,1683.8,0.001,-1
66290.366582,1683.76,0.18203915,-1
66290.366582,1683.76,0.0593559,-1
66290.366582,1683.76,0.14851956,-1
66290.366582,1683.74,0.048,-1
66290.366582,1683.7,0.001,-1
66290.366582,1683.6,0.001,-1
66290.588655,1683.91,0.43691461,-1
66290.544683,1683.9,0.560914,1
66291.121183,1683.85,0.21196051,1
66291.121183,1683.9,0.00000061,1
66291.183849,1683.73,0.55511151,1
66291.181063,1683.7,0.001,1
66291.181063,1683.72,0.89144569,1
66291.332775,1683.75,0.342914,1
66291.435706,1683.75,0.15484929,-1
66291.435706,1683.75,0.0593559,-1
66291.435706,1683.75,0.36970942,-1
66291.435585,1683.75,0.41791461,-1
66291.383668,1683.75,0.58391461,-1
66291.383472,1683.75,0.20346136,-1
66291.383472,1683.75,0.21445325,-1
66291.377793,1683.75,0.00000021,1
66291.372198,1683.75,0.132753,1
66291.339717,1683.75,0.2141614,1
66291.339717,1683.75,0.00000061,1
66291.477807,1683.8,0.11096592,-1
66291.477807,1683.76,0.47394869,-1
66291.477661,1683.76,0.41691461,-1
66291.58869,1683.81,0.09447038,-1
66291.58869,1683.81,0.32244423,-1
66292.329178,1683.81,0.0593559,-1
66292.329178,1683.81,0.89083685,-1
66292.329178,1683.81,0.2928536,-1
66292.328403,1683.81,0.8006942,-1
66292.418994,1684.07,1.76799861,-1
66292.416057,1684.07,0.58891461,-1
66292.415548,1684.07,0.19827681,-1
66292.415548,1684.07,0.1553216,-1
66292.415548,1684.04,0.0593162,-1
66292.414227,1684.03,1.18801818,-1
66292.414227,1684.03,0.1553216,-1
66292.414227,1684.03,0.147609,-1
66292.405144,1684.03,0.005991,-1
66292.405144,1684.03,0.40692361,-1
66292.405097,1684.03,0.58891461,-1
66292.373614,1684.03,0.143,-1
66292.370736,1684.03,0.04917996,-1
66292.370736,1684.03,0.53973465,-1
66292.370536,1684.03,0.35359841,-1
66292.370536,1684.03,0.0593162,-1
66292.343413,1683.99,0.89333306,-1
66292.343413,1683.98,1.30019358,-1
66292.343413,1683.96,4.29049001,-1
66292.341259,1684.04,0.05931602,-1
66292.341259,1684.04,2.31727829,-1
66292.341259,1684.03,0.89144569,-1
66292.339427,1684.01,4.29049001,-1
66292.339427,1684,2.41054436,-1
66292.339427,1684,1.18013691,-1
66292.339427,1684,1.156,-1
66292.339427,1684,0.001,-1
66292.339427,1683.99,0.14851956,-1
66292.339427,1683.99,0.89333306,-1
66292.339427,1683.98,0.01110206,-1
66292.33931,1683.98,1.21294678,-1
66292.33931,1683.91,0.00310451,-1
66292.502229,1684.4,0.05,-1
66292.502229,1684.4,0.001,-1
66292.502229,1684.33,0.00310373,-1
66292.502229,1684.3,0.001,-1
66292.490135,1684.29,0.048,-1
66292.478435,1684.2,0.001,-1
66292.478435,1684.19,0.096,-1
66292.456674,1684.1,0.59591461,-1
66292.456647,1684.1,0.40591461,-1
66292.454748,1684.1,0.1386408,-1
66292.432025,1684.18,0.59091461,-1
66292.431831,1684.18,0.40991461,-1
66292.431831,1684.1,0.001,-1
66292.63094,1684.33,0.89144569,1
66292.63094,1684.42,0.43877787,1
66293.271433,1684.27,0.38061105,-1
66293.591231,1684.6,0.001,-1
66293.560931,1684.5,0.001,-1
66293.558061,1684.45,0.40385335,-1
66293.558061,1684.44,0.0593559,-1
66293.654301,1684.64,0.07764634,-1
66294.145295,1684.8,0.001,-1
66294.134982,1684.79,0.0593559,-1
66294.134982,1684.72,0.00135966,-1
66294.134982,1684.7,0.001,-1
66294.134982,1684.69,0.12364023,-1
66294.134529,1684.69,0.76673129,-1
66294.134529,1684.69,1.18751514,-1
66294.134529,1684.69,1,-1
66294.298106,1684.89,0.35491378,1
66294.298106,1684.89,0.00000022,1
66294.267086,1684.89,0.35491439,1
66294.267086,1684.89,0.00000061,1
66294.237925,1684.89,0.355914,1
66294.925977,1684.8,0.41291461,-1
66294.925846,1684.8,0.58891461,-1
66295.107186,1684.79,0.89144569,1
66295.107186,1684.8,0.46740992,1
66295.040467,1684.88,0.11543092,-1
66295.560758,1684.73,9.57830061,1
66295.560758,1684.74,0.89144569,1
66295.925106,1684.69,0.58591461,-1
66295.925006,1684.69,0.1188755,-1
66295.925006,1684.68,0.29703911,-1
66295.914677,1684.68,0.41591461,-1
66295.914624,1684.68,0.21961958,-1
66295.914624,1684.68,0.04578688,-1
66295.914624,1684.68,0.13736064,-1
66295.914624,1684.68,0.18314751,-1
66296.267149,1684.9,0.001,-1
66296.251245,1684.89,0.05219164,-1
66296.251245,1684.86,0.0593559,-1
66296.251245,1684.86,0.30536707,-1
66296.251002,1684.86,0.58491461,-1
66296.577409,1685.1,0.001,-1
66296.577214,1685,0.001,-1
66296.577214,1685,0.3,-1
66296.63792,1685.17,0.11171131,-1
66296.63792,1685.17,0.3052033,-1
66296.637525,1685.17,0.58491461,-1
66297.818411,1685.17,0.03141953,1
66298.019668,1685.2,0.001,-1
66298.019668,1685.19,0.18338301,-1
66298.005219,1685.18,0.41591461,-1
66298.004866,1685.18,0.58591461,-1
66297.994188,1685.18,0.1117166,-1
66297.994188,1685.18,0.30419801,-1
66297.993963,1685.18,0.58591461,-1
66297.984015,1685.19,0.58591461,-1
66297.983962,1685.19,0.23070238,-1
66297.983962,1685.18,0.18521223,-1
66297.9738,1685.18,0.41591461,-1
66297.973734,1685.18,0.58591461,-1
66297.961845,1685.18,0.58591461,-1
66297.961801,1685.18,0.1734112,-1
66297.961801,1685.18,0.09157376,-1
66297.961801,1685.18,0.0593559,-1
66297.961801,1685.18,0.09157375,-1
66298.95443,1685.13,0.02598459,-1
66298.95443,1685.12,0.04578688,-1
66298.95443,1685.12,0.04578688,-1
66299.922682,1685.12,0.18500328,1
66300.532504,1685.01,0.28838374,-1
66300.802771,1685.13,0.0010881,-1
66300.784294,1685.02,1.13478281,-1
66300.784114,1685.02,0.05227089,-1
66300.784114,1685.01,0.36064372,-1
66300.783755,1685.01,0.52955871,-1
66300.783755,1685.01,0.0593559,-1
66300.889647,1685.19,0.41208539,-1
66300.889373,1685.19,0.58791461,-1
66301.385565,1685.21,0.05956377,1
66301.385565,1685.23,0.35291461,1
66301.524267,1685.23,0.4751716,-1
66301.524186,1685.23,0.41491461,-1
66301.68517,1685.24,0.03085747,-1
66301.68517,1685.24,0.00297083,-1
66301.812864,1685,0.001,1
66301.812864,1685.03,0.35191461,1
66301.812864,1685.04,0.35191461,1
66301.812864,1685.04,0.55421311,1
66301.797931,1685.08,1.18682036,1
66301.797931,1685.23,0.00161889,1
66302.42023,1685.01,0.47428782,-1
66302.420108,1685.01,0.41591461,-1
66303.281974,1685,0.41891461,-1
66303.281746,1685,0.58291461,-1
66303.939611,1685.07,0.0593559,-1
66304.863447,1685.09,0.03709756,1
66305.339935,1685.25,0.2554679,-1
66305.339935,1685.24,0.16144671,-1
66305.328901,1685.26,0.10849616,-1
66305.328901,1685.26,0.47641845,-1
66305.328846,1685.26,0.41691461,-1
66305.318139,1685.29,1.19223506,-1
66305.318139,1685.28,0.89333306,-1
66305.318139,1685.26,1.18682036,-1
66305.318139,1685.24,0.10332327,-1
66305.318139,1685.23,1.30353558,-1
66305.318139,1685.2,0.001,-1
66305.318139,1685.19,1.18682036,-1
66305.318139,1685.1,0.13293231,-1
66305.317006,1685.1,0.41691461,-1
66305.316986,1685.1,0.58491461,-1
66305.275414,1685.1,0.05231805,-1
66305.275414,1685.1,0.0593559,-1
66305.275414,1685.1,0.47324066,-1
66305.275279,1685.1,0.41691461,-1
66305.377055,1685.31,0.11077998,-1
66305.377055,1685.3,0.47313463,-1
66305.376977,1685.3,0.41691461,-1
66305.376977,1685.3,0.001,-1
66305.361031,1685.26,0.58391461,-1
66305.360902,1685.26,0.34141963,-1
66305.360902,1685.26,0.07649498,-1
66305.351276,1685.26,0.58391461,-1
66305.350942,1685.26,0.41791461,-1
66305.341219,1685.25,0.58491461,-1
66305.443557,1685.3,0.58391461,-1
66305.443479,1685.3,0.41791461,-1
66305.815486,1685.39,0.00297083,-1
66305.815486,1685.38,0.89000729,-1
66305.80286,1685.3,0.04400947,-1
66305.80286,1685.3,0.00087044,-1
66305.80286,1685.3,0.77216497,-1
66305.799015,1685.3,0.41491461,-1
66305.793265,1685.3,0.61820456,-1
66305.990368,1685.4,0.07398516,-1
66305.990368,1685.4,0.001,-1
66306.276322,1685.78,0.41491461,-1
66306.276213,1685.78,0.58691461,-1
66306.27202,1685.78,0.49446516,-1
66306.27202,1685.7,0.106,-1
66306.246782,1685.83,2.31585151,-1
66306.246782,1685.8,0.001,-1
66306.244784,1685.72,0.00087023,-1
66306.23574,1685.71,1.575,-1
66306.23574,1685.7,4.29049001,-1
66306.23574,1685.7,0.001,-1
66306.23574,1685.65,0.88986884,-1
66306.23574,1685.6,0.001,-1
66306.23574,1685.5,0.49707855,-1
66306.229889,1685.5,0.68971761,-1
66306.229889,1685.5,0.001,-1
66306.229889,1685.49,0.24217008,-1
66306.168866,1685.46,0.0593559,-1
66306.384248,1685.93,0.41791461,-1
66306.377279,1685.94,0.00236494,1
66306.373801,1685.94,0.0829092,1
66306.36804,1685.92,0.00798981,-1
66306.36804,1685.9,0.001,-1
66306.36804,1685.85,0.49301548,-1
66306.368006,1685.85,0.29425484,-1
66306.368006,1685.84,0.00945977,-1
66306.368006,1685.76,0.1142,-1
66306.355264,1685.85,0.41691461,-1
66306.354947,1685.85,0.37081507,-1
66306.354947,1685.85,0.01891954,-1
66306.354947,1685.76,0.19518,-1
66306.343488,1685.86,0.41691461,-1
66306.343363,1685.86,0.58491461,-1
66306.332651,1685.8,0.54707554,-1
66306.332651,1685.77,0.03783907,-1
66306.317103,1685.77,0.58491461,-1
66306.317055,1685.77,0.25042268,-1
66306.317055,1685.69,0.01513563,-1
66306.317055,1685.69,0.01513563,-1
66306.317055,1685.69,0.04540689,-1
66306.317055,1685.68,0.09081378,-1
66306.45124,1685.82,0.41691461,-1
66306.81651,1686.2,0.001,-1
66306.81651,1686.2,0.05,-1
66306.81651,1686.16,0.29670069,-1
66306.81651,1686.15,0.0593559,-1
66306.81651,1686.14,0.00087001,-1
66306.81651,1686.1,0.001,-1
66306.81651,1686,0.001,-1
66307.326053,1686.44,0.37154766,-1
66307.326053,1686.44,0.04736695,-1
66307.283454,1686.43,0.0593559,-1
66307.283454,1686.4,0.001,-1
66307.283454,1686.38,0.18092682,-1
66307.283454,1686.3,0.001,-1
66307.428074,1686.55,0.28815825,1
66307.428074,1686.55,0.28815826,1
66307.40874,1686.53,0.31189122,-1
66307.40874,1686.52,0.27202339,-1
66307.408415,1686.52,0.41691461,-1
66307.408415,1686.5,0.001,-1
66307.388088,1686.46,0.58391461,-1
66307.388045,1686.46,0.41791461,-1
66307.375123,1686.46,0.41891461,-1
66307.374589,1686.46,0.58291461,-1
66307.357928,1686.46,0.41891461,-1
66307.357843,1686.46,0.07087304,-1
66307.357843,1686.45,0.51204157,-1
66307.344578,1686.45,0.38129149,-1
66307.344578,1686.44,0.03762312,-1
66307.344431,1686.44,0.58291461,-1
66307.336458,1686.44,0.58291461,-1
66307.449552,1686.39,0.41991461,-1
66307.665457,1686.41,0.0593559,-1
66307.665457,1686.41,0.88946341,-1
66307.665457,1686.41,0.18506866,-1
66307.820659,1686.56,0.41991461,-1
66307.779009,1686.66,2.48502094,-1
66307.779009,1686.66,0.597597,-1
66307.779009,1686.62,0.00295,-1
66307.779009,1686.6,0.001,-1
66307.912085,1686.6,0.106,-1
66307.84519,1686.5,0.88959794,1
66307.84519,1686.53,0.28815826,1
66307.954282,1686.64,0.0593559,-1
66308.078385,1686.47,0.07950247,1
66308.078385,1686.48,0.15900494,1
66308.073541,1686.45,0.64329122,1
66308.073541,1686.46,0.28199011,1
66308.06808,1686.67,0.79103957,-1
66308.06808,1686.6,0.106,-1
66308.06808,1686.48,0.07203957,-1
66308.06808,1686.48,1.575,-1
66308.06808,1686.48,0.45592086,-1
66308.052293,1686.45,0.14407913,1
66308.219119,1686.41,0.88946341,-1
66308.219119,1686.41,0.18350695,-1
66308.299105,1686.61,0.18156657,-1
66308.285627,1686.6,0.11731436,-1
66308.28562,1686.6,0.40691461,-1
66308.356891,1686.61,1.589876,-1
66308.356891,1686.61,0.0593559,-1
66308.356891,1686.61,1.18600727,-1
66308.535614,1686.4,5.80523099,1
66308.535614,1686.41,0.88959794,1
66308.535614,1686.42,0.1269027,1
66308.535614,1686.49,0.88959794,1
66308.535614,1686.49,0.04373658,1
66308.529422,1686.49,0.02330397,1
66308.529422,1686.5,10,1
66308.529422,1686.6,7.56111055,1
66308.529422,1686.61,0.19250757,1
66308.524257,1686.6,2.43888945,1
66308.520813,1686.64,0.00791919,1
66308.520813,1686.64,0.13416161,1
66308.520813,1686.64,0.37127272,1
66308.520813,1686.65,0.56273,1
66308.513025,1686.66,0.75930022,-1
66308.513025,1686.66,0.15838383,-1
66308.513025,1686.64,0.26832322,-1
66308.511413,1686.66,1.54332323,-1
66308.511413,1686.64,0.03167677,-1
66308.508837,1686.66,0.2198788,-1
66308.508837,1686.65,0.12670706,-1
66308.505171,1686.66,1.4941524,-1
66308.505171,1686.65,1.575,-1
66308.505171,1686.65,0.34658586,-1
66308.503526,1686.58,0.25341412,1
66308.493204,1686.51,0.106,-1
66308.493204,1686.51,0.18108598,-1
66308.483349,1686.48,0.74986411,1
66308.483349,1686.51,0.16894275,1
66308.477728,1686.6,10,1
66308.476342,1686.63,0.98620897,-1
66308.472222,1686.63,0.1536,-1
66308.472222,1686.63,1.18600727,-1
66308.472222,1686.63,0.88934739,-1
66308.718459,1686.65,0.89333306,-1
66308.718459,1686.64,0.88959794,-1
66308.718459,1686.56,1.49711234,-1
66308.716594,1686.56,1.18611025,-1
66308.714637,1686.56,0.1859796,-1
66308.711426,1686.56,1.43673481,-1
66308.711426,1686.52,4.29049001,-1
66308.711426,1686.45,0.55819619,-1
66308.710891,1686.45,0.62791406,-1
66308.710891,1686.45,0.1859796,-1
66308.637071,1686.67,1.08009282,-1
66308.637071,1686.66,0.89333306,-1
66308.637071,1686.66,1.575,-1
66308.637071,1686.65,4.272072,-1
66308.637071,1686.64,0.88959794,-1
66308.637071,1686.62,0.29670069,-1
66308.637071,1686.56,4.29049001,-1
66308.637071,1686.55,1.73588567,-1
66308.637071,1686.54,1.489916,-1
66308.637071,1686.53,0.0593559,-1
66308.637071,1686.49,1.575,-1
66308.637071,1686.34,1.18600727,-1
66308.637071,1686.34,0.53654864,-1
66308.803327,1686.66,1.575,-1
66308.773829,1686.6,0.106,-1
66308.768308,1686.58,0.03893142,-1
66308.768308,1686.51,0.06706858,-1
66308.768308,1686.49,0.16227432,-1
66308.767587,1686.49,0.106,-1
66309.234354,1686.65,0.04698,1
66309.165497,1686.61,0.614,1
66309.152083,1686.6,1.50464594,1
66309.318097,1686.68,0.4996483,-1
66309.318097,1686.62,0.09626631,-1
66309.317983,1686.62,0.09071721,-1
66309.317983,1686.61,0.0593559,-1
66309.317983,1686.61,0.17470434,-1
66309.317983,1686.61,0.08113716,-1
66309.439795,1686.68,0.40391461,-1
66309.439383,1686.68,0.59791461,-1
66309.45326,1686.68,0.40391461,-1
66309.698775,1686.68,0.11250819,-1
66309.698775,1686.68,0.48640642,-1
66309.698737,1686.68,0.40291461,-1
66309.652397,1686.68,0.40291461,-1
66309.652119,1686.68,0.53955871,-1
66309.652119,1686.68,0.0593559,-1
66309.974401,1686.53,0.18845286,1
66309.974401,1686.59,0.00000061,1
66309.969601,1686.59,0.359914,1
66310.33174,1686.54,0.18865201,-1
66310.471776,1686.82,2.34473092,-1
66310.471776,1686.8,0.89333306,-1
66310.471776,1686.8,0.106,-1
66310.471776,1686.8,0.001,-1
66310.471776,1686.8,0.00089089,-1
66310.471776,1686.79,0.88959794,-1
66310.471776,1686.77,0.14835034,-1
66310.471776,1686.7,0.117,-1
66310.471776,1686.7,0.001,-1
66310.471776,1686.69,1,-1
66310.471776,1686.68,1,-1
66310.471776,1686.67,4.29049001,-1
66310.471776,1686.67,0.14825094,-1
66310.471776,1686.6,1,-1
66310.471776,1686.59,0.0593559,-1
66310.599519,1686.66,0.75993478,1
66310.599519,1686.68,1,1
66310.599519,1686.69,0.24927708,1
66310.599371,1686.69,0.31015433,1
66310.649273,1686.66,0.24006522,1
66310.884608,1686.3,0.35791461,1
66310.884608,1686.31,0.35791461,1
66310.853169,1685.99,1.65501825,1
66310.853169,1686,0.001,1
66310.853169,1686.06,0.89333306,1
66310.853169,1686.1,0.001,1
66310.853169,1686.1,0.106,1
66310.853169,1686.2,0.001,1
66310.853169,1686.21,0.0593559,1
66310.852721,1686.24,0.71670721,1
66310.852574,1686.24,2.63550831,1
66310.852574,1686.3,0.001,1
66310.852574,1686.4,0.0801989,1
66310.848631,1686.4,0.27871571,1
66310.848631,1686.4,0.001,1
66310.848631,1686.41,0.35891461,1
66311.430103,1686.48,0.23762917,1
66311.335972,1686.49,0.34955871,-1
66311.335972,1686.48,0.0593559,-1
66311.498424,1686.73,0.24931461,-1
66311.498424,1686.72,0.1536,-1
66311.498424,1686.7,0.001,-1
66311.488192,1686.65,0.40391461,-1
66311.487857,1686.65,0.43951986,-1
66311.487857,1686.49,0.15839475,-1
66311.595862,1686.71,1.749111,-1
66311.595862,1686.7,0.0593559,-1
66311.595862,1686.67,0.19060381,-1
66311.595862,1686.66,0.59746516,-1
66311.595862,1686.66,0.43909886,-1
66311.830974,1686.67,0.0593559,-1
66311.830974,1686.67,0.8893263,-1
66311.830974,1686.67,0.97842607,-1
66311.830974,1686.67,1.18618991,-1
66311.87988,1687.06,0.17882265,-1
66311.87988,1687.02,1.11937682,-1
66311.87988,1687,0.05921907,-1
66311.87988,1687,0.001,-1
66311.87988,1686.99,0.89717208,-1
66311.87988,1686.98,4.29049001,-1
66311.87988,1686.97,0.89333306,-1
66311.87988,1686.97,0.88959794,-1
66311.87988,1686.95,0.88613485,-1
66311.87988,1686.9,0.14825094,-1
66311.87988,1686.9,0.001,-1
66311.87988,1686.89,0.1553216,-1
66311.87988,1686.89,0.688938,-1
66311.87988,1686.87,1.156,-1
66311.87988,1686.86,4.29049001,-1
66311.87988,1686.85,0.048,-1
66311.87988,1686.83,1.65412736,-1
66311.87988,1686.83,1.8659341,-1
66311.87988,1686.82,0.1553216,-1
66311.87988,1686.82,1.18618991,-1
66311.87988,1686.82,0.17768,-1
66311.994269,1686.95,1.154,-1
66311.993112,1686.93,0.88918923,-1
66311.993112,1686.93,1.18618991,-1
66312.226559,1687.13,0.23098367,-1
66312.226559,1687.1,0.123,-1
66312.226559,1687.1,0.88678797,-1
66312.226559,1687.1,0.001,-1
66312.226559,1687.04,0.19004213,-1
66312.226559,1687.02,1.18582148,-1
66312.226559,1687.02,0.0593559,-1
66312.226559,1687.02,0.359,-1
66312.322201,1687.05,1.12577085,-1
66312.469579,1687.17,0.38045055,1
66312.344211,1687.2,0.001,-1
66312.338729,1687.17,0.01453231,-1
66312.599817,1687.25,0.35791461,1
66312.56943,1687.29,2.33949001,-1
66312.56943,1687.18,0.18626395,-1
66312.56943,1687.17,1.575,-1
66312.56943,1687.17,0.066,-1
66312.56943,1687.17,0.0593559,-1
66312.56943,1687.17,1.06519476,-1
66312.892203,1687.13,0.88959794,1
66312.884246,1687.24,0.95707517,1
66312.884199,1687.24,0.04292483,1
66312.884199,1687.26,1,1
66312.94063,1687,0.001,1
66313.205553,1686.8,0.72226,1
66313.204241,1686.8,0.27774,1
66313.204241,1686.8,0.001,1
66313.457977,1686.64,0.358914,1
66313.457977,1686.64,1,1
66313.757183,1686.44,0.19022439,1
66313.757183,1686.44,0.35791461,1
66313.877791,1686.44,0.40491461,-1
66314.008346,1686.46,0.40591461,-1
66314.008126,1686.46,0.40465074,-1
66314.008126,1686.46,0.19126387,-1
66314.421218,1686.51,0.00076537,1
66314.502965,1686.48,1,1
66314.501804,1686.5,0.00000086,1
66314.50117,1686.5,0.09678,1
66314.487864,1686.5,0.90321914,1
66314.823312,1686.21,0.60291461,-1
66314.823191,1686.21,0.20795346,-1
66314.823191,1686.21,0.19096115,-1
66314.784552,1686.3,0.001,1
66314.784552,1686.4,0.001,1
66314.860751,1686.29,0.1815,1
66314.859409,1686.34,0.09511308,1
66314.967375,1686.24,0.04755654,1
66315.23149,1686.23,0.55403869,-1
66315.23149,1686.15,1.18635688,-1
66315.23149,1686.13,0.88961112,-1
66315.23149,1686.13,0.19311453,-1
66315.23149,1686.12,0.0593559,-1
66315.23149,1686.12,0.28811086,-1
66315.086078,1686.1,1.21998121,1
66315.086078,1686.1,0.123,1
66315.086078,1686.1,0.001,1
66315.086078,1686.2,0.36291461,1
66315.086078,1686.2,0.598,1
66315.086078,1686.2,0.001,1
66315.066202,1686.21,0.39691461,-1
66315.065952,1686.21,0.02869289,-1
66315.065952,1686.21,0.57622172,-1
66315.915783,1686.08,0.17171829,-1
66315.915783,1686.08,0.14405543,-1
66316.029928,1686.13,0.05284638,-1
66316.029928,1686.1,0.0593559,-1
66316.029928,1686.1,0.28671233,-1
66316.029488,1686.1,0.60291461,-1
66316.063705,1686.22,0.26460071,-1
66316.063705,1686.22,0.1343139,-1
66316.063672,1686.22,0.44759301,-1
66316.063672,1686.2,0.1553216,-1
66316.241766,1686.26,0.00900702,1
66316.434327,1686.24,0.36191461,1
66316.434327,1686.25,0.36191461,1
66317.106639,1686.23,0.08279893,1
66317.902985,1686.34,0.18368238,-1
66317.902985,1686.34,0.1536,-1
66317.902985,1686.34,0.0593559,-1
66318.01913,1686.55,0.3875709,-1
66318.008135,1686.55,0.1124291,-1
66318.008135,1686.53,0.28948551,-1
66318.007909,1686.53,0.59991461,-1
66317.99715,1686.53,0.40091461,-1
66317.996964,1686.53,0.59991461,-1
66317.996964,1686.5,0.001,-1
66317.974646,1686.43,0.28854161,-1
66317.974386,1686.43,0.60091461,-1
66317.953668,1686.37,0.11138516,-1
66317.95361,1686.37,0.40191461,-1
66318.063354,1686.6,0.001,-1
66319.899605,1686.4,0.0071875,1
66320.099458,1686.31,0.35791461,1
66320.095226,1686.34,0.04477182,1
66320.09376,1686.34,0.08428283,1
66320.0926,1686.34,1.4609176,1
66320.089791,1686.34,0.06221934,1
66320.088424,1686.34,0.05328041,1
66320.087918,1686.34,0.09864684,1
66320.084749,1686.34,0.23981694,1
66320.08393,1686.34,1.49983356,1
66320.238438,1686.3,0.35791461,1
66320.238438,1686.3,0.001,1
66321.025606,1686.31,0.59855978,-1
66321.025606,1686.28,0.04039177,-1
66321.025602,1686.28,0.488,-1
66321.025438,1686.28,0.36114021,-1
66321.025438,1686.28,0.0457744,-1
66321.025306,1686.28,0.0135815,-1
66321.025306,1686.28,0.1904185,-1
66321.112951,1686.45,0.01311315,1
66322.873566,1686.34,0.02935229,-1
66324.599437,1686.24,0.36399437,-1
66324.599287,1686.24,0.52555871,-1
66324.599287,1686.23,0.0593559,-1
66326.567129,1686.24,0.20114802,1
66326.56446,1686.24,0.10376659,1
66326.562302,1686.24,0.04306119,1
66326.557165,1686.24,0.30785342,1
66326.557165,1686.25,0.34991461,1
66327.329902,1686.21,0.05290441,-1
66327.329902,1686.21,0.0593559,-1
66327.329902,1686.21,0.3096543,-1
66327.329756,1686.21,0.57991461,-1
66327.55363,1686.3,0.00079089,1
66328.41255,1686.05,5.74007871,1
66328.41255,1686.1,0.001,1
66328.41255,1686.2,0.001,1
66328.41255,1686.21,0.34791461,1
66328.41255,1686.22,0.34791461,1
66328.41255,1686.23,0.34791461,1
66331.911357,1685.87,0.56091461,-1
66331.910932,1685.87,0.44091461,-1
66331.899793,1685.75,0.11937437,1
66331.899793,1685.8,0.001,1
66331.898919,1685.87,0.56091461,-1
66331.898719,1685.87,0.44091461,-1
66331.892854,1685.85,0.33691461,1
66331.892854,1685.85,0.11815997,1
66331.892854,1685.86,0.33691461,1
66331.892854,1685.9,0.33691461,1
66331.889145,1685.91,0.33691461,1
66331.887716,1685.96,0.56091461,-1
66331.88753,1685.96,0.32072715,-1
66331.88753,1685.96,0.04006249,-1
66331.88753,1685.92,0.04006248,-1
66331.88753,1685.92,0.04006249,-1
66331.872137,1685.9,0.001,1
66331.85966,1685.96,1.18632034,1
66331.858517,1686,0.001,1
66331.85822,1686.01,0.89333306,1
66331.85822,1686.01,1.18588091,1
66331.933536,1685.76,0.04,1
66331.92818,1685.8,0.33691461,1
66331.92344,1685.8,0.33691461,1
66331.921862,1685.83,0.44091461,-1
66331.921518,1685.83,0.56091461,-1
66331.919843,1685.81,0.33691461,1
66331.919843,1685.82,0.33691461,1
66331.918371,1685.83,0.33691461,1
66332.034105,1685.75,0.47300886,1
66332.031114,1685.76,0.29691461,1
66332.939401,1685.74,0.03443853,-1
66332.939401,1685.72,0.52647608,-1
66332.939398,1685.72,0.44091461,-1
66332.901984,1685.72,0.03260931,-1
66332.901984,1685.71,0.0593559,-1
66332.901984,1685.71,0.00250391,-1
66332.901984,1685.71,0.0025039,-1
66332.901984,1685.71,0.00500781,-1
66332.901984,1685.71,0.01001562,-1
66332.901984,1685.71,0.32991816,-1
66332.901705,1685.71,0.55991461,-1
66333.038197,1685.79,0.56191461,-1
66333.037792,1685.79,0.43991461,-1
66333.029027,1685.76,0.76876954,-1
66333.029027,1685.76,0.75893168,-1
66333.025875,1685.76,0.43991461,-1
66333.025728,1685.76,0.56191461,-1
66333.014303,1685.76,0.56091461,-1
66333.013937,1685.76,0.44091461,-1
66333.001578,1685.76,0.44091461,-1
66333.00087,1685.76,0.56091461,-1
66332.990713,1685.76,0.14828004,-1
66332.990713,1685.74,0.41263457,-1
66332.990141,1685.74,0.44091461,-1
66332.952098,1685.74,0.03626775,-1
66332.952098,1685.74,0.40464686,-1
66332.952047,1685.74,0.56091461,-1
66333.108235,1685.84,0.11206507,-1
66333.108235,1685.84,0.32784954,-1
66333.108061,1685.84,0.56191461,-1
66333.097276,1685.85,0.3244574,-1
66333.097276,1685.79,0.11545721,-1
66333.097215,1685.79,0.56191461,-1
66333.059822,1685.79,0.43991461,-1
66333.059414,1685.79,0.06939725,-1
66333.059414,1685.79,0.49251736,-1
66334.029297,1685.86,0.25805209,-1
66334.029297,1685.84,0.00250545,-1
66334.029297,1685.84,0.31035707,-1
66334.029221,1685.84,0.43091461,-1
66334.018555,1685.82,0.43091461,-1
66334.018081,1685.82,0.20593864,-1
66334.018081,1685.82,0.36497597,-1
66334.006816,1685.82,0.57091461,-1
66334.006616,1685.82,0.06410942,-1
66334.006616,1685.81,0.36680519,-1
66333.993776,1685.81,0.43091461,-1
66333.993672,1685.81,0.34346178,-1
66333.993672,1685.81,0.16809693,-1
66333.993672,1685.81,0.0593559,-1
66333.941516,1685.81,0.43091461,-1
66333.941219,1685.81,0.36601369,-1
66333.941219,1685.81,0.20490092,-1
66334.092347,1685.86,0.11207563,-1
66334.092347,1685.86,0.31883898,-1
66334.092019,1685.86,0.57091461,-1
66334.050772,1685.86,0.57091461,-1
66334.050414,1685.86,0.43091461,-1
66334.040365,1685.86,0.00182922,-1
66334.040365,1685.86,0.56908539,-1
66334.040353,1685.86,0.43091461,-1
66334.222394,1685.88,0.0352616,-1
66334.222394,1685.87,0.0593559,-1
66334.222394,1685.87,0.47729711,-1
66334.222103,1685.87,0.42991461,-1
66334.198433,1685.87,0.57191461,-1
66334.198117,1685.87,0.42991461,-1
66334.185918,1685.86,0.42991461,-1
66334.185712,1685.86,0.57191461,-1
66335.001905,1685.88,0.56791461,-1
66335.001163,1685.88,0.36454309,-1
66335.001163,1685.88,0.0593559,-1
66335.001163,1685.88,0.01001562,-1
66339.119636,1685.88,0.58491461,-1
66339.119396,1685.88,0.35755871,-1
66339.119396,1685.88,0.0593559,-1
66339.1072,1685.88,0.58491461,-1
66339.107156,1685.88,0.41691461,-1
66339.530398,1685.6,0.35191461,1
66339.530398,1685.6,0.001,1
66339.530398,1685.61,0.35191461,1
66339.530398,1685.62,0.39329202,1
66339.527573,1685.62,0.19370798,1
66339.527573,1685.62,0.35191461,1
66339.506555,1685.63,0.41591461,-1
66339.50635,1685.63,0.58591461,-1
66339.488792,1685.7,0.001,1
66339.488792,1685.75,0.35091461,1
66339.488792,1685.75,0.00404007,1
66339.469938,1685.82,1.48295784,1
66339.469938,1685.88,0.59499218,1
66339.556013,1685.58,0.41408539,-1
66339.555019,1685.58,0.58591461,-1
66339.539605,1685.53,0.58591461,-1
66339.539587,1685.53,0.41591461,-1
66339.537099,1685.51,0.001,1
66339.537099,1685.51,0.592,1
66340.131795,1685.57,0.00000049,1
66340.130835,1685.57,0.33491412,1
66340.130835,1685.57,0.00076081,1
66340.130835,1685.57,0.01630607,1
66340.11404,1685.57,0.33560854,1
66340.11404,1685.57,0.592,1
66340.059511,1685.58,0.19312188,-1
66340.059511,1685.58,0.16343683,-1
66340.059511,1685.58,0.0593559,-1
66340.31672,1685.43,1.813,1
66340.26864,1685.5,0.35191461,1
66340.26864,1685.5,0.001,1
66340.262522,1685.51,0.35091461,1
66340.262522,1685.52,0.35191461,1
66340.258837,1685.53,0.35191461,1
66340.258837,1685.54,0.35191461,1
66340.255576,1685.55,0.35191461,1
66340.516958,1685.46,0.41691461,-1
66340.51671,1685.46,0.15239254,-1
66340.51671,1685.43,0.0593559,-1
66340.51671,1685.43,0.18834257,-1
66340.51671,1685.43,0.1848236,-1
66340.506887,1685.43,0.41691461,-1
66340.50626,1685.43,0.58491461,-1
66340.563478,1685.46,0.58591461,-1
66340.563439,1685.46,0.41591461,-1
66340.758035,1685.46,0.58591461,-1
66340.757883,1685.46,0.41591461,-1
66340.934248,1685.44,0.07944,1
66340.931404,1685.44,0.08772,1
66340.864941,1685.45,0.35091461,1
66340.85227,1685.46,0.0365473,-1
66341.029998,1685.42,0.35091378,1
66341.029998,1685.42,0.00000022,1
66340.997576,1685.42,0.35091439,1
66340.997576,1685.42,0.00000061,1
66340.96751,1685.42,0.350914,1
66340.939449,1685.43,0.09617,1
66341.053706,1685.4,0.001,1
66341.053706,1685.41,0.35191461,1
66341.052223,1685.42,0.00000083,1
66341.322357,1685.23,0.01441063,-1
66341.258957,1685.3,0.00000061,1
66341.24816,1685.3,0.352914,1
66341.24816,1685.3,0.001,1
66342.040508,1685.2,0.001,1
66342.218805,1685.11,0.354914,1
66342.289892,1685.11,0.07371503,-1
66342.269991,1685.11,0.00000022,1
66342.262966,1685.11,0.35391439,1
66342.262966,1685.11,0.00000061,1
66342.381633,1685.1,0.35391439,1
66342.381633,1685.1,0.00000061,1
66342.352019,1685.1,0.354914,1
66342.352019,1685.1,0.001,1
66342.985939,1685.12,0.41191461,-1
66342.985749,1685.12,0.14539542,-1
66342.985749,1685.11,0.3025039,-1
66342.985749,1685.11,0.14201529,-1
66343.049159,1685.12,0.49978335,-1
66343.049159,1685.12,0.0593559,-1
66343.049159,1685.12,0.03077536,-1
66343.048915,1685.12,0.41191461,-1
66343.810568,1685.12,0.11351412,-1
66343.810568,1685.12,0.47840049,-1
66343.810227,1685.12,0.40991461,-1
66343.798708,1685.12,0.1116849,-1
66343.798708,1685.12,0.29822971,-1
66343.798387,1685.12,0.59191461,-1
66345.396215,1685.07,0.29625612,-1
66345.395654,1685.07,0.59391461,-1
66346.957001,1685.01,0.00376533,1
66348.083898,1685,0.001,1
66348.646309,1684.9,0.001,1
66349.163955,1684.8,0.001,1
66349.401973,1684.7,1.57499939,1
66349.401973,1684.7,0.38291461,1
66349.371508,1684.7,1.57499911,1
66349.371508,1684.7,0.00098789,1
66349.351417,1684.7,0.00001211,1
66352.114019,1684.93,0.33021581,-1
66352.114019,1684.92,0.3316988,-1
66352.113702,1684.92,0.18631461,-1
66352.113702,1684.89,0.1536,-1
66352.098771,1684.93,0.66191461,-1
66352.098614,1684.93,0.33991461,-1
66352.086945,1685.06,0.17757759,-1
66352.086945,1685,0.05,-1
66352.086945,1685,0.001,-1
66352.086945,1684.99,0.05928262,-1
66352.086945,1684.97,0.0520544,-1
66352.086779,1684.97,0.1032672,-1
66352.086779,1684.94,0.55764741,-1
66352.086779,1684.9,0.001,-1
66352.075709,1684.9,0.10921495,-1
66352.075709,1684.73,0.55169966,-1
66352.07565,1684.73,0.33865469,-1
66352.07565,1684.71,0.00225992,-1
66352.061466,1684.7,0.16117001,-1
66352.061466,1684.7,0.4997446,-1
66352.061053,1684.7,0.34091461,-1
66352.057371,1684.64,1,-1
66352.055441,1684.62,0.94794048,-1
66352.051371,1684.62,0.05205952,-1
66352.051371,1684.61,0.28885509,-1
66352.051222,1684.61,0.60155871,-1
66352.051222,1684.61,0.0593559,-1
66352.194627,1684.94,0.33991461,-1
66352.222719,1684.94,1.659499,-1
66353.088141,1685,0.11161623,-1
66353.088141,1684.99,0.22929838,-1
66353.087797,1684.99,0.66091461,-1
66353.069594,1684.98,0.05407898,-1
66353.069594,1684.97,0.28683563,-1
66353.069441,1684.97,0.60338793,-1
66353.069441,1684.96,0.05752668,-1
66353.05735,1684.96,0.00182922,-1
66353.05735,1684.96,0.66008539,-1
66353.057267,1684.96,0.33991461,-1
66358.088545,1684.96,0.66691461,-1
66358.088325,1684.96,0.33491461,-1
66358.074946,1684.96,0.02458258,-1
66358.074946,1684.96,0.31033203,-1
66358.074861,1684.96,0.66691461,-1
66358.048407,1684.96,0.20990844,-1
66358.048407,1684.96,0.12500617,-1
66358.047956,1684.96,0.66691461,-1
66358.032546,1684.96,0.10403922,-1
66358.032546,1684.96,0.23087539,-1
66358.032497,1684.96,0.66691461,-1
66357.986304,1684.98,0.10403922,-1
66357.986304,1684.97,0.23087539,-1
66357.98621,1684.97,0.66691461,-1
66357.98381,1684.96,0.39691461,1
66357.982168,1684.97,0.39691461,1
66357.977238,1684.99,0.00079374,1
66357.977238,1684.99,0.39691461,1
66358.151209,1684.97,0.30653435,-1
66358.15106,1684.97,0.22247565,-1
66358.15106,1684.97,0.11343896,-1
66358.140253,1684.96,0.66591461,-1
66358.140164,1684.96,0.33591461,-1
66358.129894,1684.96,0.33491461,-1
66358.129892,1684.96,0.66691461,-1
66358.301889,1684.97,0.00011936,1
66358.582087,1685.15,0.03900131,-1
66358.571236,1685.1,0.66591461,-1
66358.571044,1685.1,0.33491461,-1
66358.571044,1685.1,0.001,-1
66358.548063,1685.02,1.18727485,-1
66358.542792,1685,0.01306861,-1
66358.542792,1685,0.00203981,-1
66358.542792,1684.99,0.89021299,-1
66358.542792,1684.98,0.0593559,-1
66358.650676,1685.31,0.23189254,-1
66358.650676,1685.3,0.001,-1
66358.650676,1685.2,0.001,-1
66358.650676,1685.19,0.10102207,-1
66358.648551,1685.19,0.83792893,-1
66358.648551,1685.19,1.18727485,-1
66358.648551,1685.19,0.1536,-1
66358.787595,1685.3,0.505467,1
66359.04151,1685.3,0.65456325,-1
66359.04151,1685.3,0.00835136,-1
66359.041489,1685.3,0.33891461,-1
66359.150688,1685.43,0.0593559,-1
66359.138174,1685.4,0.001,-1
66359.138174,1685.39,0.55109109,-1
66359.138172,1685.39,0.33891461,-1
66360.421702,1685.45,0.66591461,-1
66360.421583,1685.45,0.33591461,-1
66360.525043,1685.5,0.001,-1
66360.525043,1685.45,0.39965337,-1
66360.46995,1685.45,0.33591461,-1
66360.469803,1685.45,0.45123711,-1
66360.469803,1685.45,0.0593559,-1
66360.469803,1685.45,0.1553216,-1
66360.61071,1685.54,0.18497587,-1
66360.599114,1685.54,0.66491461,-1
66360.599027,1685.54,0.33691461,-1
66360.559857,1685.54,0.66491461,-1
66360.559521,1685.54,0.33691461,-1
66360.901212,1685.54,0.39791426,1
66360.901212,1685.54,0.00000074,1
66360.834724,1685.54,0.479938,1
66360.990997,1685.54,0.39891365,1
66360.990997,1685.54,0.00000035,1
66361.126717,1685.54,0.39891404,1
66361.126717,1685.54,0.00000096,1
66361.218971,1685.53,0.398914,1
66361.187651,1685.54,0.39991382,1
66361.187651,1685.54,0.00000018,1
66361.157431,1685.54,0.39791443,1
66361.157431,1685.54,0.00000057,1
66361.581223,1685.52,0.26526124,1
66361.735674,1685.34,0.33291461,-1
66361.735609,1685.34,0.49528163,-1
66361.735609,1685.33,0.17363298,-1
66361.995412,1685.41,0.55588913,-1
66361.995252,1685.41,0.33391461,-1
66361.985041,1685.4,0.0593559,-1
66362.067177,1685.42,0.01522359,1
66362.067177,1685.43,1.03459359,1
66362.067125,1685.43,0.54040641,1
66362.067125,1685.43,0.40091461,1
66362.067125,1685.44,0.10849616,1
66362.066001,1685.44,0.55941845,-1
66362.065953,1685.44,0.33391461,-1
66362.042604,1685.44,0.22541845,-1
66362.042578,1685.44,0.66791461,-1
66362.256458,1685.3,0.001,1
66362.24711,1685.34,0.40191461,1
66362.24711,1685.36,0.40191461,1
66362.24711,1685.37,0.40191461,1
66362.24711,1685.38,0.11463662,1
66362.2471,1685.38,0.28727799,1
66362.2471,1685.39,0.40191461,1
66362.2471,1685.4,0.60955871,1
66362.2471,1685.41,0.11202548,1
66362.2471,1685.42,0.14764734,1
66362.246861,1685.42,0.23804368,1
66362.404219,1684.75,1.87149181,1
66362.404219,1684.75,0.07139708,1
66362.404219,1684.76,0.88980374,1
66362.404219,1684.8,0.001,1
66362.404219,1684.81,0.03569854,1
66362.404219,1684.82,1.575,1
66362.404219,1684.83,0.88980374,1
66362.404219,1684.9,0.001,1
66362.404219,1685,0.001,1
66362.404219,1685.02,1.18680509,1
66362.404219,1685.06,1.575,1
66362.404219,1685.1,0.001,1
66362.404219,1685.2,0.001,1
66363.266963,1685.07,0.30807261,-1
66363.266656,1685.07,0.58209812,-1
66363.266656,1685.07,0.08681649,-1
66364.009279,1685.07,0.401914,1
66364.059963,1685.07,0.40191439,1
66364.059963,1685.07,0.00000061,1
66364.178067,1685.07,0.40291417,1
66364.178067,1685.07,0.00000083,1
66364.145932,1685.07,0.40291378,1
66364.145932,1685.07,0.00000022,1
66365.337067,1685.01,0.67491461,-1
66365.34915,1685.12,0.64153472,-1
66365.337462,1685.01,0.21528782,-1
66365.45123,1685.15,0.21621761,-1
66365.45105,1685.15,0.67391461,-1
66367.166675,1685.06,0.00862008,1
66367.166675,1685.06,0.00081958,1
66367.523236,1685.07,0.56425612,-1
66367.523164,1685.07,0.32591461,-1
66368.102977,1685,0.40591461,1
66368.102977,1685.01,0.40591461,1
66368.205197,1685,0.18632167,-1
66368.205197,1684.99,0.04340825,-1
