69983.082938,1689.11,0.0000086,1
69983.082938,1689.16,1,1
69983.082938,1689.18,0.05933,1
69983.082938,1689.18,0.9406614,1
69983.023479,1689.19,0.09964074,-1
69983.023479,1689.19,0.53859344,-1
69982.28569,1689.18,0.0593386,1
69981.650193,1689.19,0.00005386,1
69981.650193,1689.19,0.00000049,1
69981.22016,1689.19,1.18228796,1
69981.22016,1689.19,0.00164404,1
69978.532246,1689.13,1.22284272,-1
69978.531897,1689.13,0.71037731,-1
69978.53175,1689.13,1.51634184,-1
69975.79098,1689.13,0.00043813,-1
69975.79098,1689.1,0.001,-1
69975.79098,1689.07,0.00975097,-1
69975.79098,1689.04,0.00000162,-1
69975.319543,1689,0.05,-1
69975.319543,1689,0.001,-1
69975.31829,1688.97,2.88058968,-1
69975.317365,1688.97,8.93452526,-1
69975.316886,1688.97,8.93452526,-1
69975.316812,1688.97,11.93430973,-1
69975.316812,1688.9,0.001,-1
69975.280604,1688.8,0.9048895,-1
69972.61867,1688.8,0.0001725,-1
69972.61867,1688.8,0.001,-1
69971.717784,1688.79,0.21886109,-1
69971.717784,1688.79,0.1268866,-1
69971.300266,1688.79,0.01684988,-1
69970.899551,1688.79,0.02302721,-1
69970.68543,1688.79,0.13896046,-1
69970.68543,1688.79,0.00100026,-1
69970.68543,1688.79,0.00229322,-1
69970.68543,1688.79,0.0043085,-1
69967.842726,1688.7,0.03973429,-1
69967.804091,1688.7,0.05520387,-1
69967.804091,1688.7,0.001,-1
69966.92335,1688.69,0.11844821,1
69966.92335,1688.69,0.00000047,1
69965.485067,1688.69,1.09472924,1
69965.485067,1688.69,1.18420476,1
69965.485067,1688.69,1.575,1
69965.454066,1688.69,1.1842041,1
69965.454066,1688.69,0.0000009,1
69965.399882,1688.69,0.05928524,1
69965.399882,1688.69,1.18420476,1
69965.399882,1688.69,1.575,1
69965.399882,1688.69,0.36927,1
69963.939239,1688.64,0.0071,-1
69963.869197,1688.6,0.04992969,-1
69963.869197,1688.6,0.001,-1
69963.869197,1688.57,0.00110709,-1
69963.869197,1688.57,0.00286322,-1
69963.869197,1688.5,0.001,-1
69963.308718,1688.4,0.05,-1
69963.308718,1688.4,0.001,-1
69963.300273,1688.3,0.001,-1
69963.296506,1688.3,0.001,-1
69963.294591,1688.22,0.00713096,-1
69963.239787,1688.1,0.0009982,-1
69962.752494,1688.1,0.0000018,-1
69961.13846,1687.79,0.035777,1
69960.940053,1688.14,0.33709,1
69960.940053,1688.14,0.66291,1
69960.938857,1688.16,1,1
69960.938857,1688.16,0.12281311,1
69960.936645,1688.19,1.18494372,1
69960.936645,1688.19,0.36927,1
69960.855066,1688.2,0.001,-1
69960.855066,1688.17,0.50813266,-1
69960.855066,1688.16,1.243,-1
69960.724315,1688.14,0.096,-1
69960.724315,1688.13,1.575,-1
69960.724315,1688.12,0.1553216,-1
69960.724315,1688.1,0.001,-1
69960.724315,1688,0.001,-1
69960.723583,1687.98,0.80242594,-1
69960.723532,1687.98,3.28508406,-1
69960.723532,1687.97,0.54014102,-1
69960.723532,1687.97,1.18500621,-1
69960.715923,1687.96,0.54014102,-1
69960.714639,1687.96,0.91320784,-1
69960.709507,1687.99,0.048,-1
69960.709507,1687.98,4.08757183,-1
69960.709507,1687.97,1.18500621,-1
69960.704388,1687.93,0.18592375,-1
69960.704388,1687.9,1.717636,-1
69960.704388,1687.9,0.001,-1
69960.689476,1687.81,0.88873014,-1
69960.688581,1687.8,0.001,-1
69960.688581,1687.8,1.241,-1
69960.688581,1687.76,0.05928614,-1
69960.688054,1687.66,0.01685,-1
69960.688054,1687.66,0.9831416,-1
69960.688054,1687.64,0.00268,-1
69960.688054,1687.64,0.00731,-1
69960.688054,1687.64,0.14665,-1
69960.688054,1687.64,0.83801742,-1
69984.506774,1689.26,0.00075824,-1
69984.506774,1689.2,0.001,-1
69984.742668,1689.25,0.0029304,-1
69985.238201,1689.26,0.0029304,-1
69986.357002,1689.29,0.00000591,1
69986.34749,1689.29,0.0019594,1
69986.499695,1689.35,0.00124462,-1
69986.499695,1689.3,0.001,-1
69988.361872,1689.35,0.00561461,-1
69988.509619,1689.35,0.000059,-1
69988.883092,1689.35,0.02924793,-1
69992.741627,1689.35,0.01381925,-1
69992.935346,1689.35,0.00278361,-1
69992.88406,1689.35,0.00102554,-1
69994.064858,1689.35,0.0561533,-1
69994.403184,1689.37,0.01608439,-1
69994.403184,1689.36,0.00090362,-1
69994.403184,1689.36,0.00183644,-1
69994.403184,1689.36,0.00344933,-1
69994.403184,1689.35,0.09002021,-1
69994.567889,1689.37,0.00278361,-1
69994.809814,1689.36,0.000939,1
69994.809814,1689.36,1,1
69995.147486,1689.28,0.840501,1
69995.715093,1689.3,0.11504827,-1
69995.671446,1689.27,0.00879036,-1
69995.863268,1689.3,0.00058602,-1
70000.271322,1689.36,0.00000591,1
70000.260822,1689.36,0.00287682,1
70002.233016,1689.37,0.00386668,-1
70003.072671,1689.4,0.0527462,-1
70003.072671,1689.4,0.001,-1
70003.072671,1689.37,0.00240244,-1
70004.096565,1689.22,0.05390558,1
70004.398593,1689.22,0.00000591,1
70006.200448,1689.21,0.05146909,-1
70007.814973,1689.04,3.3756125,1
70007.814973,1689.04,1.50443893,1
70007.814973,1689.1,0.9219982,1
70007.814973,1689.1,0.2,1
70007.814973,1689.1,0.001,1
70007.814973,1689.11,0.67042993,1
70007.814973,1689.2,1.18401282,1
70007.814973,1689.2,0.05928614,1
70007.814973,1689.2,0.00076451,1
70007.814973,1689.2,0.69398641,1
70007.814973,1689.2,0.001,1
70007.879119,1689.21,0.000888,-1
70007.879053,1689.21,0.000888,-1
70007.878906,1689.21,0.000888,-1
70007.878812,1689.21,0.000888,-1
70007.878661,1689.21,0.000888,-1
70007.878527,1689.21,0.000888,-1
70008.747694,1689.32,0.00293012,-1
70011.881721,1689.3,0.01929812,-1
70011.976646,1689.3,0.25302929,-1
70011.976646,1689.3,0.03998802,-1
70012.167979,1689.3,0.0140352,-1
70014.270573,1689.32,0.00278358,-1
70018.645915,1689.27,0.00842132,-1
70018.804728,1689.26,0.02574576,1
70018.962591,1689.29,0.02807139,-1
70021.543106,1689.31,0.08422003,-1
70022.441303,1689.26,0.08422003,-1
70024.767409,1689.23,0.0064347,-1
70026.382533,1689.22,0.00000591,1
70026.643199,1689.22,0.00844007,-1
70027.846217,1689.32,0.01122876,-1
70029.099369,1689.31,0.11229928,-1
70030.245076,1689.29,0.07579817,-1
70031.463913,1689.28,0.05103056,1
70032.024473,1689.32,0.005503,-1
70032.558393,1689.31,0.01674056,1
70033.498924,1689.33,0.02153565,-1
70033.496015,1689.33,0.65035535,-1
70033.496015,1689.32,0.04255438,-1
70034.0191,1689.44,0.18258814,-1
70034.0191,1689.42,0.01794751,-1
70034.0191,1689.4,0.001,-1
70034.102442,1689.61,0.19999846,-1
70034.102442,1689.6,0.05,-1
70034.102442,1689.6,0.001,-1
70034.102442,1689.5,0.001,-1
70034.102442,1689.44,0.00011034,-1
70034.100496,1689.44,0.0173,-1
70035.902263,1689.5,0.24904815,1
70036.135043,1689.57,0.12452407,-1
70036.135043,1689.57,0.64042918,-1
70036.135043,1689.57,0.09070281,-1
70038.334028,1689.64,0.00000591,1
70038.323851,1689.63,0.0026633,1
70039.08629,1689.63,0.46614341,-1
70039.08629,1689.63,0.10894509,-1
70043.272336,1689.47,0.6,1
70043.272336,1689.58,0.00216218,1
70043.397991,1689.34,0.5881682,1
70043.381777,1689.36,0.0708386,1
70043.381777,1689.37,0.05928614,1
70043.381777,1689.37,0.51356041,1
70043.381548,1689.37,0.08643959,1
70043.381548,1689.38,1.14311572,1
70043.381548,1689.4,0.001,1
70043.440091,1689.3,0.6,1
70043.440091,1689.3,0.001,1
70043.605435,1689.3,0.11804105,-1
70043.605435,1689.28,0.05447255,-1
70043.605435,1689.28,0.63285659,-1
70045.218836,1689.25,0.00063867,-1
70045.558177,1689.24,0.00898339,-1
70046.03984,1689.24,0.00278322,-1
70048.375046,1689.3,0.00703178,-1
70048.375046,1689.25,0.02103363,-1
70050.911168,1689.32,0.00088796,-1
70050.910973,1689.32,0.00088796,-1
70050.910772,1689.32,0.00088796,-1
70050.910586,1689.33,0.00088796,-1
70050.910319,1689.33,0.00088796,-1
70050.910162,1689.33,0.00088796,-1
70052.436936,1689.4,0.01292551,-1
70052.436936,1689.37,0.01051682,-1
70055.482593,1689.36,0.618,-1
70055.58419,1689.38,0.617,-1
70055.58419,1689.38,0.00525841,-1
70056.16572,1689.39,0.02876347,-1
70056.828748,1689.48,0.05752822,-1
70056.919451,1689.47,0.0032256,-1
70056.919451,1689.47,0.0026292,-1
70057.071209,1689.42,0.05916231,-1
70057.03934,1689.4,0.18,-1
70057.148937,1689.4,0.18,-1
70057.797631,1689.42,0.01172139,-1
70059.274287,1689.45,0.01333653,-1
70059.274287,1689.44,0.0013146,-1
70060.371497,1689.44,0.04603949,-1
70060.95659,1689.44,0.0095653,1
70062.722662,1689.6,0.00093033,-1
70062.722662,1689.6,0.001,-1
70062.722662,1689.5,0.001,-1
70063.326401,1689.52,0.02989174,1
70063.947332,1689.61,0.11228731,-1
70066.518249,1689.46,1.00859296,1
70066.518249,1689.51,0.58439682,1
70066.518249,1689.52,0.05911892,1
70066.518249,1689.66,0.00139968,1
70066.618545,1689.4,0.88831152,1
70066.618476,1689.4,5.00889374,1
70066.6183,1689.4,2.41801027,1
70066.61812,1689.4,2.41801026,1
70066.617951,1689.4,1.73356671,1
70066.617951,1689.4,0.001,1
70066.617657,1689.46,0.56640704,1
70066.617657,1689.47,0.29219841,1
70069.156974,1689.4,2.26211542,1
70069.150502,1689.4,3.0087561,1
70070.73001,1689.34,0.00842022,-1
70071.928524,1689.2,0.80440293,1
70071.927031,1689.2,0.37947138,1
70071.917561,1689.2,1.18387431,1
70071.917561,1689.2,0.001,1
70071.917561,1689.21,0.70736996,1
70071.91722,1689.29,1.10921835,1
70071.916967,1689.29,0.46578165,1
70071.916967,1689.3,0.001,1
70071.916967,1689.31,0.03,1
70071.916967,1689.32,0.15030931,1
70073.430044,1689.11,0.07539904,1
70073.667087,1689.11,1.494272,1
70073.648596,1689.11,0.00088804,1
70073.648503,1689.11,0.00088804,1
70073.648257,1689.11,0.00088804,1
70073.648089,1689.11,0.00088804,1
70073.648056,1689.11,0.00088804,1
70073.647709,1689.11,0.00088804,1
70074.319305,1688.94,0.00637108,1
70074.319305,1689,0.001,1
70074.319305,1689.1,0.001,1
70074.405186,1688.82,0.83222099,1
70074.405186,1688.9,0.001,1
70074.405186,1688.94,1.56862892,1
70076.666663,1688.92,0.01150522,-1
70080.588982,1688.92,0.05753878,-1
70080.703411,1688.89,0.0185303,-1
70080.747634,1688.87,0.01733901,-1
70080.964545,1688.85,0.00445542,-1
70081.278313,1688.86,0.00862847,-1
70082.799648,1688.83,0.0146255,-1
70084.769828,1688.84,0.00000658,-1
70084.769828,1688.84,0.0115,-1
70085.129148,1688.84,0.01172347,-1
70085.521934,1688.84,0.00862893,-1
70088.524084,1688.81,0.03369911,-1
70088.764318,1688.15,0.27877905,1
70088.764318,1688.2,0.001,1
70088.764318,1688.24,0.03471091,1
70088.764318,1688.25,0.00088821,1
70088.764318,1688.3,0.001,1
70088.764318,1688.32,1.575,1
70088.764318,1688.4,0.001,1
70088.764318,1688.49,0.06942183,1
70088.764318,1688.5,0.001,1
70088.764318,1688.52,1.575,1
70088.764318,1688.6,0.001,1
70088.764318,1688.62,0.10262977,1
70088.745672,1688.7,0.001,1
70088.745672,1688.72,0.62847803,1
70088.745669,1688.72,0.94652197,1
70088.745669,1688.8,0.00127746,1
70088.745669,1688.8,0.001,1
70088.883567,1688.6,0.08970761,1
70088.875326,1688.52,0.88835661,-1
70088.875326,1688.51,0.27434255,-1
70088.875326,1688.51,0.27434255,-1
70088.875326,1688.51,0.05911892,-1
70089.556251,1688.7,0.00175542,-1
70090.233411,1688.7,0.0076698,-1
70092.117166,1688.7,0.0014739,-1
70092.117166,1688.7,0.00081821,-1
70092.117166,1688.7,0.05911892,-1
70092.113949,1688.64,1,-1
70092.113949,1688.62,0.00942,-1
70092.113949,1688.62,0.98790985,-1
70092.11082,1688.62,0.00088831,-1
70092.1104,1688.62,0.00088831,-1
70092.110237,1688.62,0.00088831,-1
70092.150777,1688.81,0.88820194,-1
70095.21675,1688.9,0.62049511,-1
70095.21675,1688.9,0.001,-1
70095.897801,1688.9,0.02931058,-1
70096.231404,1688.9,0.02931,-1
70096.231404,1688.9,0.62049,-1
70096.231404,1688.9,0.35019431,-1
70096.242807,1688.94,1,-1
70096.405638,1689,0.001,-1
70096.716459,1689.2,0.05,-1
70096.716459,1689.2,0.001,-1
70096.716459,1689.14,0.00276569,-1
70096.715213,1689.1,0.001,-1
70096.829346,1689.4,0.05,-1
70096.829346,1689.4,0.001,-1
70096.809734,1689.36,1,-1
70096.809734,1689.3,0.001,-1
70098.274475,1689.6,0.04987909,-1
70098.274475,1689.6,0.001,-1
70098.274475,1689.5,0.0011809,-1
70098.274475,1689.5,0.00074001,-1
70098.274475,1689.5,0.001,-1
70101.919627,1690,2.4732,-1
70101.91961,1690,8.4,-1
70101.919545,1690,4.15622616,-1
70101.919545,1690,0.04377384,-1
70101.915655,1689.95,0.4855,-1
70101.914994,1689.95,0.5145,-1
70101.914626,1689.9,0.001,-1
70101.902525,1689.8,0.001,-1
70101.902525,1689.8,0.05,-1
70101.902525,1689.7,0.001,-1
70102.860814,1690,9.3868765,-1
70102.969767,1690,0.938,-1
70102.962529,1690,19.22241267,-1
70102.961563,1690,0.48352451,-1
70103.050217,1690,0.99999954,-1
70103.050217,1690,0.00001546,-1
70102.985084,1690,0.00219842,-1
70102.985084,1690,0.001,-1
70102.985084,1690,4.04270158,-1
70102.981412,1690,4.2,-1
70102.981349,1690,4.2001,-1
70104.303643,1689.86,0.1,-1
70105.272927,1689.85,0.5379685,1
70105.88034,1689.86,0.01054764,-1
70105.88034,1689.86,0.03717128,-1
70106.708903,1689.67,0.11642553,1
70106.708903,1689.7,0.001,1
70106.708903,1689.8,0.001,1
70108.008462,1689.7,0.011924,-1
70112.58177,1689.84,0.01255183,-1
70114.410117,1689.7,0.00058583,-1
70116.080373,1689.66,0.04803875,1
70116.080373,1689.66,0.00161504,1
70117.561457,1689.68,0.00088775,-1
70117.561352,1689.68,0.00088775,-1
70117.561156,1689.68,0.00088775,-1
70117.561047,1689.68,0.00088775,-1
70117.560851,1689.68,0.00088775,-1
70117.560701,1689.67,0.00088775,-1
70117.560548,1689.67,0.00088775,-1
70117.560445,1689.67,0.00088775,-1
70117.560309,1689.67,0.00088775,-1
70117.560302,1689.67,0.00088775,-1
70117.559996,1689.67,0.00088775,-1
70117.559787,1689.67,0.00088775,-1
70117.844045,1689.68,0.01897526,-1
70118.197861,1689.68,0.01150032,-1
70118.785472,1689.68,0.02587979,-1
70119.546416,1689.68,0.0000018,-1
70122.402754,1689.57,0.47778281,1
70122.402754,1689.58,1.48521424,1
70122.402754,1689.6,0.001,1
70122.402754,1689.67,0.60295622,1
70122.402754,1689.67,1.18340141,1
70122.402754,1689.67,0.57794511,1
70122.402754,1689.67,0.05910548,1
70122.402754,1689.67,0.36927,1
70122.877392,1689.67,0.08626935,-1
70123.112145,1689.68,0.00088775,-1
70123.111926,1689.68,0.00088775,-1
70123.111776,1689.68,0.00088775,-1
70123.111643,1689.68,0.00088775,-1
70123.111456,1689.68,0.00088775,-1
70123.111224,1689.68,0.00088775,-1
70124.329159,1689.67,0.00597753,1
70125.484375,1689.68,0.00575363,-1
70127.188054,1689.68,0.00325766,-1
70127.410216,1689.67,0.00075483,1
70128.234846,1689.59,0.00097064,1
70128.246547,1689.59,0.00000591,1
70129.151456,1689.57,0.02929549,-1
70131.313349,1689.2,0.001,1
70131.285435,1689.3,1.18375884,1
70131.285435,1689.3,0.001,1
70131.285435,1689.4,0.001,1
70131.285435,1689.5,0.001,1
70131.385624,1689.16,1.18378686,1
70132.36015,1689.1,0.00000592,1
70133.059208,1689.11,0.00571262,-1
70135.958764,1689,0.001,1
70135.958764,1689.1,0.00099408,1
70136.094766,1688.47,0.13379523,1
70136.094766,1688.5,0.17768,1
70136.094766,1688.5,0.001,1
70136.094766,1688.5,0.26457452,1
70136.094766,1688.52,0.13467835,1
70136.094766,1688.6,0.001,1
70136.094766,1688.64,0.06733917,1
70136.094766,1688.64,1.575,1
70136.094766,1688.7,0.03366959,1
70136.094766,1688.7,0.001,1
70136.094766,1688.72,1.00117423,1
70136.094766,1688.76,0.00088793,1
70136.094766,1688.8,0.001,1
70136.094766,1688.83,1.18398636,1
70136.094766,1688.9,0.001,1
70137.745792,1688.9,0.07734255,-1
70137.745792,1688.9,0.188,-1
70140.580442,1688.69,0.00000592,1
70141.996037,1688.7,0.018994,-1
70142.082047,1688.7,0.13187418,-1
70142.734608,1688.72,0.07734,-1
70142.734608,1688.72,0.92265745,-1
70142.734608,1688.7,0.15086,-1
70142.734608,1688.7,0.84913182,-1
70146.134703,1688.89,0.04253961,-1
70146.289909,1688.9,0.14556244,-1
70146.289909,1688.9,0.001,-1
70147.510427,1688.97,0.02991528,-1
70148.249395,1689,0.00099427,-1
70148.390808,1689,0.00001202,-1
70148.390808,1689,0.00000573,-1
70149.068309,1688.99,0.00288221,-1
70149.357549,1688.99,0.05754014,-1
70149.997797,1689.06,0.48149787,1
70150.008535,1689.06,0.70255357,1
70150.15028,1689.08,0.00137106,1
70150.15028,1689.08,1.18405144,1
70150.15028,1689.08,0.36927,1
70150.668369,1689.05,0.04493605,-1
70150.998891,1689.04,0.00000593,1
70151.384074,1689.04,0.02246802,1
70151.384074,1689.04,0.48149194,1
70152.848439,1689.07,0.12599147,1
70152.848439,1689.07,0.12599147,1
70152.97596,1689.03,0.00000593,1
70153.337471,1689.02,0.70687871,1
70153.337471,1689.03,0.06299425,1
70153.337471,1689.03,0.06299426,1
70154.490172,1688.9,0.012534,-1
70155.533567,1689.08,0.24065786,-1
70155.533567,1689,0.179,-1
70155.533567,1688.9,0.166466,-1
70156.765039,1688.94,0.00603143,1
70157.94653,1688.97,0.02930902,-1
70158.13703,1688.99,0.06819889,-1
70159.359754,1689.08,0.03369751,-1
70160.323167,1689,0.02828609,1
70161.561189,1688.93,0.08165331,-1
70162.241289,1688.89,0.00116088,1
70162.784235,1688.72,0.09055992,1
70162.784235,1688.8,0.001,1
70162.784235,1688.89,0.00076071,1
70162.784235,1688.89,0.0280891,1
70164.232865,1688.67,0.00000592,1
70164.22252,1688.66,0.00284918,1
70164.22252,1688.7,0.001,1
70166.008501,1688.86,0.00207263,-1
70166.004626,1688.83,0.00234452,-1
70166.224436,1688.83,0.01438648,-1
70166.355836,1688.82,0.00000592,1
70168.372244,1688.75,0.00000592,1
70168.579704,1688.79,0.01684583,-1
70172.270302,1688.69,0.00585068,-1
70172.955624,1688.69,0.29310927,-1
70174.699045,1688.61,0.00078436,-1
70174.948367,1688.61,0.05754628,-1
70176.751533,1688.6,0.00076,1
70176.751533,1688.6,0.001,1
70177.091919,1688.51,0.02807724,-1
70177.822504,1688.51,0.00058626,-1
70178.313758,1688.55,0.00571594,-1
70178.28889,1688.57,0.01465677,-1
70179.590965,1688.67,0.00293127,-1
70179.757471,1688.67,0.00056277,-1
70180.254653,1688.68,0.02931318,-1
70180.477924,1688.79,0.01008666,-1
70180.477924,1688.68,0.01868682,-1
70181.486988,1688.9,0.00972562,-1
70181.486988,1688.9,0.001,-1
70181.486988,1688.8,0.001,-1
70184.338898,1688.88,0.02877501,-1
70187.627832,1688.88,0.00177111,-1
70188.070019,1689.07,0.00157646,-1
70188.070019,1689.04,0.00067173,-1
70188.070019,1689,0.001,-1
70188.45619,1689.07,0.00724525,-1
70188.670591,1689.06,0.01495083,1
70191.233327,1689.1,0.001,-1
70191.233327,1689.07,0.19117212,-1
70192.127528,1689.3,0.13553927,-1
70192.127528,1689.3,0.001,-1
70192.127528,1689.2,0.153,-1
70192.127528,1689.2,0.001,-1
70194.472858,1689.3,0.00547496,-1
70195.965772,1689.29,0.00224764,1
70197.838818,1689.67,0.04664063,-1
70197.838818,1689.6,0.001,-1
70197.838818,1689.6,0.05,-1
70197.838818,1689.5,0.001,-1
70197.838818,1689.4,0.001,-1
70199.399534,1689.58,0.001398,1
70201.060218,1689.55,0.70195615,-1
70201.232033,1689.84,0.35526425,-1
70201.232033,1689.8,0.05,-1
70201.232033,1689.8,0.001,-1
70201.232033,1689.7,0.001,-1
70201.232033,1689.59,0.00094528,-1
70201.874316,1689.89,0.887631,1
70204.806847,1689.9,0.07256194,-1
70204.806847,1689.9,0.001,-1
70207.372611,1689.66,0.0008877,1
70207.372467,1689.66,0.0008877,1
70207.37227,1689.66,0.0008877,1
70207.372143,1689.66,0.0008877,1
70207.372103,1689.66,0.0008877,1
70207.371952,1689.66,0.0008877,1
70207.369341,1689.23,1.30188436,1
70207.369341,1689.27,0.00088765,1
70207.369341,1689.28,0.1553216,1
70207.369341,1689.3,0.001,1
70207.369341,1689.4,0.001,1
70207.369341,1689.41,1.22611,1
70207.369341,1689.41,0.2,1
70207.369341,1689.41,0.2,1
70207.369341,1689.5,0.001,1
70207.369341,1689.52,0.05914645,1
70207.369341,1689.6,0.001,1
70207.369341,1689.64,1.15764994,1
70207.366862,1689.64,0.0370713,1
70207.366761,1689.64,1.80527876,1
70207.366761,1689.64,0.21400652,1
70207.366729,1689.64,1.78599348,1
70207.366729,1689.65,0.24332174,1
70207.366729,1689.65,0.88775608,1
70207.366501,1689.74,1,1
70207.366501,1689.76,1,1
70207.366501,1689.89,0.00000073,1
70208.098769,1689.53,0.887817,1
70208.039023,1689.62,1,1
70209.43017,1689.56,0.595769,1
70209.993691,1689.6,0.146,-1
70209.993691,1689.59,0.05914645,-1
70209.993691,1689.59,0.27953373,-1
70210.334434,1689.66,0.00134346,-1
70210.251249,1689.65,32.21287,1
70211.283302,1689.66,0.00414735,-1
70211.907849,1689.66,0.00251823,-1
70211.907849,1689.66,0.0549991,-1
70215.672768,1689.53,0.8878162,1
70215.672768,1689.65,0.00097021,1
70215.672768,1689.65,0.00000095,1
70215.880605,1689.41,0.13976686,-1
70219.522321,1689.47,0.01964555,-1
70221.628488,1689.45,0.00925227,-1
70223.382193,1689.45,0.00546728,-1
70223.373772,1689.45,0.0280694,-1
70224.154951,1689.44,0.01367293,1
70225.161066,1689.61,0.00525342,-1
70225.161066,1689.45,0.00060648,-1
70226.671788,1689.56,0.08730365,-1
70226.671788,1689.5,0.146,-1
70226.671788,1689.49,0.01933309,-1
70226.652078,1689.51,0.01992616,-1
70226.652078,1689.5,0.03866618,-1
70226.922848,1689.43,0.005534,-1
70226.998453,1689.41,0.00575408,-1
70227.475621,1689.41,0.02815176,-1
70227.475621,1689.41,0.00114546,-1
70227.982573,1689.18,0.00088044,1
70227.982573,1689.2,0.001,1
70227.982573,1689.3,0.001,1
70227.982573,1689.4,0.0007602,1
70227.982573,1689.4,0.001,1
70228.286028,1689.26,0.5830206,-1
70228.286028,1689.26,0.00344978,-1
70229.375371,1689.26,1.575,-1
70229.375371,1689.26,0.583,-1
70229.375371,1689.25,0.00172489,-1
70230.273184,1689.35,0.01055791,-1
70230.273184,1689.35,0.00086244,-1
70231.181912,1689.12,0.00381362,1
70231.181912,1689.2,0.001,1
70231.374679,1689.2,1.574,-1
70231.374679,1689.2,0.146,-1
70232.23232,1689.01,0.00001184,1
70232.221723,1689,0.0009952,1
70232.221723,1689.1,0.001,1
70232.606426,1689.01,0.08696938,-1
70240.31428,1689.01,0.02525687,-1
70246.005941,1689.23,0.66291461,-1
70246.005941,1689.23,0.096,-1
70245.994204,1689.08,0.6,-1
70245.983602,1689.04,0.65276816,-1
70245.983602,1689.01,0.048,-1
70245.983602,1689.01,0.05914645,-1
70245.972584,1689.01,0.63157148,-1
70245.972584,1689.01,0.12834313,-1
70246.101848,1689.29,0.75791461,-1
70246.040718,1689.29,0.75791461,-1
70246.03055,1689.29,0.75791461,-1
70246.016858,1689.29,0.75791461,-1
70246.14932,1689.39,0.75691461,-1
70246.138955,1689.39,0.75691461,-1
70246.126556,1689.3,0.048,-1
70246.126556,1689.3,0.001,-1
70246.126556,1689.29,0.41834156,-1
70246.347582,1689.37,0.453914,1
70246.726951,1689.36,0.01382019,1
70246.726951,1689.37,0.00000061,1
70246.746751,1689.36,0.440094,1
70247.020931,1689.36,0.45391458,1
70247.020931,1689.36,0.00000042,1
70247.22985,1689.36,0.45391375,1
70247.22985,1689.36,0.00000025,1
70247.194869,1689.36,0.45291436,1
70247.194869,1689.36,0.00000064,1
70247.148913,1689.36,0.45391397,1
70247.148913,1689.36,0.00000003,1
70247.303201,1689.36,0.45491414,1
70247.303201,1689.36,0.00000086,1
70247.536815,1689.35,0.45491439,1
70247.536815,1689.35,0.00000061,1
70247.48905,1689.35,0.453914,1
70249.324056,1689.42,0.76691461,-1
70249.312791,1689.4,0.76591461,-1
70249.312791,1689.4,0.001,-1
70249.301917,1689.36,0.70876816,-1
70249.301917,1689.36,0.05914645,-1
70249.42533,1689.7,0.76291461,-1
70249.42533,1689.7,0.001,-1
70249.407457,1689.69,0.76391461,-1
70249.394552,1689.69,0.28879766,-1
70249.394552,1689.67,0.47511695,-1
70249.37903,1689.6,0.05,-1
70249.37903,1689.6,0.001,-1
70249.37903,1689.58,0.048,-1
70249.377694,1689.5,0.58909094,-1
70249.367586,1689.56,0.66891461,-1
70249.367586,1689.51,0.096,-1
70249.367586,1689.5,0.001,-1
70249.351467,1689.45,0.00157563,-1
70249.351467,1689.45,0.57735234,-1
70249.613949,1689.9,0.001,-1
70249.613949,1689.88,0.00088797,-1
70249.613949,1689.81,0.52375787,-1
70249.613949,1689.8,0.001,-1
70249.599486,1689.74,0.05914645,-1
70249.599486,1689.74,1.382521,-1
70250.032839,1689.92,1,1
70250.032839,1689.94,1,1
70249.979856,1689.95,0.457914,1
70249.936152,1689.96,0.00000591,-1
70250.448745,1689.8,0.33283027,-1
70250.448745,1689.79,0.05914645,-1
70251.220741,1689.8,0.01461501,1
70251.410443,1689.81,0.28068387,-1
70254.351358,1689.9,0.17970533,-1
70256.845145,1689.9,0.56016816,-1
70256.845145,1689.9,0.1536,-1
70256.845145,1689.9,0.05914645,-1
70257.060981,1689.9,0.77291461,-1
70257.811394,1689.9,0.52142378,-1
70257.811394,1689.9,0.05914645,-1
70257.811394,1689.9,0.19234438,-1
70257.915163,1689.91,1.27796687,-1
70257.915163,1689.9,1.18356207,-1
70257.915163,1689.9,0.40608539,-1
70257.91432,1689.9,0.77291461,-1
70257.953473,1690,0.77191461,-1
70257.953473,1690,0.001,-1
70257.930088,1689.99,0.77291461,-1
70258.146515,1690.05,0.51904209,-1
70258.146515,1690,0.22808539,-1
70258.640735,1690.04,1,1
70260.112196,1689.98,1,1
70260.667368,1689.96,0.99999917,1
70260.667368,1689.96,0.45571583,1
70260.650975,1689.96,0.00619878,1
70262.123029,1689.95,0.46291422,1
70262.123029,1689.95,0.00197178,1
70262.099003,1689.96,0.99999,1
70262.099003,1689.96,0.00000083,1
70262.66468,1689.98,0.02284751,-1
70262.73806,1689.99,0.73161567,-1
70262.73806,1689.98,0.03629894,-1
70262.992746,1690.09,0.04777232,1
70262.992746,1690.09,0.29978143,1
70264.602758,1690,0.14849907,1
70268.986427,1690,0.70576816,-1
70268.986427,1689.99,0.05914645,-1
70270.329603,1690.09,0.53655414,-1
70270.329603,1690.09,0.17421402,-1
70270.329603,1690.09,0.05914645,-1
70270.395453,1690.09,0.77091461,-1
70270.377591,1690.09,0.77091461,-1
70270.523751,1690.2,0.72491461,-1
70270.523751,1690.2,0.05,-1
70270.523751,1690.2,0.001,-1
70270.512374,1690.1,0.11703526,-1
70270.512374,1690.1,0.001,-1
70270.512374,1690.09,0.01396474,-1
70270.512107,1690.09,0.77491461,-1
70270.511701,1690.09,0.979,-1
70270.49995,1690.09,0.77491461,-1
70270.48953,1690.09,0.77391461,-1
70270.479006,1690.09,0.77291461,-1
70270.450781,1690.09,0.36037682,-1
70270.450781,1690.09,0.41253779,-1
70270.556576,1690.3,0.001,-1
70270.535217,1690.2,0.35457576,-1
70270.535217,1690.2,0.27508539,-1
70270.535217,1690.19,0.05914645,-1
70270.535217,1690.19,0.08710701,-1
70270.649566,1690.27,0.23904877,1
70270.649566,1690.28,0.46491461,1
70270.649566,1690.29,0.46491461,1
70270.649566,1690.3,0.77391461,1
70270.649566,1690.31,0.13911163,1
70270.649566,1690.31,0.13911161,1
70270.649566,1690.31,0.27822325,1
70270.649566,1690.31,0.46491461,1
70270.767834,1690.28,0.464914,1
70271.646722,1690.13,0.14031136,-1
70272.513909,1690.25,0.12046882,-1
70272.513909,1690.25,1.575,-1
70272.513909,1690.2,0.195,-1
70272.513909,1690.13,0.0007562,-1
70272.513909,1690.13,0.00141683,-1
70272.513909,1690.1,0.195,-1
70272.513909,1690.09,0.0590958,-1
70272.513909,1690.03,1.1834524,-1
70272.513909,1690.01,0.88756871,-1
70274.499384,1689.97,0.00462138,-1
70274.746438,1689.96,0.01437559,-1
70274.897683,1689.95,0.23778656,1
70276.253294,1689.92,0.00386733,1
70278.96976,1689.9,0.00097,1
70278.96976,1689.9,0.001,1
70279.028839,1689.83,0.005913,1
70280.041168,1689.84,0.11225143,-1
70281.288129,1689.76,8.25359984,1
70281.288072,1689.76,0.34804384,1
70281.288072,1689.8,0.001,1
70281.288072,1689.83,0.00000017,1
70283.756874,1689.71,0.00285661,-1
70284.239848,1689.71,0.16838248,-1
70284.392191,1689.71,0.01171709,-1
70285.753214,1689.6,0.19288659,1
70285.753214,1689.6,0.195,1
70285.753214,1689.6,0.001,1
70285.753214,1689.7,0.001,1
70286.057953,1689.68,0.0214042,-1
70286.057953,1689.67,0.0590958,-1
70286.319889,1689.68,0.00584726,-1
70288.898041,1689.69,0.01195543,1
70289.066835,1689.69,0.09225598,1
70289.580779,1689.7,0.32274701,-1
70289.580779,1689.69,0.0590958,-1
70293.348638,1689.9,0.03350968,-1
70293.348638,1689.9,0.001,-1
70294.248688,1689.97,0.00000591,1
70294.240518,1689.97,0.01451505,1
70297.221516,1689.97,0.455914,1
70297.170322,1689.97,0.00118444,1
70297.170322,1689.97,0.20221597,1
70297.170322,1689.97,0.20221598,1
70297.170322,1689.97,0.45591461,1
70297.309529,1689.97,0.45391378,1
70297.309529,1689.97,0.00000022,1
70297.27601,1689.97,0.45491439,1
70297.27601,1689.97,0.00000061,1
70298.271806,1689.92,0.01122503,-1
70298.997531,1689.91,0.88762123,-1
70298.997531,1689.91,0.0590958,-1
70299.040915,1690,0.001,-1
70299.22638,1690.16,0.02257492,-1
70299.22638,1690.1,0.001,-1
70299.286925,1690.13,0.45091402,1
70299.286925,1690.13,0.20221598,1
70300.238299,1690.17,0.36927,1
70300.40223,1690.2,0.05650746,-1
70300.40223,1690.2,0.001,-1
70300.608215,1690.19,0.04313059,-1
70301.577391,1690.14,0.445914,1
70301.638625,1690.13,0.445914,1
70301.633003,1690.14,0.08786584,-1
70302.43476,1690.12,0.00292912,-1
70303.852259,1690.11,0.00117161,-1
70305.345309,1690.11,0.00161103,-1
70306.335342,1690.12,0.03218357,-1
70306.335342,1690.11,0.02394746,-1
70306.249138,1690.11,0.03514834,-1
70308.133469,1689.91,0.42718117,1
70308.133469,1689.92,1.07529648,1
70308.131702,1689.92,0.96716506,1
70308.131348,1689.92,0.96746385,1
70308.131348,1689.92,1,1
70308.131348,1689.94,1.18328366,1
70308.131076,1689.95,0.14794037,1
70308.131076,1689.96,1.75902168,1
70308.131076,1689.98,0.0590958,1
70308.131076,1689.98,0.14794037,1
70308.131076,1690,0.001,1
70308.131076,1690.04,0.05858365,1
70308.131029,1690.04,1.05599851,1
70308.131029,1690.04,0.59809204,1
70308.131029,1690.11,0.12267328,1
70308.212431,1690.01,0.64391461,-1
70308.211837,1690.01,0.35791461,-1
70308.195915,1690.11,0.184672,-1
70308.195915,1690.11,0.17324261,-1
70308.195726,1690.11,0.64391461,-1
70308.183296,1690.11,0.21584478,-1
70308.183296,1690.11,0.29588075,-1
70308.183296,1690.09,0.0590958,-1
70308.183296,1689.96,0.01597615,-1
70308.183296,1689.96,0.05711713,-1
70308.182949,1689.96,0.2347695,-1
70308.182949,1689.96,0.12314511,-1
70308.179205,1689.95,0.386914,1
70308.179205,1689.95,0.607,1
70308.172067,1689.96,0.35791461,-1
70308.171755,1689.96,0.6119623,-1
70308.171755,1689.96,0.03195231,-1
70308.16136,1689.95,0.38691461,1
70308.158935,1689.96,0.11423425,-1
70308.158935,1689.96,0.52968036,-1
70308.157937,1689.96,0.35791461,-1
70308.146635,1689.97,0.46316587,-1
70308.146635,1689.97,0.13466585,-1
70308.146635,1689.97,0.04608289,-1
70308.146533,1689.97,0.35791461,-1
70308.246159,1690,0.00000591,1
70308.235236,1690,0.0006923,1
70309.313423,1689.97,0.34691461,-1
70309.313374,1689.97,0.65491461,-1
70309.29189,1689.97,0.34591461,-1
70309.289931,1689.97,0.20685501,-1
70309.289931,1689.97,0.4,-1
70309.289931,1689.97,0.0490596,-1
70309.279372,1689.98,0.34591461,-1
70309.279263,1689.98,0.15779541,-1
70309.279263,1689.98,0.4,-1
70309.279263,1689.98,0.0981192,-1
70309.268959,1689.99,0.34591461,-1
70309.268421,1689.99,0.65591461,-1
70309.264009,1689.94,0.38691461,1
70309.264009,1689.95,0.38591461,1
70309.264009,1689.95,0.00000061,1
70309.264009,1689.96,0.38691461,1
70309.264009,1689.97,0.38691461,1
70309.264009,1689.99,0.38691461,1
70309.264009,1690,0.38691461,1
70309.429451,1689.97,0.34691461,-1
70309.429062,1689.97,0.65491461,-1
70309.388196,1689.97,0.34691461,-1
70309.387696,1689.97,0.39389803,-1
70309.387696,1689.97,0.0590958,-1
70309.387696,1689.97,0.20192078,-1
70309.365037,1689.97,0.34691461,-1
70309.364728,1689.97,0.63451345,-1
70309.364728,1689.97,0.02040116,-1
70309.44056,1689.99,0.00182922,-1
70309.44056,1689.98,0.34508539,-1
70309.440509,1689.98,0.65491461,-1
70310.300255,1690,0.0443252,1
70313.026272,1689.99,0.0308672,-1
70313.779615,1689.98,0.00094539,1
70313.779615,1689.98,0.39291461,1
70313.838194,1689.97,0.382914,1
70314.013476,1690,0.00182922,-1
70314.013476,1690,0.63808539,-1
70314.013428,1690,0.36191461,-1
70313.973499,1689.98,0.36191461,-1
70313.973069,1689.98,0.63991461,-1
70313.961383,1689.98,0.11424476,-1
70313.961383,1689.98,0.24766985,-1
70313.961273,1689.98,0.63991461,-1
70314.264831,1689.98,0.00842613,1
70315.817309,1689.97,0.38291439,1
70315.817309,1689.97,0.00000061,1
70315.974838,1689.97,0.37691417,1
70315.974838,1689.97,0.00000083,1
70315.937346,1689.98,0.02549316,-1
70315.934403,1689.97,0.37691378,1
70315.934403,1689.97,0.00000022,1
70316.081512,1689.97,0.37991456,1
70316.081512,1689.97,0.00000044,1
70316.303798,1689.99,0.08876001,-1
70316.303798,1689.99,0.2721546,-1
70316.303749,1689.99,0.61542461,-1
70316.303749,1689.98,0.02549,-1
70316.29074,1689.98,0.64091461,-1
70316.290448,1689.98,0.35949413,-1
70316.290448,1689.98,0.00142048,-1
70316.267038,1689.98,0.02732238,-1
70316.267038,1689.98,0.33459223,-1
70316.266958,1689.98,0.63991461,-1
70317.124559,1690.04,0.35225617,-1
70317.124471,1690.04,0.64591461,-1
70317.120975,1689.97,0.25127,1
70317.12087,1689.97,0.07028635,1
70317.12087,1689.97,0.00000005,1
70317.12087,1689.98,0.38491461,1
70317.12087,1690,0.1534972,1
70317.120846,1690,0.0615028,1
70317.120846,1690.02,1.62834438,1
70317.120846,1690.03,0.38791461,1
70317.120846,1690.03,1.31399629,1
70317.120818,1690.03,0.26100371,1
70317.120818,1690.03,0.36927,1
70317.108513,1690.04,0.00182922,-1
70317.108513,1690.02,0.35408539,-1
70317.108464,1690.02,0.64591461,-1
70317.166881,1690.15,0.35591461,-1
70317.166597,1690.15,0.63783068,-1
70317.166597,1690.15,0.00202099,-1
70317.166597,1690.15,0.00606294,-1
70317.139782,1690.13,0.10174852,-1
70317.139782,1690.13,0.00538929,-1
70317.139782,1690.13,0.00359286,-1
70317.139782,1690.13,0.24518394,-1
70317.139399,1690.13,0.64232175,-1
70317.139399,1690.13,0.00359286,-1
70317.266268,1690.15,0.01895637,-1
70317.266268,1690.15,0.00404196,-1
70317.354001,1690.15,0.13464363,-1
70319.021804,1690.17,0.11433928,-1
70319.021804,1690.16,0.24657533,-1
70319.021697,1690.16,0.64091461,-1
70319.039756,1690.19,0.64091461,-1
70319.039682,1690.19,0.36091461,-1
70319.225985,1690.4,0.001,-1
70319.219071,1690.37,0.01218834,1
70319.214892,1690.3,0.001,-1
70319.214892,1690.27,0.0590958,-1
70319.193773,1690.2,0.36291461,-1
70319.19377,1690.2,0.63791461,-1
70319.19377,1690.2,0.001,-1
70319.43427,1690.4,0.38291378,1
70319.43427,1690.4,0.00000022,1
70319.381728,1690.4,0.38191439,1
70319.381728,1690.4,0.00000061,1
70319.352072,1690.4,0.637914,1
70319.499484,1690.4,0.38491417,1
70319.499484,1690.4,0.00000083,1
70319.606241,1690.4,0.38791434,1
70319.606241,1690.4,0.00000066,1
70319.571686,1690.4,0.38691395,1
70319.571686,1690.4,0.00000005,1
70319.541257,1690.4,0.38591456,1
70319.541257,1690.4,0.00000044,1
70319.694398,1690.4,0.38891412,1
70319.694398,1690.4,0.00000088,1
70319.637649,1690.4,0.38891373,1
70319.637649,1690.4,0.00000027,1
70320.182266,1690.28,0.00481362,1
70321.541798,1690.34,0.11833444,1
70322.250177,1690.34,0.017257,1
70322.396298,1690.35,0.00344117,-1
70323.423922,1690.25,0.33967078,1
70323.423922,1690.29,0.40091461,1
70323.423922,1690.32,0.40091461,1
70325.538149,1690.41,0.691375,-1
70325.538149,1690.4,1.96485401,-1
70325.538149,1690.4,0.741474,-1
70325.538149,1690.4,0.226,-1
70325.538149,1690.38,2.95791478,-1
70325.538149,1690.38,0.1479325,-1
70325.538149,1690.37,1.98911283,-1
70325.538149,1690.32,0.1536,-1
70325.538149,1690.3,1.08327653,-1
70325.538149,1690.3,0.17397442,-1
70325.538149,1690.3,1.00907748,-1
70325.538149,1690.3,1.09511332,-1
70325.538149,1690.3,0.0590958,-1
70325.538149,1690.3,0.00101049,-1
70325.538149,1690.3,1.18322136,-1
70325.538149,1690.3,0.88741643,-1
70325.538149,1690.3,0.00101049,-1
70326.585465,1690.35,0.29284396,-1
70327.672523,1690.42,0.04051697,-1
70327.672523,1690.41,0.01523476,-1
70327.672523,1690.41,0.00113343,-1
70327.672523,1690.35,0.00060495,-1
70327.987369,1690.42,0.004095,-1
70329.226557,1690.44,0.88734511,-1
70329.174443,1690.43,0.71743078,-1
70329.174443,1690.42,0.01448383,-1
70330.097483,1690.61,0.73191461,-1
70330.085805,1690.6,0.001,-1
70330.085805,1690.6,0.05,-1
70330.085805,1690.58,0.0590958,-1
70330.085805,1690.51,0.06076107,-1
70330.085805,1690.5,0.001,-1
70331.228334,1690.62,0.12154,1
70331.167804,1690.53,0.73091461,-1
70332.405452,1690.55,0.28056296,-1
70334.900107,1690.54,0.00000036,1
70334.887761,1690.54,0.001274,1
70338.386854,1690.41,0.1834428,-1
70338.386854,1690.41,1.12726823,-1
70338.386854,1690.41,1.198,-1
70338.386854,1690.41,0.0590958,-1
70338.386854,1690.41,1.00754949,-1
70338.386854,1690.41,0.88735868,-1
70338.87491,1690.44,0.74790412,-1
70338.87491,1690.44,0.00101049,-1
70340.331011,1690.48,0.74891461,-1
70340.388137,1690.49,0.02417571,1
70340.564511,1690.55,1.18319324,-1
70340.564511,1690.52,0.1553216,-1
70340.555745,1690.53,1.198,-1
70340.555745,1690.51,0.88730828,-1
70340.555745,1690.5,0.0590958,-1
70341.298298,1690.53,0.01464038,-1
70342.060881,1690.51,0.0009604,-1
70342.685174,1690.53,0.29282837,-1
70343.097144,1690.52,0.00186498,1
70343.637692,1690.44,0.450914,1
70344.110221,1690.41,0.01222222,-1
70344.080431,1690.41,0.01222222,-1
70344.229033,1690.41,0.01222222,-1
70344.199924,1690.41,0.01222222,-1
70344.169503,1690.41,0.01222222,-1
70344.139843,1690.41,0.01222222,-1
70344.348524,1690.41,0.01222222,-1
70344.318788,1690.41,0.01222222,-1
70344.289581,1690.41,0.01222222,-1
70344.259338,1690.41,0.01222222,-1
70344.437832,1690.41,0.01222222,-1
70344.40826,1690.41,0.01222222,-1
70344.378575,1690.41,0.01222222,-1
70344.526903,1690.41,0.01222222,-1
70344.497003,1690.41,0.01222222,-1
70344.467384,1690.41,0.01222222,-1
70344.645596,1690.41,0.01222222,-1
70344.616184,1690.41,0.01222222,-1
70344.586695,1690.41,0.01222222,-1
70344.557408,1690.41,0.01222222,-1
70344.704931,1690.41,0.01222222,-1
70344.675541,1690.41,0.01222222,-1
70344.794169,1690.41,0.01222222,-1
70344.764252,1690.41,0.01222222,-1
70344.734477,1690.41,0.01222222,-1
70344.88665,1690.41,0.01222222,-1
70344.857202,1690.41,0.01222222,-1
70344.82381,1690.41,0.01222222,-1
70345.03442,1690.41,0.01222222,-1
70345.004219,1690.41,0.01222222,-1
70344.974539,1690.41,0.01222222,-1
70344.945099,1690.41,0.01222222,-1
70344.916085,1690.41,0.01222222,-1
70345.122125,1690.41,0.01222222,-1
70345.09257,1690.41,0.01222222,-1
70345.063549,1690.41,0.01222222,-1
70345.210255,1690.41,0.01222222,-1
70345.180857,1690.41,0.01222222,-1
70345.150895,1690.41,0.01222222,-1
70345.330179,1690.41,0.01222222,-1
70345.300422,1690.41,0.01222222,-1
70345.270375,1690.41,0.01222222,-1
70345.240361,1690.41,0.01222222,-1
70345.418857,1690.41,0.01222222,-1
70345.389564,1690.41,0.01222222,-1
70345.359877,1690.41,0.01222222,-1
70345.509425,1690.41,0.01222222,-1
70345.478989,1690.41,0.01222222,-1
70345.448206,1690.41,0.01222222,-1
70345.628962,1690.41,0.01222222,-1
70345.598606,1690.41,0.01222222,-1
70345.56941,1690.41,0.01222222,-1
70345.539584,1690.41,0.01222222,-1
70345.718677,1690.41,0.01222222,-1
70345.688421,1690.41,0.01222222,-1
70345.658687,1690.41,0.01222222,-1
70345.836814,1690.41,0.01222222,-1
70345.808255,1690.41,0.01222222,-1
70345.778417,1690.41,0.01222222,-1
70345.748328,1690.41,0.01222222,-1
70345.925539,1690.41,0.01222222,-1
70345.89544,1690.41,0.01222222,-1
70345.865702,1690.41,0.01222222,-1
70345.984639,1690.41,0.01222222,-1
70345.955212,1690.41,0.01222222,-1
70346.102776,1690.41,0.01222222,-1
70346.07323,1690.41,0.01222222,-1
70346.042711,1690.41,0.01222222,-1
70346.013053,1690.41,0.01222222,-1
70346.220085,1690.41,0.01222222,-1
70346.191413,1690.41,0.01222222,-1
70346.162305,1690.41,0.01222222,-1
70346.133152,1690.41,0.01222222,-1
70346.338953,1690.41,0.01222222,-1
70346.309182,1690.41,0.01222222,-1
70346.279041,1690.41,0.01222222,-1
70346.248776,1690.41,0.01222222,-1
70346.427652,1690.41,0.01222222,-1
70346.397639,1690.41,0.01222222,-1
70346.368365,1690.41,0.01222222,-1
70346.516707,1690.41,0.01222222,-1
70346.487033,1690.41,0.01222222,-1
70346.457376,1690.41,0.01222222,-1
70346.634688,1690.41,0.01222222,-1
70346.604504,1690.41,0.01222222,-1
70346.574465,1690.41,0.01222222,-1
70346.545715,1690.41,0.01222222,-1
70346.724553,1690.41,0.01222222,-1
70346.694234,1690.41,0.01222222,-1
70346.664448,1690.41,0.01222222,-1
70346.813701,1690.41,0.01222222,-1
70346.783826,1690.41,0.01222222,-1
70346.752908,1690.41,0.01222222,-1
70346.93045,1690.41,0.01222222,-1
70346.900706,1690.41,0.01222222,-1
70346.871813,1690.41,0.01222222,-1
70346.842564,1690.41,0.01222222,-1
70347.0193,1690.41,0.01222222,-1
70346.989649,1690.41,0.01222222,-1
70346.960474,1690.41,0.01222222,-1
70347.139198,1690.41,0.01222222,-1
70347.109665,1690.41,0.01222222,-1
70347.079483,1690.41,0.01222222,-1
70347.049454,1690.41,0.01222222,-1
70347.231279,1690.41,0.01222222,-1
70347.201431,1690.41,0.01222222,-1
70347.171107,1690.41,0.01222222,-1
70347.321014,1690.41,0.01222222,-1
70347.291212,1690.41,0.01222222,-1
70347.261184,1690.41,0.01222222,-1
70347.409473,1690.41,0.01222222,-1
70347.379591,1690.41,0.01222222,-1
70347.350686,1690.41,0.01222222,-1
70347.530603,1690.41,0.01222222,-1
70347.500399,1690.41,0.01222222,-1
70347.469636,1690.41,0.01222222,-1
70347.439254,1690.41,0.01222222,-1
70347.621846,1690.41,0.01222222,-1
70347.591559,1690.41,0.01222222,-1
70347.561637,1690.41,0.01222222,-1
70347.742462,1690.41,0.01222222,-1
70347.712503,1690.41,0.01222222,-1
70347.682405,1690.41,0.01222222,-1
70347.652309,1690.41,0.01222222,-1
70347.83088,1690.41,0.01222222,-1
70347.800546,1690.41,0.01222222,-1
70347.770844,1690.41,0.01222222,-1
70347.919736,1690.41,0.01222222,-1
70347.889218,1690.41,0.01222222,-1
70347.859875,1690.41,0.01222222,-1
70347.978764,1690.41,0.01222222,-1
70347.978641,1690.41,0.00058566,-1
70347.949116,1690.41,0.01222222,-1
70348.131876,1690.41,0.01222222,-1
70348.101804,1690.41,0.01222222,-1
70348.071813,1690.41,0.01222222,-1
70348.041199,1690.41,0.01222222,-1
70348.010011,1690.41,0.01222222,-1
70348.221453,1690.41,0.01222222,-1
70348.191973,1690.41,0.01222222,-1
70348.162108,1690.41,0.01222222,-1
70348.309734,1690.41,0.01222222,-1
70348.279865,1690.41,0.01222222,-1
70348.265398,1690.42,0.22196303,-1
70348.265398,1690.41,1.18321411,-1
70348.265398,1690.41,0.19938421,-1
70348.265398,1690.41,1.12322604,-1
70348.265398,1690.41,1.13953979,-1
70348.265398,1690.41,1.07634173,-1
70348.265398,1690.41,0.05802167,-1
70348.249866,1690.41,0.00225204,-1
70348.249866,1690.41,0.00997018,-1
70348.42854,1690.41,0.01222222,-1
70348.399837,1690.41,0.01222222,-1
70348.369272,1690.41,0.01222222,-1
70348.338896,1690.41,0.01222222,-1
70348.518144,1690.41,0.01222222,-1
70348.488199,1690.41,0.01222222,-1
70348.458271,1690.41,0.01222222,-1
70348.638495,1690.41,0.01222222,-1
70348.608667,1690.41,0.01222222,-1
70348.578129,1690.41,0.01222222,-1
70348.547241,1690.41,0.01222222,-1
70348.727398,1690.41,0.01222222,-1
70348.69774,1690.41,0.01222222,-1
70348.66798,1690.41,0.01222222,-1
70348.747985,1690.41,0.76691461,-1
70348.747772,1690.41,0.19525135,-1
70348.747772,1690.41,0.88735868,-1
70348.747772,1690.41,1.14654745,-1
70348.897512,1690.6,0.29974701,1
70348.897512,1690.6,0.45891461,1
70348.897512,1690.6,0.29974738,1
70348.958219,1690.59,0.458914,1
70349.300309,1690.56,0.005535,-1
70349.274322,1690.55,0.00001207,1
70351.333909,1690.51,0.09562055,-1
70351.452109,1690.55,0.00103419,1
70351.452109,1690.55,0.45491461,1
70351.452109,1690.55,0.36927,1
70351.545953,1690.54,0.08873481,1
70352.204751,1690.4,0.226,1
70352.204751,1690.4,0.001,1
70352.251778,1690.4,0.215,1
70352.390565,1690.51,0.00481361,1
70352.947804,1690.36,0.1875674,1
70352.947804,1690.36,0.07502707,1
70352.947804,1690.36,0.03751353,1
70354.05716,1690.3,0.21499939,1
70354.05716,1690.3,0.00000061,1
70354.027813,1690.3,0.446914,1
70354.027813,1690.3,0.001,1
70354.465788,1690.2,0.001,1
70354.465647,1690.23,0.15005424,1
70354.723174,1690.1,0.001,1
70355.005352,1689.7,0.001,1
70355.004174,1689.8,0.001,1
70355.003963,1689.84,0.1825674,1
70355.001817,1689.86,0.14789049,1
70355.001642,1689.9,0.001,1
70355.001642,1689.95,0.14789049,1
70355.001642,1690,0.001,1
70355.139903,1689.67,0.022,1
70355.274047,1689.68,0.14682744,-1
70355.273781,1689.68,0.74091461,-1
70356.810876,1690.05,0.29578098,-1
70356.810876,1690,4.45,-1
70356.810876,1689.9,0.001,-1
70356.855932,1690.16,0.00090664,-1
70356.834067,1690.1,0.001,-1
70357.045927,1690.2,0.001,-1
70357.406814,1690.3,0.00937765,1
70357.406814,1690.3,0.02344598,1
70357.406814,1690.3,0.01406758,1
70357.406814,1690.3,0.02813518,1
70357.406814,1690.3,0.44591461,1
70357.527587,1690.26,0.445914,1
70357.467044,1690.29,0.445914,1
70357.553759,1690.26,0.44391439,1
70357.553759,1690.26,0.00000061,1
70357.684691,1690.26,0.44391378,1
70357.684691,1690.26,0.00000022,1
70358.173985,1690.27,0.05611177,-1
70359.737465,1690.16,0.03751393,1
70359.737465,1690.16,0.0590958,1
70359.737465,1690.16,0.36927,1
70359.788434,1690.11,0.444914,1
70359.912018,1690.09,0.44291457,1
70359.912018,1690.09,0.63869821,1
70359.912018,1690.09,0.00000022,1
70359.880111,1690.09,0.44291439,1
70359.880111,1690.09,0.00000061,1
70359.849572,1690.09,0.443914,1
70359.951716,1690.09,0.44291396,1
70359.951716,1690.09,0.00000004,1
70361.630825,1690.1,0.26931748,-1
70363.586088,1690.06,2.3696122,-1
70363.586088,1690.06,0.29062151,-1
70363.586088,1690.06,0.29062151,-1
70364.370976,1690.05,0.00000591,1
70364.635672,1690.06,0.02974141,-1
70365.912567,1690.3,0.00439323,-1
70367.298616,1690.18,0.00096859,1
70367.298616,1690.18,0.0590958,1
70367.298616,1690.18,0.44891461,1
70367.34234,1690.18,0.02343057,-1
70367.576673,1690.18,0.08251281,-1
70367.978652,1690.21,0.05857642,-1
70368.612032,1690.36,0.00561129,-1
70368.546967,1690.3,0.05857642,-1
70368.53674,1690.3,0.29188208,-1
70368.53674,1690.3,0.001,-1
70374.9866,1690.37,0.02132515,-1
70375.265095,1690.37,0.05749861,-1
70375.422796,1690.4,0.001,-1
70375.722528,1690.6,0.001,-1
70375.683278,1690.5,0.001,-1
70375.888126,1690.7,0.01021013,-1
70375.888126,1690.7,0.001,-1
70375.937849,1690.69,0.01265269,1
70376.230799,1690.68,0.00215889,1
70376.277033,1690.68,0.997835,1
70376.240589,1690.68,0.00000591,1
70376.238841,1690.69,0.06442643,-1
70376.585273,1690.68,0.9999898,1
70376.585273,1690.68,0.0000002,1
70376.893291,1690.68,0.9999898,1
70376.893291,1690.68,0.0000002,1
70377.201292,1690.68,0.9999898,1
70377.201292,1690.68,0.0000002,1
70377.403709,1690.66,1,1
70377.403709,1690.68,0.0000002,1
70379.198618,1690.42,0.75891461,-1
70380.989511,1690.57,0.05588611,-1
70380.989511,1690.57,0.0303465,-1
70380.978566,1690.57,0.0287493,-1
70381.192432,1690.28,0.00086898,1
70381.192432,1690.29,1.17465,1
70381.192432,1690.3,1.47902739,1
70381.192432,1690.3,0.248,1
70381.192432,1690.3,0.001,1
70381.192432,1690.32,1.18309689,1
70381.192432,1690.33,0.70630884,1
70381.192432,1690.4,0.248,1
70381.192432,1690.4,0.001,1
70381.192432,1690.41,0.0590958,1
70381.192432,1690.51,0.14790011,1
70381.192432,1690.54,1,1
70381.192432,1690.56,0.00075681,1
70381.192432,1690.56,1,1
70381.306743,1690.34,0.23466605,1
70381.306743,1690.35,0.45491461,1
70381.306743,1690.36,0.45491461,1
70381.306743,1690.37,0.45491461,1
70381.306743,1690.39,0.45491461,1
70381.306743,1690.4,0.45491461,1
70381.306743,1690.41,0.45491461,1
70381.463265,1690.41,0.01436964,-1
70381.855811,1690.42,0.75691461,-1
70381.855718,1690.42,0.08382744,-1
70382.108692,1690.64,0.0055602,-1
70382.108692,1690.63,0.0590958,-1
70382.108692,1690.6,0.001,-1
70382.555994,1690.72,0.72647093,-1
70382.555994,1690.7,0.001,-1
70382.555994,1690.7,0.18902612,-1
70382.546325,1690.7,0.80076388,-1
70382.546325,1690.69,1.18309689,-1
70382.546325,1690.69,0.0590958,-1
70383.04891,1690.79,0.36927,1
70383.220725,1690.9,0.001,-1
70383.220725,1690.89,0.1553216,-1
70383.220725,1690.87,0.5266015,-1
70383.220224,1690.87,0.95242589,-1
70383.220224,1690.87,0.8871194,-1
70383.219809,1690.8,0.001,-1
70383.343031,1691.01,0.00856439,-1
70383.343031,1691,0.001,-1
70383.476282,1691.1,0.001,-1
70383.566348,1691.19,0.052067,1
70383.554066,1691.19,0.2966024,1
70384.159057,1691.02,0.44591459,1
70384.159057,1691.02,0.00000041,1
70384.127719,1691.02,0.99999959,1
70384.127719,1691.02,0.44691461,1
70384.127719,1691.02,0.0590958,1
70384.74244,1691.04,1,1
70386.347208,1691.09,0.00287518,-1
70386.82222,1691.2,0.01255178,-1
70386.82222,1691.2,0.001,-1
70386.821935,1691.09,0.979302,-1
70386.870119,1691.3,0.001,-1
70386.848174,1691.25,0.001,-1
70386.848174,1691.25,0.64139642,-1
70387.04906,1691.38,0.290076,1
70387.032218,1691.38,0.70992351,1
70387.032218,1691.38,0.0590958,1
70387.032218,1691.38,1.18249817,1
70387.133047,1691.36,0.57095966,1
70387.133047,1691.38,0.00000049,1
70387.74022,1691.23,0.76734311,1
70387.74022,1691.25,5,1
70387.767722,1691.22,0.42905,1
70388.286452,1691.26,0.005604,-1
70388.832566,1691.49,0.77197711,-1
70388.832566,1691.44,0.34516796,-1
70388.832566,1691.4,0.236,-1
70388.832566,1691.4,0.001,-1
70388.832566,1691.34,0.88687076,-1
70388.832566,1691.33,0.22996525,-1
70389.697971,1691.42,1,1
70389.769785,1691.38,1,1
70390.060686,1691.2,0.01558786,1
70390.060686,1691.2,0.001,1
70390.87085,1691.4,0.00448556,-1
70391.651892,1691.4,0.02804184,-1
70394.00889,1691.49,0.11830714,1
70394.400949,1691.6,0.00533849,-1
70394.400949,1691.56,0.00000162,-1
70394.400949,1691.5,0.001,-1
70394.651199,1691.59,0.24250832,1
70394.651199,1691.59,0.24250868,1
70395.16759,1691.6,0.04611472,-1
70395.16759,1691.6,0.001,-1
70395.50954,1691.54,1,1
70395.454319,1691.58,1,1
70396.788666,1691.46,0.01723561,-1
70397.036538,1691.46,0.5852164,-1
70401.100222,1691.44,0.52966128,-1
70401.740296,1691.56,0.88675844,-1
70403.182963,1691.84,0.95141214,-1
70403.182963,1691.83,0.62358786,-1
70403.171609,1691.87,0.224,-1
70403.143134,1691.9,0.001,-1
70403.142561,1691.86,0.5,-1
70403.134588,1691.85,0.89847209,-1
70403.134588,1691.84,0.96861817,-1
70403.134588,1691.84,1.870998,-1
70403.134588,1691.83,0.18036501,-1
70403.134588,1691.8,0.88565025,-1
70403.134588,1691.8,0.001,-1
70403.134588,1691.8,0.05,-1
70403.134588,1691.77,0.29965306,-1
70403.134049,1691.77,0.40041914,-1
70403.134049,1691.76,0.08358086,-1
70403.134037,1691.76,0.27855417,-1
70403.134005,1691.76,0.82015546,-1
70403.133421,1691.73,0.66940979,-1
70403.133367,1691.73,0.21725923,-1
70403.133367,1691.72,1.23516883,-1
70403.13329,1691.7,0.001,-1
70403.13329,1691.69,0.0590958,-1
70403.13329,1691.65,0.35749112,-1
70403.254428,1691.8,1,1
70403.408176,1691.74,0.47297397,1
70403.45113,1691.74,0.47296997,1
70403.45113,1691.74,0.52702603,1
70404.3932,1691.99,0.48590183,-1
70404.3932,1691.9,0.001,-1
70405.579049,1691.9,1,1
70405.579049,1691.92,0.0590958,1
70405.579049,1691.92,1,1
70405.644811,1691.79,0.40765109,-1
70405.644811,1691.79,0.08937278,-1
70405.644811,1691.79,0.08937278,-1
70406.268301,1691.92,1,1
70407.639708,1691.93,0.00088657,-1
70407.639132,1691.93,0.00088657,-1
70407.639017,1691.93,0.00088657,-1
70407.638866,1691.93,0.00088657,-1
70407.638633,1691.93,0.00088657,-1
70407.638559,1691.93,0.00088657,-1
70407.722943,1691.93,0.99275839,-1
70407.722943,1691.93,0.59724161,-1
70407.830939,1691.99,0.02716006,-1
70407.830939,1691.93,0.00181161,-1
70407.920687,1692,0.001,-1
70407.920687,1691.99,0.09999844,-1
70407.920687,1691.99,1.10911219,-1
70408.569673,1692.1,0.00251078,-1
70408.569673,1692.1,0.001,-1
70408.891952,1692.09,0.23267288,1
70409.262541,1692.2,0.001,-1
70409.448219,1692.27,1.75,-1
70409.781896,1692.27,0.89648428,-1
70409.753728,1692.27,0.28281702,-1
70409.753728,1692.27,0.00436507,-1
70410.214906,1692.3,0.001,-1
70410.272765,1692.39,0.0000059,1
70410.263224,1692.39,0.00096904,1
70410.67459,1692.4,0.001,-1
70410.889734,1692.6,0.02145674,-1
70410.83295,1692.6,0.00706732,-1
70410.83295,1692.6,0.05,-1
70410.83295,1692.6,0.001,-1
70410.83295,1692.58,0.00000162,-1
70410.83295,1692.5,0.001,-1
70411.014316,1692.7,0.001,-1
70411.068381,1692.8,0.001,-1
70411.518101,1692.84,1,1
70411.458854,1692.85,0.6,1
70411.652871,1692.8,0.197145,1
70412.426856,1692.85,0.11820855,1
70412.595887,1692.86,0.61,-1
70412.595887,1692.86,0.00072555,-1
70412.595887,1692.86,0.00676338,-1
70413.09485,1692.33,1.10039458,1
70413.09485,1692.33,0.00088608,1
70413.09485,1692.34,0.975,1
70413.09485,1692.36,1.33385371,1
70413.09485,1692.36,2.30053581,1
70413.09485,1692.4,0.001,1
70413.09485,1692.5,0.001,1
70413.09485,1692.51,1.575,1
70413.09485,1692.6,0.001,1
70413.087278,1692.71,0.22060702,1
70413.086996,1692.76,0.05829096,1
70413.086762,1692.76,0.08951122,1
70413.086762,1692.76,0.6,1
70413.086762,1692.77,0.0590958,1
70413.082369,1692.77,3.7224152,1
70413.082132,1692.77,4.36571884,1
70413.082132,1692.79,5.51901801,1
70413.082132,1692.79,0.63228019,1
70413.082132,1692.8,1.4768431,1
70413.081886,1692.86,1,1
70413.081795,1692.87,0.61422599,1
70413.081751,1692.87,0.05783428,1
70413.081751,1692.87,1.18138371,1
70413.081751,1692.87,0.71518063,1
70413.081751,1692.88,1,1
70413.254023,1692.67,0.14626795,-1
70413.48271,1692.68,0.88616867,-1
70413.48271,1692.67,0.07313398,-1
70413.48271,1692.67,0.15801377,-1
70413.900453,1692.66,0.59075439,-1
70413.900453,1692.54,0.88624561,-1
70413.900453,1692.5,0.213,-1
70414.038352,1692.53,0.609,1
70414.36871,1692.48,0.002038,1
70414.648894,1692.41,0.88631005,-1
70414.648894,1692.41,0.62110834,-1
70414.648894,1692.41,0.606,-1
70416.039181,1692.4,0.001,1
70416.470441,1692.14,0.00019592,1
70416.470441,1692.2,0.001,1
70416.470441,1692.23,0.14774628,1
70416.470441,1692.3,0.001,1
70418.335056,1692,0.001,1
70418.308771,1692.09,0.00059099,1
70418.308771,1692.1,0.001,1
70420.445556,1691.9,1.575,1
70420.445556,1691.9,0.001,1
70424.486202,1692.01,4.45,-1
70424.562515,1692.2,0.001,-1
70424.546374,1692.1,0.001,-1
70425.218729,1692.24,0.558,-1
70425.218729,1692.2,0.202,-1
70425.598081,1692.24,0.00292553,-1
70425.674868,1692.24,0.00861277,-1
70425.891905,1692.23,0.01258713,1
70425.944059,1692.23,0.01462766,-1
70427.36857,1692.29,0.00277926,-1
70427.43354,1692.29,0.01435851,-1
70427.912407,1692.3,0.0005617,-1
70427.981356,1692.4,0.05,-1
70427.981356,1692.4,0.001,-1
70427.981356,1692.3,0.0004383,-1
70428.227253,1692.38,0.4049142,1
70428.227253,1692.38,0.0590958,1
70428.335681,1692.39,0.10598472,-1
70428.779339,1692.45,0.00551828,-1
70428.779339,1692.44,0.05299236,-1
70428.82278,1692.45,0.63694342,-1
70428.876229,1692.44,0.00180579,1
70429.120378,1692.47,0.00137948,-1
70429.120378,1692.47,0.01324809,-1
70429.27639,1692.47,0.00292553,-1
70429.53717,1692.45,0.580817,1
70429.797288,1692.42,0.059095,1
70429.867604,1692.42,0.01435851,-1
70429.973606,1692.35,0.059095,1
70429.940219,1692.39,0.059095,1
70429.924602,1692.4,0.64107447,-1
70429.924602,1692.4,0.212,-1
70430.10607,1692.38,0.05909486,1
70430.10607,1692.38,0.00093953,1
70430.10607,1692.38,0.00000061,1
70430.068235,1692.38,0.390914,1
70430.17203,1692.38,0.38891406,1
70430.17203,1692.38,0.00000094,1
70431.04426,1692.48,0.02871211,-1
70431.223649,1692.49,0.05851064,-1
70431.88314,1692.48,0.00277929,-1
70434.063821,1692.49,0.00025833,-1
70435.937805,1692.6,0.01481109,-1
70435.937805,1692.6,0.001,-1
70435.937805,1692.5,0.001,-1
70436.963333,1692.7,0.001,-1
70437.111406,1693.08,0.80048338,-1
70437.111406,1693.07,0.88596888,-1
70437.111406,1693.03,0.02845194,-1
70437.111406,1693.01,0.0590958,-1
70437.111406,1693,0.223,-1
70437.111406,1693,0.001,-1
70437.111406,1692.9,0.001,-1
70437.111406,1692.8,0.001,-1
70437.153876,1693.09,1.17692221,-1
70437.153876,1693.08,1.53654101,-1
70437.153876,1693.05,0.28653678,-1
70437.197202,1693.19,1.2985463,-1
70437.197202,1693.1,0.223,-1
70437.197202,1693.1,0.001,-1
70437.197202,1693.09,0.14326839,-1
70437.874108,1693.11,0.03082069,-1
70437.972486,1693.08,0.0154102,1
70437.972486,1693.08,0.5283658,1
70438.227328,1693.1,0.11437513,-1
70438.227328,1693.05,0.46405584,-1
70438.197291,1693.05,0.271888,1
70438.248419,1693.09,0.0000059,-1
70438.237425,1693.09,0.00023615,-1
70439.703167,1693.09,0.00854498,-1
70439.645164,1693.09,0.05905179,-1
70440.103999,1693,0.00236153,1
70440.177851,1693,0.00118006,1
70440.177851,1693,0.39952994,1
70440.351577,1692.94,0.0641537,1
70440.46591,1692.96,0.04262718,1
70440.756716,1692.92,0.059095,1
70440.969244,1692.83,0.23533668,1
70440.969244,1692.9,0.001,1
70440.969244,1692.92,0.0000008,1
70441.391341,1692.81,0.059095,1
70441.487833,1692.83,0.059095,1
70441.601251,1692.84,0.45303472,-1
70441.714599,1692.86,0.186741,1
70441.657251,1692.86,0.373482,1
70441.794353,1692.85,0.059095,1
70442.011245,1692.86,0.093371,1
70443.43979,1692.8,0.000791,1
70443.43979,1692.8,0.001,1
70443.635858,1692.74,0.05604281,-1
70443.959301,1692.79,0.074707,1
70444.311603,1692.71,0.019227,1
70444.278264,1692.7,0.035253,1
70444.278264,1692.7,0.001,1
70444.250411,1692.71,0.036253,1
70444.189698,1692.71,0.616,1
70444.41971,1692.73,1.014416,1
70444.41971,1692.73,0.616,1
70444.41971,1692.73,0.607,1
70444.368599,1692.72,0.68759786,1
70444.368599,1692.72,0.00961353,1
70444.368599,1692.73,0.32091461,1
70444.368599,1692.73,0.616,1
70444.446711,1692.73,1.18146195,1
70444.446711,1692.73,0.00000005,1
70444.773007,1692.74,0.5602049,-1
70445.027852,1692.8,0.02582812,-1
70445.822178,1692.77,0.04814394,1
70445.923101,1692.32,0.9273677,1
70445.923101,1692.33,0.00088597,1
70445.923101,1692.33,0.07050716,1
70445.923101,1692.34,0.05899757,1
70445.923101,1692.37,0.87427689,1
70445.923101,1692.38,0.12871533,1
70445.922783,1692.38,1.05974295,1
70445.922783,1692.53,0.53995442,1
70445.922518,1692.53,0.28139298,1
70445.922465,1692.53,0.28751096,1
70445.922465,1692.54,0.06520931,1
70445.922465,1692.68,1.15548799,1
70445.921537,1692.68,0.02597436,1
70445.921537,1692.69,0.13041862,1
70445.919838,1692.53,0.38824992,1
70445.919738,1692.53,2.89881783,1
70445.919738,1692.69,0.26257515,1
70445.919352,1692.69,1.21436392,1
70445.916653,1692.4,0.05,1
70445.916653,1692.4,0.001,1
70445.916653,1692.41,0.00269829,1
70445.916653,1692.7,1.47693034,1
70445.915858,1692.41,3.86907004,1
70445.915855,1692.41,1.60532699,1
70445.915821,1692.41,0.65648268,1
70445.915821,1692.45,0.2,1
70445.915821,1692.45,0.1,1
70445.915821,1692.5,0.58007735,1
70445.915821,1692.5,1.27730683,1
70445.915821,1692.61,1.10843032,1
70445.915423,1692.5,8.72269317,1
70445.915423,1692.5,0.001,1
70445.915423,1692.5,1.575,1
70445.915423,1692.53,3.52007569,1
70445.915157,1692.53,2.30007163,1
70445.915157,1692.53,1.08512463,1
70445.91497,1692.59,0.15564961,1
70445.91497,1692.6,1.4770176,1
70445.91497,1692.6,0.001,1
70445.91497,1692.68,0.20419885,1
70445.91467,1692.68,0.9772635,1
70445.91467,1692.69,0.0590958,1
70445.91467,1692.77,0.02407197,1
70445.91467,1692.77,0.14245461,1
70445.91467,1692.77,0.09431067,1
70445.926922,1692.08,0.28202866,1
70445.926922,1692.1,0.00113122,1
70445.926922,1692.1,0.001,1
70445.926922,1692.11,4.07538006,1
70445.926922,1692.2,0.05,1
70445.926922,1692.2,0.001,1
70445.926922,1692.21,0.14101433,1
70445.926922,1692.25,4.03786,1
70445.926922,1692.27,0.88637952,1
70445.926922,1692.27,2.24219538,1
70445.926922,1692.27,0.03490105,1
70445.926922,1692.3,0.001,1
70446.036195,1692.21,0.00226995,1
70446.036142,1692.21,0.00540453,1
70446.305172,1692.27,0.00286868,-1
70446.305172,1692.2,0.15402754,-1
70446.291529,1692.2,0.03697246,-1
70446.809115,1692.25,0.00119299,1
70447.503483,1692.12,0.19,-1
70447.503483,1692.1,1,-1
70447.899766,1692.1,1.11994578,1
70447.899766,1692.1,0.61142456,1
70447.899766,1692.1,0.03260466,1
70448.404982,1692.11,0.025974,-1
70448.399052,1692.1,1.18174147,1
70448.399052,1692.1,1.15470128,1
70448.399052,1692.1,0.00000025,1
70448.367141,1692.1,1.05155858,1
70448.367141,1692.1,1.18174217,1
70448.367141,1692.1,0.00000025,1
70448.668128,1692.11,0.1476625,-1
70448.668128,1692.11,0.15661782,-1
70449.02532,1692.14,1,-1
70449.018974,1692.12,0.18154148,-1
70449.018974,1692.12,1,-1
70449.937829,1692.22,1,-1
70452.830509,1692.26,0.01400717,-1
70454.268125,1692.26,0.07178067,-1
70454.997973,1692.3,0.001,-1
70454.997973,1692.28,1,-1
70454.990435,1692.26,0.07178,-1
70454.990435,1692.26,0.014,-1
70454.990435,1692.26,0.91421216,-1
70455.039758,1692.4,0.001,-1
70455.039758,1692.4,0.096,-1
70455.039758,1692.36,0.59753762,-1
70455.760888,1692.5,0.96008056,-1
70455.756658,1692.5,0.03991944,-1
70455.756658,1692.5,0.001,-1
70455.862692,1692.54,0.608,-1
70455.862692,1692.54,0.048,-1
70456.565784,1692.39,0.58369766,-1
70457.127512,1692.4,0.191,-1
70459.649458,1692.21,0.00196665,1
70459.649458,1692.3,0.001,1
70460.410958,1692.26,0.31285972,-1
70461.389524,1692.21,0.39081446,1
70461.389524,1692.25,0.00103438,1
70461.389524,1692.25,0.30815116,1
70461.79382,1692.24,0.00560287,-1
70462.0052,1692.24,0.05908145,-1
70463.658907,1692.21,0.44592441,-1
70463.655621,1692.13,0.05524613,1
70463.655621,1692.2,0.001,1
70463.797411,1692.22,0.30285972,-1
70463.797411,1692.22,0.68714028,-1
70464.233037,1692.22,0.04325792,-1
70464.233037,1692.22,0.00999028,-1
70464.287631,1692.22,0.94674208,-1
70465.013769,1691.9,0.001,1
70465.013769,1692,0.001,1
70465.000889,1692.1,0.001,1
70465.389782,1691.81,0.004974,-1
70468.702232,1691.82,1,-1
70468.702232,1691.81,0.0590958,-1
70468.702232,1691.81,0.88165038,-1
70468.793014,1691.86,0.177,-1
70468.793014,1691.86,0.78,-1
70468.793014,1691.86,0.043,-1
70468.758283,1691.86,0.177,-1
70468.754186,1691.86,0.78,-1
70468.754186,1691.86,0.048,-1
70469.447487,1691.98,0.059095,1
70469.62064,1692.02,0.36,-1
70469.62064,1692,1,-1
70469.568983,1691.99,0.4114811,-1
70469.555143,1691.98,0.25196222,1
70469.555143,1691.99,0.37703778,1
70469.869353,1692.01,0.0336326,-1
70470.101559,1692.04,0.01849767,-1
70470.434671,1692.03,0.00000591,1
70471.145312,1692.04,0.00585172,-1
70472.907238,1692.18,2.9547684,-1
70472.907238,1692.18,0.14772794,-1
70472.907238,1692.1,0.001,-1
70472.904834,1692.09,0.14772794,-1
70472.904834,1692.06,0.36,-1
70472.904834,1692.06,0.64,-1
70472.904834,1692.04,0.00585,-1
70472.904834,1692.04,0.01849,-1
70472.904834,1692.04,0.97565061,-1
70473.637504,1692.18,1,-1
70473.635916,1692.16,1,-1
70474.29583,1692.1,0.03250558,1
70474.29583,1692.19,0.00078739,1
70476.836326,1692.18,0.02316498,-1
70477.054616,1692.17,0.14862993,1
70478.31119,1692.17,0.0000059,1
70478.301272,1692.17,0.0091421,1
70478.508543,1692.18,0.01141516,-1
70480.358557,1692,0.88652482,-1
70480.590952,1692.17,0.00386403,1
70481.098862,1692.02,1,-1
70481.098862,1692,1,-1
70482.367461,1692,0.00356795,1
70482.844617,1692.02,1,-1
70482.923931,1692.06,0.23352971,-1
70483.487985,1692.08,0.03643676,-1
70484.886232,1692.02,0.23352,-1
70484.886232,1692.02,0.53295029,-1
70484.886232,1692.02,0.23352,-1
70486.537992,1692,0.00574547,-1
70486.692931,1692,0.52553191,-1
70487.56072,1692,0.53127,-1
70487.56072,1692,0.46872262,-1
70487.889546,1692.08,0.00570452,-1
70488.610443,1692.06,0.01961641,-1
70489.915231,1692.08,0.0057,-1
70489.915231,1692.08,0.99429548,-1
70489.91408,1692.06,0.01961,-1
70489.91408,1692.06,0.98038359,-1
70493.315456,1692.03,0.01148543,-1
70494.852604,1691.99,0.5885189,1
70495.095659,1691.65,1.55831076,1
70495.092055,1691.65,2.35512694,1
70495.092055,1691.7,0.001,1
70495.092055,1691.8,0.001,1
70495.092055,1691.9,0.001,1
70495.157256,1691.6,0.639962,1
70495.157256,1691.6,0.001,1
70495.306768,1691.51,0.63884778,1
70495.306768,1691.51,0.00000022,1
70495.277728,1691.51,0.638924,1
70495.888935,1691.53,0.00005131,1
70499.013475,1691.5,0.001513,1
70499.013475,1691.5,0.001,1
70500.031132,1691.4,0.65049447,1
70500.031132,1691.4,0.00000053,1
70500.000895,1691.4,0.653747,1
70500.000895,1691.4,0.001,1
70500.257908,1691.3,0.01118832,1
70500.257908,1691.3,0.001,1
70500.693531,1691.2,0.649177,1
70500.693531,1691.2,0.164,1
70500.680709,1691.1,0.07005717,1
70500.680709,1691.1,0.001,1
70500.680709,1691.2,0.001,1
70502.249414,1691.33,0.02498686,-1
70502.249414,1691.31,0.0590958,-1
70502.600826,1691.33,0.05911324,-1
70502.814251,1691.16,1.07518009,1
70502.814251,1691.16,0.0590958,1
70502.814251,1691.2,0.156,1
70502.814251,1691.3,0.156,1
70502.814251,1691.33,0.33561558,1
70503.516384,1691.38,0.01,-1
70504.432378,1691.38,0.01170531,-1
70508.889545,1691.03,0.0018619,1
70508.889545,1691.1,0.001,1
70508.963659,1691,1.06018367,1
70508.963659,1691,0.001,1
70509.132574,1690.91,0.01,-1
70512.00051,1690.8,0.02710976,1
70512.00051,1690.8,0.001,1
70512.00051,1690.9,0.00075935,1
70512.00051,1690.9,0.001,1
70512.331692,1691.07,0.84266375,-1
70512.331692,1691.03,0.16565534,-1
70512.331692,1691.03,0.0590958,-1
70512.331692,1691.01,1.18275539,-1
70512.331692,1691,1.575,-1
70512.331692,1691,1.60882972,-1
70512.331692,1690.99,0.418,-1
70512.331692,1690.9,0.148,-1
70512.30699,1691,0.94246898,-1
70512.30699,1691,0.148,-1
70512.30699,1690.93,0.8870858,-1
70512.30699,1690.9,0.148,-1
70512.30699,1690.87,0.58584912,-1
70512.30699,1690.86,0.10679805,-1
70512.30699,1690.86,1.575,-1
70512.30699,1690.86,0.10679805,-1
70512.274319,1690.88,0.72247283,-1
70512.274319,1690.85,0.39338531,-1
70512.274319,1690.78,0.4271922,-1
70512.376816,1690.96,0.00123659,1
70512.357991,1691.17,0.3120791,-1
70512.357991,1691.11,1.09614,-1
70512.357991,1691.11,0.06307183,-1
70512.357991,1691.1,0.059,-1
70512.357991,1691.1,0.001,-1
70512.357991,1691.1,0.148,-1
70512.357991,1691.07,1.575,-1
70512.357991,1691.07,0.088,-1
70512.357991,1691.07,0.82001692,-1
70512.357991,1691.07,0.17713871,-1
70512.357991,1691.06,0.223,-1
70512.357991,1691.01,1.18275539,-1
70512.357991,1691,0.148,-1
70512.357991,1690.96,0.10679805,-1
70512.447345,1690.96,0.00631245,1
70512.44651,1690.96,0.00993383,1
70512.644431,1690.99,0.24805432,-1
70512.644303,1690.99,0.639,-1
70513.450076,1691.1,0.01279009,1
70516.799291,1691.02,1,1
70518.137425,1690.89,0.618354,1
70518.077626,1690.9,1,1
70518.077626,1690.9,0.001,1
70518.478013,1690.9,1,1
70518.669152,1690.84,1,1
70519.09289,1690.8,0.01870988,1
70519.09289,1690.8,0.001,1
70521.207883,1690.96,1,1
70523.096946,1690.85,0.03289354,-1
70523.096946,1690.85,0.06214046,-1
70525.08147,1691.13,2.32550868,-1
70525.08147,1691.1,0.001,-1
70525.077908,1690.95,0.6,-1
70525.077908,1690.94,0.88708055,-1
70525.077908,1690.94,0.30749705,-1
70525.0772,1690.94,0.87520626,-1
70525.0772,1690.94,0.0590958,-1
70525.149557,1691.26,0.048,-1
70525.134446,1691.2,0.001,-1
70525.131016,1691.17,0.6,-1
70526.264888,1691.29,0.00000591,1
70526.255002,1691.29,0.0046769,1
70527.623037,1691.3,0.00020102,-1
70528.828569,1691.21,0.5253792,1
70528.828569,1691.29,0.00103361,1
70528.828569,1691.29,0.36458719,1
70529.78928,1691.29,0.25951,1
70530.261289,1691.11,0.01218833,1
70530.968035,1691.2,0.05853408,-1
70531.907181,1691.23,0.00001207,1
70532.366155,1691.24,0.00258718,-1
70532.815712,1691.24,0.00095949,-1
70535.816179,1691.15,0.56282956,1
70536.208459,1690.8,0.02324896,1
70536.208459,1690.9,0.001,1
70536.208459,1691,0.001,1
70542.41386,1690.92,0.0378,1
70544.567613,1690.83,0.00087922,1
70544.567613,1690.83,0.26251478,1
70546.983469,1690.89,0.88710788,-1
70550.200823,1691.28,0.00761883,-1
70550.200823,1691.2,0.001,-1
70550.190375,1691.17,0.0590958,-1
70550.190375,1691.17,0.8869616,-1
70550.190375,1691.1,0.001,-1
70550.190375,1691.05,0.048,-1
70550.26307,1691.33,0.6,-1
70550.26307,1691.3,0.001,-1
70550.26307,1691.3,0.00079898,-1
70551.234329,1691.34,0.01132595,-1
70551.318105,1691.17,1.5749992,1
70551.318105,1691.17,0.0590958,1
70552.43611,1691.22,0.00278121,-1
70552.679102,1691.2,0.00146359,-1
70552.850662,1691.18,0.02927591,-1
70553.043513,1691.17,0.60801776,-1
70553.043513,1691.16,0.00731898,-1
70553.043513,1691.16,0.44466326,-1
70555.318697,1690.68,0.17531407,1
70555.318697,1690.7,0.001,1
70555.318697,1690.8,0.001,1
70555.290835,1690.92,0.19000887,1
70555.290367,1690.92,0.184,1
70555.289645,1690.9,0.001,1
70555.287387,1690.91,0.89865574,1
70555.287387,1690.91,0.96266403,1
70555.285627,1690.92,0.62159362,1
70555.285285,1690.92,0.85689146,1
70555.285285,1690.92,0.14783714,1
70555.285285,1690.98,4.84634388,1
70555.285285,1691.01,0.14783714,1
70555.285285,1691.1,0.001,1
70555.572857,1690.74,0.0086176,-1
70555.728932,1690.7,0.127,1
70555.825487,1690.7,1.13062183,1
70555.825487,1690.7,0.00000017,1
70555.790562,1690.7,0.12699983,1
70555.790562,1690.7,0.00000017,1
70555.757862,1690.7,1.154994,1
70555.757862,1690.7,0.127,1
70556.075929,1690.7,0.00075757,1
70556.075929,1690.7,0.12614543,1
70556.062996,1690.7,0.00085457,1
70556.062996,1690.7,0.0000003,1
70556.614387,1690.66,0.95966646,1
70556.614387,1690.66,1.04069954,1
70557.661492,1690.68,1,-1
70557.661492,1690.67,0.88722222,-1
70557.661492,1690.67,0.41299556,-1
70560.94781,1690.9,0.001,-1
70561.187242,1691,0.001,-1
70562.587566,1691.25,0.0590958,-1
70562.587566,1691.25,0.88691804,-1
70562.587566,1691.2,0.001,-1
70562.587566,1691.14,0.1478555,-1
70562.587566,1691.1,0.001,-1
70563.513663,1691.42,0.88683264,-1
70563.513663,1691.4,0.001,-1
70563.513663,1691.3,0.001,-1
70563.627176,1691.53,1.18257956,-1
70563.612699,1691.61,0.77624717,-1
70563.612699,1691.6,0.48449399,-1
70563.612454,1691.6,1.31430807,-1
70563.612454,1691.6,0.05,-1
70563.612454,1691.6,0.001,-1
70563.612454,1691.53,0.1478555,-1
70563.612454,1691.53,0.29567429,-1
70563.612454,1691.52,1.18257956,-1
70563.612364,1691.51,0.1536,-1
70563.612364,1691.5,0.001,-1
70563.612364,1691.46,0.0590958,-1
70563.612364,1691.46,0.88680803,-1
70563.612364,1691.46,0.048,-1
70563.612364,1691.45,0.20649778,-1
70564.105202,1691.69,0.00208672,1
70565.047652,1691.78,0.05505718,-1
70565.047652,1691.7,0.001,-1
70565.358717,1691.8,0.001,-1
70567.882221,1691.77,0.71236424,1
70567.882221,1691.86,1,1
70567.882221,1691.88,1,1
70567.9463,1691.75,0.00029555,-1
70569.012727,1691.5,0.29088802,1
70569.012727,1691.5,0.001,1
70569.012727,1691.5,0.127,1
70569.012727,1691.51,2.994,1
70569.012727,1691.52,2.17583362,1
70569.012727,1691.54,0.52565103,1
70569.012727,1691.55,0.4,1
70569.012727,1691.6,2.994,1
70569.012727,1691.6,0.001,1
70569.012727,1691.6,0.127,1
70569.012727,1691.61,1.575,1
70569.012727,1691.61,0.4,1
70569.012727,1691.62,0.83029349,1
70569.012727,1691.7,0.127,1
70569.012727,1691.73,0.16437425,1
70569.012727,1691.78,5,1
70569.012727,1691.8,0.127,1
70569.012727,1691.82,1.18224526,1
70569.012727,1691.82,0.16437425,1
70569.012727,1691.86,0.0590958,1
70569.012727,1691.86,1,1
70569.012727,1691.89,0.00076014,1
70569.012727,1691.89,0.49570774,1
70569.195252,1691.81,0.02208921,1
70570.111194,1691.88,0.05908265,1
70570.083938,1691.89,0.05743404,-1
70570.537443,1691.88,1,1
70571.236316,1691.86,0.33646382,-1
70573.243576,1691.88,1,1
70573.694888,1691.9,0.00002399,-1
70573.694888,1691.9,0.001,-1
70575.013938,1691.89,0.00091871,-1
70577.132855,1691.88,0.05973963,1
70579.007377,1691.88,0.00093783,1
70580.197658,1691.96,0.939322,1
70580.257774,1691.94,0.057827,1
70580.24888,1691.94,0.00000591,1
70580.237142,1691.94,0.00283644,1
70580.237142,1691.96,0.00000054,1
70584.610549,1691.94,0.01189935,1
70584.610549,1691.94,0.00000065,1
70585.397782,1691.94,0.21394874,1
70588.774825,1691.98,0.00118509,1
70588.774825,1691.98,0.00000091,1
70588.747583,1691.98,0.774141,1
70588.747583,1691.98,0.0119,1
70588.747583,1691.98,0.21395,1
70589.923759,1691.91,0.0001182,-1
70589.965961,1691.91,0.00927302,-1
70590.572309,1691.91,0.18954226,-1
70590.572309,1691.91,1.575,-1
70590.572309,1691.91,1.17270912,-1
70594.395051,1691.88,0.96777845,1
70594.392396,1691.88,0.03222155,1
70594.392396,1691.9,1,1
70594.463024,1691.71,0.00584024,-1
70594.703899,1691.7,1,1
70594.703899,1691.7,0.001,1
70594.783962,1691.68,1,1
70596.597384,1691.56,1,1
70596.538108,1691.6,1,1
70596.538108,1691.6,0.001,1
70596.877914,1691.52,1.17772731,-1
70596.877914,1691.51,0.39227269,-1
70597.539844,1691.53,0.01148625,-1
70598.010423,1691.41,0.000253,-1
70597.982295,1691.41,0.00029561,-1
70597.935872,1691.5,1,1
70597.935872,1691.5,0.001,1
70597.935872,1691.52,1,1
70598.707321,1691.79,0.80524184,-1
70598.704126,1691.8,0.07647907,-1
70598.704126,1691.8,0.14,-1
70598.704126,1691.8,0.12238856,-1
70598.704126,1691.8,0.07638856,-1
70598.704126,1691.79,0.58474381,-1
70598.697291,1691.96,0.192,-1
70598.697291,1691.94,4.22609698,-1
70598.697291,1691.92,0.00088684,-1
70598.697291,1691.91,0.004355,-1
70598.697291,1691.9,0.001,-1
70598.697291,1691.88,0.048,-1
70598.697291,1691.8,0.19538856,-1
70598.697127,1691.79,0.06138856,-1
70598.697019,1691.8,0.58841873,-1
70598.697019,1691.8,0.001,-1
70598.697019,1691.78,0.14538856,-1
70598.697019,1691.74,0.27141873,-1
70598.697019,1691.65,0.84679246,-1
70598.696963,1691.65,0.69139254,-1
70598.696963,1691.65,0.58841873,-1
70598.696963,1691.64,0.58841873,-1
70598.690051,1691.79,3.94763732,-1
70598.690051,1691.79,0.5885013,-1
70598.689904,1691.79,0.1601367,-1
70598.689904,1691.74,0.1,-1
70598.689904,1691.74,0.2,-1
70598.689904,1691.72,0.68211884,-1
70598.689627,1691.72,0.89288116,-1
70598.689627,1691.7,0.001,-1
70598.689627,1691.68,1.203552,-1
70598.689627,1691.65,0.1553216,-1
70598.68938,1691.64,1.10383784,-1
70598.68938,1691.64,4.07879832,-1
70598.68938,1691.63,0.62859947,-1
70598.689275,1691.63,1.05458306,-1
70598.689158,1691.63,0.84458706,-1
70598.689158,1691.48,0.59442337,-1
70598.689158,1691.44,1.24209011,-1
70598.689104,1691.44,0.14009714,-1
70598.688728,1691.44,0.15485027,-1
70598.688728,1691.44,0.44021707,-1
70598.688622,1691.44,0.07909714,-1
70598.688467,1691.44,0.36750857,-1
70598.688162,1691.41,0.0590958,-1
70598.688162,1691.41,0.4346908,-1
70598.688116,1691.41,0.74764575,-1
70598.688116,1691.41,1.57445139,-1
70598.745182,1691.98,0.09281098,-1
70598.745182,1691.9,0.14,-1
70598.745182,1691.9,0.001,-1
70598.745182,1691.8,0.57681083,-1
70598.745182,1691.78,0.19613635,-1
70598.929151,1691.68,1,1
70598.868525,1691.72,1,1
70599.12614,1691.51,1.57432,-1
70599.12614,1691.51,0.36927,-1
70599.12614,1691.51,0.37641,-1
70599.237931,1691.5,1,1
70599.237931,1691.5,0.001,1
70599.287253,1691.48,1,1
70600.584025,1691.43,0.00207268,-1
70604.46886,1691.49,0.87296433,-1
70605.83438,1691.69,0.00286672,-1
70605.83438,1691.69,0.09806817,-1
70610.484624,1691.83,0.61104716,-1
70610.484624,1691.8,0.001,-1
70610.484624,1691.7,0.001,-1
70611.341282,1691.9,0.001,-1
70612.483061,1692.1,0.001,-1
70612.631195,1692.2,0.001,-1
70612.672264,1692.6,0.0047782,-1
70612.672264,1692.6,0.001,-1
70612.672264,1692.5,0.001,-1
70612.672264,1692.4,0.001,-1
70612.672264,1692.3,0.001,-1
70613.306104,1692.55,0.00594081,1
70613.948001,1692.69,0.00277976,-1
70614.066694,1692.66,0.00568695,-1
70614.059994,1692.66,0.00063368,-1
70614.407438,1692.6,1,1
70614.354497,1692.64,1,1
70614.354497,1692.65,0.54938538,1
70615.360496,1692.59,0.07045926,-1
70615.360496,1692.59,0.04167937,-1
70617.068394,1692.58,1,1
70617.068394,1692.58,5,1
70617.51939,1692.57,0.08410105,-1
70618.087708,1692.55,0.003,1
70618.153275,1692.55,0.00585214,-1
70621.172318,1692.58,0.88622103,-1
70621.31257,1692.7,0.001,-1
70621.564004,1692.79,0.02386889,1
70624.712988,1692.9,0.00001755,-1
70625.107605,1692.88,0.00218452,1
70625.107605,1692.88,1,1
70626.285518,1692.8,0.0000059,1
70626.273448,1692.8,0.00139413,1
70629.134798,1692.8,0.0014,1
70629.134798,1692.8,0.99859997,1
70629.166295,1692.76,1,1
70629.544797,1692.57,0.96315371,1
70629.544797,1692.58,1,1
70629.544797,1692.6,1,1
70629.544797,1692.6,0.001,1
70629.673673,1692.56,26.485897,1
70629.659996,1692.56,9.74262718,1
70629.770104,1692.5,0.001,1
70629.734969,1692.56,0.00000033,1
70630.593768,1692.21,0.72981112,1
70630.593768,1692.22,2.99714711,1
70630.593768,1692.28,0.20636513,1
70630.593768,1692.3,0.001,1
70630.593768,1692.38,1,1
70630.593768,1692.4,1,1
70630.593768,1692.4,0.001,1
70634.764171,1692.44,1,1
70634.764171,1692.46,1,1
70634.970926,1692.26,0.28475677,-1
70636.922488,1692.25,0.0590958,-1
70639.850025,1692.38,0.02709105,1
70640.553943,1692.39,0.0146236,-1
70646.233292,1692.36,0.0000059,1
70646.222099,1692.36,0.03041315,1
70648.239572,1692.07,0.1186773,1
70648.239572,1692.08,1.11679801,1
70648.239572,1692.09,0.4,1
70648.239572,1692.1,0.17,1
70648.239572,1692.1,0.001,1
70648.239572,1692.2,0.17,1
70648.239572,1692.2,0.001,1
70648.239572,1692.22,0.0590958,1
70648.239572,1692.22,0.14768344,1
70648.239572,1692.23,1.47720961,1
70648.239572,1692.23,1.18170385,1
70648.239572,1692.24,1.81290554,1
70648.239572,1692.25,0.14768344,1
70648.239572,1692.34,0.14771922,1
70648.239572,1692.4,0.03041,1
70648.239572,1692.4,0.96958095,1
70648.239572,1692.42,0.00133388,1
70648.239572,1692.42,0.03041,1
70648.239572,1692.42,0.96959,1
70648.863462,1692.26,0.15592392,-1
70649.443408,1692.24,0.07796196,-1
70649.944988,1692.25,0.88639385,-1
70651.813541,1691.73,0.37044467,1
70651.813541,1691.75,0.1553216,1
70651.813541,1691.79,0.0726093,1
70651.813541,1691.8,0.05,1
70651.813541,1691.8,0.001,1
70651.813541,1691.8,0.14,1
70651.813541,1691.82,0.00088624,1
70651.813541,1691.85,0.03630465,1
70651.813541,1691.89,1.575,1
70651.813541,1691.9,0.0590958,1
70651.813541,1691.9,0.001,1
70651.813541,1691.9,0.147,1
70651.813541,1691.91,1.15078816,1
70651.813541,1691.92,0.5,1
70651.813541,1692,0.17,1
70651.813541,1692,0.001,1
70651.813541,1692.1,0.001,1
70651.813541,1692.2,0.001,1
70651.80328,1692.21,0.015,-1
70651.80328,1692.21,1.575,-1
70652.014325,1692.1,0.161,-1
70652.014325,1692.07,0.03898098,-1
70652.688599,1692.16,0.00001206,1
70652.663232,1692.18,0.00001206,1
70652.908497,1692.16,0.88644099,-1
70652.908497,1692.1,0.161,-1
70652.908497,1692.09,0.01949049,-1
70653.119,1692.17,1.05354853,-1
70653.119,1692.14,0.88645147,-1
70655.115562,1692.64,0.23255922,-1
70655.115562,1692.64,0.4,-1
70655.115562,1692.64,0.04235539,-1
70655.115211,1692.64,0.32691461,-1
70655.081164,1692.6,0.001,-1
70655.081164,1692.55,0.48443894,-1
70655.081164,1692.54,0.00974524,-1
70655.071585,1692.55,0.11556106,-1
70655.071585,1692.49,0.21035355,-1
70655.071268,1692.49,0.67591461,-1
70655.060441,1692.47,0.67691461,-1
70655.060176,1692.47,0.32491461,-1
70655.054279,1692.5,0.70610789,-1
70655.054279,1692.5,0.001,-1
70655.054279,1692.47,2.95426211,-1
70655.054189,1692.47,0.60886131,-1
70655.050014,1692.47,0.32491461,-1
70655.049665,1692.47,0.248165,-1
70655.049665,1692.4,0.001,-1
70655.049665,1692.37,0.42774961,-1
70655.048916,1692.3,0.001,-1
70655.048916,1692.29,0.0590958,-1
70655.048916,1692.23,0.88640433,-1
70655.170136,1692.69,0.32691461,-1
70655.169443,1692.69,0.30564461,-1
70655.169443,1692.64,0.36927,-1
70655.149789,1692.64,0.43039196,-1
70655.149789,1692.64,0.24452265,-1
70655.149519,1692.64,0.32691461,-1
70655.138158,1692.64,0.32691461,-1
70655.137833,1692.64,0.67491461,-1
70655.767142,1692.63,0.17973,1
70657.129858,1692.64,0.32491461,-1
70657.129765,1692.64,0.06082812,-1
70657.129765,1692.64,0.18772069,-1
70657.129765,1692.64,0.0590958,-1
70657.129765,1692.64,0.36927,-1
70658.176421,1692.65,0.02340107,-1
70658.474008,1692.64,0.01734094,1
70660.307815,1692.64,0.0000059,1
70660.29682,1692.64,0.01263115,1
70661.032587,1692.63,0.00212052,1
70661.032587,1692.63,0.00000043,1
70661.076847,1692.63,0.416914,1
70661.046966,1692.63,0.00079091,1
70661.046966,1692.63,0.40179409,1
70661.428288,1692.52,0.30491461,-1
70661.428261,1692.52,0.69691461,-1
70661.4164,1692.51,0.62541922,-1
70661.4164,1692.51,0.07149539,-1
70661.416276,1692.51,0.30491461,-1
70661.406268,1692.51,0.63012291,-1
70661.406268,1692.51,0.0667917,-1
70661.405563,1692.51,0.3024783,-1
70661.405563,1692.51,0.00243631,-1
70661.393827,1692.55,0.30491461,-1
70661.393593,1692.55,0.31563199,-1
70661.393593,1692.52,0.00487262,-1
70661.393593,1692.51,0.37641,-1
70661.382733,1692.58,0.14773144,1
70661.382733,1692.58,0.14773144,1
70661.478285,1692.55,0.63255922,-1
70661.478285,1692.55,0.06335539,-1
70661.478282,1692.55,0.30591461,-1
70661.444208,1692.56,0.11437956,-1
70661.444208,1692.56,0.00121816,-1
70661.444208,1692.56,0.19031689,-1
70661.444112,1692.56,0.69591461,-1
70661.745332,1692.64,0.00060908,-1
70662.408048,1692.64,0.41591447,1
70662.408048,1692.64,0.00000053,1
70662.354779,1692.64,0.692305,1
70662.484039,1692.64,0.41691425,1
70662.484039,1692.64,0.00000075,1
70662.452567,1692.64,0.41591386,1
70662.452567,1692.64,0.00000014,1
70665.171962,1692.65,0.05654904,-1
70665.171962,1692.65,0.64436557,-1
70665.171893,1692.65,0.24181881,-1
70665.171893,1692.65,0.0590958,-1
70668.271557,1692.64,0.0000059,1
70668.257016,1692.64,0.00487368,1
70668.257016,1692.64,0.00000036,1
70668.902667,1692.64,0.00014918,1
70670.997687,1692.57,0.090404,1
70670.984733,1692.57,0.32651029,1
70672.059886,1692.58,0.05651239,-1
70672.059886,1692.58,0.0590958,-1
70672.059886,1692.58,0.18430642,-1
70672.059356,1692.58,0.70191461,-1
70673.7356,1692.57,0.12771187,1
70673.7356,1692.57,0.00000032,1
70674.732712,1692.55,0.07215389,1
70674.732712,1692.56,0.41791461,1
70674.732712,1692.57,0.00076045,1
70674.732712,1692.57,0.29320274,1
70675.093855,1692.56,0.00458324,1
70676.601619,1692.57,0.11560295,-1
70676.601619,1692.57,0.58531166,-1
70676.601412,1692.57,0.30091461,-1
70677.019576,1692.65,0.00999986,-1
70677.886012,1692.69,1.10481128,-1
70677.886012,1692.68,0.96458629,-1
70677.886012,1692.65,0.05901266,-1
70677.886012,1692.65,0.87618452,-1
70678.231855,1693.36,0.87172163,-1
70678.231855,1693.35,1.03351,-1
70678.231855,1693.34,0.096,-1
70678.231855,1693.34,0.0261631,-1
70678.231855,1693.3,0.161,-1
70678.231855,1693.3,0.001,-1
70678.231855,1693.29,1.53615681,-1
70678.231855,1693.28,1.10523799,-1
70678.231855,1693.22,0.88313981,-1
70678.231855,1693.2,1,-1
70678.231855,1693.2,0.05,-1
70678.231855,1693.2,0.001,-1
70678.231855,1693.19,1.03687,-1
70678.231855,1693.19,1.575,-1
70678.231855,1693.1,0.001,-1
70678.231855,1693.07,1.102,-1
70678.223191,1693.02,0.53012913,-1
70678.223191,1693,0.001,-1
70678.223191,1692.97,0.048,-1
70678.223191,1692.95,0.11778548,-1
70678.222869,1692.95,0.30491461,-1
70678.213059,1692.95,0.08146347,-1
70678.213059,1692.95,0.61545114,-1
70678.21272,1692.95,0.30491461,-1
70678.201646,1692.95,0.07963425,-1
70678.201646,1692.94,0.00088632,-1
70678.201646,1692.92,0.22339404,-1
70678.201001,1692.92,0.63780893,-1
70678.201001,1692.91,0.05901266,-1
70678.201001,1692.9,0.001,-1
70678.201001,1692.9,0.00009302,-1
70678.189361,1692.8,0.001,-1
70678.178104,1692.78,0.69891461,-1
70678.166626,1692.7,0.21849158,-1
70678.163647,1692.7,0.73500342,-1
70678.163647,1692.7,0.001,-1
70678.162958,1692.69,1.75269687,-1
70678.162923,1692.69,0.238,-1
70678.285267,1693.08,0.0619,1
70679.430118,1692.92,0.27734381,1
70679.430118,1692.93,1.84031654,1
70679.430118,1693.01,0.41791461,1
70679.430118,1693.02,0.41791461,1
70679.602989,1693.02,0.25208876,-1
70679.602907,1693.02,0.63390195,-1
70679.602907,1693.02,0.05901266,-1
70679.592763,1693,0.00195342,-1
70679.592763,1693,0.00586022,-1
70679.592763,1693,0.00781363,-1
70679.592763,1693,0.00781364,-1
70679.592763,1693,0.00781363,-1
70680.005628,1693.19,0.02968167,1
70680.297604,1693.2,0.05901266,-1
70680.297604,1693.2,0.19498435,-1
70680.297394,1693.2,0.69091461,-1
70680.297394,1693.2,0.001,-1
70680.322471,1693.3,0.001,-1
70680.981145,1693.2,0.01435359,-1
70682.739666,1693.05,0.03229224,-1
70683.810352,1693,1.10108539,-1
70683.810248,1693,0.161,-1
70683.810215,1693,0.31291461,-1
70683.839438,1693.19,0.23637798,1
70686.22879,1693.87,1.47625664,-1
70686.22879,1693.84,1.36266459,-1
70686.22879,1693.81,20.789,-1
70686.22879,1693.8,0.05,-1
70686.22879,1693.8,0.001,-1
70686.22879,1693.79,0.8089422,-1
70686.22879,1693.77,0.2,-1
70686.22879,1693.77,0.1,-1
70686.22879,1693.77,0.4,-1
70686.22879,1693.76,0.01909068,-1
70686.22879,1693.73,0.1553216,-1
70686.22879,1693.71,1.09673607,-1
70686.22879,1693.7,0.60617635,-1
70686.22879,1693.6,0.29938984,-1
70686.227875,1693.7,3.43168365,-1
70686.227875,1693.7,2.29114757,-1
70686.227875,1693.7,0.001,-1
70686.227875,1693.7,0.00000064,-1
70686.227875,1693.68,0.05899095,-1
70686.227175,1693.6,1.1,-1
70686.227175,1693.6,0.001,-1
70686.227175,1693.6,0.05,-1
70686.227175,1693.57,0.00064002,-1
70686.22638,1693.55,0.89290353,-1
70686.22638,1693.55,1.575,-1
70686.224289,1693.5,0.001,-1
70686.223799,1693.44,1.53577177,-1
70686.223799,1693.42,0.29931204,-1
70686.223799,1693.4,1.72158174,-1
70686.223799,1693.4,0.001,-1
70686.223799,1693.39,1.03259,-1
70686.223799,1693.37,1.575,-1
70686.223799,1693.3,0.001,-1
70686.22264,1693.24,0.07114078,-1
70686.222635,1693.24,0.09857378,-1
70686.222635,1693.24,1.18133055,-1
70686.222623,1693.2,0.05901266,-1
70686.222623,1693.2,0.77255897,-1
70686.222527,1693.2,0.11334086,-1
70686.222527,1693.2,0.001,-1
70686.222475,1693.16,0.85575767,-1
70686.222429,1693.16,0.71924233,-1
70686.222429,1693.16,0.37641,-1
70686.276975,1694.09,0.61781143,-1
70686.276975,1694.08,0.568,-1
70686.275626,1694.04,0.486,1
70686.268392,1693.98,0.10140941,1
70686.268386,1693.98,0.48673061,1
70686.268301,1693.98,0.48673061,1
70686.268294,1693.98,0.24368172,1
70686.266798,1694.09,0.24228,1
70686.263904,1694.2,0.38469783,-1
70686.263904,1694.2,0.4,-1
70686.263904,1694.2,0.045,-1
70686.263904,1694.19,0.241,-1
70686.263904,1694.19,0.59144576,-1
70686.263904,1694.19,0.056,-1
70686.260983,1693.98,0.25644765,1
70686.260983,1694.04,0.24228,1
70686.251032,1694.6,0.04,-1
70686.24953,1694.5,0.001,-1
70686.24953,1694.47,0.00088694,-1
70686.24953,1694.44,0.21874283,-1
70686.24953,1694.42,0.25017712,-1
70686.24953,1694.4,0.05,-1
70686.24953,1694.4,0.001,-1
70686.24953,1694.38,0.06224312,-1
70686.24953,1694.3,0.00113122,-1
70686.24953,1694.3,0.001,-1
70686.24953,1694.27,0.38809245,-1
70686.24953,1694.25,0.16244576,-1
70686.24953,1694.1,0.139,-1
70686.24953,1694.09,0.133,-1
70686.238663,1693.89,0.89474523,-1
70686.238407,1693.89,1.09254,-1
70686.235405,1694.27,0.7932381,-1
70686.235405,1694.26,0.68789589,-1
70686.235405,1694.26,0.192,-1
70686.232652,1694.23,1.575,-1
70686.232652,1693.74,0.17768,-1
70686.232234,1694.2,1,-1
70686.232234,1694.2,0.001,-1
70686.232234,1694.2,0.05,-1
70686.232234,1694.11,0.0602086,-1
70686.232234,1694.1,0.001,-1
70686.231865,1694.06,1.575,-1
70686.231865,1694.05,0.096,-1
70686.231865,1694,0.001,-1
70686.231865,1694,0.05,-1
70686.231865,1693.97,1.0845662,-1
70686.231865,1693.96,0.00088716,-1
70686.231865,1693.95,0.048,-1
70686.231865,1693.95,0.45691329,-1
70686.23157,1693.95,0.54308671,-1
70686.229917,1693.9,0.001,-1
70686.229917,1693.89,0.71066641,-1
70686.229868,1693.89,0.86433359,-1
70686.229868,1693.89,0.07722238,-1
70686.371523,1693.31,1.575,1
70686.360721,1693.32,1.45088518,1
70686.360387,1693.32,5.82967713,1
70686.359103,1693.49,0.32012408,1
70686.320252,1693.78,0.16006204,1
70686.318072,1693.8,0.15416357,1
70686.318072,1693.84,0.13924066,1
70686.31443,1693.84,0.15294571,1
70686.31443,1693.92,0.08003102,1
70686.31443,1693.95,0.05901266,1
70686.308231,1694,0.678,-1
70686.308231,1694,0.161,-1
70686.308231,1693.9,0.161,-1
70686.298108,1693.76,0.14609318,1
70686.298108,1693.76,0.14609318,1
70686.289751,1693.7,1.28416378,1
70686.289751,1693.7,0.24228,1
70686.289751,1693.72,0.24228,1
70686.289751,1693.75,0.24228,1
70686.289751,1693.76,0.24228,1
70686.289751,1693.78,0.24228,1
70686.289751,1693.79,1.23736,1
70686.289316,1693.79,0.243,1
70686.289116,1693.79,0.21372,1
70686.289116,1693.79,0.13728,1
70686.288776,1693.79,0.105,1
70686.280229,1693.8,0.24228,1
70686.279544,1694.04,0.5464806,1
70686.279506,1694.04,0.5425194,1
70686.279506,1694.05,0.24228,1
70686.279506,1694.08,0.24228,1
70686.406028,1693.25,1.575,1
70686.406028,1693.25,0.00075822,1
70686.398024,1693.31,1.575,1
70686.390001,1693.29,0.59591726,1
70686.390001,1693.31,0.15687862,1
70686.38967,1693.31,1.41812138,1
70686.38967,1693.46,0.03441334,1
70686.386564,1693.29,0.98593796,1
70686.386022,1693.29,2.89890678,1
70686.384955,1693.44,1.15098967,1
70686.384871,1693.44,0.42401033,1
70686.597366,1693.32,0.57259,-1
70686.597366,1693.3,0.161,-1
70686.597366,1693.16,0.37641,-1
70686.733871,1693.28,0.108,-1
70686.731553,1693.28,0.018,-1
70686.893099,1693.2,0.04,1
70686.871885,1693.2,0.81367712,1
70686.772428,1693.27,0.44771784,1
70687.066065,1693.21,0.37641,-1
70687.90809,1693.3,0.15390681,-1
70687.90809,1693.3,0.15390682,-1
70688.075105,1693.6,0.00273071,-1
70688.075105,1693.5,0.001,-1
70688.719295,1693.6,0.28596669,-1
70688.719295,1693.6,0.001,-1
70689.808735,1693.65,0.01400461,-1
70690.238822,1693.64,0.08217212,1
70690.253064,1693.64,0.0000059,1
70692.126564,1693.8,0.001,-1
70692.12555,1693.7,1.297007,-1
70692.117967,1693.75,0.72810488,-1
70692.117967,1693.74,0.05901266,-1
70692.117967,1693.7,0.88563572,-1
70692.117134,1693.65,0.08900828,-1
70692.14934,1693.9,0.001,-1
70696.264561,1693.99,0.00085082,1
70696.264561,1693.99,0.12417463,1
70696.924172,1693.99,0.11817782,1
70697.387333,1693.99,0.2302332,1
70697.387333,1693.99,0.00599681,1
70697.809457,1694,0.28581227,-1
70697.809457,1694,0.001,-1
70699.228291,1694,0.34799915,1
70699.228291,1694,0.00000085,1
70699.197271,1694,0.348004,1
70699.164653,1694,0.65199515,1
70699.164653,1694.02,0.00000072,1
70699.151037,1694.02,0.00076266,1
70699.151037,1694.02,0.13758034,1
70699.151037,1694.02,0.91783,1
70699.151037,1694.02,0.08217,1
70700.089537,1693.82,1,1
70700.089537,1693.84,1,1
70700.089537,1693.85,0.05901266,1
70700.089537,1693.85,0.15389729,1
70700.84147,1693.81,0.11688106,-1
70702.673147,1693.8,1.18074063,1
70702.673147,1693.8,1,1
70702.673147,1693.8,0.17170933,1
70702.673147,1693.8,0.001,1
70703.284743,1693.75,0.23617073,1
70706.335145,1693.7,1,1
70706.335145,1693.7,0.001,1
70706.327098,1693.74,1,1
70706.327098,1693.75,0.15394184,1
70706.327098,1693.75,1.18073644,1
70710.610573,1693.72,0.19713161,1
70710.610573,1693.72,0.33336539,1
70710.593554,1693.72,0.66663461,1
70711.993584,1694.3,0.001,-1
70711.992235,1694.29,0.50966139,-1
70711.991636,1694.25,0.1718728,-1
70711.991636,1694.25,1.02811,-1
70711.991636,1694.2,0.05,-1
70711.991636,1694.2,0.001,-1
70711.989708,1694.11,0.88542435,-1
70711.989623,1694.1,0.05901266,-1
70711.989623,1694.1,0.001,-1
70711.989623,1694,0.001,-1
70711.989623,1693.9,0.001,-1
70712.074337,1694.38,0.04,-1
70712.002901,1694.2,0.66291461,-1
70712.002571,1694.2,0.06692243,-1
70712.002571,1694.19,0.27199218,-1
70713.980191,1694.28,0.11812268,1
70714.727797,1694.29,0.44266329,-1
70714.72777,1694.29,0.4426633,-1
70718.660917,1694.32,0.14760322,1
70718.660809,1694.34,1,1
70718.660359,1694.36,1.18053184,1
70718.660359,1694.36,0.88187732,1
70718.660359,1694.36,0.11812,1
70719.842511,1694.17,0.01,-1
70720.570822,1694.24,0.00127721,1
70720.570822,1694.24,1,1
70720.570822,1694.24,1.18050969,1
70720.570822,1694.24,0.32397438,1
70720.570822,1694.24,0.4640039,1
70723.395623,1694.2,0.03815654,1
70723.395623,1694.2,0.31950063,1
70725.824249,1694.2,0.00000068,1
70725.805178,1694.2,0.03814932,1
70725.805178,1694.2,0.14164768,1
70725.787131,1694.2,0.17785295,1
70725.787131,1694.2,0.96184346,1
70726.233436,1694.12,0.27958341,1
70726.233436,1694.12,0.99492953,1
70726.231859,1694.12,0.0000059,1
70726.220111,1694.12,0.00506457,1
70728.274134,1694.1,0.025653,1
70728.260828,1694.1,0.21116794,1
70728.260828,1694.1,1,1
70728.260828,1694.1,0.001,1
70730.895787,1694.08,0.00057266,-1
70731.347095,1693.9,0.001,1
70731.3459,1693.92,0.14754834,1
70731.3459,1693.92,0.14754834,1
70731.3459,1693.92,1.47586662,1
70731.344607,1693.97,0.14754834,1
70731.340921,1694,8.56989882,1
70731.340921,1694,0.001,1
70731.340921,1694.04,0.36908459,1
70731.337395,1694.04,0.63091541,1
70731.337395,1694.06,0.3087739,1
70731.337395,1694.06,1,1
70733.497293,1693.88,0.18963087,-1
70733.497293,1693.88,0.26552778,-1
70733.488969,1693.88,0.205,-1
70733.48707,1693.88,0.28791461,-1
70733.486972,1693.88,0.71391461,-1
70733.485168,1693.88,0.24573,-1
70733.485168,1693.88,0.36927,-1
70733.621353,1694.15,0.039,-1
70733.621353,1694.1,0.001,-1
70738.285222,1694.17,0.00058448,-1
70739.728827,1694.12,0.0055991,-1
70740.093573,1694.11,0.00109461,1
70740.093573,1694.11,0.23036743,1
70740.691316,1693.97,0.00056108,-1
70742.726933,1693.97,0.0441657,-1
70750.378997,1693.9,0.00671749,1
70750.378997,1693.9,0.001,1
70750.477728,1693.81,1.18056048,1
70750.477728,1693.81,0.05896352,1
70750.453948,1693.88,1.18056049,1
70750.453948,1693.9,0.13402416,1
70750.644404,1693.81,0.45632196,-1
70750.644404,1693.81,0.36927,-1
70750.644404,1693.81,0.37641,-1
70750.644404,1693.81,0.36799804,-1
70750.87991,1693.78,0.48644917,1
70750.87991,1693.8,0.43291461,1
70750.87991,1693.8,0.32637138,1
70750.87991,1693.8,0.001,1
70752.083341,1693.79,0.282169,1
70752.052324,1693.79,0.00078746,1
70752.052324,1693.79,0.28216954,1
70752.004838,1693.79,1.07495534,1
70752.004838,1693.79,0.20800048,1
70752.004838,1693.79,0.20800049,1
70752.817127,1693.7,0.21773145,1
70752.817127,1693.7,0.001,1
70752.836883,1693.4,0.001,1
70752.836883,1693.4,0.161,1
70752.836883,1693.43,1.47629367,1
70752.836883,1693.43,0.06813841,1
70752.836883,1693.49,0.03406921,1
70752.836883,1693.5,1,1
70752.836883,1693.5,0.001,1
70752.836883,1693.51,0.77552254,1
70752.836883,1693.52,1,1
70752.836883,1693.53,0.597,1
70752.836883,1693.6,0.001,1
70753.225025,1693.54,0.85240841,-1
70753.168857,1693.54,0.0333109,-1
70753.740822,1693.55,0.9622247,-1
70755.237669,1693.52,0.27432,-1
70755.237669,1693.51,0.37641,-1
70755.237669,1693.51,0.36927,-1
70759.224906,1693.93,1.08873619,-1
70759.224906,1693.93,1.5346626,-1
70759.224906,1693.92,0.73812444,-1
70759.223504,1693.92,2.78451796,-1
70759.223504,1693.9,0.001,-1
70759.221141,1693.8,0.001,-1
70759.220298,1693.77,0.940872,-1
70759.220298,1693.76,1.1809208,-1
70759.220298,1693.74,0.4242076,-1
70759.220298,1693.7,0.001,-1
70759.220298,1693.69,1.113,-1
70759.219887,1693.68,2.95215152,-1
70759.217817,1693.66,0.17686664,-1
70759.217817,1693.64,0.05896352,-1
70759.217817,1693.62,0.27631,-1
70759.199532,1693.53,0.88572539,-1
70759.278235,1694,0.1753151,-1
70759.278235,1693.98,0.39199951,-1
70759.278235,1693.98,0.1536,-1
70759.267328,1694,0.26190842,-1
70759.267328,1693.95,0.45900619,-1
70759.257075,1693.95,0.72191461,-1
70759.245919,1694.01,0.00765448,-1
70759.245919,1694,0.001,-1
70759.245919,1693.99,0.54956849,-1
70759.245919,1693.99,0.16369164,-1
70759.233998,1693.99,0.72191461,-1
70759.232845,1693.9,0.12108319,-1
70759.232495,1693.9,0.06037581,-1
70759.232392,1693.9,1.48792,-1
70759.230529,1693.92,0.7984845,-1
70759.230529,1693.92,0.88724632,-1
70759.354558,1694.19,0.73191461,-1
70759.342273,1694.2,0.03634552,-1
70759.342273,1694.2,0.001,-1
70759.342273,1694.12,0.00065448,-1
70759.342167,1694.12,0.09534552,-1
70759.342167,1694.1,0.001,-1
70759.332331,1694.01,0.04034552,-1
70759.33024,1694,0.09606146,-1
70759.498835,1694.09,1.180621,1
70759.553662,1694.09,0.202,1
70759.709231,1693.87,0.37538092,1
70759.709231,1693.88,1.53455917,1
70759.709231,1693.93,0.5939922,1
70759.709231,1694.01,0.27968354,1
70759.709231,1694.01,0.43991461,1
70759.709231,1694.05,1.18062185,1
70759.709231,1694.06,0.30300024,1
70759.709231,1694.06,0.05896352,1
70759.709231,1694.07,0.15150012,1
70760.329795,1694.04,0.73091461,-1
70760.28383,1694.04,0.46878964,-1
70760.28383,1694.03,0.26212497,-1
70760.273202,1694.04,0.73091461,-1
70760.262895,1693.98,0.73191461,-1
70760.242088,1694.04,0.20766468,-1
70760.242088,1693.95,0.26212496,-1
70760.242088,1693.95,0.26212497,-1
70760.418221,1694.02,0.4689375,1
70760.418221,1694.02,0.43890871,1
70760.404128,1694.02,0.0000059,1
70760.521834,1694.19,0.26895109,-1
70760.521834,1694.18,0.05896352,-1
70760.521834,1694.17,0.4,-1
70760.510787,1694.17,0.19184039,-1
70760.510787,1694.16,0.06853711,-1
70760.510787,1694.16,0.4,-1
70760.510787,1694.16,0.06853711,-1
70760.498751,1694.12,0.06445361,-1
70760.498751,1694.11,0.664461,-1
70760.48754,1694.08,0.33845419,-1
70760.48754,1694.08,0.117312,-1
70760.48754,1694.06,0.0456914,-1
70760.48754,1694.06,0.13707421,-1
70760.48754,1694.06,0.09138281,-1
70760.474862,1694.08,0.547149,-1
70760.474862,1694.07,0.18276561,-1
70760.605908,1694.15,0.72691461,-1
70761.305816,1694.2,0.001,-1
70761.290615,1694.15,0.72391461,-1
70761.260128,1694.14,0.6553775,-1
70761.260128,1694.14,0.06853711,-1
70761.421101,1694.22,0.72291461,-1
70761.403786,1694.21,0.72291461,-1
70761.380908,1694.22,0.72391461,-1
70761.361791,1694.21,0.72391461,-1
70761.438476,1694.23,0.72291461,-1
70761.692541,1694.23,0.72291461,-1
70761.759324,1694.27,0.72291461,-1
70761.747878,1694.27,0.72291461,-1
70761.975441,1694.5,0.147,-1
70761.964121,1694.57,1.575,-1
70761.964121,1694.56,1.028034,-1
70761.964121,1694.56,1.07702031,-1
70761.963582,1694.51,3.45,-1
70761.963582,1694.5,0.001,-1
70761.963582,1694.49,0.1999998,-1
70761.963582,1694.49,0.19999978,-1
70761.963582,1694.47,1.53477336,-1
70761.963582,1694.47,0.00088557,-1
70761.963582,1694.45,0.19999286,-1
70761.963582,1694.4,0.001,-1
70761.963582,1694.39,0.048,-1
70761.963582,1694.33,0.73252774,-1
70761.963094,1694.28,0.08996955,-1
70761.962796,1694.28,0.08996955,-1
70761.95924,1694.33,0.44809411,-1
70761.95924,1694.3,0.1789391,-1
70761.95924,1694.3,0.001,-1
70761.956328,1694.28,0.7420391,-1
70761.956229,1694.28,0.65575162,-1
70761.956084,1694.28,0.72391461,-1
70761.956016,1694.28,0.55299386,-1
70761.955978,1694.28,0.04403648,-1
70761.955978,1694.28,0.05896352,-1
70761.955935,1694.27,1.115,-1
70762.356897,1694.38,0.03561007,1
70762.356897,1694.38,0.43791461,1
70762.529229,1694.45,0.72891461,1
70762.623486,1694.4,0.148822,1
70762.619258,1694.4,0.28909207,1
70762.616122,1694.4,0.05896352,1
70762.616122,1694.4,0.29804431,1
70762.61013,1694.4,0.70195569,1
70762.61013,1694.4,0.43791461,1
70762.533148,1694.46,0.5479264,1
70762.677947,1694.45,0.56589621,1
70762.671582,1694.45,0.0815092,-1
70762.671582,1694.45,0.0815092,-1
70762.653872,1694.41,0.40287783,-1
70762.653872,1694.41,0.16301839,-1
70762.653872,1694.41,0.16301839,-1
70762.805395,1694.58,0.73191461,-1
70762.794324,1694.57,0.0815092,-1
70763.124542,1694.65,0.43891461,1
70763.122389,1694.66,0.43891461,1
70763.122389,1694.66,0.12033078,1
70763.121548,1694.66,0.43891461,1
70763.112139,1694.67,0.73091461,-1
70763.100662,1694.6,0.001,-1
70763.626452,1694.67,0.24143853,1
70763.626452,1694.68,0.40791461,1
70763.626452,1694.68,0.03037729,1
70763.626452,1694.69,0.002,1
70763.626343,1694.69,0.43691461,1
70763.622803,1694.68,0.40943405,1
70763.622803,1694.68,0.03037729,1
70763.619715,1694.68,0.40753732,1
70763.609215,1694.65,0.32037729,-1
70764.308363,1694.66,1,1
70764.308363,1694.68,1,1
70764.790472,1694.66,0.15253254,1
70764.790472,1694.66,0.44091461,1
70765.52881,1694.64,0.42268,1
70765.524849,1694.48,0.02169054,1
70765.524849,1694.64,0.00392119,1
70765.523891,1694.64,0.42268031,1
70765.520835,1694.64,0.42329657,1
70765.51747,1694.64,0.15010193,1
70765.51747,1694.66,0.15253,1
70765.51747,1694.66,0.27507972,1
70765.506563,1694.66,0.57238774,1
70765.56986,1694.49,0.00252583,-1
70766.279736,1694.55,0.73891461,-1
70766.206373,1694.49,0.36108321,-1
70766.206373,1694.49,0.00126291,-1
70766.206373,1694.49,0.37756849,-1
70766.814455,1694.58,1,1
70768.735079,1694.56,0.39579562,1
70770.130724,1694.56,0.33017047,1
70770.130724,1694.56,0.20452057,1
70770.121152,1694.56,0.06607931,1
70770.121152,1694.56,0.00100275,1
70770.121152,1694.56,0.60420438,1
70770.216778,1694.32,0.96491022,1
70770.216778,1694.32,0.14762152,1
70770.216778,1694.34,0.05896352,1
70770.216778,1694.4,0.44791461,1
70770.216778,1694.4,0.001,1
70770.216778,1694.41,0.44791461,1
70770.216778,1694.42,0.44791461,1
70770.216778,1694.43,0.44791461,1
70770.143892,1694.52,0.14762152,1
70770.143892,1694.54,1,1
70770.143892,1694.56,0.00000053,1
70770.135652,1694.56,0.065619,1
70770.6214,1694.37,0.44691461,1
70770.6214,1694.37,0.00000048,1
70770.617515,1694.37,0.44691413,1
70770.617515,1694.37,0.00000087,1
70770.58919,1694.37,0.20079339,1
70770.58919,1694.37,0.44691461,1
70770.715084,1694.36,0.2732783,1
70770.715084,1694.36,0.44691461,1
70770.715084,1694.36,0.00000009,1
70770.680754,1694.36,0.44791452,1
70770.680754,1694.36,0.27327848,1
70770.647305,1694.36,1,1
70771.221484,1694.36,0.28991461,1
70771.221484,1694.36,0.2949084,1
70771.210995,1694.36,0.7050916,1
70771.210995,1694.36,0.15981651,1
70771.208101,1694.36,0.2880981,1
70771.208101,1694.36,0.00000018,1
70771.298623,1694.33,0.1143473,1
70771.292894,1694.35,0.26783333,1
70771.926178,1694.35,0.74991461,-1
70772.130092,1694.39,0.74891461,-1
70772.211019,1694.49,0.74791461,-1
70772.140993,1694.4,0.05896352,-1
70774.627975,1694.67,0.74691461,-1
70774.627975,1694.6,0.001,-1
70774.715978,1694.7,0.50982922,-1
70774.715978,1694.7,0.24608539,-1
70774.700123,1694.7,0.75391461,-1
70774.700123,1694.7,0.001,-1
70774.688781,1694.69,0.74991461,-1
70774.67515,1694.68,0.74991461,-1
70774.650875,1694.68,0.74991461,-1
70774.638025,1694.68,0.74891461,-1
70774.967565,1694.78,0.00057252,-1
70775.168985,1694.92,0.76191461,-1
70775.168985,1694.9,0.001,-1
70775.157669,1694.83,0.048,-1
70775.157669,1694.8,0.001,-1
70775.157669,1694.78,0.17624605,-1
70775.146986,1694.78,0.76291461,-1
70776.116565,1694.95,0.24625187,-1
70776.116565,1694.95,0.52066274,-1
70776.116556,1694.95,0.47933726,-1
70776.116556,1694.94,0.597,-1
70776.116514,1694.89,0.1894157,-1
70777.067649,1695.1,0.001,-1
70777.067649,1695.08,0.17444886,-1
70777.064229,1695.04,0.8849362,-1
70777.064229,1695.03,0.05896352,-1
70777.064229,1695.03,0.01430335,-1
70777.063965,1695,0.001,-1
70777.063965,1695,0.40204269,-1
70777.063862,1695,0.4030427,-1
70777.05746,1695,0.76891461,-1
70777.056948,1695,0.426,-1
70777.28223,1695.2,0.53682922,-1
70777.28223,1695.2,0.23208539,-1
70777.248431,1695.2,0.76791461,-1
70777.248431,1695.2,0.001,-1
70777.974372,1695.23,0.03099275,1
70778.134201,1695.27,0.17354234,-1
70778.124377,1695.24,0.22779818,-1
70778.123936,1695.24,0.19825636,-1
70778.123866,1695.24,0.24617959,-1
70778.123866,1695.23,0.17987495,-1
70778.116925,1695.24,0.13829486,-1
70778.116733,1695.24,0.81841901,-1
70778.116733,1695.24,0.88483046,-1
70778.116733,1695.23,1.03704539,-1
70778.115937,1695.23,0.53795461,-1
70778.115937,1695.23,0.23096,-1
70778.139936,1695.25,0.46091461,1
70778.395539,1695.24,0.56033087,1
70778.530622,1695.22,0.56033087,1
70778.530622,1695.24,0.43966913,1
70778.53237,1695.22,0.43966913,1
70779.861331,1695.13,0.6694324,-1
70779.861331,1695.13,0.09470785,-1
70779.861331,1695.13,0.88488788,-1
70780.303456,1695.06,0.26354657,1
70782.555769,1695,0.18216176,1
70782.555769,1695,0.00075933,1
70782.555769,1695,0.001,1
70782.742959,1694.9,0.2489532,1
70782.742959,1694.9,0.001,1
70782.876539,1694.81,0.04752994,1
70783.28881,1694.81,0.233042,1
70783.927249,1694.8,0.14934,1
70783.927249,1694.8,0.001,1
70787.065622,1694.81,0.88505708,-1
70787.065622,1694.81,1.135,-1
70787.224575,1695,0.001,-1
70787.175613,1694.88,0.77591461,-1
70787.165149,1694.88,0.71695109,-1
70787.165149,1694.88,0.05896352,-1
70787.260493,1695.2,0.3204,-1
70787.260493,1695.2,0.001,-1
70787.260493,1695.2,0.262,-1
70787.260493,1695.11,0.1536,-1
70787.260493,1695.1,0.001,-1
70787.260493,1695.1,0.262,-1
70788.1752,1695.14,0.77091461,-1
70788.524062,1695.3,0.76791461,-1
70788.524062,1695.3,0.001,-1
70788.573488,1695.3,0.76891461,-1
70794.3619,1695.4,0.00000589,-1
70794.621963,1695.3,0.11198369,1
70794.621963,1695.34,0.14746131,1
70794.621963,1695.38,1.115555,1
70794.621888,1695.38,0.35904066,1
70794.621888,1695.39,0.05896352,1
70794.621888,1695.39,0.44399582,1
70794.617858,1695.39,0.73568275,1
70794.617858,1695.39,0.24255843,1
70794.617858,1695.39,0.00075882,1
70794.715221,1695.3,0.99787127,1
70794.713901,1695.38,0.43109815,1
70794.712095,1695.38,0.74849318,1
70794.807144,1695.3,0.02471928,1
70794.807144,1695.3,0.03772,1
70794.807144,1695.3,0.614,1
70794.807144,1695.3,0.46191461,1
70794.807144,1695.3,0.24530711,1
70794.794346,1695.3,0.02969289,1
70794.839043,1695.3,0.461914,1
70794.839043,1695.3,0.69515928,1
70794.839043,1695.3,0.275,1
70794.839043,1695.3,0.00000072,1
70794.834515,1695.31,0.32835497,-1
70794.834515,1695.31,0.04735393,-1
70794.834515,1695.31,0.39320571,-1
70795.061822,1695.5,0.001,-1
70795.04004,1695.4,0.00099411,-1
70796.58055,1695.54,0.003303,-1
70796.564008,1695.5,1.40718931,1
70796.564008,1695.5,0.45691461,1
70796.564008,1695.5,0.275,1
70796.564008,1695.51,0.45691461,1
70796.564008,1695.52,0.45691461,1
70796.564008,1695.53,0.45691461,1
70796.564008,1695.54,0.45691461,1
70796.564008,1695.55,0.45691461,1
70796.564008,1695.55,0.57632303,1
70797.219664,1695.54,0.13397976,-1
70797.219664,1695.54,0.15261624,-1
70798.859028,1695.56,0.003033,-1
70799.031768,1695.64,0.75591461,-1
70799.021377,1695.6,0.001,-1
70799.021377,1695.6,0.01446,-1
70799.287521,1695.58,0.058963,1
70801.940331,1695.57,0.167722,1
70801.92669,1695.57,0.00341173,1
70802.112069,1695.4,0.001,1
70802.10836,1695.41,0.218,1
70802.408708,1695.31,0.16688898,-1
70804.182106,1695.41,0.41008539,-1
70804.180888,1695.41,0.73891461,-1
70804.320494,1695.59,0.00863416,1
70804.333041,1695.59,0.00000589,1
70806.200233,1695.59,0.00037966,1
70806.232869,1695.59,0.02441312,1
70807.007784,1695.6,0.73291461,-1
70807.007784,1695.6,0.001,-1
70807.00262,1695.59,1.04879717,1
70807.00262,1695.59,0.69363783,1
70806.971994,1695.59,0.17008127,1
70806.971994,1695.59,0.00000073,1
70806.942925,1695.59,0.69531855,1
70806.942925,1695.59,0.00076081,1
70806.942925,1695.59,0.17008164,1
70807.033037,1695.64,1.62437731,-1
70807.031362,1695.63,0.29914222,-1
70807.031362,1695.6,0.43677239,-1
70807.030324,1695.59,1.17947699,1
70807.030324,1695.59,7.86609278,1
70807.030324,1695.59,1.575,1
70807.030324,1695.59,0.29627639,1
70807.030324,1695.59,0.022,1
70807.030324,1695.59,0.39927639,1
70807.030324,1695.59,0.11553527,1
70807.030324,1695.59,0.44091461,1
70807.030324,1695.59,0.652,1
70807.030324,1695.59,0.00000057,1
70807.472424,1695.88,0.05896352,-1
70807.472424,1695.87,0.01097056,-1
70807.472424,1695.87,0.05485282,-1
70807.467747,1695.81,0.02194113,-1
70807.464949,1695.86,0.88451139,-1
70807.464949,1695.82,1.153,-1
70807.462542,1695.8,0.001,-1
70807.462542,1695.77,0.00000162,-1
70807.461732,1695.7,1,-1
70807.461732,1695.7,0.001,-1
70807.584881,1696,0.001,-1
70807.584881,1696,0.00088611,-1
70807.584881,1696,3,-1
70807.584881,1695.95,1.79212601,-1
70807.584881,1695.95,1,-1
70807.584881,1695.94,0.1553216,-1
70807.584881,1695.9,0.001,-1
70808.453889,1696.05,0.72991461,-1
70810.280181,1695.84,1.14317083,-1
70810.280181,1695.84,0.69682917,-1
70810.948132,1695.8,0.05806017,1
70810.948132,1695.8,0.001,1
70810.948132,1695.81,0.05896352,1
70812.129395,1695.59,1.17924408,1
70812.129395,1695.6,0.001,1
70812.128863,1695.61,0.05896352,1
70812.1278,1695.7,0.001,1
70812.1278,1695.72,0.23462606,1
70812.320292,1695.58,1.16546921,-1
70812.320292,1695.58,1.06607736,-1
70812.320292,1695.58,0.04388226,-1
70812.272406,1695.57,0.01191326,1
70814.819487,1695.6,0.15303648,1
70814.819487,1695.6,0.05896352,1
70815.769789,1695.6,1.00798794,1
70815.769789,1695.6,0.00665089,1
70816.199242,1695.5,0.173408,1
70816.199242,1695.5,0.001,1
70816.268468,1695.5,0.26099958,1
70816.268468,1695.5,0.00000042,1
70816.966659,1695.4,0.278205,1
70816.966659,1695.4,0.001,1
70818.218886,1695.36,0.09829906,-1
70818.218886,1695.36,0.02194113,-1
70822.035385,1695.53,0.00009495,-1
70822.035385,1695.53,0.00548528,-1
70829.214505,1695.59,0.00158533,1
70829.538611,1695.7,0.34188275,-1
70829.538611,1695.7,0.001,-1
70829.538611,1695.6,0.001,-1
70831.845588,1695.6,0.00464233,1
70831.845588,1695.69,0.05896352,1
70831.845588,1695.69,0.14992129,1
70831.845588,1695.69,0.00142491,1
70831.845588,1695.7,0.248,1
70831.845588,1695.7,0.39391461,1
70831.845588,1695.71,0.14744739,1
70831.845588,1695.72,0.39391461,1
70831.845588,1695.73,0.39191461,1
70831.845588,1695.75,1.17951619,1
70831.845588,1695.76,0.39291461,1
70831.845588,1695.77,2.00468525,1
70831.845588,1695.77,0.39291461,1
70831.845588,1695.78,0.39291461,1
70831.845588,1695.79,0.682,1
70831.845588,1695.79,0.66503648,1
70831.845588,1695.79,0.39291461,1
70834.230708,1695.71,0.0010497,1
70834.242668,1695.71,0.00000589,1
70834.492059,1696.2,0.048,-1
70834.492059,1696.2,0.05,-1
70834.492059,1696.2,0.275,-1
70834.492059,1696.2,0.22534425,-1
70834.491248,1696.2,0.77465575,-1
70834.491248,1696.2,0.001,-1
70834.491248,1696.18,0.68859643,-1
70834.491248,1696.16,0.674,-1
70834.491148,1696.18,0.93357765,-1
70834.491148,1696.17,0.607,-1
70834.491148,1696.17,0.59767453,-1
70834.483085,1696.1,0.001,-1
70834.482269,1695.96,1.1793549,-1
70834.481247,1695.95,0.00224328,-1
70834.480588,1695.9,1.036824,-1
70834.474952,1696.01,0.00271833,-1
70834.474682,1696.01,0.00783585,-1
70834.474682,1696,0.00088471,-1
70834.474682,1696,0.05,-1
70834.474682,1696,0.001,-1
70834.474682,1695.96,1.1793549,-1
70834.472466,1695.94,0.29489478,-1
70834.472466,1695.93,1.171,-1
70834.472431,1695.9,1.575,-1
70834.472431,1695.9,0.001,-1
70834.471978,1695.87,6.24667732,-1
70834.471978,1695.86,1.89495377,-1
70834.471683,1695.86,1.05340281,-1
70834.471683,1695.85,0.4,-1
70834.471683,1695.8,0.001,-1
70834.471683,1695.75,0.47625073,-1
70834.471275,1695.75,0.40831411,-1
70834.471275,1695.74,0.05896352,-1
70834.471275,1695.73,0.00897311,-1
70834.687963,1696.3,0.001,-1
70834.677721,1696.22,0.00884637,-1
70834.677594,1696.22,0.37891461,-1
70834.818316,1696.34,0.05896343,1
70834.818316,1696.34,1.17897557,1
70835.504886,1696.34,0.01751387,-1
70835.923021,1696.34,0.08391256,-1
70837.398921,1696.5,0.001,-1
70837.389773,1696.48,0.87718253,-1
70837.389068,1696.48,0.87718254,-1
70837.371647,1696.4,0.001,-1
70837.32829,1696.35,0.03021374,-1
70837.96055,1696.56,0.42500948,1
70837.96055,1696.56,0.28730552,1
70837.946472,1696.56,0.42500852,1
70837.940608,1696.56,0.28768596,1
70837.940608,1696.58,1,1
70838.282574,1696.47,0.77208897,-1
70838.282485,1696.47,0.81865505,-1
70838.282485,1696.46,4.40589106,-1
70838.282485,1696.45,0.00336492,-1
70838.93543,1696.56,0.86411511,-1
70838.933346,1696.56,1.00684651,-1
70838.932815,1696.66,0.15745618,-1
70838.932803,1696.66,0.27917245,-1
70838.932618,1696.66,0.15550707,-1
70838.932241,1696.66,0.24154558,-1
70838.931495,1696.66,4.7238455,-1
70838.931358,1696.66,1.82252524,-1
70838.931358,1696.65,5.17958128,-1
70838.931358,1696.64,1.22349,-1
70838.931358,1696.6,0.001,-1
70838.931358,1696.6,0.00041772,-1
70838.931358,1696.59,0.17099952,-1
70838.931358,1696.58,0.94450924,-1
70838.930584,1696.58,0.63049076,-1
70838.930584,1696.57,1.91452362,-1
70838.930241,1696.49,0.88418106,-1
70838.930241,1696.48,0.66874809,-1
70838.930241,1696.45,1.17872076,-1
70838.965058,1696.7,0.94208539,-1
70838.964771,1696.7,0.05791461,-1
70838.964771,1696.7,0.001,-1
70838.964771,1696.68,0.574,-1
70838.955342,1696.68,1.001,-1
70838.955342,1696.68,0.00063092,-1
70838.944027,1696.56,0.17563154,-1
70838.942789,1696.56,1.00308922,-1
70838.942789,1696.56,0.07307078,-1
70838.942637,1696.56,0.63291461,-1
70838.942608,1696.56,0.36891461,-1
70838.937178,1696.56,0.00084123,-1
70838.937178,1696.56,5.5090904,-1
70839.085624,1696.67,3.95621027,1
70839.085345,1696.67,3.95621027,1
70839.064084,1696.68,0.7995268,1
70839.063735,1696.68,0.2004732,1
70839.063735,1696.68,0.59905361,1
70839.053139,1696.69,0.61876832,1
70839.052954,1696.69,0.55980481,1
70839.052954,1696.69,0.05896352,1
70839.297223,1696.23,0.14744739,1
70839.296684,1696.25,0.07185426,1
70839.290724,1696.3,0.08148516,1
70839.290625,1696.3,0.08048516,1
70839.290625,1696.3,0.001,1
70839.400389,1696.18,0.5,1
70839.400326,1696.18,0.5,1
70839.375657,1696.2,1,1
70839.375657,1696.2,0.001,1
70840.31015,1696.26,1,1
70840.31015,1696.28,0.14736656,1
70840.31015,1696.28,0.25828894,1
70840.31015,1696.28,1,1
70840.61755,1696.13,0.67794754,1
70840.61755,1696.13,0.97713246,1
70840.610207,1696.13,0.20203313,1
70840.610207,1696.13,0.41791461,1
70840.610207,1696.13,0.65277263,1
70840.607331,1696.13,0.50296755,1
70840.607331,1696.13,0.17347387,1
70840.604544,1696.13,1.17916559,1
70840.601357,1696.12,0.22504513,1
70840.598648,1696.12,0.22270803,1
70840.586338,1696.14,0.50157357,1
70840.586338,1696.14,0.05896352,1
70840.586338,1696.14,0.17529961,1
70840.58336,1696.14,0.00027396,1
70840.58336,1696.14,0.76637545,1
70840.561227,1696.14,0.41279014,1
70840.647165,1696.12,1,1
70840.647165,1696.13,0.77022626,1
70840.643945,1696.13,0.40885742,1
70840.643945,1696.13,0.4,1
70840.643945,1696.13,0.10158963,1
70840.640929,1696.13,0.57430565,1
70840.640929,1696.13,0.41791461,1
70840.640929,1696.13,0.0000002,1
70842.19334,1696.31,0.00057194,-1
70842.29573,1696.3,0.00000589,1
70842.284204,1696.3,0.00088427,1
70842.53295,1696.3,0.00000589,1
70842.520365,1696.3,0.01785061,1
70842.886608,1696.3,0.01874,1
70842.886608,1696.3,0.1346501,1
70842.886552,1696.3,0.01817466,1
70842.886552,1696.3,0.13521544,1
70842.876759,1696.3,0.42301895,1
70842.876709,1696.3,0.42301895,1
70842.980774,1696.26,0.05615235,1
70842.980546,1696.26,0.05615235,1
70843.334053,1696.18,1,1
70843.333624,1696.2,0.00079368,1
70843.333263,1696.2,0.11150632,1
70843.333263,1696.2,0.05615,1
70843.333263,1696.2,0.04841664,1
70843.33009,1696.2,0.72697866,1
70843.33009,1696.2,0.05615,1
70843.730915,1696.1,0.78337442,1
70843.730915,1696.1,0.00076083,1
70843.730915,1696.1,0.001,1
70843.743899,1696.1,0.216625,1
70843.852137,1696.1,0.15576743,1
70843.852054,1696.1,0.15576686,1
70843.852054,1696.1,0.00000058,1
70846.135633,1696.02,0.31860986,1
70846.135633,1696.02,1,1
70847.036037,1696,1,1
70847.036037,1696,0.001,1
70847.55532,1695.94,0.00583627,-1
70847.816851,1695.94,0.0001474,-1
70851.277881,1695.99,0.01733074,-1
70851.890281,1695.88,0.14741174,1
70851.890223,1695.9,0.001,1
70851.890074,1695.91,0.05888268,1
70851.890074,1695.91,0.14736656,1
70851.888733,1695.96,1,1
70851.888733,1695.98,0.19685052,1
70851.888733,1695.98,1,1
70853.091669,1695.87,0.22512369,-1
70853.489966,1695.86,0.22128932,1
70853.489966,1695.86,0.46777268,1
70853.476013,1695.86,0.26611366,1
70853.475434,1695.86,0.26611366,1
70853.575974,1695.57,0.14083435,1
70853.575974,1695.6,0.001,1
70853.560122,1695.66,0.81803723,1
70853.560122,1695.7,0.001,1
70853.560122,1695.71,0.14741174,1
70853.560122,1695.72,0.05888268,1
70853.560122,1695.72,0.14741174,1
70853.560122,1695.73,0.03520859,1
70853.560122,1695.74,0.01894441,1
70853.560008,1695.74,0.03633902,1
70853.559956,1695.74,0.36575656,1
70853.551574,1695.8,0.14741174,1
70853.551574,1695.8,0.001,1
70853.551574,1695.84,0.42579459,1
70853.551249,1695.84,0.57420541,1
70853.551249,1695.86,0.00000092,1
70854.889501,1695.51,0.05837299,-1
70859.144623,1695.54,0.02865537,-1
70859.386618,1695.53,0.01017145,-1
70859.760175,1695.51,0.00094006,1
70859.760175,1695.51,0.16531403,1
70859.929587,1695.51,0.0276203,-1
70859.929587,1695.51,0.00157446,-1
70861.986793,1695.5,0.2538395,1
70861.986793,1695.5,0.001,1
70863.01021,1695.43,0.63403167,-1
70863.044,1695.56,0.00583861,-1
70866.174301,1695.8,0.001,-1
70866.159405,1695.7,0.001,-1
70868.438561,1695.87,0.02796693,-1
70868.990326,1695.9,0.001,-1
70869.10246,1696,0.001,-1
70869.874068,1696.1,0.001,-1
70873.688137,1696.2,0.00058388,-1
70874.06894,1696.3,0.00660533,-1
70874.06894,1696.3,0.001,-1
70874.06894,1696.2,0.00041612,-1
70875.72338,1696.33,0.02151587,-1
70876.803002,1696.28,0.01095455,1
70877.817136,1696.28,0.16678155,-1
70878.859,1696.28,0.05592056,-1
70880.111706,1696.16,0.02067772,-1
70880.042877,1696.15,0.02934133,1
70880.042877,1696.15,0.001245,1
70881.020773,1696,0.389914,1
70881.020773,1696,0.001,1
70881.020773,1696,0.235,1
70880.995911,1696.1,0.21222202,1
70880.995673,1696.1,0.21122202,1
70880.995673,1696.1,0.001,1
70880.967972,1696.15,0.301941,1
70881.051762,1696,0.200836,1
70881.051762,1696,0.235,1
70881.246143,1695.9,0.41941414,1
70881.246143,1695.9,0.001,1
70882.469203,1695.89,0.08885734,-1
70882.469203,1695.88,0.88449654,-1
70882.469203,1695.87,0.36664612,-1
70882.680281,1695.89,0.79000211,-1
70882.680281,1695.89,0.05592,-1
70882.680281,1695.89,1.77729789,-1
70882.680281,1695.89,0.16678,-1
70883.991325,1695.85,0.10872593,1
70883.991271,1695.85,0.10872593,1
70884.316222,1695.81,0.00064261,-1
70884.296111,1695.81,0.56308883,-1
70884.296111,1695.81,1.11641132,-1
70884.296111,1695.81,0.88453305,-1
70884.296111,1695.81,0.37641,-1
70884.511772,1695.8,0.34222046,1
70884.511772,1695.8,0.001,1
70885.151043,1695.71,0.07179929,-1
70886.256798,1695.7,0.13816229,1
70886.256628,1695.7,0.13716229,1
70886.256628,1695.7,0.001,1
70886.940626,1695.61,0.07763111,-1
70886.940626,1695.61,0.09166153,-1
70887.72135,1695.9,1.53426972,-1
70887.721301,1695.9,4.17977686,-1
70887.721093,1695.99,2.34347413,-1
70887.720706,1695.99,0.6368657,-1
70887.720706,1695.97,0.44370368,-1
70887.720204,1695.99,3.30239598,-1
70887.719517,1695.99,0.2737297,-1
70887.719517,1695.83,0.88560625,-1
70887.718602,1696.1,0.234,-1
70887.718602,1696.1,0.001,-1
70887.717893,1696.08,8.84597158,-1
70887.717893,1696.06,4.70158146,-1
70887.717475,1696.06,2.67847056,-1
70887.717475,1696.05,4.40589106,-1
70887.717475,1696.02,0.88560625,-1
70887.717295,1696,0.05,-1
70887.717295,1696,0.001,-1
70887.716905,1695.98,1.19,-1
70887.716905,1695.96,1.53306189,-1
70887.716905,1695.92,1.79640995,-1
70887.716654,1695.9,0.001,-1
70887.716654,1695.88,1.575,-1
70887.716654,1695.86,1.081167,-1
70887.716654,1695.84,0.99331072,-1
70887.716428,1695.84,0.31150928,-1
70887.716428,1695.84,0.44370368,-1
70887.716428,1695.81,0.2212279,-1
70887.716187,1695.81,0.56732037,-1
70887.71612,1695.81,0.25532037,-1
70887.715944,1695.77,1.04930861,-1
70887.715626,1695.77,0.13011732,-1
70887.715626,1695.75,0.05888268,-1
70887.715287,1695.62,0.88463216,-1
70887.78618,1696.46,0.33413122,-1
70887.775567,1696.41,0.19999937,-1
70887.775567,1696.4,0.235,-1
70887.775567,1696.4,0.05,-1
70887.775567,1696.4,0.001,-1
70887.775567,1696.39,0.19999847,-1
70887.775567,1696.33,0.02648413,-1
70887.775567,1696.3,0.001,-1
70887.744856,1696.2,0.05,-1
70887.744856,1696.2,0.001,-1
70887.743664,1696.1,0.001,-1
70887.743664,1696.09,0.52827459,-1
70887.7373,1696.09,0.00372455,-1
70887.7373,1696.09,0.05550567,-1
70887.73151,1696.05,0.01233459,-1
70887.725359,1696.07,0.50826972,-1
70887.725324,1696.07,0.13797712,-1
70887.725324,1696.01,0.02466919,-1
70887.725324,1695.99,0.04933837,-1
70887.725324,1695.95,0.38628504,-1
70887.724298,1695.95,0.49932121,-1
70887.724298,1695.94,0.43816966,-1
70887.723673,1695.94,0.45879227,-1
70887.723673,1695.91,0.89834738,-1
70887.722888,1695.94,0.67856983,-1
70887.722876,1695.94,1.749,-1
70887.722783,1695.94,0.92637821,-1
70887.722783,1695.9,1.29539033,-1
70887.722529,1695.9,0.37061511,-1
70889.460484,1696.36,7.38005202,1
70889.460484,1696.37,3.47882128,1
70889.460484,1696.37,4.40589106,1
70889.460484,1696.38,0.05888268,1
70889.460103,1696.41,0.14736569,1
70889.460103,1696.42,1.179504,1
70889.460103,1696.44,1,1
70889.460081,1696.46,1,1
70889.460081,1696.46,7.38005202,1
70890.03631,1696.27,0.63714872,-1
70890.033238,1696.27,0.16254374,-1
70890.083952,1696.3,0.10740234,-1
70890.077972,1696.3,0.12759766,-1
70890.04769,1696.28,0.14291959,-1
70890.039535,1696.27,0.3405883,-1
70890.469529,1696.39,0.13663039,-1
70890.464512,1696.39,0.015499,-1
70890.464512,1696.39,0.64667587,-1
70890.744323,1696.39,0.09163263,-1
70890.741195,1696.39,0.13299548,-1
70890.710246,1696.39,0.01808382,-1
70890.710246,1696.39,0.19133856,-1
70890.66996,1696.39,0.75701729,-1
70890.844877,1696.39,0.41029131,-1
70890.841803,1696.39,0.05973384,-1
70890.838223,1696.39,0.08021755,-1
70890.833762,1696.39,0.06548483,-1
70890.830317,1696.39,0.06149103,-1
70890.826324,1696.39,0.05973821,-1
70890.823157,1696.39,0.06141203,-1
70890.820023,1696.39,0.06008149,-1
70890.816703,1696.39,0.06785783,-1
70890.813653,1696.39,0.06224885,-1
70890.810021,1696.39,0.03083821,-1
70890.810021,1696.39,0.03102106,-1
70890.806994,1696.39,0.06653946,-1
70890.804042,1696.39,0.06408654,-1
70890.800679,1696.39,0.06564986,-1
70890.797754,1696.39,0.06427542,-1
70890.79477,1696.39,0.06649017,-1
70890.792,1696.39,0.06861896,-1
70890.78906,1696.39,0.07267054,-1
70890.78611,1696.39,0.07655979,-1
70890.783106,1696.39,0.11171019,-1
70890.747234,1696.39,0.07017998,-1
70890.863469,1696.39,0.08566645,-1
70890.854565,1696.39,0.06290385,-1
70890.854565,1696.39,0.04610511,-1
70891.276399,1696.39,0.14594193,-1
70891.621217,1696.39,0.01385877,-1
70892.267739,1696.38,0.00000589,1
70892.256575,1696.38,0.02937431,1
70892.810222,1696.38,0.02938,1
70892.810222,1696.38,0.9706198,1
70893.488737,1696.3,0.03168483,1
70893.70987,1696.27,7.38005202,1
70893.70987,1696.28,1,1
70893.70987,1696.28,1.47381328,1
70893.70987,1696.3,0.96831517,1
70896.165631,1696.21,0.01167308,-1
70896.313412,1696.21,0.00286574,-1
70897.218029,1696.2,0.00292162,1
70897.218029,1696.2,0.00081789,1
70897.218029,1696.2,0.001,1
70898.237034,1696.16,1,1
70898.156086,1696.2,1,1
70898.156086,1696.2,0.3923167,1
70899.871275,1696.1,0.69713919,1
70899.871228,1696.1,0.30286081,1
70899.871228,1696.1,0.39327838,1
70899.871228,1696.1,0.001,1
70901.191271,1696.03,0.01677244,-1
70902.047884,1696.08,0.10601345,1
70903.063555,1696.08,0.00211814,1
70907.276428,1696.19,0.05729352,-1
70907.781405,1696.18,0.00075507,1
70907.781405,1696.18,0.32460713,1
70907.781405,1696.18,1,1
70917.065862,1696.28,0.89187,1
70917.065862,1696.28,0.10601,1
70917.065862,1696.28,0.00212,1
70921.524512,1696.64,0.58984028,-1
70921.522283,1696.64,0.62027866,-1
70921.521997,1696.8,0.05,-1
70921.521997,1696.8,0.001,-1
70921.521997,1696.79,0.192,-1
70921.521308,1696.76,0.00000162,-1
70921.521308,1696.75,0.19999846,-1
70921.520909,1696.73,1.35412,-1
70921.520909,1696.72,9.77326284,-1
70921.520874,1696.72,2.04983238,-1
70921.520717,1696.72,0.37750376,-1
70921.520396,1696.7,0.001,-1
70921.520396,1696.7,0.00088436,-1
70921.520396,1696.7,1.575,-1
70921.520396,1696.69,0.29479394,-1
70921.520254,1696.66,0.1553216,-1
70921.520254,1696.64,5.44001801,-1
70921.519986,1696.62,1.93045433,-1
70921.519962,1696.62,1.51954567,-1
70921.519962,1696.61,1.53289872,-1
70921.51986,1696.6,0.05,-1
70921.51986,1696.6,0.001,-1
70921.51986,1696.57,0.096,-1
70921.519564,1696.56,16.44858092,-1
70921.519564,1696.54,0.70732324,-1
70921.51934,1696.54,3.69856782,-1
70921.51934,1696.54,1.17902924,-1
70921.51934,1696.53,0.05888268,-1
70921.51934,1696.5,0.048,-1
70921.51934,1696.5,0.001,-1
70921.51934,1696.48,0.36189001,-1
70921.519303,1696.48,0.45907888,-1
70921.519155,1696.48,0.37803111,-1
70921.519016,1696.46,0.67516744,-1
70921.518787,1696.46,0.20903111,-1
70921.518787,1696.4,0.001,-1
70921.518787,1696.3,0.001,-1
70921.581455,1696.95,1,-1
70921.528846,1696.91,1.10535291,-1
70921.528846,1696.9,0.001,-1
70921.528267,1696.88,4.25090997,-1
70921.528267,1696.83,0.87999198,-1
70921.755208,1696.78,4.16296741,1
70921.755044,1696.95,0.57224716,1
70921.917174,1696.78,0.03728816,1
70922.627404,1696.7,0.13789269,1
70922.623908,1696.7,0.86210731,1
70922.623908,1696.72,1,1
70922.623908,1696.72,0.07457631,1
70922.623908,1696.73,0.00000068,1
70922.623778,1696.73,0.058882,1
70923.535958,1696.65,0.13464971,-1
70923.535958,1696.65,0.4455349,-1
70923.532832,1696.65,0.09353841,-1
70923.528623,1696.65,0.46371057,-1
70923.542359,1696.65,0.20098333,-1
70923.541902,1696.65,0.48371424,-1
70923.541854,1696.65,0.19939755,-1
70923.541854,1696.65,0.23013661,-1
70923.538993,1696.65,0.63051749,-1
70923.722928,1696.75,1.18971334,-1
70923.722928,1696.75,0.19545946,-1
70923.696201,1696.75,0.78146168,-1
70923.693231,1696.75,0.0952489,-1
70923.693231,1696.75,0.195629,-1
70923.693231,1696.75,1.17884691,-1
70923.796303,1696.81,0.17813973,-1
70923.790133,1696.8,0.259,-1
70923.790133,1696.8,0.001,-1
70923.730655,1696.76,0.12260467,-1
70923.730513,1696.76,0.16692657,-1
70923.729826,1696.76,0.88931567,-1
70924.025658,1696.87,0.00291804,-1
70924.730917,1696.87,0.13979025,-1
70924.775318,1696.87,0.02864292,-1
70925.435702,1696.82,1,1
70925.378298,1696.86,1,1
70928.23484,1696.47,3.94999078,1
70928.23484,1696.48,1.53210541,1
70928.23484,1696.49,0.4,1
70928.23484,1696.5,0.259,1
70928.23484,1696.5,0.001,1
70928.23484,1696.56,1.06988693,1
70928.23484,1696.6,0.001,1
70928.23484,1696.61,0.05888268,1
70928.23484,1696.76,1,1
70928.23484,1696.78,0.00130187,1
70928.23484,1696.78,0.25103113,1
70928.23484,1696.78,1,1
70928.429895,1696.6,0.259,-1
70928.429895,1696.55,0.31387641,-1
70928.798776,1696.5,0.34220263,1
70928.798776,1696.5,1,1
70928.798776,1696.5,0.001,1
70929.069537,1696.2,0.24895149,1
70929.069537,1696.2,0.00088394,1
70929.069537,1696.2,0.001,1
70929.069537,1696.23,0.07233903,1
70929.069537,1696.24,0.05888268,1
70929.069537,1696.3,0.259,1
70929.069537,1696.3,0.00317432,1
70929.069537,1696.3,0.001,1
70929.069537,1696.32,0.16930893,1
70929.069537,1696.4,0.001,1
70929.069537,1696.42,1,1
70929.142751,1696.42,0.0056901,-1
70929.341258,1696.43,0.02236343,-1
70929.98052,1696.43,0.00371876,-1
70930.232879,1696.4,1,1
70930.232879,1696.42,1,1
70930.232879,1696.42,0.39914119,1
70931.527948,1696.16,1,1
70931.497263,1696.2,0.21804205,1
70931.497263,1696.2,1,1
70931.497263,1696.2,0.001,1
70931.94724,1696.1,1,1
70931.94724,1696.1,0.001,1
70932.07952,1695.95,0.07368067,1
70932.079415,1695.95,0.07368068,1
70932.064174,1696,3.01535232,1
70932.064174,1696,0.001,1
70932.063707,1696.03,0.33867193,1
70932.063707,1696.04,1,1
70935.457225,1696.12,1,1
70935.457225,1696.14,0.26833297,1
70935.457225,1696.14,1,1
70935.96001,1695.95,0.14586624,-1
70936.549935,1695.98,0.01456385,-1
70937.650363,1695.96,0.174912,1
70937.650363,1695.96,1,1
70940.207111,1696.17,0.03446044,-1
70940.954893,1696.2,0.04373709,-1
70940.954893,1696.2,0.001,-1
70941.527373,1696.18,0.77693825,1
70941.527373,1696.19,0.00075927,1
70941.527373,1696.19,0.05888268,1
70941.527373,1696.19,0.38829224,1
70941.755598,1696.16,1.17894285,1
70941.755598,1696.16,1,1
70941.755598,1696.17,0.05888268,1
70941.755598,1696.18,0.22306175,1
70943.236314,1696.02,0.27956571,-1
70943.929744,1696.04,1,1
70943.929744,1696.06,0.28729036,1
70943.929744,1696.06,1,1
70944.246826,1695.92,0.00000589,1
70944.236701,1695.92,0.00081961,1
70944.670307,1695.97,0.0151759,-1
70945.76635,1695.98,0.01284183,-1
70947.631364,1695.96,0.0420482,1
70951.603453,1696.4,0.001,-1
70951.589693,1696.22,0.15692088,-1
70951.589462,1696.22,0.05192088,-1
70951.589274,1696.22,0.01892088,-1
70951.588803,1696.22,0.19092088,-1
70951.586202,1696.32,0.38960098,-1
70951.586202,1696.32,3.77388005,-1
70951.584823,1696.32,1.6233973,-1
70951.584823,1696.17,0.05940515,-1
70951.584595,1696.32,1.98277467,-1
70951.584507,1696.39,5.64975106,-1
70951.583962,1696.39,0.1248934,-1
70951.583962,1696.37,1.207,-1
70951.583962,1696.37,1.575,-1
70951.583741,1696.33,6.25181506,-1
70951.583741,1696.3,0.001,-1
70951.583741,1696.09,1.47381328,-1
70951.583585,1696.22,1.17913743,-1
70951.583585,1696.21,0.70394505,-1
70951.583508,1696.2,0.001,-1
70951.583508,1696.17,1.39458,-1
70951.583508,1696.09,0.05888268,-1
70951.582451,1695.98,0.8716054,-1
70951.652231,1696.59,0.33503871,1
70951.650812,1696.59,0.04137129,1
70951.650812,1696.59,1.17914489,1
70951.650812,1696.61,0.37641,1
70951.628872,1696.61,0.048,-1
70951.628872,1696.6,0.05,-1
70951.628872,1696.6,0.001,-1
70951.628872,1696.5,0.001,-1
70951.628872,1696.47,0.51208239,-1
70951.992046,1696.47,0.058882,1
70952.545614,1696.46,0.00001751,-1
70953.288756,1696.44,1,1
70953.288756,1696.45,0.00825042,1
70953.288756,1696.45,1.1786538,1
70953.288756,1696.45,0.05888268,1
70953.268532,1696.46,0.14662799,-1
70955.318412,1696.4,0.18113949,1
70955.644712,1696.41,0.0027961,-1
70956.054926,1696.45,0.02796099,-1
70959.879171,1696.45,0.06988812,-1
70960.036588,1696.44,0.27590409,1
70960.036588,1696.44,0.00105991,1
70960.036588,1696.44,1,1
70962.367815,1696.45,0.00000589,1
70962.560533,1696.46,0.01458963,-1
70963.051234,1696.42,1,1
70963.050872,1696.44,0.00000016,1
70963.048113,1696.44,0.440882,1
70963.048113,1696.44,1,1
70964.262588,1696.4,0.00000589,1
70964.251025,1696.4,0.01457792,1
70964.418407,1696.38,0.58547105,1
70964.418319,1696.38,0.59356553,1
70964.418319,1696.38,1,1
70964.418251,1696.4,0.31735498,1
70964.418251,1696.4,0.98541619,1
70966.987346,1696.33,0.219044,1
70968.239909,1696.32,0.00000589,1
70968.227461,1696.32,0.04049943,1
70969.594135,1696.33,0.01750756,-1
70970.998677,1696.33,0.01230169,-1
70976.067966,1696.33,0.3412514,-1
70976.067966,1696.33,0.05888268,-1
70976.067966,1696.33,0.85445265,-1
70979.334915,1696.5,0.0161874,-1
70979.334915,1696.5,0.001,-1
70980.360886,1696.48,0.00682589,1
70980.726371,1696.79,0.006547,-1
70980.726371,1696.7,0.001,-1
70980.726371,1696.6,0.001,-1
70980.743867,1696.78,0.00598882,-1
70983.480771,1697.17,0.87836666,-1
70983.480771,1697.1,0.001,-1
70983.480771,1697.09,0.34086217,-1
70983.480712,1697.09,1.05122883,-1
70983.472944,1697.04,1.17880586,-1
70983.472944,1697,0.05,-1
70983.472944,1697,0.74957351,-1
70983.472933,1697,0.25042649,-1
70983.472933,1697,0.001,-1
70983.472933,1696.99,0.88392313,-1
70983.472933,1696.98,0.21874284,-1
70983.472933,1696.98,0.40107323,-1
70983.472933,1696.97,0.05888268,-1
70983.472933,1696.9,0.001,-1
70983.472933,1696.8,0.001,-1
70985.827478,1697.2,0.00468878,-1
70985.827478,1697.2,0.001,-1
70985.91322,1697.2,0.01431823,-1
70986.72773,1697.26,1,1
70986.910044,1697.2,1,1
70987.488023,1697.08,1,1
70987.547124,1697.04,1,1
70987.73733,1697.01,0.36927,-1
70987.949245,1697.02,0.88073,-1
70987.949245,1697.01,0.36927,-1
70988.09778,1697.03,0.0085886,-1
70989.475167,1697.08,0.00291732,-1
70989.902452,1697.3,0.001,-1
70989.902452,1697.24,1.217,-1
70989.902452,1697.2,0.980993,-1
70989.902452,1697.16,0.05888268,-1
70989.902452,1697.16,0.2846092,-1
70989.89584,1697.16,0.60026077,-1
70989.895541,1697.16,0.29356775,-1
70989.895541,1697.08,0.42169302,-1
70989.895299,1697.08,0.16326077,-1
70989.895075,1697.08,0.296,-1
70990.30706,1697.26,0.2890148,1
70990.30706,1697.26,0.05888268,1
70990.30706,1697.26,1,1
70990.30706,1697.28,0.19607523,1
70990.304742,1697.28,0.80392477,1
70990.350249,1697.26,0.00187738,1
70990.350249,1697.26,0.14999162,1
70990.800254,1697.15,0.36927,-1
70990.967468,1697.2,0.01145342,-1
70991.056005,1697.2,0.05727292,-1
70991.518355,1697.19,0.00364578,-1
70993.544659,1697.22,0.207678,1
70993.544659,1697.22,1,1
70993.970742,1697.18,0.32888245,1
70993.970742,1697.18,0.00000055,1
70993.93696,1697.18,0.99999945,1
70993.93696,1697.18,0.32888255,1
70994.532322,1697.13,1.06642172,-1
70994.532322,1697.13,1.10774702,-1
70994.532322,1697.13,0.74656126,-1
70994.532322,1697.13,0.36927,-1
70994.889957,1697.14,0.02342351,-1
70994.889957,1697.13,0.00172966,-1
70995.783792,1697.2,0.02794056,-1
70996.333215,1697.18,0.3754499,1
70997.255997,1697.08,2.80236754,1
70997.255997,1697.08,0.17398947,1
70997.255997,1697.09,3.28987953,1
70997.255788,1697.09,4.09017249,1
70997.255788,1697.1,12.70813183,1
70997.255788,1697.1,0.001,1
70997.255788,1697.11,1.47309249,1
70997.255788,1697.16,0.05888268,1
70997.255788,1697.16,0.16198623,1
70997.255445,1697.16,0.83801377,1
70997.255445,1697.18,0.2566442,1
70997.255432,1697.18,0.1187958,1
70997.255432,1697.18,0.36057732,1
70997.255432,1697.18,0.6245501,1
70997.72719,1697,0.9999992,1
70997.72719,1697,0.1910548,1
70997.72719,1697,0.001,1
70997.992775,1696.9,0.27475685,1
70997.992775,1696.9,0.001,1
70998.182219,1696.81,0.45356037,-1
70998.182219,1696.81,0.71904308,-1
70998.182219,1696.81,0.13739655,-1
70998.301564,1696.81,0.00100916,-1
70999.036225,1696.89,0.01443435,1
71000.783022,1696.89,0.01981262,-1
71002.154559,1697.19,0.00191724,-1
71002.154559,1697.1,0.001,-1
71003.906895,1697.5,0.001,-1
71003.906895,1697.49,0.048,-1
71003.906895,1697.48,0.00311251,-1
71003.904701,1697.44,2.1582,-1
71003.904701,1697.4,0.001,-1
71003.897326,1697.36,1.47467,-1
71003.897326,1697.3,0.001,-1
71003.897326,1697.28,0.26890289,-1
71003.897278,1697.28,0.462,-1
71003.897177,1697.28,0.10968649,-1
71003.897033,1697.28,0.33801279,-1
71003.892687,1697.27,1.47309249,-1
71003.892687,1697.26,0.05888268,-1
71003.892687,1697.2,1.22,-1
71003.892687,1697.2,0.001,-1
71003.892687,1697.2,0.258,-1
71003.892687,1697.19,0.25085179,-1
71003.892525,1697.19,0.90492065,-1
71003.892525,1697.19,0.88381383,-1
71003.951087,1697.5,0.245,-1
71003.951087,1697.5,0.50443047,-1
71003.940326,1697.5,0.245,-1
71003.926139,1697.5,0.245,-1
71004.129227,1697.44,1,1
71004.067808,1697.48,1,1
71004.01417,1697.49,0.32763,1
71006.425882,1697.39,0.05888268,1
71006.422152,1697.39,9.67304712,1
71006.422152,1697.4,6.92513702,1
71006.422152,1697.46,1,1
71006.422152,1697.48,1,1
71006.669308,1697.21,0.67472086,-1
71006.669308,1697.21,0.36927,-1
71006.669308,1697.21,0.06600914,-1
71007.822798,1697.6,0.08468417,-1
71007.81267,1697.9,1.07817195,-1
71007.81267,1697.9,0.048,-1
71007.81267,1697.9,0.001,-1
71007.81267,1697.85,0.87739499,-1
71007.811649,1697.81,0.02610183,-1
71007.811649,1697.8,0.001,-1
71007.811649,1697.8,0.05,-1
71007.811649,1697.8,1.575,-1
71007.811649,1697.79,0.0248333,-1
71007.811649,1697.71,0.05885087,-1
71007.811649,1697.7,0.001,-1
71007.811649,1697.63,7.38005202,-1
71007.811649,1697.6,0.001,-1
71007.808223,1697.39,0.9354,-1
71007.805491,1697.56,0.05888268,-1
71007.805149,1697.5,0.001,-1
71007.803933,1697.42,1.53274756,-1
71007.803933,1697.42,1.48007,-1
71007.803933,1697.36,0.12427,-1
71007.80389,1697.36,0.245,-1
71007.799804,1697.4,0.38143981,-1
71007.799804,1697.4,0.245,-1
71007.799804,1697.39,8.07713128,-1
71007.799751,1697.39,0.83669482,-1
71007.799751,1697.35,1.22,-1
71007.799751,1697.33,4.31277422,-1
71007.799751,1697.33,0.72834,-1
71007.799751,1697.3,0.245,-1
71007.799751,1697.29,1.17826311,-1
71007.799751,1697.28,0.18249894,-1
71007.799741,1697.23,0.88379382,-1
71007.799741,1697.21,0.39081383,-1
71007.852474,1697.8,0.001,-1
71007.852474,1697.77,1.575,-1
71007.83354,1697.6,0.09402818,-1
71007.83354,1697.6,0.65831583,-1
71007.83354,1697.59,0.03300457,-1
71007.83354,1697.58,0.01650229,-1
71008.038202,1697.56,1,1
71009.311518,1697.78,0.00977696,-1
71009.311518,1697.69,0.00825114,-1
71009.311518,1697.69,0.79734488,-1
71009.311432,1697.69,0.23337298,-1
71009.306119,1697.54,1.03071786,-1
71009.398499,1697.75,0.595874,1
71009.457076,1697.74,1,1
71009.678957,1697.7,0.233,-1
71009.678957,1697.69,0.30206257,-1
71010.118641,1697.66,1,1
71010.118641,1697.68,1,1
71010.244755,1697.48,0.00115184,1
71010.244755,1697.48,0.67112141,1
71010.244755,1697.48,0.03688612,1
71010.244755,1697.49,0.52998168,1
71010.244755,1697.49,0.4489687,1
71010.463612,1697.42,1.06073,-1
71010.463612,1697.42,0.36927,-1
71010.676109,1697.44,0.87780242,-1
71010.676109,1697.42,1.19203033,-1
71010.676109,1697.42,0.03016725,-1
71011.090101,1697.45,0.10782974,-1
71011.090101,1697.45,0.37551564,-1
71012.082494,1697.6,0.233,-1
71012.082494,1697.53,0.36927,-1
71012.071293,1697.6,0.233,-1
71012.059661,1697.65,0.04693946,-1
71012.059661,1697.61,0.14081835,-1
71012.059661,1697.61,0.04693946,-1
71012.041522,1697.46,0.88367325,-1
71013.497017,1697.5,1,1
71013.556583,1697.48,0.365787,1
71013.667919,1697.31,0.5,1
71013.643404,1697.4,0.001,1
71013.643404,1697.41,0.07377224,1
71013.639657,1697.44,0.50000043,1
71013.639553,1697.44,0.49999957,1
71013.639553,1697.46,0.00000086,1
71013.618265,1697.46,0.343269,1
71013.882679,1697.32,0.69583985,-1
71013.882679,1697.31,0.98416015,-1
71017.127182,1697.42,0.02333049,-1
71017.706223,1697.42,0.01182203,-1
71018.018257,1697.42,0.00568674,-1
71018.599078,1697.42,0.00291631,-1
71019.107771,1697.38,1,1
71019.107411,1697.4,0.19069516,1
71019.107411,1697.4,1,1
71020.436319,1697.4,0.61219786,1
71020.436319,1697.41,0.50612108,1
71021.042616,1697.48,0.74527968,1
71024.495502,1697.59,0.00000589,1
71024.483199,1697.59,0.00262725,1
71025.375015,1697.58,0.11789915,1
71026.82787,1697.58,0.11788994,1
71026.82787,1697.58,0.00090882,1
71026.82787,1697.58,0.19043271,1
71026.82787,1697.58,0.05888268,1
71026.82787,1697.58,0.88210085,1
71026.835137,1697.56,1,1
71026.835137,1697.58,0.00000006,1
71027.030726,1697.44,0.88368366,-1
71027.030726,1697.43,0.34825602,-1
71027.644636,1697.57,0.00032075,-1
71028.362925,1697.59,0.02749093,-1
71028.620004,1697.7,1,-1
71028.620004,1697.7,0.001,-1
71028.620004,1697.69,0.05888268,-1
71028.616511,1697.6,1.18622217,-1
71028.6151,1697.6,0.336,-1
71028.614877,1697.6,0.47777783,-1
71028.614877,1697.6,0.001,-1
71028.614877,1697.59,0.16022217,-1
71029.608069,1697.79,0.05866413,-1
71029.954633,1697.82,0.22496083,-1
71029.954633,1697.8,0.221,-1
71029.954633,1697.8,0.001,-1
71030.268999,1698.47,5.52915497,-1
71030.268999,1698.45,1.09100376,-1
71030.268592,1698.45,0.33791461,-1
71030.268243,1698.47,0.18950976,-1
71030.268243,1698.46,0.47440485,-1
71030.267406,1698.46,0.20348072,-1
71030.266928,1698.46,0.14061253,-1
71030.266928,1698.44,0.1,-1
71030.266928,1698.41,0.05882681,-1
71030.266282,1698.4,0.001,-1
71030.266282,1698.4,0.05,-1
71030.266282,1698.31,1.10949505,-1
71030.266282,1698.3,0.001,-1
71030.266282,1698.3,0.00299,-1
71030.266282,1698.27,0.1553216,-1
71030.266282,1698.2,1.620018,-1
71030.265398,1698,1.164857,-1
71030.265398,1697.99,0.04005554,-1
71030.265253,1698.2,0.001,-1
71030.265253,1698.19,6.000447,-1
71030.265058,1698,0.001,-1
71030.259156,1698.17,5.07837105,-1
71030.259156,1698.17,6.97413131,-1
71030.259156,1698.16,1.5003,-1
71030.259156,1698.16,0.048,-1
71030.259156,1698.14,1.575,-1
71030.259156,1698.13,1.53152152,-1
71030.259156,1698.12,1.226,-1
71030.259156,1698.11,0.00088364,-1
71030.259156,1698.1,0.001,-1
71030.259156,1698.08,7.55089387,-1
71030.259156,1698.01,0.05888268,-1
71030.259156,1698.01,4.93459799,-1
71030.259156,1698,10,-1
71030.259156,1698,6.0408179,-1
71030.259152,1698,3.9591821,-1
71030.259152,1698,10,-1
71030.259152,1698,0.233,-1
71030.259152,1698,0.05,-1
71030.259152,1698,0.001,-1
71030.259152,1697.94,0.18106737,-1
71030.259152,1697.91,1.17806244,-1
71030.259152,1697.9,10,-1
71030.259152,1697.9,0.233,-1
71030.259152,1697.9,0.001,-1
71030.259152,1697.89,1.575,-1
71030.259152,1697.82,0.88348961,-1
71030.259152,1697.8,10,-1
71030.259152,1697.8,0.221,-1
71030.259152,1697.79,0.0717304,-1
71030.258459,1697.79,0.00838069,-1
71030.287107,1699.09,3.96256054,-1
71030.287107,1699.08,2.35444525,-1
71030.276116,1699.08,1.52733215,-1
71030.276116,1699,0.001,-1
71030.276116,1699,0.05,-1
71030.276116,1698.99,1.575,-1
71030.276116,1698.95,1,-1
71030.276116,1698.91,5.32824805,-1
71030.274572,1698.91,2.05180397,-1
71030.274572,1698.91,1.09244303,-1
71030.274572,1698.9,0.001,-1
71030.274572,1698.82,1.575,-1
71030.274572,1698.8,0.001,-1
71030.274572,1698.8,0.05,-1
71030.274572,1698.75,0.192,-1
71030.274572,1698.7,0.001,-1
71030.274572,1698.68,0.1,-1
71030.274572,1698.68,0.2,-1
71030.274572,1698.68,0.4,-1
71030.274572,1698.65,1.575,-1
71030.274572,1698.64,2.2423332,-1
71030.27433,1698.62,0.25017712,-1
71030.27433,1698.6,1.67278176,-1
71030.27433,1698.6,0.05,-1
71030.27433,1698.6,0.001,-1
71030.27433,1698.59,1.03025767,-1
71030.27433,1698.54,0.096,-1
71030.27433,1698.54,0.86323945,-1
71030.27433,1698.51,0.2,-1
71030.27433,1698.5,0.00113122,-1
71030.27433,1698.5,0.001,-1
71030.274108,1698.49,2.51667503,-1
71030.273931,1698.49,1.31446,-1
71030.273674,1698.49,6.40996947,-1
71030.273659,1698.49,1.31446,-1
71030.273013,1698.49,0.70699271,-1
71030.273013,1698.48,0.60746729,-1
71030.272236,1698.48,0.96753271,-1
71030.272236,1698.47,0.34692729,-1
71030.271995,1698.47,1.31446,-1
71030.364822,1698.9,0.77406054,-1
71030.354576,1698.66,0.66591461,-1
71030.354402,1698.66,0.33591461,-1
71030.378055,1698.9,0.232,-1
71030.378055,1698.8,0.232,-1
71030.66235,1698.98,0.03097223,-1
71030.66235,1698.97,0.02002777,-1
71030.66235,1698.96,7.38005202,-1
71030.642328,1698.81,0.73897182,-1
71030.600407,1698.8,0.20929041,1
71030.588204,1698.8,0.79070959,1
71030.82256,1699.2,1,-1
71030.82256,1699.2,0.001,-1
71030.82256,1699.18,1.575,-1
71030.781398,1699.1,0.522,-1
71030.774527,1699.1,0.001,-1
71030.774527,1699.06,0.00250347,-1
71030.774527,1699.06,0.00500695,-1
71030.771095,1699.09,0.43749653,-1
71030.771095,1699.09,0.249,-1
71030.771095,1699.08,0.736,-1
71030.771095,1699.06,0.00250347,-1
71030.756196,1699.09,0.35813,1
71030.890467,1699.23,0.00728393,-1
71030.890467,1699.23,0.47125579,-1
71030.865315,1699.21,1.575,-1
71030.865315,1699.21,0.186,-1
71030.865315,1699.21,0.508,-1
71031.328687,1699.16,1.083,1
71031.328133,1699.18,0.07827908,1
71031.326019,1699.24,0.66391461,-1
71031.325829,1699.24,0.33791461,-1
71031.325305,1699.21,0.29749653,1
71031.325305,1699.21,0.29749652,1
71031.325305,1699.22,1,1
71031.325305,1699.22,0.6,1
71031.325305,1699.23,0.38627723,1
71031.315182,1699.24,0.33791461,-1
71031.314886,1699.24,0.66391461,-1
71031.304413,1699.24,0.66391461,-1
71031.304384,1699.24,0.33791461,-1
71031.413504,1699.13,0.39691439,1
71031.413504,1699.13,0.00000061,1
71031.378694,1699.13,0.397914,1
71031.456225,1699.04,0.15655815,1
71031.455486,1699.07,0.28275064,1
71031.455486,1699.1,0.0767135,1
71031.440751,1699.13,0.39691378,1
71031.440751,1699.13,0.00000022,1
71031.57496,1699.13,0.15125173,-1
71031.543261,1699.28,3.71794556,-1
71031.543261,1699.25,4.166756,-1
71031.543261,1699.22,0.39049303,-1
71031.542939,1699.22,6.98955899,-1
71031.542837,1699.13,0.30250347,-1
71031.793188,1699.12,0.65588268,1
71031.793188,1699.13,0.56755644,1
71031.792667,1699.14,1,1
71031.792667,1699.14,0.05888268,1
71031.857875,1699.12,0.344117,1
71032.122767,1699.07,0.769,-1
71032.122767,1699.06,0.769,-1
71032.180288,1699.13,1,-1
71032.321566,1699.2,0.66208539,-1
71032.310233,1699.2,0.33791461,-1
71032.299017,1699.18,0.07562587,-1
71032.501461,1699.29,0.00230958,-1
71032.48837,1699.28,0.66291461,-1
71032.488317,1699.28,0.33891461,-1
71032.729879,1699.27,0.33591461,-1
71032.72969,1699.27,0.66591461,-1
71032.635042,1699.26,0.52021635,1
71032.635042,1699.27,0.88560625,1
71032.635042,1699.28,1,1
71032.635042,1699.29,4.25090997,1
71032.827249,1699.19,0.18466,-1
71032.819095,1699.18,4.16679314,1
71032.819095,1699.18,7.38005202,1
71032.819095,1699.26,0.88560625,1
71032.805563,1699.19,0.94444722,-1
71032.789075,1699.2,0.736,-1
71032.782496,1699.2,0.04510252,-1
71032.782496,1699.2,0.02255126,-1
71032.7763,1699.19,0.02414568,-1
71032.77316,1699.19,0.81736563,-1
71032.767221,1699.25,0.88560625,1
71032.763203,1699.2,0.28109353,1
71032.75914,1699.2,0.221,-1
71032.75914,1699.19,0.03781293,-1
71032.757887,1699.18,4.25090997,1
71032.757887,1699.18,0.79853369,1
71032.756812,1699.18,3.18172377,1
71032.756812,1699.19,1.47128926,1
71032.755768,1699.2,0.221,-1
71032.752528,1699.19,1.31446,-1
71032.746538,1699.18,3.39979456,1
71032.746538,1699.19,0.05888268,1
71032.746538,1699.24,0.47978365,1
71032.746538,1699.26,0.88560625,1
71032.909253,1699.18,0.11784219,1
71032.846956,1699.25,0.885606,1
71033.212563,1699.16,0.00000751,1
71033.326815,1699.17,0.1135535,-1
71033.762402,1699.24,0.18943549,-1
71033.900434,1699.29,0.400914,1
71034.190397,1699.27,0.400914,1
71034.154652,1699.28,1,1
71034.271981,1699.27,0.40391378,1
71034.271981,1699.27,0.00000022,1
71034.244646,1699.27,0.40291439,1
71034.244646,1699.27,0.00000061,1
71034.416376,1699.27,0.40491395,1
71034.416376,1699.27,0.00000005,1
71034.356505,1699.27,0.40491456,1
71034.356505,1699.27,0.00000044,1
71034.306594,1699.27,0.40391417,1
71034.306594,1699.27,0.00000083,1
71034.536394,1699.25,0.667914,1
71034.492726,1699.26,1.33677567,1
71034.492689,1699.26,4.62035897,1
71034.464371,1699.26,0.03143271,1
71034.464371,1699.26,1,1
71034.645136,1699.25,0.40691378,1
71034.645136,1699.25,0.00000022,1
71034.581225,1699.25,0.40691439,1
71034.581225,1699.25,0.00000061,1
71034.715374,1699.25,0.40591417,1
71034.715374,1699.25,0.00000083,1
71034.829354,1699.25,0.40591434,1
71034.829354,1699.25,0.00000066,1
71034.800835,1699.25,0.40591395,1
71034.800835,1699.25,0.00000005,1
71034.756915,1699.25,0.40591456,1
71034.756915,1699.25,0.00000044,1
71034.908444,1699.25,0.40491412,1
71034.908444,1699.25,0.00000088,1
71034.876481,1699.25,0.40591373,1
71034.876481,1699.25,0.00000027,1
71035.035036,1699.24,0.9304408,1
71035.02125,1699.25,0.4049139,1
71035.02125,1699.25,0.0000001,1
71034.937927,1699.25,0.40491451,1
71034.937927,1699.25,0.00000049,1
71035.106598,1699.25,0.40491439,1
71035.106598,1699.25,0.00000061,1
71035.052825,1699.25,0.405914,1
71035.038439,1699.22,1,1
71035.038439,1699.24,0.0695592,1
71035.414279,1699.06,1,1
71035.414279,1699.08,1,1
71036.225632,1699.02,0.12862709,-1
71036.793136,1699.1,0.23304125,-1
71037.396586,1699.18,0.05677675,-1
71037.497441,1699.69,0.74361162,-1
71037.497441,1699.65,0.02838838,-1
71037.449195,1699.84,2.10965199,-1
71037.449195,1699.81,1.07737801,-1
71037.449195,1699.8,0.05,-1
71037.449195,1699.8,0.001,-1
71037.449175,1699.7,1.575,-1
71037.449175,1699.7,0.001,-1
71037.449175,1699.66,1.47128926,-1
71037.441196,1699.67,1.44324857,-1
71037.440771,1699.67,0.10863562,-1
71037.440744,1699.67,0.02311581,-1
71037.440744,1699.64,0.00088419,-1
71037.440518,1699.63,0.0183216,-1
71037.44032,1699.63,0.137,-1
71037.44032,1699.6,0.001,-1
71037.44032,1699.6,0.05,-1
71037.440313,1699.5,0.001,-1
71037.440313,1699.5,1.255,-1
71037.440164,1699.5,0.178,-1
71037.439963,1699.5,0.142,-1
71037.439687,1699.42,0.047074,-1
71037.439618,1699.42,1.13,-1
71037.439618,1699.4,0.001,-1
71037.433896,1699.3,0.001,-1
71038.158903,1699.69,0.5858058,1
71038.885918,1699.66,0.72491461,-1
71039.304318,1699.78,0.30244595,-1
71039.263348,1699.78,0.72191461,-1
71039.796792,1699.9,0.32091461,-1
71039.796792,1699.9,0.001,-1
71039.796792,1699.89,0.4,-1
71040.21578,1699.98,0.00000162,-1
71040.21578,1699.95,0.27808539,-1
71040.188061,1699.95,0.72191461,-1
71040.278016,1700,0.03,-1
71040.428097,1700.02,0.74791461,-1
71040.415032,1700,0.3901598,-1
71040.415032,1700,0.001,-1
71040.415032,1700,0.31476051,-1
71040.415032,1700,0.0419943,-1
71040.390286,1700,0.4580057,-1
71040.390286,1700,0.05882352,-1
71040.390286,1700,0.22708539,-1
71040.379386,1700,0.74291461,-1
71040.455061,1700.05,1.31446,1
71040.453266,1700.05,0.44891461,1
71040.542216,1700.02,1,1
71041.029231,1699.93,0.65875849,1
71040.997332,1699.93,3.74124151,1
71040.997332,1699.96,0.25403514,1
71040.997332,1699.98,1,1
71041.044377,1699.91,0.24517613,1
71041.539198,1699.89,0.2356587,1
71041.928304,1699.98,0.18949569,-1
71041.928304,1699.97,1.02317327,-1
71041.951925,1700.2,0.001,-1
71041.951925,1700.2,0.05,-1
71041.951925,1700.2,1,-1
71041.951925,1700.1,0.001,-1
71041.951925,1700.09,4.53399388,-1
71041.95176,1700.09,7.34668276,-1
71041.948761,1700.09,0.45381752,-1
71041.948761,1700.08,0.07677427,-1
71041.948761,1700.08,0.15354855,-1
71041.948761,1700.08,0.07677427,-1
71041.929495,1700.09,2.05204844,-1
71041.929178,1700.09,0.42354766,-1
71041.929016,1700.09,0.16040264,-1
71041.929016,1700.08,0.05888268,-1
71042.070561,1700.2,1,1
71042.070561,1700.22,0.99919375,1
71042.070527,1700.22,0.00080625,1
71042.070527,1700.22,1.17650677,1
71042.070527,1700.22,0.22322572,1
71042.070527,1700.22,0.22322573,1
71042.046864,1700.26,1.17650677,1
71042.704149,1700.3,0.1936044,-1
71042.704149,1700.29,0.0743956,-1
71042.6978,1700.27,0.22322572,1
71042.675442,1700.36,1.62217408,-1
71042.675442,1700.3,0.001,-1
71042.675442,1700.28,1.51177,-1
71042.671881,1700.2,1,-1
71042.671881,1700.19,0.88225433,-1
71043.131471,1700.39,0.05888268,1
71043.131471,1700.39,1.17614142,1
71043.131471,1700.39,0.11161286,1
71043.143757,1700.38,0.56984021,1
71043.633221,1700.34,1.00665364,1
71043.633221,1700.36,0.05888268,1
71043.633221,1700.36,1,1
71043.633221,1700.38,0.56984,1
71043.633221,1700.38,0.43015979,1
71043.633221,1700.39,0.05580643,1
71043.731862,1700.16,0.6,1
71043.731862,1700.17,1.17614142,1
71043.686902,1700.3,1.17614142,1
71043.745754,1700.1,0.18388709,1
71043.745212,1700.1,0.99225433,1
71043.742898,1700.1,0.54319122,1
71043.742898,1700.1,0.44691461,1
71043.742898,1700.1,0.001,1
71043.905092,1699.7,0.001,1
71043.859881,1699.78,1.098,1
71043.859881,1699.78,0.07204806,1
71043.859881,1699.8,0.001,1
71043.859433,1699.85,0.5,1
71043.859433,1699.85,0.03602403,1
71043.839326,1700,0.52709666,1
71043.839326,1700,0.001,1
71043.838975,1700.01,0.32374127,1
71043.838826,1700.01,0.85240015,1
71044.127305,1699.83,0.75191461,-1
71044.116678,1699.75,0.28604838,-1
71044.116678,1699.75,0.28604839,-1
71044.090424,1699.72,0.46273,-1
71044.090424,1699.7,0.268,-1
71044.090424,1699.7,0.36927,-1
71044.363805,1699.84,0.00116474,-1
71044.679548,1699.8,0.21055568,1
71044.67509,1699.8,0.78944432,1
71044.67509,1699.83,0.00115432,1
71044.67509,1699.83,0.23917778,1
71045.914159,1699.78,0.58228509,1
71045.914159,1699.8,1,1
71045.914159,1699.8,0.14956469,1
71045.962391,1699.78,0.41771491,1
71046.192225,1699.63,0.0169929,1
71046.590521,1699.64,0.36927,-1
71046.698067,1699.69,0.76891461,-1
71046.91776,1699.7,0.29303647,1
71046.91776,1699.72,0.17540923,1
71046.91776,1699.72,1,1
71046.91776,1699.72,0.3139516,1
71047.615633,1699.7,0.35796094,1
71047.612609,1699.7,0.10195367,1
71047.612609,1699.7,0.00000008,1
71047.605865,1699.7,0.293824,1
71047.595635,1699.7,0.13909053,1
71047.595635,1699.7,0.0000003,1
71047.575895,1699.7,0.21770396,1
71047.575895,1699.7,1,1
71047.575895,1699.7,0.02732604,1
71047.564002,1699.7,0.43358857,1
71048.219456,1699.7,0.00276653,-1
71048.734936,1699.7,0.01222927,-1
71048.911463,1699.7,0.00291204,-1
71049.535435,1699.7,0.01543408,-1
71049.717337,1699.82,3.4438376,-1
71049.717073,1699.82,3.93621442,-1
71049.713986,1699.91,0.10067481,-1
71049.713883,1699.91,0.76491461,-1
71049.713647,1699.91,0.362,-1
71049.713647,1699.9,0.001,-1
71049.71362,1699.87,0.56673497,-1
71049.713572,1699.87,0.23292519,-1
71049.713412,1699.87,0.26392519,-1
71049.713373,1699.71,0.36927,-1
71049.713258,1699.8,1.16807185,-1
71049.713213,1699.8,0.00850989,-1
71049.713213,1699.79,0.8624153,-1
71049.71295,1699.74,1.246,-1
71049.71295,1699.73,0.00008268,-1
71049.712339,1699.73,0.0588,-1
71049.707628,1699.7,0.17144158,-1
71049.707628,1699.7,0.268,-1
71049.707628,1699.7,0.20624585,-1
71049.707338,1699.7,0.64568743,-1
71049.820706,1699.93,0.76091461,-1
71049.797078,1699.92,0.29303,1
71049.797078,1699.92,0.70696353,1
71049.79406,1699.94,0.17992477,1
71049.79406,1699.94,1,1
71049.79406,1699.95,0.35835907,1
71049.79373,1700.02,0.23294185,1
71049.793466,1700.02,0.94373718,1
71049.763729,1700.02,0.66988255,-1
71049.739351,1700,0.001,-1
71049.739351,1700,0.00001,-1
71049.739351,1700,0.6,-1
71049.72685,1699.9,0.06876931,-1
71049.72685,1699.9,0.11041023,-1
71049.72685,1699.89,0.22082046,-1
71050.579616,1699.89,0.00857405,-1
71051.035894,1699.92,1,1
71051.035894,1699.93,2.97957804,1
71051.035894,1699.95,0.18346656,1
71051.222955,1699.89,0.00293583,1
71051.366193,1699.84,1.17667903,1
71051.350917,1699.84,1.15416691,1
71051.350917,1699.89,0.05888268,1
71052.37187,1699.86,1.47070935,1
71052.366569,1699.88,1.47069204,1
71052.366569,1699.89,0.20489514,1
71052.366569,1699.89,0.02293332,1
71052.366569,1699.89,0.02293332,1
71052.366569,1699.89,0.04586664,1
71052.527357,1699.85,0.00297113,1
71052.464675,1699.86,0.75691461,-1
71053.021432,1699.68,1.17667903,1
71052.974224,1699.7,1.47084779,1
71052.974224,1699.7,0.001,1
71052.974224,1699.71,0.20596958,1
71052.974224,1699.72,0.05888268,1
71052.974224,1699.8,0.20596958,1
71052.974224,1699.81,1.17667903,1
71053.12876,1699.5,0.001,1
71053.12876,1699.51,0.03439998,1
71053.109242,1699.52,0.02293332,1
71053.074453,1699.6,0.05883737,1
71053.074453,1699.6,0.001,1
71053.074453,1699.66,1.17667903,1
71053.046145,1699.67,1.17667903,1
71053.402496,1699.76,5.26077112,-1
71053.399702,1699.74,0.29471026,-1
71053.399659,1699.74,0.88196193,-1
71053.399659,1699.69,0.82730807,-1
71053.399521,1699.69,0.69003193,-1
71053.399521,1699.68,0.05888268,-1
71053.399165,1699.5,0.36927,-1
71053.275262,1699.55,0.88258739,-1
71053.275262,1699.5,0.268,-1
71053.202609,1699.49,1.17667219,1
71053.202609,1699.49,0.01719998,1
71053.446828,1699.74,0.59139999,-1
71053.446828,1699.73,0.2957,-1
71053.431888,1699.74,0.36927,-1
71054.336957,1699.73,0.444914,1
71054.397272,1699.72,0.447914,1
71054.456703,1699.7,0.05888239,1
71054.456703,1699.7,0.44791461,1
71055.051278,1699.68,0.17648305,1
71055.704581,1699.72,0.00074281,1
71055.691981,1699.69,0.73891461,-1
71055.67912,1699.69,0.59106461,-1
71055.67912,1699.69,0.0369625,-1
71055.67912,1699.69,0.0369625,-1
71055.67912,1699.69,0.073925,-1
71055.75769,1699.79,0.73891461,-1
71056.170797,1699.95,0.075,-1
71056.01997,1699.9,0.001,-1
71056.688165,1699.79,0.018,-1
71056.661084,1699.93,1.09544843,1
71056.661084,1699.95,0.00075617,1
71056.661084,1699.95,0.114057,1
71057.010855,1699.82,0.00857345,-1
71057.143224,1699.82,0.23438311,-1
71057.310989,1699.88,0.022,1
71057.259803,1699.82,0.73491461,-1
71057.382887,1700.08,0.54470635,-1
71057.382753,1700.08,1.46374048,-1
71057.382753,1700.05,1.257,-1
71057.382753,1700.04,0.01544377,-1
71057.382587,1700.04,0.10844523,-1
71057.382487,1700.04,0.62654,-1
71057.382245,1700,0.001,-1
71057.381633,1699.94,0.05888268,-1
71057.381633,1699.94,0.14646947,-1
71057.381498,1699.94,0.73591461,-1
71058.097043,1700.3,0.028,-1
71058.097043,1700.3,0.001,-1
71058.097043,1700.2,0.001,-1
71058.060105,1700.1,0.001,-1
71059.226746,1700.28,0.01954716,1
71059.344613,1700.29,0.07533482,-1
71060.117575,1700.25,0.18976417,-1
71060.115558,1700.2,0.18227,-1
71060.505521,1700.31,0.05888197,1
71060.505521,1700.31,0.42491461,1
71060.505521,1700.31,0.00000042,1
71060.474198,1700.31,0.129172,1
71060.455843,1700.31,0.29774219,1
71060.67346,1700.32,0.036,-1
71060.832146,1700.34,0.8821765,-1
71060.895696,1700.42,0.0814379,1
71060.895531,1700.42,0.47126569,1
71060.895531,1700.45,1.17621394,1
71060.866379,1700.4,0.242,-1
71060.848082,1700.4,0.05449571,-1
71060.848082,1700.4,0.001,-1
71060.848082,1700.35,0.12296,-1
71061.167371,1700.25,0.83519103,1
71061.252124,1700.1,0.379914,1
71061.239225,1700.1,0.039,1
71061.239225,1700.1,0.001,1
71061.447819,1700.04,0.04,1
71062.914595,1700.05,0.17810139,1
71063.114537,1700,0.3236482,-1
71063.077183,1700,0.40991378,1
71063.077183,1700,0.00000022,1
71063.043343,1700,0.40991439,1
71063.043343,1700,0.00000061,1
71063.012948,1700,0.410914,1
71063.012948,1700,0.001,1
71063.596592,1700,0.09527701,1
71063.596592,1700.01,0.40791461,1
71063.596592,1700.02,0.05477199,1
71063.596592,1700.02,0.16431595,1
71063.596592,1700.02,0.21908795,1
71063.999503,1699.92,0.410914,1
71064.2005,1699.76,0.33391461,-1
71064.200422,1699.76,0.28700257,-1
71064.200422,1699.76,0.38091204,-1
71064.024539,1699.8,1.17645934,1
71064.024539,1699.8,0.001,1
71064.024539,1699.81,0.70294323,1
71064.024539,1699.9,0.001,1
71065.388151,1699.9,0.172076,1
71066.398208,1699.7,0.144784,1
71066.398208,1699.7,0.001,1
71066.527606,1699.76,0.4913387,-1
71066.513156,1699.72,0.88249829,-1
71066.558602,1699.81,0.09522801,-1
71066.547255,1699.81,0.05888268,-1
71066.547255,1699.8,0.242,-1
71066.674289,1699.83,0.00000582,-1
71067.034912,1699.8,0.0727817,-1
71067.302908,1699.8,0.08367567,-1
71067.36115,1699.8,0.05888268,-1
71067.36115,1699.8,0.88245675,-1
71067.478882,1699.99,0.05888268,1
71067.478882,1699.99,1.17655543,1
71069.070975,1700.05,0.05478539,-1
71069.070975,1700,0.001,-1
71069.336715,1700.09,0.00075487,1
71069.336715,1700.09,0.14859774,1
71069.336715,1700.09,1.17655543,1
71069.524684,1700.03,1.176555,1
71069.477592,1700.03,1.176555,1
71069.630745,1700.03,1.176555,1
71069.591101,1700.03,1.176555,1
71069.963869,1700.03,0.01478366,1
71071.673656,1700.1,0.001,-1
71072.330091,1700.29,0.0002176,1
71072.281346,1700.2,0.001,-1
71072.342755,1700.3,0.001,-1
71072.342554,1700.29,0.00000588,1
71072.610931,1700.4,0.001,-1
71072.726918,1700.5,0.001,-1
71073.029368,1700.58,0.3,-1
71073.604419,1701,0.00142219,-1
71073.604419,1700.92,0.00089356,-1
71073.604419,1700.9,0.001,-1
71073.604419,1700.87,0.00831344,-1
71073.590663,1700.8,0.001,-1
71073.574153,1700.7,0.001,-1
71073.574153,1700.69,0.11162124,-1
71073.563867,1700.69,0.64091461,-1
71073.553473,1700.69,0.64091461,-1
71073.553308,1700.69,0.36091461,-1
71073.537233,1700.61,0.00675342,-1
71073.537188,1700.61,1.57538087,-1
71073.537188,1700.6,0.001,-1
71073.536353,1700.59,0.0742634,1
71073.661832,1700.69,0.40954397,1
71073.652137,1700.74,0.05888268,1
71073.628502,1700.99,1.17593811,1
71074.282491,1700.53,0.00000588,1
71074.269574,1700.53,0.00282264,1
71074.068965,1700.51,0.01675304,1
71074.425173,1700.53,0.19557744,1
71076.149314,1701,0.05131429,-1
71076.149314,1701,0.001,-1
71076.149314,1701,0.00149781,-1
71076.149314,1700.9,0.001,-1
71076.149314,1700.9,0.23,-1
71076.149314,1700.8,0.001,-1
71076.388315,1700.82,0.03266513,1
71076.804117,1700.7,0.88198976,-1
71076.804117,1700.7,0.39522801,-1
71077.698745,1700.75,0.88196383,-1
71079.308893,1701.1,1.28425438,-1
71079.308893,1701.1,0.001,-1
71079.308102,1701.08,0.05888268,-1
71079.30775,1701,0.05201224,-1
71079.30775,1701,0.001,-1
71079.30775,1700.94,0.75981139,-1
71079.304258,1700.94,0.61191461,-1
71079.303624,1700.91,0.38991461,-1
71079.29676,1700.9,0.218,-1
71079.29676,1700.89,0.4,-1
71079.29676,1700.87,2.93967205,-1
71079.29676,1700.79,0.88194309,-1
71079.339747,1701.2,0.218,-1
71079.335027,1701.08,0.61291461,-1
71079.326556,1701.08,0.28635,-1
71079.326224,1701.08,0.26974284,-1
71079.324004,1701.08,0.10511,-1
71079.320461,1701.21,0.15461,-1
71079.31941,1701.21,0.23636,-1
71079.316599,1700.99,0.098807,-1
71079.314742,1701.21,0.53447238,-1
71079.314742,1701.2,0.001,-1
71079.314742,1701.2,0.05,-1
71079.314742,1701.2,0.02744223,-1
71079.314171,1701.2,0.19130061,-1
71079.314171,1700.95,0.197614,-1
71079.465003,1701.01,0.27529824,1
71079.461374,1700.91,0.12752393,1
71079.458638,1701,0.55059649,1
71079.353977,1701.21,0.07455762,-1
71079.471006,1701.01,0.13764912,1
71080.918615,1700.94,0.00088187,-1
71080.91852,1700.94,0.00088187,-1
71080.918361,1700.94,0.00088187,-1
71080.918266,1700.94,0.00088187,-1
71080.918137,1700.94,0.00088187,-1
71080.918014,1700.94,0.00088187,-1
71080.961169,1701.14,6.22951683,-1
71080.959842,1701.2,0.001,-1
71080.956127,1701.1,0.47683119,-1
71080.955251,1701.1,0.16800185,-1
71080.955123,1701.1,0.53098754,-1
71080.955123,1701.1,1.676505,-1
71080.955123,1701.1,0.001,-1
71080.955123,1701.05,0.07850746,-1
71080.955097,1701.05,0.60591461,-1
71080.954948,1701.05,0.19738849,-1
71080.954948,1701.04,0.19852612,-1
71080.954649,1701.04,0.14800185,-1
71080.954637,1701.04,0.18200185,-1
71082.147284,1701.3,0.10708539,-1
71082.147203,1701.3,0.39291461,-1
71082.147203,1701.3,0.001,-1
71084.408623,1701.39,1.17540152,1
71084.381509,1701.39,0.359914,1
71084.366706,1701.39,0.17642597,1
71084.366706,1701.39,0.05888268,1
71084.469781,1701.38,0.34491448,1
71084.469781,1701.38,1.17540152,1
71084.439008,1701.38,1.175401,1
71084.439008,1701.38,1,1
71085.007529,1701.47,0.23532111,1
71084.977986,1701.49,0.00122932,-1
71084.977986,1701.4,0.001,-1
71085.646702,1701.48,1,1
71086.334733,1701.42,1,1
71086.334593,1701.44,0.72941921,1
71086.334522,1701.44,0.27058079,1
71086.334522,1701.44,0.05888268,1
71086.334522,1701.45,1.17540152,1
71086.334522,1701.45,0.21807453,1
71087.421112,1701.4,1,1
71087.416725,1701.42,1,1
71087.516952,1701.34,0.0010568,1
71087.621745,1701.2,0.001,1
71087.621745,1701.22,0.57599818,1
71087.615809,1701.26,0.26514582,1
71088.28131,1701.1,0.258339,1
71088.28131,1701.1,1,1
71088.28131,1701.1,0.001,1
71088.489574,1701.09,0.82210019,-1
71088.489574,1701.09,0.24548136,-1
71088.489574,1701.09,0.0988,-1
71090.230624,1701.06,1.17556,1
71090.205692,1701.1,1,1
71090.201883,1701.11,0.2075665,1
71090.201883,1701.12,1,1
71091.110119,1701.08,0.24884194,1
71091.110119,1701.08,0.00431606,1
71091.103008,1701.08,0.20866314,1
71091.102778,1701.08,0.20866314,1
71091.100004,1701.08,0.20899194,1
71091.099589,1701.08,0.20899194,1
71091.096973,1701.08,0.08018689,1
71091.096526,1701.08,0.08018689,1
71095.666853,1701.2,0.276744,1
71095.666853,1701.2,1,1
71095.870606,1701.16,1,1
71095.870606,1701.18,0.21718532,1
71096.081339,1701.08,3.61058969,-1
71096.081339,1701,0.207,-1
71096.081339,1701,0.688,-1
71096.081339,1700.98,0.38058429,-1
71096.081339,1700.98,0.98757,-1
71096.051599,1700.98,0.75846316,1
71096.051599,1701,0.001,1
71098.295656,1700.94,1,1
71098.215557,1700.98,0.05888268,1
71098.215557,1700.98,0.26422207,1
71098.215557,1700.98,1,1
71098.215557,1700.98,0.23177794,1
71098.998433,1700.88,1,1
71098.992878,1700.9,0.5005,1
71098.992694,1700.9,0.4995,1
71098.992694,1700.9,0.001,1
71100.102433,1700.88,0.10742855,1
71100.09899,1700.88,1.0684487,1
71100.09899,1700.88,1,1
71100.09899,1700.9,0.000757,1
71100.09899,1700.9,0.25770604,1
71100.09899,1700.9,1,1
71100.082076,1700.91,0.00802675,-1
71100.082076,1700.91,0.05888268,-1
71100.275212,1700.81,0.71972303,1
71100.275212,1700.82,0.11588897,1
71100.266469,1700.88,0.61631464,-1
71100.266469,1700.82,0.88192754,-1
71100.266469,1700.82,0.302,-1
71100.266469,1700.82,0.688,-1
71100.266469,1700.82,0.386,-1
71100.410614,1700.78,1,1
71100.407435,1700.8,0.18399143,1
71100.406907,1700.8,0.81600857,1
71100.406907,1700.8,0.001,1
71100.898618,1700.71,0.0278765,-1
71100.975001,1700.38,0.06988662,1
71100.975001,1700.4,0.001,1
71100.975001,1700.4,0.23,1
71100.975001,1700.45,0.03494331,1
71100.975001,1700.46,0.05888268,1
71100.975001,1700.47,2.12315648,1
71100.975001,1700.5,0.001,1
71100.961838,1700.56,0.20912744,1
71100.961838,1700.57,1.1760182,1
71100.961838,1700.58,0.82693195,1
71100.961838,1700.6,0.001,1
71100.955616,1700.68,1,1
71100.954557,1700.7,1,1
71100.954557,1700.7,0.001,1
71101.589916,1701.39,0.1317,-1
71101.589916,1701.3,0.001,-1
71101.585133,1701.19,0.06664,-1
71101.57175,1701.26,1.575,-1
71101.57175,1701.23,0.1553216,-1
71101.57175,1701.2,0.05,-1
71101.57175,1701.2,0.001,-1
71101.57175,1701.19,0.8904649,-1
71101.57175,1701.17,0.096,-1
71101.570646,1701.12,0.02472638,-1
71101.570363,1701.12,1.0612648,-1
71101.570363,1701.1,0.001,-1
71101.570363,1701.06,0.048,-1
71101.570363,1701,10,-1
71101.569151,1701,1.23792706,-1
71101.569151,1701,0.05,-1
71101.569151,1701,0.001,-1
71101.568779,1700.97,0.58366843,-1
71101.56724,1700.76,0.87516804,-1
71101.567214,1700.76,0.03458448,-1
71101.567167,1700.76,0.36558448,-1
71101.565109,1700.9,0.84678101,-1
71101.564827,1700.9,4.2,-1
71101.564165,1700.75,0.686,-1
71101.563163,1700.9,4.95321899,-1
71101.563163,1700.9,1.276,-1
71101.563163,1700.9,0.207,-1
71101.563163,1700.89,7.41450601,-1
71101.563163,1700.8,0.940275,-1
71101.563163,1700.8,0.001,-1
71101.55805,1700.71,0.09457769,-1
71101.557964,1700.62,0.88203125,-1
71101.557964,1700.61,0.05888268,-1
71101.680406,1701.27,1.17602266,1
71101.62523,1701.29,0.462,-1
71103.631633,1701.18,0.15305977,1
71103.631633,1701.18,1,1
71103.631633,1701.2,0.00000027,1
71103.62885,1701.2,0.16721278,1
71103.62885,1701.2,0.02427422,1
71103.61596,1701.2,0.97572578,1
71104.121334,1701,0.188911,1
71104.107118,1701,0.81108804,1
71104.107118,1701,0.001,1
71104.438673,1701,0.99999,1
71104.438673,1701,0.00000096,1
71104.659244,1700.95,0.00278749,-1
71104.935763,1700.79,1.17587885,1
71104.935763,1700.8,0.001,1
71104.935071,1700.82,0.45782441,1
71104.935025,1700.82,0.0740526,1
71104.935025,1700.83,0.15885167,1
71104.935025,1700.83,0.05888268,1
71104.935025,1700.84,0.16721305,1
71104.934682,1700.9,0.322,1
71104.934635,1700.9,0.678,1
71104.934489,1700.92,0.21972947,1
71104.934489,1700.92,1,1
71105.708524,1700.82,1,1
71105.708078,1700.84,1,1
71105.794382,1700.74,0.67763078,-1
71105.794276,1700.74,0.20433824,-1
71105.794276,1700.73,0.54066176,-1
71108.755962,1700.99,0.133791,1
71108.888456,1701,0.00467477,-1
71108.888456,1701,0.001,-1
71109.378463,1701.03,0.1706022,1
71109.378463,1701.03,0.1313868,1
71109.378463,1701.03,0.13138681,1
71109.371183,1701.04,0.00399834,-1
71109.349241,1701.04,0.0285676,-1
71110.336944,1701.04,0.02508738,-1
71110.720757,1701,1,1
71110.720757,1701.02,1,1
71110.720757,1701.03,0.11246665,1
71112.265154,1700.81,0.00370975,-1
71112.356924,1700.8,0.352214,1
71112.356924,1700.8,0.001,1
71112.46816,1700.81,0.00058201,-1
71112.953458,1700.75,0.19995085,-1
71113.180455,1700.74,0.02909987,-1
71113.59041,1700.71,0.0060933,-1
71113.73079,1700.7,0.00078789,1
71113.73079,1700.7,0.1738711,1
71113.73079,1700.7,0.001,1
71113.73079,1700.7,0.03665201,1
71113.69635,1700.71,0.0306065,-1
71113.761804,1700.7,0.173871,1
71113.834768,1700.7,0.0000001,1
71114.020101,1700.61,0.67253,-1
71114.020101,1700.61,0.4,-1
71115.692155,1700.6,0.00790804,1
71115.692155,1700.6,0.001,1
71115.78574,1700.6,0.00057927,1
71115.958581,1700.51,0.16874313,1
71115.958581,1700.51,1.17598318,1
71116.731473,1700.45,0.14697323,1
71116.731473,1700.5,0.001,1
71117.017465,1700.4,0.200294,1
71117.017465,1700.4,0.001,1
71117.655651,1700.2,0.001,1
71117.643282,1700.3,0.18325367,1
71117.643282,1700.3,0.03628549,1
71117.643282,1700.3,0.001,1
71118.093365,1700.15,0.52860914,1
71118.093365,1700.15,0.34791461,1
71118.093365,1700.15,0.25185801,1
71118.173181,1700.16,1.52,-1
71118.958946,1700.27,0.192756,1
71118.958946,1700.27,0.125929,1
71119.90366,1700.17,0.05,-1
71120.241353,1700.15,0.18737073,1
71120.473369,1699.85,0.10534,1
71120.470521,1699.85,0.05899,1
71120.467591,1699.9,0.001,1
71120.464482,1699.91,0.1,1
71120.464482,1699.91,0.2,1
71120.4604,1700,0.001,1
71120.456474,1700.03,1.1762154,1
71120.447719,1700.1,0.14762867,1
71120.447719,1700.1,0.001,1
71120.709701,1699.82,0.34491393,1
71120.709701,1699.82,1.17319129,1
71120.709701,1699.82,0.00000078,1
71120.679746,1699.82,0.410778,1
71121.359604,1700.03,0.19189591,-1
71121.359604,1700.02,0.65346235,-1
71122.575929,1699.96,0.22403726,1
71122.727272,1699.83,0.199713,1
71123.139399,1699.8,1.17653813,1
71123.139399,1699.8,0.228,1
71123.139399,1699.8,0.18428487,1
71123.139399,1699.8,0.001,1
71123.538951,1699.79,0.04000806,-1
71124.937084,1699.84,0.004052,-1
71125.722117,1700,0.01852308,-1
71125.722117,1700,0.001,-1
71126.117585,1699.94,0.00014567,1
71126.096312,1699.94,0.15444165,1
71126.096312,1699.95,0.18313688,1
71126.096312,1699.95,0.05888268,1
71126.096312,1699.98,0.00076133,1
71126.096312,1699.99,0.00077746,1
71128.91752,1699.55,0.08499454,1
71128.870638,1699.6,0.24,1
71128.870638,1699.6,0.001,1
71128.870638,1699.67,0.39404659,1
71128.87036,1699.67,0.78252682,1
71128.870217,1699.7,0.001,1
71128.870217,1699.75,0.14648023,1
71129.125947,1699.2,0.77119999,1
71129.124823,1698.84,0.199,1
71129.124769,1698.84,1.231,1
71129.115589,1698.9,0.001,1
71129.115589,1698.93,7.47298824,1
71129.115589,1698.97,0.00088182,1
71129.115589,1699,2.19066564,1
71129.115431,1699,7.80933436,1
71129.115431,1699,0.001,1
71129.115431,1699,0.05,1
71129.115431,1699.01,1.575,1
71129.115431,1699.02,4.97271785,1
71129.115431,1699.02,7.80052816,1
71129.115431,1699.02,1.103,1
71129.115431,1699.03,4.05898346,1
71129.115431,1699.05,0.1,1
71129.115431,1699.05,0.2,1
71129.115431,1699.05,0.28738109,1
71129.115431,1699.1,0.001,1
71129.115431,1699.2,0.05,1
71129.115431,1699.2,0.001,1
71129.115431,1699.25,0.07184527,1
71129.115431,1699.3,0.205,1
71129.115431,1699.3,0.001,1
71129.115431,1699.31,0.88270931,1
71129.115431,1699.31,0.03592264,1
71129.115431,1699.31,0.14369054,1
71129.115431,1699.32,1.575,1
71129.115431,1699.35,1.47115073,1
71129.115431,1699.4,0.205,1
71129.115431,1699.4,0.001,1
71129.115431,1699.41,0.05888268,1
71129.115431,1699.5,0.205,1
71129.115431,1699.5,0.001,1
71129.115431,1699.57,0.624,1
71129.115431,1699.58,1.575,1
71129.115431,1699.58,1.17684464,1
71129.18294,1698.79,1.16475928,1
71129.18294,1698.8,0.646,1
71129.182545,1698.84,0.42820818,1
71129.182545,1698.89,0.42,1
71129.182545,1698.91,0.64920818,1
71129.182545,1699.02,1.575,1
71129.182545,1699.02,0.644,1
71129.163776,1698.92,0.11641634,1
71129.163776,1698.95,0.36927,1
71129.163776,1698.97,0.52391461,1
71129.163776,1698.99,0.02124863,1
71129.163776,1698.99,0.00531216,1
71129.163776,1699.02,0.02124863,1
71129.163776,1699.03,0.0132804,1
71129.163776,1699.21,0.0066402,1
71129.153883,1698.89,0.11971406,1
71129.153883,1698.9,0.98757,1
71129.143614,1698.83,0.77880001,1
71129.132327,1698.79,3.14362591,1
71129.132327,1698.82,0.01910409,1
71129.128755,1698.57,2.999,1
71129.128755,1698.6,0.001,1
71129.128471,1699.03,0.88560625,1
71129.127964,1698.66,4.25090997,1
71129.127964,1698.66,0.88560625,1
71129.127964,1698.67,0.35922636,1
71129.127964,1698.68,7.38005202,1
71129.127964,1698.7,0.001,1
71129.127964,1698.76,2.2923028,1
71129.127964,1698.78,1.575,1
71129.127964,1698.8,0.00113122,1
71129.127964,1698.8,0.001,1
71129.127964,1698.81,0.88560625,1
71129.127964,1698.81,0.2,1
71129.127964,1698.81,0.1,1
71129.127964,1698.81,0.4,1
71129.127964,1698.84,0.86944403,1
71129.127964,1698.88,7.38005202,1
71129.127964,1698.98,0.08499454,1
71129.127964,1699.02,1.575,1
71129.127964,1699.02,0.4,1
71129.127964,1699.2,0.80380001,1
71129.24683,1699.28,1.579237,-1
71129.223934,1698.9,0.29999999,-1
71129.215271,1698.82,0.34979183,1
71129.215271,1698.82,0.64462454,1
71129.215271,1698.85,0.14999999,1
71129.215271,1698.85,0.15,1
71129.214587,1698.9,0.3,-1
71129.202974,1698.83,0.49480421,-1
71129.202974,1698.83,0.06581008,-1
71129.202325,1698.83,0.03075344,-1
71129.201015,1698.76,0.01261637,1
71129.201015,1698.8,0.00863226,1
71129.489885,1699.43,0.096,-1
71129.489504,1699.43,0.096,-1
71129.596416,1699.65,0.00908777,1
71129.539575,1699.51,0.0072081,-1
71129.539575,1699.48,0.096,-1
71130.119224,1699.5,0.02361914,1
71130.119224,1699.51,0.140651,1
71130.116252,1699.51,0.205,1
71130.115965,1699.51,0.023619,1
71130.113146,1699.5,0.18138086,1
71130.113146,1699.51,0.02361914,1
71130.110306,1699.51,0.08888086,1
71130.110306,1699.51,0.16191205,1
71130.110306,1699.51,0.46271431,1
71130.106195,1699.51,0.6756428,1
71130.106195,1699.51,0.22499999,1
71130.106195,1699.51,0.04723828,1
71130.10314,1699.51,0.17776172,1
71130.228256,1699.36,1.6235204,-1
71130.15329,1699.42,1.01893855,1
71130.1504,1699.42,0.02450935,1
71130.1504,1699.43,1.45805111,1
71130.147014,1699.43,0.19170688,1
71130.143902,1699.43,1.48256046,1
71130.141017,1699.44,0.33867545,1
71130.138082,1699.44,0.03059455,1
71130.138082,1699.44,0.05888268,1
71130.33256,1699.36,1,-1
71130.33256,1699.36,5.75653162,-1
71130.275914,1699.35,1.174618,1
71130.275914,1699.35,0.36927,1
71130.336982,1699.38,1,-1
71130.494229,1699.85,0.00291204,-1
71130.470112,1699.85,0.096,-1
71130.457973,1699.8,0.096,-1
71130.457973,1699.8,0.001,-1
71130.442679,1699.73,0.00050688,-1
71130.442679,1699.73,0.048,-1
71130.438906,1699.72,0.36927,1
71130.921249,1699.98,0.00059417,1
71130.875618,1699.9,0.05236816,-1
71130.875616,1699.9,0.05236816,-1
71130.871941,1699.9,0.34289551,-1
71130.871519,1699.9,0.34289551,-1
71130.868714,1699.9,0.10473633,-1
71130.868202,1699.9,0.10473633,-1
71130.838392,1699.9,1.16896998,-1
71130.838022,1699.9,1.16896998,-1
71130.834983,1699.9,0.21284894,-1
71130.834523,1699.9,0.21184894,-1
71130.834523,1699.9,0.001,-1
71131.180997,1699.9,7.32394039,1
71131.180997,1699.9,0.205,1
71131.180997,1699.97,0.88560625,1
71131.180997,1699.98,0.05888268,1
71131.180997,1699.99,1.17659796,1
71131.180997,1699.99,0.36927,1
71132.287074,1700.03,0.048,-1
71132.287074,1700.02,1,-1
71132.287074,1700.01,0.62161041,-1
71132.286879,1700.01,1.048,-1
71132.286879,1700,0.88235294,-1
71132.286879,1700,1,-1
71132.28126,1700,0.94,-1
71132.280965,1700,1.398,-1
71132.273089,1700,0.70336108,-1
71132.273089,1700,9.64881946,-1
71132.272844,1700,0.35118054,-1
71132.272844,1700,10,-1
71132.272844,1700,0.001,-1
71132.833209,1700.07,1.17637084,1
71132.862108,1699.98,0.19985487,1
71132.849204,1699.99,0.05888268,1
71133.180003,1699.81,0.84,-1
71133.180003,1699.8,1,-1
71134.307198,1699.72,0.209286,1
71135.49688,1699.7,0.20375,1
71135.49688,1699.7,0.001,1
71136.653706,1699.63,0.17476448,-1
71137.732212,1699.64,0.00407702,-1
71138.405893,1699.62,0.02089651,-1
71139.290691,1699.64,0.00407,-1
71139.290691,1699.64,0.49592649,-1
71139.290689,1699.64,0.49999649,-1
71139.28748,1699.62,0.00407,-1
71139.28748,1699.62,0.10259346,-1
71139.287341,1699.62,0.10666346,-1
71139.260505,1699.62,0.04738927,-1
71139.260358,1699.62,0.04738927,-1
71139.254196,1699.62,0.34594727,-1
71139.254138,1699.62,0.34594727,-1
71139.476459,1699.87,0.01161478,-1
71140.387476,1699.9,0.773793,-1
71140.386604,1699.9,0.772793,-1
71140.386604,1699.9,0.001,-1
71140.373187,1699.84,1,-1
71140.372799,1699.82,1,-1
71140.36896,1699.81,0.61025596,-1
71140.36858,1699.81,0.2721956,-1
71140.36858,1699.81,0.33806036,-1
71142.108571,1700,0.04419237,-1
71142.108571,1700,0.048,-1
71142.108571,1700,0.001,-1
71143.21867,1700,0.00882318,-1
71143.310546,1700.02,0.00000001,-1
71143.310546,1700,0.04419,-1
71143.310546,1700,0.45139722,-1
71143.310403,1700,0.49558723,-1
71143.453192,1700.12,0.5005,-1
71143.452575,1700.12,0.4995,-1
71143.452575,1700.1,0.001,-1
71143.76105,1700.2,0.5005,-1
71143.761036,1700.2,0.4995,-1
71143.761036,1700.2,0.001,-1
71145.841292,1700.32,0.35668222,-1
71145.840769,1700.32,0.5,-1
71145.83733,1700.32,0.09515889,-1
71145.83713,1700.32,0.04815889,-1
71145.834923,1700.3,1,-1
71145.834923,1700.3,0.001,-1
71146.178508,1700.7,0.01447667,-1
71146.163866,1700.7,0.00527395,-1
71146.163866,1700.7,0.001,-1
71146.133046,1700.61,0.64212359,-1
71146.132965,1700.61,0.24155785,-1
71146.132965,1700.6,0.05,-1
71146.132965,1700.6,0.001,-1
71146.132965,1700.5,0.001,-1
71146.132965,1700.4,0.001,-1
71146.976888,1700.83,1.33545997,-1
71146.976888,1700.81,0.88193455,-1
71146.976888,1700.8,0.05,-1
71146.976888,1700.8,0.001,-1
71146.976888,1700.74,5.7316061,-1
71146.976888,1700.72,1,-1
71146.976888,1700.7,0.01975,-1
71146.976888,1700.7,0.98024938,-1
71147.422358,1700.8,0.21105956,-1
71147.422306,1700.8,0.21105956,-1
71147.419021,1700.8,0.19262696,-1
71147.418727,1700.8,0.19262696,-1
71148.399989,1700.82,1,-1
71148.398175,1700.8,0.80737,-1
71148.398175,1700.8,0.19262696,-1
71148.711986,1700.92,1,-1
71148.711485,1700.9,0.18554666,-1
71148.710952,1700.9,0.5005,-1
71148.707972,1700.9,0.31395334,-1
71148.707972,1700.9,0.001,-1
71149.133752,1701,0.14956497,-1
71149.133462,1701,0.14956497,-1
71149.130214,1701,0.35094003,-1
71149.130111,1701,0.34993003,-1
71149.130111,1701,0.00001,-1
71149.130111,1701,0.001,-1
71149.429554,1701.12,0.5005,-1
71149.429183,1701.12,0.4995,-1
71149.429183,1701.1,0.001,-1
71149.840054,1701.2,0.010645,-1
71149.840054,1701.2,0.001,-1
71149.976618,1701.2,0.05690753,-1
71150.046123,1701.2,0.10796394,-1
71150.045932,1701.2,0.10796395,-1
71150.040894,1701.2,0.31811949,-1
71150.040814,1701.2,0.31811949,-1
71150.037864,1701.2,0.14783313,-1
71150.037864,1701.2,0.42108787,-1
71150.037563,1701.2,0.46064305,-1
71150.037563,1701.2,0.10827795,-1
71150.034207,1701.2,0.04308476,-1
71150.034122,1701.2,0.04308476,-1
71150.144922,1701.24,0.5,-1
71150.144875,1701.24,0.5,-1
71151.085648,1701.26,0.5,-1
71151.085405,1701.26,0.5,-1
71151.797268,1701.26,0.57136639,-1
71152.176153,1701.25,0.08451509,-1
71152.176087,1701.25,0.08451509,-1
71152.464847,1701.3,0.001,-1
71152.464847,1701.28,0.9994968,-1
71152.464494,1701.28,0.0005032,-1
71152.464494,1701.26,0.57136,-1
71152.464494,1701.26,0.42863361,-1
71153.41319,1701.36,0.048,-1
71153.409299,1701.3,0.62107088,-1
71153.407559,1701.3,0.26890668,-1
71153.400352,1701.3,0.11002244,-1
71153.400352,1701.28,1,-1
71153.716812,1701.4,0.5005,-1
71153.716742,1701.4,0.4995,-1
71153.716742,1701.4,0.001,-1
71153.907003,1701.44,0.5,-1
71153.906246,1701.44,0.5,-1
71154.804567,1701.52,1,-1
71154.804567,1701.5,1,-1
71154.804567,1701.5,0.001,-1
71154.967175,1701.7,0.0437424,-1
71154.967175,1701.7,0.001,-1
71154.967175,1701.6,0.001,-1
71155.391645,1701.62,0.01394813,1
71155.391645,1701.63,0.14698187,1
71155.391645,1701.68,0.36927,1
71157.305239,1701.55,1.17530432,1
71157.305239,1701.55,0.05888268,1
71157.238921,1701.56,0.36927,1
71157.393216,1701.54,1.175304,1
71158.993168,1701.54,0.02731562,-1
71159.190772,1701.56,1,-1
71159.190772,1701.54,0.97268438,-1
71159.516859,1701.7,0.30243623,1
71159.516859,1701.7,0.00196477,1
71159.545419,1701.7,0.1978992,1
71159.545419,1701.7,0.0000008,1
71161.400165,1701.74,1,-1
71161.399196,1701.72,1,-1
71161.399196,1701.71,0.99974,-1
71161.453925,1701.77,0.47125579,-1
71161.910541,1702.2,0.05,-1
71161.910541,1702.2,0.001,-1
71161.909861,1702.13,0.31302062,-1
71161.909861,1702.11,0.17060065,-1
71161.909861,1702.1,0.88126899,-1
71161.909861,1702.1,0.096,-1
71161.909861,1702.1,0.001,-1
71161.909861,1702.1,0.00088182,-1
71161.909861,1702.09,0.51039935,-1
71161.909861,1702.09,4.05344706,-1
71161.909861,1702.03,0.02023587,-1
71161.909861,1702,0.262,-1
71161.909861,1702,0.00001,-1
71161.909861,1702,0.001,-1
71161.909861,1702,0.05,-1
71161.909861,1701.97,1,-1
71161.909861,1701.9,0.001,-1
71161.907349,1701.89,0.03017728,-1
71161.907207,1701.89,0.03017728,-1
71161.888877,1701.82,1,-1
71161.888877,1701.8,0.0005,-1
71161.888398,1701.8,0.9995,-1
71161.888398,1701.8,0.001,-1
71161.942725,1702.22,0.52275512,-1
71162.208054,1702.15,0.25774154,1
71162.208054,1702.15,0.12887123,1
71162.208054,1702.15,0.12887123,1
71162.266899,1702.14,0.05888264,1
71162.266899,1702.14,1.17498436,1
71162.933872,1702.12,1,-1
71163.166638,1702.2,0.04281336,-1
71163.375977,1702.24,0.00557471,-1
71165.300839,1702.13,1.108,1
71165.256444,1702.22,1.17489632,1
71165.256444,1702.22,0.05888268,1
71165.412349,1701.95,0.029,1
71165.412349,1702,0.001,1
71165.358583,1702.1,0.521331,1
71165.569826,1701.93,0.11759138,1
71167.128176,1702.19,1.175034,1
71167.052842,1701.96,1,-1
71167.049618,1701.94,1,-1
71167.187094,1702.19,1.175034,1
71167.461216,1702.2,0.039,-1
71167.461216,1702.2,0.001,-1
71167.598356,1702.2,0.961,-1
71167.657537,1702.24,1,-1
71167.966888,1702.3,1,-1
71167.966888,1702.3,0.001,-1
71168.035146,1702.32,1,-1
71169.404996,1702.25,0.40705332,1
71169.404996,1702.25,0.00000068,1
71169.375743,1702.25,0.058882,1
71169.348503,1702.25,0.05888222,1
71169.348503,1702.25,0.40705409,1
71169.348503,1702.25,1.17503469,1
71169.332596,1702.26,0.02340332,-1
71169.536427,1702.21,0.27167266,1
71170.909864,1702.02,0.00567147,-1
71171.484455,1701.91,0.23422424,1
71171.484455,1702,0.001,1
71171.764043,1701.5,0.51471297,1
71171.764043,1701.5,0.06732395,1
71171.764043,1701.5,0.262,1
71171.764043,1701.5,0.001,1
71171.764043,1701.52,1.46927453,1
71171.764043,1701.52,0.00088127,1
71171.764043,1701.56,0.03366198,1
71171.764043,1701.6,0.237,1
71171.764043,1701.6,0.001,1
71171.764043,1701.61,0.49507265,1
71171.763624,1701.61,1.07992735,1
71171.763624,1701.7,0.001,1
71171.763624,1701.8,0.001,1
71171.742324,1701.9,0.32098392,1
71171.742062,1701.9,0.31998392,1
71171.742062,1701.9,0.001,1
71171.728593,1701.92,0.39912274,1
71171.728593,1701.92,0.00075333,1
71171.728593,1701.92,0.38755396,1
71171.728525,1701.92,0.78743003,1
71172.696181,1701.89,0.0058158,-1
71172.677197,1701.82,0.08556427,-1
71172.653044,1701.72,1,-1
71172.653044,1701.7,0.6860178,-1
71172.652931,1701.7,0.3139822,-1
71172.652931,1701.69,0.17112855,-1
71172.652931,1701.69,0.17112854,-1
71172.765229,1701.9,0.007,-1
71173.331901,1701.89,0.47087281,1
71173.331901,1701.89,1.17511326,1
71174.130283,1701.62,0.01163201,-1
71174.27367,1701.6,0.001,1
71174.271819,1701.61,0.05888268,1
71174.271819,1701.61,0.39810726,1
71174.271819,1701.61,1.1752181,1
71174.417974,1701.51,0.01141648,-1
71175.113608,1701.4,0.13788442,1
71175.113608,1701.4,0.001,1
71175.113608,1701.5,0.001,1
71175.501473,1701.3,0.26059556,1
71175.497576,1701.3,0.46504482,1
71175.497224,1701.3,0.44955974,1
71175.497224,1701.3,0.001,1
71175.555121,1701.2,1.1752,1
71175.555121,1701.2,0.001,1
71175.756766,1701.2,0.165519,-1
71175.756766,1701.17,0.12834641,-1
71176.488968,1701.17,1.1755289,1
71176.488968,1701.17,0.0000001,1
71176.458911,1701.17,0.33970295,1
71176.458911,1701.17,1.17485405,1
71176.444513,1701.17,0.000675,1
71177.200217,1700.8,0.001,1
71177.178389,1700.9,0.001,1
71177.175744,1700.97,1.17552905,1
71177.167457,1700.97,1.17552905,1
71177.167457,1700.99,0.05808382,1
71177.167457,1701,0.001,1
71177.167457,1701.1,0.001,1
71177.292263,1700.7,0.001,1
71177.292263,1700.71,1.575,1
71177.287776,1700.8,0.010555,-1
71177.408581,1700.61,0.26791278,1
71177.408581,1700.61,0.26791339,1
71177.408581,1700.61,0.66079183,1
71177.449951,1700.61,0.98757,1
71177.69147,1700.6,0.384797,1
71177.69147,1700.6,0.001,1
71178.925875,1700.64,1,-1
71178.922275,1700.62,1,-1
71179.478006,1700.8,0.05234802,-1
71179.852411,1700.79,0.36430688,1
71179.852411,1700.79,1.17584062,1
71181.472449,1700.65,0.17920719,-1
71181.468166,1700.64,0.05888268,-1
71181.462616,1700.54,1,-1
71181.462616,1700.52,1,-1
71181.462616,1700.51,0.88208831,-1
71182.267795,1700.69,0.01520823,-1
71183.20044,1700.69,0.01114798,-1
71186.05986,1700.9,0.001,-1
71186.039015,1700.8,0.001,-1
71188.100053,1701,1.959,-1
71188.100053,1701,0.001,-1
71188.868771,1700.81,0.02575817,1
71188.853186,1700.92,0.0210481,-1
71190.601633,1700.7,0.001,1
71190.601633,1700.71,0.00112288,1
71190.601633,1700.71,0.21629517,1
71190.601633,1700.8,0.001,1
71191.954849,1700.85,0.05937578,1
71192.507559,1700.79,0.0301321,1
71194.347894,1700.69,0.01428414,-1
71196.617196,1700.6,0.100779,1
71196.617196,1700.6,0.001,1
71200.85689,1700.5,0.111862,1
71200.85689,1700.5,0.001,1
71201.996743,1700.44,1,-1
71201.996743,1700.42,1,-1
71202.077405,1700.51,0.820195,-1
71203.703165,1700.41,0.14699984,-1
71204.622402,1700.4,0.00075491,1
71204.622402,1700.4,0.14490971,1
71204.622402,1700.4,0.001,1
71207.537342,1700.3,0.74708073,1
71207.537342,1700.3,0.63858366,1
71207.537342,1700.3,0.21722458,1
71207.537342,1700.3,0.001,1
71209.136734,1700.49,0.05888268,-1
71209.136583,1700.45,0.88211943,-1
71209.136154,1700.39,0.29401128,-1
71210.598966,1700.78,0.06658285,-1
71210.598966,1700.7,0.001,-1
71210.598966,1700.6,0.001,-1
71210.950184,1700.78,0.50593353,1
71212.548046,1700.59,0.28258175,1
71212.54436,1700.68,1.17581514,1
71212.54382,1700.75,0.05888268,1
71212.54382,1700.75,0.45299435,1
71213.096826,1700.51,0.24431068,1
71213.096826,1700.51,0.62916732,1
71214.233702,1700.72,0.88234784,1
71215.226893,1700.66,0.2761,1
71215.605756,1700.51,0.00367425,1
71216.68917,1700.56,0.88206237,-1
71219.217002,1700.79,0.00081545,1
71219.217002,1700.79,0.2282177,1
71219.217002,1700.79,1.17594385,1
71219.253895,1700.79,0.22821715,1
71219.253895,1700.79,1.17594385,1
71219.386799,1700.79,0.46366872,1
71219.386799,1700.79,0.15966909,1
71219.386799,1700.79,0.00000019,1
71219.353391,1700.79,0.62433445,1
71219.353391,1700.79,0.00000055,1
71219.493695,1700.9,0.001,-1
71219.490948,1700.85,0.05888268,-1
71219.490948,1700.85,0.88191478,-1
71219.490948,1700.8,0.001,-1
71220.01651,1700.99,0.107555,1
71220.437841,1701.2,0.00878613,-1
71220.437841,1701.1,0.001,-1
71220.369324,1701,0.001,-1
71222.249041,1701.3,0.10224251,-1
71222.249041,1701.3,0.001,-1
71222.249041,1701.29,0.88168408,-1
71222.249041,1701.2,0.157,-1
71222.249041,1701.2,0.001,-1
71222.901315,1701.02,0.42911744,-1
71222.931421,1701.03,0.02909728,-1
71226.583108,1701.29,0.00280374,1
71228.037405,1701.27,0.02256002,1
71228.665033,1701.28,0.01218832,1
71228.750577,1701.17,1.37892382,1
71228.750577,1701.21,0.61400709,1
71228.750577,1701.23,0.11434789,1
71228.750577,1701.23,0.14699052,1
71228.750577,1701.23,1.15419682,1
71228.750577,1701.28,0.61200709,1
71230.003019,1701.15,0.02230015,-1
71231.351971,1701.18,0.88491442,-1
71231.34419,1701.18,0.11508558,-1
71231.34419,1701.17,0.05888268,-1
71231.34419,1701.16,1,-1
71232.240375,1701.16,0.46390948,-1
71232.240375,1701.15,0.21609052,-1
71233.813214,1701.11,0.01428128,-1
71233.772102,1701.11,0.0028574,-1
71235.208568,1701.12,0.88000948,-1
71235.208568,1701.12,0.4639,-1
71235.208568,1701.12,0.53609052,-1
71235.717796,1701.18,0.20806368,1
71235.717796,1701.18,0.00108832,1
71235.918754,1701.1,0.18614255,-1
71235.918754,1701.09,0.04973796,-1
71235.918754,1701.09,0.04973796,-1
71236.085034,1701.1,0.00560505,-1
71237.199376,1701.1,0.00276429,-1
71237.522363,1701.1,0.01428094,-1
71238.378972,1701.09,0.00000587,1
71238.607798,1701.09,0.178127,1
71238.797426,1701.08,0.28563064,-1
71240.153224,1701.07,0.04915,1
71240.07879,1701.07,0.34264718,1
71240.07879,1701.07,0.00000082,1
71240.047695,1701.07,0.47102045,1
71240.047695,1701.07,0.34264728,1
71240.047695,1701.07,0.14402127,1
71240.357577,1701.08,0.14694194,-1
71240.515332,1701.07,0.0056736,-1
71240.487587,1701.07,0.215272,1
71240.57736,1701.01,1.08632938,1
71240.57736,1701.01,1.451,1
71240.57736,1701.01,0.61712681,1
71240.57736,1701.01,0.00000081,1
71240.548292,1701.01,0.618063,1
71240.767888,1701.04,0.14694,-1
71241.167837,1701.14,0.0156,1
71241.379924,1701.21,0.00003359,1
71243.532893,1701.2,0.07712079,-1
71245.25299,1701.1,0.03998454,-1
71245.433966,1701.13,0.08881583,-1
71245.433966,1701.12,1,-1
71245.433966,1701.1,0.92287921,-1
71245.433966,1701.1,0.03713546,-1
71245.800848,1701.28,0.0196,1
71245.858533,1701.28,0.333046,1
71248.07419,1701.3,0.026877,-1
71248.07419,1701.3,0.001,-1
71250.188062,1701.24,0.44943658,1
71250.188062,1701.25,0.00087602,1
71250.188062,1701.25,1.04131779,1
71250.188062,1701.25,0.41811739,1
71250.188062,1701.25,1.05440593,1
71250.826289,1700.86,1.28183796,1
71250.826289,1700.9,0.149,1
71250.826289,1700.9,0.001,1
71250.826289,1700.91,0.88233984,1
71250.826289,1700.98,0.76527274,1
71250.826289,1701,0.001,1
71250.826289,1701.02,0.5,1
71250.826289,1701.05,1.575,1
71250.826289,1701.06,1.46967185,1
71250.826289,1701.09,1.239372,1
71250.826289,1701.09,0.14696459,1
71250.826289,1701.19,0.05888268,1
71250.826289,1701.2,0.14696459,1
71250.826289,1701.22,0.5109041,1
71250.826289,1701.24,0.27906346,1
71251.115373,1701.12,1,-1
71251.115373,1701.1,0.973123,-1
71251.115373,1701.1,0.02687,-1
71252.263885,1701.23,0.00000587,1
71252.254992,1701.23,0.00419696,1
71252.333008,1701.23,0.383773,1
71252.549215,1700.81,2.65188568,1
71252.549215,1700.9,1.4698101,1
71252.549215,1700.9,0.001,1
71252.549215,1700.91,0.87807363,1
71252.549215,1700.92,0.4,1
71252.549215,1700.96,0.14696459,1
71252.549215,1701,0.001,1
71252.549215,1701.01,1.575,1
71252.549215,1701.04,0.940872,1
71252.549215,1701.05,0.05888268,1
71252.549215,1701.11,0.14694732,1
71252.549215,1701.13,1.17551638,1
71252.549215,1701.15,0.30069699,1
71252.549215,1701.15,0.25335063,1
71253.471724,1701.07,0.30478194,1
71255.67817,1701.04,0.45128348,-1
71255.828866,1701.06,0.05888245,1
71255.828866,1701.06,0.32227955,1
71256.023347,1700.96,0.24768293,-1
71256.023347,1700.95,0.88186013,-1
71256.230587,1700.98,0.31776,1
71256.344183,1701.08,0.96517561,-1
71256.344183,1701,0.142,-1
71256.344183,1701,0.54750333,-1
71256.344183,1700.98,0.05888268,-1
71256.677767,1701,0.00100095,-1
71257.187143,1700.97,0.476158,1
71257.389933,1700.86,1.08411732,1
71257.389933,1700.87,0.05888268,1
71257.389735,1700.9,0.001,1
71257.389735,1700.94,0.26700558,1
71258.22716,1700.8,0.612254,1
71258.22716,1700.8,0.001,1
71258.262791,1700.8,0.29549857,1
71258.262791,1700.8,0.00000043,1
71258.47401,1700.82,0.1,-1
71258.938277,1700.74,0.33360948,1
71258.938277,1700.74,0.11903976,1
71258.938277,1700.74,0.11903976,1
71258.878653,1700.7,0.00374944,1
71258.878653,1700.7,0.001,1
71258.878653,1700.81,0.00000034,1
71258.877254,1700.81,0.26309,1
71259.133418,1700.78,0.9,-1
71259.133418,1700.78,0.1,-1
71260.030496,1700.82,0.00174618,-1
71260.021835,1700.82,0.05820585,-1
71260.099616,1700.82,0.00873088,-1
71260.21358,1700.82,0.365,-1
71260.244486,1700.82,0.566317,-1
71265.328494,1700.82,0.01111291,-1
71265.328494,1700.82,0.00000009,-1
71265.355073,1700.82,0.988877,-1
71266.452224,1700.81,0.01521619,1
71267.15192,1700.81,0.00353965,1
71267.642573,1700.81,0.05528629,1
71268.2534,1700.82,0.04182762,-1
71268.2534,1700.82,0.00000009,-1
71268.679634,1700.81,0.09293144,1
71268.870536,1701.2,0.05,-1
71268.870536,1701.2,0.001,-1
71268.866591,1701.19,1.025646,-1
71268.866591,1701.18,2.93913636,-1
71268.86647,1701.17,1.75466441,-1
71268.86647,1701.1,0.001,-1
71268.86605,1701.03,1.17580406,-1
71268.86605,1701,0.001,-1
71268.866044,1700.93,0.8818706,-1
71268.866044,1700.92,0.05888268,-1
71268.865505,1700.84,1,-1
71268.865505,1700.82,0.04183,-1
71268.865505,1700.82,0.81119798,-1
71268.853772,1700.82,0.1469644,-1
71271.31366,1701.4,0.02710327,-1
71271.31366,1701.4,0.001,-1
71271.31366,1701.3,0.001,-1
71272.037506,1701.44,1,1
71273.618323,1701.2,0.001,1
71273.614798,1701.21,3.4401313,1
71273.614619,1701.21,1.61520558,1
71273.614463,1701.23,0.04288466,1
71273.614219,1701.23,0.10410326,1
71273.614216,1701.24,0.65546565,1
71273.614192,1701.24,0.54542147,1
71273.614017,1701.24,0.26862923,1
71273.614017,1701.24,1.17538025,1
71273.613743,1701.32,0.14698792,1
71273.613743,1701.33,0.05888268,1
71273.61371,1701.36,0.66423811,1
71273.613585,1701.36,0.33576189,1
71273.613383,1701.38,1,1
71274.009347,1701.16,0.01394063,-1
71274.339011,1701.18,0.001453,1
71274.339011,1701.18,1,1
71274.253754,1701.19,0.00000587,1
71274.24456,1701.19,0.00483779,1
71274.938084,1701.21,0.88172536,-1
71274.938084,1701.19,0.05888268,-1
71274.938084,1701.19,0.47641174,-1
71275.098064,1701.44,0.0101525,-1
71275.098064,1701.4,0.001,-1
71275.261479,1701.4,0.483993,1
71275.261479,1701.4,1,1
71275.614895,1701.38,0.00582072,-1
71276.681151,1701.37,0.00000061,1
71276.677291,1701.37,0.326962,1
71276.73744,1701.36,0.497136,1
71276.73744,1701.36,1,1
71276.924151,1701.34,0.0000009,1
71276.917132,1701.34,0.524445,1
71277.037412,1701.3,1,1
71276.979235,1701.32,0.46909044,1
71277.05109,1701.21,0.01505821,-1
71277.252651,1701.21,0.02619944,-1
71277.978412,1701.22,0.01164144,-1
71278.096251,1701.22,0.21916764,-1
71279.467056,1701.34,0.532,1
71279.467056,1701.34,1,1
71279.552409,1701.34,1.08570618,1
71279.552409,1701.34,0.00000082,1
71279.649282,1701.33,0.21757704,-1
71285.903661,1701.73,0.12037329,-1
71285.903661,1701.73,0.25554132,-1
71285.903071,1701.73,0.62591461,-1
71285.892355,1701.73,0.62591461,-1
71285.892013,1701.73,0.37491461,-1
71285.892013,1701.7,0.001,-1
71285.833546,1701.69,0.2625663,-1
71285.833546,1701.69,0.01129481,-1
71285.833546,1701.67,0.0055364,-1
71285.833546,1701.67,0.0965171,-1
71285.833138,1701.67,0.05041899,-1
71285.833138,1701.67,0.048,-1
71285.833138,1701.66,0.52749562,-1
71285.83281,1701.66,0.07250438,-1
71285.83281,1701.65,1.17537219,-1
71285.83281,1701.63,0.16329432,-1
71285.83281,1701.6,0.001,-1
71285.83281,1701.6,0.05,-1
71285.828953,1701.56,0.88154725,-1
71285.828953,1701.55,0.05888268,-1
71285.828953,1701.53,0.14693609,-1
71285.828953,1701.5,0.001,-1
71285.951051,1701.9,0.00094328,-1
71285.950974,1701.9,0.00005672,-1
71285.950974,1701.89,0.56515505,-1
71285.950974,1701.88,0.05870284,-1
71285.940326,1701.87,0.31171468,-1
71285.940326,1701.87,0.05870284,-1
71285.940326,1701.81,0.25449709,-1
71285.940273,1701.81,0.32791461,-1
71285.940273,1701.81,0.048,-1
71285.940273,1701.8,0.001,-1
71285.931747,1701.76,0.6,-1
71285.931747,1701.76,0.096,-1
71285.931747,1701.75,0.1553216,-1
71285.931747,1701.73,0.05316968,-1
71285.930745,1701.73,0.62591461,-1
71285.930238,1701.73,0.37591461,-1
71286.850392,1702.2,0.001,-1
71286.850392,1702.19,0.05888268,-1
71286.83982,1702.1,0.001,-1
71286.83982,1702,0.001,-1
71286.957741,1702.23,0.12063221,-1
71286.957741,1702.23,0.4972824,-1
71286.95749,1702.23,0.38391461,-1
71288.387031,1702.17,0.369914,1
71288.333094,1702.2,1,1
71288.333094,1702.22,1,1
71288.521085,1702,0.001,1
71288.634465,1701.91,0.00284503,1
71288.59517,1701.92,0.62691461,-1
71288.595134,1701.92,0.37491461,-1
71288.559978,1701.93,0.00000087,1
71288.556987,1701.93,0.05888181,1
71288.556987,1701.93,0.37591461,1
71288.556987,1701.93,1.17498058,1
71288.660666,1701.96,0.5064262,-1
71288.660385,1701.96,0.37491461,-1
71288.65022,1701.92,0.37491461,-1
71288.65,1701.92,0.62691461,-1
71288.648321,1701.91,0.373069,1
71288.638201,1701.92,0.37491461,-1
71288.637975,1701.92,0.54241383,-1
71288.637975,1701.92,0.08450078,-1
71289.014527,1701.98,0.07081114,-1
71289.329978,1701.97,0.44907379,1
71289.418806,1701.91,0.37491442,1
71289.418806,1701.91,0.00000058,1
71289.346448,1701.94,1,1
71289.346448,1701.94,0.37591461,1
71289.346448,1701.96,0.37691461,1
71289.345032,1701.96,1,1
71289.467515,1701.9,0.33161403,1
71289.467515,1701.9,0.00087636,1
71289.467515,1701.9,0.37591461,1
71289.467515,1701.9,0.001,1
71289.540457,1701.9,0.00000049,1
71291.28204,1701.9,0.36791461,-1
71291.281937,1701.9,0.21950172,-1
71291.281937,1701.9,0.41441289,-1
71292.126076,1702.1,0.05888268,-1
71292.126076,1702.1,0.001,-1
71292.527001,1702.16,0.4,-1
71296.821479,1702.17,0.06171847,-1
71296.821479,1702.17,0.05888268,-1
71296.821479,1702.17,0.51931346,-1
71296.820992,1702.17,0.36191461,-1
71296.874586,1702.17,0.36191461,-1
71296.874565,1702.17,0.52400707,-1
71296.874565,1702.17,0.11590754,-1
71296.988665,1702.16,0.18996343,1
71296.986517,1702.16,0.81003657,1
71296.982474,1702.17,0.38391461,1
71296.982474,1702.17,0.26667457,1
71297.043068,1702.12,1,1
71297.535504,1701.92,0.06158902,-1
71297.535504,1701.92,0.29832559,-1
71297.535202,1701.92,0.58303193,-1
71297.535202,1701.92,0.05888268,-1
71298.262189,1702.05,0.26049219,1
71298.262189,1702.05,0.13333728,1
71298.262189,1702.05,0.32260153,1
71298.246075,1702.05,0.00000587,1
71298.23466,1702.05,0.06230721,1
71298.957634,1702.05,0.00517009,-1
71298.957634,1702.05,0.05888268,-1
71299.184882,1702.04,0.18059923,1
71299.184882,1702.04,1,1
71299.184882,1702.04,0.07940377,1
71299.168364,1702.04,0.30551084,1
71299.600989,1702.04,0.0100339,-1
71299.716799,1702.03,0.00124418,1
71301.40955,1702.04,0.02830642,-1
71301.388687,1702.04,0.00798302,-1
71301.388687,1702.04,0.04884878,-1
71301.59494,1702.04,0.02035637,-1
71302.404255,1702.05,0.51637559,-1
71302.404115,1702.05,0.36491461,-1
71302.817959,1702.14,1,1
71302.997265,1702.1,0.282174,1
71303.19652,1702.08,0.382914,1
71303.166975,1702.08,0.000814,1
71303.166975,1702.08,1,1
71304.252105,1702.08,0.00000587,1
71304.241431,1702.08,0.01744275,1
71304.241431,1702.08,0.00000061,1
71304.360513,1702.1,0.63991461,-1
71304.360346,1702.1,0.12871365,-1
71304.360346,1702.09,0.17431828,-1
71304.360346,1702.09,0.05888268,-1
71304.495769,1702.2,0.001,-1
71304.473745,1702.17,0.19999325,-1
71304.43849,1702.13,0.24133417,-1
71304.43813,1702.13,0.63991461,-1
71305.555548,1702.24,0.24227723,-1
71305.55538,1702.24,0.63891461,-1
71306.391591,1702.28,0.00984127,-1
71307.189137,1702.24,1,1
71307.189137,1702.26,1,1
71307.316622,1702.08,0.38191423,1
71307.316622,1702.08,0.00000077,1
71307.287269,1702.08,0.38291384,1
71307.287269,1702.08,0.00587516,1
71307.40286,1702.08,0.3819144,1
71307.40286,1702.08,0.0000006,1
71307.373801,1702.08,0.38091401,1
71307.373801,1702.08,0.00000099,1
71307.343976,1702.08,0.38191362,1
71307.343976,1702.08,0.00000038,1
71307.436844,1702.08,0.176897,1
71307.977242,1701.6,0.001,1
71307.977242,1701.62,0.00815268,1
71307.976698,1701.62,0.05073,1
71307.976698,1701.7,0.001,1
71307.976698,1701.8,0.001,1
71307.973175,1701.8,1.17502604,1
71307.971995,1701.8,0.64486305,1
71307.971892,1701.8,5.1768389,1
71307.971892,1701.8,0.001,1
71307.971892,1701.81,1.46902415,1
71307.971818,1701.9,0.001,1
71307.971678,1702,0.001,1
71307.971678,1702.02,1,1
71307.971414,1702.04,0.1327957,1
71307.971414,1702.04,0.23097258,1
71307.97128,1702.04,0.76902742,1
71308.419099,1701.7,0.02117383,-1
71309.793593,1701.7,0.05888268,-1
71309.840253,1701.72,0.24154649,-1
71309.840137,1701.72,0.63991461,-1
71311.000102,1701.77,0.05888268,-1
71311.000102,1701.77,0.5235206,-1
71311.000057,1701.77,0.35791461,-1
71311.213743,1702.01,0.02008292,-1
71311.213743,1702.01,0.4,-1
71311.213743,1702,0.001,-1
71311.213743,1702,0.05,-1
71311.213743,1701.97,0.17283169,-1
71311.213545,1701.97,0.35791461,-1
71311.160226,1701.98,0.11762694,-1
71311.160226,1701.9,0.001,-1
71311.160226,1701.89,0.88137306,-1
71311.998858,1701.77,1.17514753,1
71311.998628,1701.92,0.33377414,1
71311.998364,1701.92,0.66622586,1
71311.998228,1701.94,0.4376363,1
71311.99807,1701.94,0.54488124,1
71311.997661,1701.94,0.01748246,1
71311.997661,1701.94,0.1188907,1
71311.997661,1701.94,0.04182836,1
71311.997661,1701.94,0.04182835,1
71311.997661,1701.94,0.08365671,1
71311.997661,1701.94,0.16731342,1
71312.088567,1701.7,0.38691461,1
71312.088567,1701.7,0.001,1
71312.03762,1701.71,0.33974,1
71312.007286,1701.71,0.0471744,1
71312.228999,1701.64,0.03580965,-1
71312.670234,1701.5,0.386914,1
71312.670234,1701.5,0.001,1
71312.641205,1701.6,1,1
71312.641205,1701.6,0.001,1
71312.641205,1701.62,1,1
71312.638915,1701.63,0.13586149,1
71312.883765,1701.3,0.001,1
71312.735367,1701.4,0.001,1
71312.735367,1701.41,0.38691461,1
71312.735367,1701.42,0.38691461,1
71312.735367,1701.43,0.38691461,1
71312.964264,1701.2,1,1
71312.964264,1701.2,0.001,1
71313.112452,1701.16,0.38691439,1
71313.112452,1701.16,0.00000061,1
71313.082885,1701.16,0.386914,1
71313.082885,1701.16,1,1
71313.396051,1701.17,0.18198946,-1
71315.13886,1701.16,0.59181863,1
71315.138719,1701.22,0.17726451,1
71315.138719,1701.22,0.16731342,1
71315.146576,1700.9,0.001,1
71315.142968,1701,0.001,1
71315.140351,1701.01,1.17560587,1
71315.139707,1701.04,1.575,1
71315.139707,1701.1,0.001,1
71315.381028,1700.9,0.384914,1
71315.381028,1700.9,0.172,1
71315.351038,1700.9,0.38391461,1
71315.351038,1700.9,0.00000061,1
71315.322604,1700.9,0.17199939,1
71315.322604,1700.9,0.38391461,1
71315.290951,1700.9,0.172,1
71315.221898,1700.9,0.212914,1
71315.221898,1700.9,0.172,1
71315.990885,1700.91,0.0408516,-1
71315.990885,1700.91,0.51634328,-1
71315.990885,1700.91,0.08371973,-1
71315.990656,1700.91,0.36091461,-1
71316.048573,1700.99,0.52192541,-1
71316.048552,1700.99,0.35991461,-1
71316.036414,1700.94,0.64008539,-1
71316.036297,1700.94,0.35991461,-1
71316.011916,1700.92,0.64008539,-1
71316.011717,1700.92,0.35991461,-1
71316.001081,1700.91,0.00924371,-1
71316.001081,1700.91,0.15155624,-1
71316.001081,1700.91,0.48011466,-1
71316.001009,1700.91,0.36091461,-1
71317.103249,1701.15,0.00297911,1
71317.103249,1701.16,0.15865031,1
71317.103249,1701.16,0.38391461,1
71317.103249,1701.17,0.38291461,1
71317.103249,1701.18,0.38291461,1
71317.103249,1701.19,0.00000061,1
71317.065901,1701.19,0.382914,1
71317.037638,1701.19,0.00081835,1
71317.037638,1701.19,0.16635365,1
71318.821264,1701.09,0.01799317,1
71319.799437,1701.12,1,-1
71319.799437,1701.1,1,-1
71319.799437,1701.1,0.88178632,-1
71319.909913,1701.2,0.001,-1
71320.052121,1701.3,0.001,-1
71320.768672,1701.36,0.219053,1
71321.047998,1701.35,0.00027764,-1
71321.04713,1701.35,0.14776189,-1
71321.044562,1701.4,1,-1
71321.044562,1701.4,0.07855985,-1
71321.042612,1701.4,0.12139,-1
71321.042612,1701.4,0.001,-1
71321.041952,1701.32,0.3152251,-1
71321.0401,1701.32,0.36891461,-1
71321.040095,1701.32,0.31586029,-1
71321.040095,1701.29,0.05888268,-1
71321.040095,1701.29,0.25817164,-1
71321.145316,1701.47,0.940872,-1
71321.141978,1701.6,0.001,-1
71321.141978,1701.6,0.05,-1
71321.141978,1701.59,0.05017066,-1
71321.141963,1701.59,0.10515094,-1
71321.141963,1701.59,0.00088189,-1
71321.141963,1701.58,0.14803953,-1
71321.141963,1701.56,0.52474419,-1
71321.141963,1701.55,0.62803636,-1
71321.141963,1701.5,0.001,-1
71321.141963,1701.48,0.48390841,-1
71321.141821,1701.48,1.09109159,-1
71321.141821,1701.47,1.043556,-1
71321.141821,1701.42,0.21073673,-1
71321.140633,1701.42,1.31705103,-1
71321.140633,1701.41,0.91208929,-1
71321.185117,1701.5,0.096,-1
71321.512007,1701.02,0.55359371,1
71321.512007,1701.1,0.001,1
71321.483569,1701.2,0.001,1
71321.446134,1701.26,0.35945213,1
71321.442718,1701.26,0.64054787,1
71321.402595,1701.3,1,1
71321.597278,1700.81,0.61188844,1
71321.54006,1700.9,0.001,1
71321.530833,1701,0.001,1
71321.923817,1700.84,0.0027647,-1
71322.723041,1700.89,0.05888268,-1
71322.758082,1700.9,0.00296868,1
71322.980037,1700.91,0.11710673,-1
71323.205411,1701.06,0.0285634,-1
71326.210007,1701.05,0.0464,1
71327.486953,1701.04,0.190709,1
71327.486953,1701.04,1,1
71327.583052,1701.02,0.37529583,1
71327.581993,1701.02,0.62470417,1
71327.577276,1701.04,0.00000022,1
71327.964405,1700.91,0.01,-1
71327.954729,1700.85,0.83991581,-1
71328.22728,1700.8,0.380914,1
71328.208738,1700.76,0.16259,1
71328.208738,1700.8,0.001,1
71328.202953,1700.88,1,1
71328.202953,1700.9,1,1
71328.258762,1700.8,0.37991439,1
71328.258762,1700.8,0.00000061,1
71328.51205,1700.61,0.88203644,-1
71328.495348,1700.6,0.37991439,1
71328.495348,1700.6,0.00000061,1
71328.467151,1700.6,0.380914,1
71328.467151,1700.6,0.001,1
71328.44441,1700.7,0.001,1
71330.566961,1700.73,0.17857984,-1
71330.566961,1700.73,0.05888268,-1
71330.735184,1700.73,0.01557118,1
71331.105243,1700.74,0.08112602,-1
71332.032714,1700.74,0.0012115,-1
71332.221063,1700.74,0.00000587,-1
71332.20945,1700.74,0.00328549,-1
71332.852995,1700.4,0.001,1
71332.852995,1700.5,1.17593546,1
71332.852995,1700.5,0.00088181,1
71332.852995,1700.5,0.001,1
71332.852995,1700.54,0.05802076,1
71332.755588,1700.64,0.62086008,-1
71332.755588,1700.63,1.08633,-1
71332.755588,1700.61,1.08633,-1
71332.755588,1700.58,1.08633,-1
71332.755588,1700.56,1.451,-1
71332.755588,1700.55,1.451,-1
71332.749757,1700.7,0.9618415,1
71332.749704,1700.7,0.0381585,1
71332.749704,1700.72,0.00093824,1
71332.749704,1700.72,0.17314292,1
71332.749704,1700.72,1,1
71332.972993,1700.4,0.29803419,1
71332.96516,1700.1,0.05111669,1
71332.96516,1700.1,0.001,1
71332.96516,1700.14,0.06914424,1
71332.96516,1700.19,1.575,1
71332.96516,1700.2,0.181,1
71332.96516,1700.2,0.03457212,1
71332.96516,1700.2,0.001,1
71332.96516,1700.3,0.001,1
71332.96516,1700.37,0.37891461,1
71332.96516,1700.38,0.37891461,1
71332.96516,1700.39,1.17593546,1
71332.96516,1700.39,0.37891461,1
71332.96516,1700.4,0.37891461,1
71332.96516,1700.41,0.31957305,1
71332.957975,1700.41,0.05934156,1
71332.957975,1700.42,0.37891461,1
71332.957975,1700.43,0.37891461,1
71332.957975,1700.44,0.37891461,1
71332.957975,1700.45,0.37891461,1
71333.224083,1700.36,0.42586486,1
71333.219952,1700.36,0.20643212,1
71333.219952,1700.38,0.43256196,1
71333.196233,1700.38,0.56743804,1
71333.196233,1700.39,0.16094853,1
71333.196233,1700.39,0.08047427,1
71333.196233,1700.39,0.08047427,1
71333.264251,1700.36,0.0591038,1
71333.264251,1700.36,0.36770302,1
71333.526032,1700.35,0.00390515,-1
71333.97692,1700.26,1,1
71334.967819,1700.22,0.140691,1
71334.967819,1700.22,1,1
71335.902002,1700.17,0.06571474,-1
71336.15575,1700.17,0.05575293,-1
71336.412939,1700.16,0.62077659,1
71336.412939,1700.16,0.14332241,1
71336.473769,1700.16,1.17632398,1
71336.473769,1700.16,0.14332241,1
71336.473769,1700.16,0.37091461,1
71336.441667,1700.16,1.17632371,1
71336.441667,1700.16,0.00000029,1
71336.989275,1700.25,0.11293737,-1
71336.989275,1700.23,0.26997724,-1
71336.989272,1700.23,0.61891461,-1
71338.423982,1700.39,0.03552448,1
71340.132247,1700.31,0.19522274,1
71340.132247,1700.31,1.17618057,1
71340.924604,1700.29,0.56237105,1
71340.960264,1700.1,0.15306907,1
71340.960264,1700.1,0.001,1
71340.960264,1700.11,0.36991461,1
71340.960264,1700.12,0.36991461,1
71340.960264,1700.13,0.36991461,1
71340.960264,1700.14,0.36991461,1
71340.960264,1700.15,0.36991461,1
71340.960264,1700.16,0.22168237,1
71340.960264,1700.16,0.36991461,1
71340.960264,1700.17,0.36891461,1
71341.731664,1700.01,0.0094824,-1
71342.075627,1700,0.02461015,1
71342.075627,1700,0.001,1
71342.075627,1700,0.00409294,1
71342.35337,1700.04,0.05143538,-1
71342.585247,1700.02,1.1763799,1
71342.585247,1700.02,0.18854258,1
71343.10314,1699.91,0.02620326,-1
71344.073841,1699.98,0.0056744,-1
71346.614794,1699.94,0.88238408,-1
71347.220235,1700.36,0.01255532,-1
71347.220235,1700.3,0.001,-1
71347.220235,1700.2,0.001,-1
71347.724639,1700.29,1.17652984,1
71347.824137,1700.28,0.22842206,1
71347.824137,1700.28,1.17652984,1
71347.824137,1700.28,1,1
71349.130021,1700.27,0.00080579,-1
71349.174477,1700.24,1,1
71349.172372,1700.26,0.17980753,1
71349.172372,1700.26,1,1
71349.774423,1700.12,0.24302051,1
71349.771168,1700.12,0.7053158,1
71349.770932,1700.12,0.05166369,1
71349.770932,1700.14,0.00102642,1
71349.770932,1700.14,1,1
71350.577369,1700,0.198073,1
71350.577369,1700,1,1
71350.577369,1700,0.001,1
71351.776054,1700.18,0.16935986,-1
71351.776054,1700.17,0.940275,-1
71351.776054,1700.16,0.1536,-1
71351.776054,1700.15,0.05883737,-1
71351.776054,1700.06,0.16429427,-1
71351.776054,1699.97,0.05888268,-1
71351.776054,1699.97,0.88236851,-1
71351.843101,1700.15,0.02058799,1
71352.475221,1700.2,0.00110281,-1
71352.475221,1700.2,0.163,-1
71352.475221,1700.2,0.001,-1
71352.475221,1700.16,0.05888268,-1
71352.475221,1700.16,0.8822699,-1
71353.855526,1699.64,0.40011732,1
71353.855526,1699.7,0.163,1
71353.855526,1699.7,0.001,1
71353.855526,1699.71,0.4,1
71353.855526,1699.8,0.001,1
71353.855526,1699.82,0.05888268,1
71353.855526,1699.9,0.001,1
71353.855526,1699.96,1.17647053,1
71353.855526,1700.04,1,1
71353.855526,1700.06,0.17253291,1
71353.855526,1700.06,0.139,1
71353.853985,1700.06,0.861,1
71354.425515,1699.78,0.314777,1
71354.412958,1699.78,0.32336424,1
71354.366048,1699.8,0.001,1
71354.345937,1699.85,1.17647053,1
71354.675271,1699.77,0.88247233,-1
71355.99698,1699.99,1.17654366,1
71355.99698,1699.99,0.00000034,1
71355.967454,1699.99,0.1491878,1
71355.967454,1699.99,1.1765442,1
71356.150058,1699.99,0.00000094,1
71356.077642,1699.99,0.1781058,1
71356.077642,1699.99,1.1765442,1
71356.429021,1699.87,0.07720085,1
71356.410277,1699.83,0.155,1
71356.39659,1699.9,0.155,1
71356.379711,1699.83,0.0943488,1
71356.372055,1699.65,1.07373237,1
71356.372055,1699.67,0.05888268,1
71356.372055,1699.67,0.4,1
71356.372055,1699.7,0.001,1
71356.372055,1699.82,0.15440171,1
71356.370592,1699.98,0.25718957,1
71356.370592,1699.98,0.1652186,1
71356.370166,1699.98,0.9093256,1
71356.370088,1699.98,0.102,1
71356.439066,1699.66,0.25279915,1
71356.439066,1699.7,0.155,1
71356.439066,1699.8,0.155,1
71356.439066,1699.87,0.07583264,1
71356.438669,1699.87,0.56143094,1
71356.910533,1699.83,0.02003906,1
71359.395274,1699.83,0.00622598,1
71359.660311,1699.84,0.01976619,-1
71359.895201,1699.78,0.01164658,-1
71360.720632,1699.77,1.04724641,1
71360.720632,1699.77,0.27952296,1
71361.219718,1699.67,0.01143112,-1
71361.587088,1699.8,0.05492949,-1
71361.587088,1699.71,0.14703547,-1
71361.587088,1699.7,0.05888268,-1
71361.587088,1699.66,0.88252944,-1
71362.899349,1699.67,1.701062,-1
71362.899349,1699.67,0.18230197,-1
71362.899349,1699.66,0.4,-1
71362.899349,1699.66,0.51708358,-1
71362.899084,1699.65,0.22989074,-1
71362.898899,1699.65,0.17010926,-1
71362.898899,1699.65,0.71242537,-1
71362.898554,1699.65,0.17010926,-1
71362.898554,1699.64,0.4,-1
71362.898554,1699.62,0.31242537,-1
71362.898353,1699.62,0.88253463,-1
71362.892626,1699.61,0.0524,1
71362.888195,1699.66,0.00075532,1
71362.888195,1699.66,0.22026011,1
71362.88492,1699.66,0.0471744,1
71362.937967,1699.68,0.1292709,-1
71363.517853,1699.75,0.05643827,-1
71364.550519,1699.74,0.2329948,1
71364.550519,1699.74,1,1
71364.550519,1699.74,0.6423222,1
71365.004013,1699.71,0.00080587,-1
71365.397881,1699.7,0.99999976,1
71365.397881,1699.7,0.09080524,1
71367.26723,1699.6,0.13493592,1
71367.26723,1699.6,0.001,1
71367.26723,1699.68,0.18734211,1
71367.26723,1699.68,1.17672197,1
71367.518934,1699.73,0.00948753,-1
71367.961206,1699.7,0.27735456,1
71368.70187,1699.56,0.05580049,-1
71370.296319,1699.56,0.82678088,-1
71370.776055,1699.8,0.001,-1
71370.772711,1699.79,0.22148857,-1
71370.772711,1699.78,0.17933904,-1
71370.772711,1699.76,0.88247752,-1
71370.772711,1699.75,0.12689901,-1
71370.772711,1699.75,0.12689901,-1
71370.841462,1699.9,0.6,-1
71370.841462,1699.9,0.001,-1
71373.793871,1699.88,0.01059687,1
71374.284174,1699.89,0.00138244,-1
71376.578919,1699.89,0.01544771,-1
71377.203171,1699.93,0.6995933,-1
71377.203171,1699.93,0.05888268,-1
71377.203171,1699.89,0.17457603,-1
71377.203171,1699.88,0.4,-1
71377.203171,1699.87,0.88242042,-1
71377.203171,1699.86,1.714824,-1
71377.203171,1699.86,0.4,-1
71377.203171,1699.86,0.13219744,-1
71377.186966,1699.85,0.12687796,1
71377.186966,1699.85,1.17657704,1
71377.127246,1699.88,0.00075484,1
71377.127246,1699.88,0.26605916,1
71378.555971,1699.71,0.20008612,-1
71379.969963,1699.7,0.128025,1
71379.956264,1699.7,0.0284472,1
71379.956264,1699.7,0.001,1
71380.012759,1699.71,0.07281296,-1
71380.730009,1699.7,0.00058245,-1
71380.97925,1699.71,0.00074546,-1
71381.676978,1699.7,0.01162558,-1
71384.042305,1699.7,1.08653487,1
71384.042305,1699.7,0.28196813,1
71384.027305,1699.7,0.00030005,1
71384.855902,1699.65,0.00020812,1
71385.478816,1699.61,0.329977,1
71386.061602,1699.61,0.02678698,-1
71386.065411,1699.6,0.094031,1
71386.065411,1699.6,0.001,1
71387.372618,1699.59,0.05450846,1
71387.372618,1699.59,0.53971405,1
71387.634799,1699.6,0.633,-1
71387.63465,1699.6,0.117,-1
71387.639163,1699.65,0.76921955,-1
71387.639068,1699.64,0.14708391,-1
71389.320841,1699.75,0.12415162,1
71389.320841,1699.77,0.00075645,1
71389.320841,1699.77,0.36832853,1
71390.807354,1699.71,0.124922,1
71390.862383,1699.67,0.11328539,1
71391.321361,1699.61,0.00985469,-1
71391.097217,1699.6,0.2670333,1
71391.097217,1699.6,1.1765707,1
71391.097217,1699.6,0.133,1
71391.818134,1699.6,0.13257127,1
71391.81757,1699.6,1.04399943,1
71391.81757,1699.6,0.00000057,1
71391.887715,1699.51,0.252814,1
71393.612887,1699.4,0.015,1
71393.612887,1699.4,0.133,1
71393.569676,1699.4,0.133,1
71393.569676,1699.4,0.001,1
71393.569676,1699.5,0.001,1
71393.543687,1699.52,0.57606987,1
71393.543687,1699.52,0.28737675,1
71393.543687,1699.52,0.27478437,1
71394.227527,1699.45,0.00000588,1
71394.217396,1699.45,0.00593133,1
71399.196501,1699.86,0.00283774,-1
71399.196501,1699.8,0.001,-1
71400.034945,1699.86,2.89473321,-1
71400.034945,1699.86,0.14707786,-1
71400.034945,1699.86,0.4,-1
71400.034945,1699.83,0.88244118,-1
71400.034945,1699.82,0.05888268,-1
71400.034945,1699.82,0.4626078,-1
71400.118495,1700.3,1.575,1
71400.08746,1699.82,0.05601381,1
71400.08746,1699.83,0.4,1
71400.08746,1699.83,1.575,1
71400.08746,1699.84,1.17654388,1
71400.08746,1699.84,0.4,1
71400.08746,1700.33,0.18434804,1
71400.08746,1700.33,0.05809427,1
71400.084887,1700.33,0.12625378,1
71400.080435,1700.4,0.21193476,1
71400.076453,1700.4,0.04888978,1
71400.07482,1700.4,0.04993067,1
71400.073857,1700.41,0.33322061,1
71400.072161,1700.41,0.10333647,1
71400.072161,1700.42,1.34766353,1
71400.070525,1700.42,0.10333647,1
71400.070525,1700.48,1.34766353,1
71400.069753,1700.48,0.04850238,1
71400.068952,1700.49,0.47540662,-1
71400.067451,1700.48,0.05483409,1
71400.065958,1700.4,0.04998148,1
71400.065661,1700.4,1.451,1
71400.060622,1700.49,4.2,-1
71400.058487,1700.49,0.95108054,-1
71400.058487,1700.48,1.34447003,-1
71400.058487,1700.47,0.4,-1
71400.058487,1700.47,0.2,-1
71400.058487,1700.47,0.1,-1
71400.058487,1700.43,0.2,-1
71400.058487,1700.43,0.1,-1
71400.058487,1700.38,0.90444943,-1
71400.058419,1700.38,0.20120331,-1
71400.058408,1700.38,0.3,-1
71400.056802,1700.41,0.61820042,-1
71400.056802,1700.4,0.58977385,-1
71400.052357,1700.41,0.06969547,-1
71400.052357,1700.4,0.05,-1
71400.052357,1700.4,0.001,-1
71400.052357,1700.39,0.17979119,-1
71400.049769,1700.39,0.54848666,-1
71400.049769,1700.33,0.14025667,-1
71400.04975,1700.33,0.05174333,-1
71400.048931,1700.27,0.19115001,-1
71400.048724,1700.27,0.02874333,-1
71400.047194,1700.27,0.03814,-1
71400.047113,1700.27,0.0277,-1
71400.047064,1700.27,0.05992,-1
71400.046864,1700.27,0.19274333,-1
71400.046182,1700.3,0.096,-1
71400.046182,1700.3,0.001,-1
71400.042836,1700.27,0.8223168,-1
71400.042836,1700.26,1.67221987,-1
71400.042803,1700.25,0.05875958,-1
71400.042803,1700.24,2.32773045,-1
71400.042415,1700.2,0.05,-1
71400.042415,1700.2,0.001,-1
71400.040962,1700.14,1.10993623,-1
71400.040962,1700.1,0.001,-1
71400.040962,1700.07,0.53833965,-1
71400.040962,1700.06,0.1553216,-1
71400.038882,1700,1.17654388,-1
71400.038882,1700,0.05,-1
71400.038882,1700,0.001,-1
71400.038882,1699.97,0.048,-1
71400.038882,1699.96,0.14707786,-1
71400.038768,1699.9,0.001,-1
71400.037918,1699.87,0.16797126,-1
71400.036887,1699.81,0.32744,1
71400.205536,1700.02,1.575,1
71400.205536,1700.23,0.52786029,1
71400.204213,1700.23,0.0573,1
71400.199152,1700.21,0.6324096,-1
71400.199152,1700.21,0.61921302,-1
71400.199152,1700.2,0.01319658,-1
71400.198882,1700.2,0.61921302,-1
71400.198882,1700.03,1.451,-1
71400.196972,1699.91,0.05888268,1
71400.196299,1700.02,0.24175,1
71400.195035,1700.02,0.51177,1
71400.194789,1700.02,0.82148,1
71400.194149,1700,0.13465293,1
71400.194149,1700.02,0.13516031,1
71400.170751,1700.21,1.575,1
71400.170751,1700.22,0.02967939,1
71400.156608,1700.43,0.048,-1
71400.147721,1700.4,0.33088239,-1
71400.147721,1699.98,0.23743511,-1
71400.142534,1700.4,1.96350019,-1
71400.142534,1700.23,0.1536,-1
71400.142534,1700.22,0.29721539,-1
71400.142534,1700.22,0.05921828,-1
71400.142534,1700.22,0.05921827,-1
71400.142534,1699.98,0.11899856,-1
71400.142534,1699.98,0.05921828,-1
71400.30556,1699.66,0.11249999,1
71400.30556,1699.66,0.1125,1
71400.283779,1699.8,0.1857979,1
71400.283779,1699.8,0.00075762,1
71400.234463,1699.85,0.619213,-1
71400.234258,1699.7,0.1553216,1
71400.234258,1699.7,0.001,1
71400.234258,1699.78,0.07474991,1
71400.233086,1699.83,0.09033513,1
71400.230477,1699.83,0.007,1
71400.228786,1699.84,1.575,1
71400.227152,1700.01,0.498,-1
71400.227152,1700.01,0.161,-1
71400.227152,1699.96,1.451,-1
71400.343298,1699.63,0.03662746,1
71400.343298,1699.65,0.14949982,1
71400.510545,1699.31,1.735,1
71400.49389,1699.31,1.73500079,1
71400.492112,1699.31,0.87307305,1
71400.486668,1699.31,1.45009097,1
71400.482472,1699.31,4.05816481,1
71400.482472,1699.4,0.001,1
71400.482472,1699.5,0.001,1
71400.482472,1699.6,0.001,1
71400.572719,1699.4,0.133,1
71400.60238,1699.4,0.133,1
71400.794941,1699.62,0.00000588,1
71401.137568,1699.71,0.411777,1
71401.212993,1699.6,0.005883,1
71401.287736,1699.56,0.48749999,-1
71401.38925,1699.58,0.88257098,-1
71401.367543,1699.59,0.150573,1
71401.367543,1699.59,1.451,1
71401.491501,1699.7,0.24375,-1
71401.568474,1699.7,0.99999985,1
71401.568474,1699.7,7.23843215,1
71401.554846,1699.7,0.60281785,1
71401.818635,1699.7,1.15424685,1
71401.818635,1699.7,0.00000015,1
71401.790788,1699.7,0.13299985,1
71401.790788,1699.7,0.00000015,1
71402.298216,1699.7,0.88250867,-1
71402.248325,1699.69,0.121875,-1
71403.108311,1699.8,0.13299916,-1
71403.108311,1699.8,0.57303784,-1
71403.108311,1699.8,1.451,-1
71403.075725,1699.8,0.133,-1
71403.075725,1699.8,0.001,-1
71403.139283,1699.8,1.17656916,-1
71403.139283,1699.8,0.4,-1
71403.139283,1699.8,1.575,-1
71403.139283,1699.8,0.00000084,-1
71404.26058,1699.84,0.7295883,-1
71404.26058,1699.83,0.18018036,-1
71404.59929,1700.32,0.096,-1
71404.59929,1700.3,0.001,-1
71404.595327,1700.26,0.52563366,-1
71404.579639,1700.21,0.048,-1
71404.579639,1700.2,0.001,-1
71404.579639,1700.18,1.139094,-1
71404.579639,1700.18,1.49563429,-1
71404.578771,1700.18,2.5628826,-1
71404.574295,1700.12,0.79238901,-1
71404.574295,1700.1,0.001,-1
71404.574295,1700.09,0.1903439,-1
71404.574295,1700.09,0.94560668,-1
71404.574295,1700,0.001,-1
71404.574176,1699.9,0.001,-1
71404.632108,1700.5,0.14,-1
71404.632108,1700.5,0.001,-1
71404.830138,1700.45,0.539062,1
71405.930716,1700.51,0.05876866,1
71405.930716,1700.54,0.14707786,1
71405.930716,1700.59,0.98868363,1
71405.930716,1700.59,0.13476574,1
71405.930716,1700.59,0.13476575,1
71406.124845,1700.5,0.01952963,-1
71406.334616,1700.5,0.8820935,-1
71406.716845,1700.58,0.01927842,-1
71406.956518,1700.57,1.135304,1
71407.203626,1700.6,0.10723815,-1
71407.203626,1700.6,0.001,-1
71407.203626,1700.59,0.88204681,-1
71407.318149,1700.8,0.001,-1
71407.299237,1700.7,0.76705402,-1
71407.299237,1700.7,0.001,-1
71408.137965,1700.69,0.22291511,-1
71408.137965,1700.69,0.22291511,-1
71409.408777,1700.69,1.886444,1
71409.395154,1700.69,5.75272544,1
71409.728584,1700.51,0.52859638,1
71409.695875,1700.6,0.14002438,1
71409.695875,1700.6,0.001,1
71410.20288,1700.4,1.4509996,1
71410.20288,1700.4,0.564,1
71410.20288,1700.4,0.14,1
71410.20288,1700.4,0.5585904,1
71410.20288,1700.4,0.001,1
71410.56929,1700.3,0.344989,1
71410.56929,1700.3,0.001,1
71410.814268,1700.32,0.88218688,-1
71410.814268,1700.31,0.05876866,-1
71411.307287,1700.41,0.18788,-1
71411.508247,1700.41,0.96131465,1
71411.508247,1700.42,1.17630266,1
71411.914698,1700.32,0.41849049,-1
71411.986199,1700.31,0.06265914,1
71412.21556,1700.68,0.01071811,-1
71412.21556,1700.6,0.001,-1
71412.159924,1700.39,0.03615242,-1
71412.159773,1700.39,0.846,-1
71412.157925,1700.34,0.05876866,-1
71412.157925,1700.34,1,-1
71412.157925,1700.32,0.00000051,-1
71412.157715,1700.32,0.581509,-1
71412.336153,1700.7,0.02757213,-1
71412.336153,1700.7,0.001,-1
71414.410718,1700.66,0.01764971,-1
71415.252695,1700.68,1,-1
71415.252695,1700.66,0.01764,-1
71415.252695,1700.66,0.88201051,-1
71415.252695,1700.66,0.98235029,-1
71415.35442,1700.79,0.00204668,1
71415.936605,1700.82,0.88193006,-1
71415.936605,1700.8,0.001,-1
71415.976535,1700.94,1,-1
71415.976535,1700.92,1,-1
71415.976535,1700.9,0.001,-1
71417.409306,1700.75,0.00582127,-1
71418.230036,1700.74,0.00000587,1
71418.219486,1700.74,0.00065265,1
71418.191704,1700.75,0.01979232,-1
71418.94682,1700.66,0.11649046,-1
71419.763214,1700.66,0.02788322,-1
71419.875128,1700.66,0.00582243,-1
71420.056193,1700.66,0.84830486,-1
71420.167512,1700.89,0.978595,-1
71420.156383,1700.89,0.88189124,-1
71420.156383,1700.89,1.17584026,-1
71420.286147,1700.84,0.00159042,1
71420.286147,1700.88,0.00000093,1
71420.272115,1700.88,1.175756,1
71420.248611,1700.89,1.17575693,1
71420.248611,1700.89,0.35856211,1
71420.510319,1700.6,0.16537967,1
71420.510319,1700.6,0.001,1
71420.478677,1700.61,0.3217203,1
71420.615497,1700.39,0.00654893,-1
71420.58681,1700.39,0.14479805,1
71420.58681,1700.4,0.001,1
71420.58681,1700.5,0.001,1
71421.409214,1700.31,0.54742525,-1
71421.409214,1700.31,0.17040729,-1
71421.409214,1700.31,0.00000046,-1
71421.379447,1700.31,0.17040683,-1
71421.379447,1700.31,0.05876866,-1
71421.379447,1700.31,1.04866444,-1
71421.379447,1700.31,0.88219207,-1
71421.734145,1700.4,0.00767223,1
71422.56739,1700.41,0.00101867,-1
71423.880107,1700.47,0.0142854,-1
71423.962023,1700.45,0.01455317,-1
71424.21885,1700.35,0.00000588,1
71424.204119,1700.35,0.1531861,1
71424.329539,1700.37,0.00278824,-1
71424.523407,1700.32,0.00299076,1
71424.522784,1700.32,0.00669173,1
71424.522784,1700.36,0.00076597,1
71425.029557,1700.35,0.88217131,-1
71427.525345,1700.39,0.02856928,-1
71427.732888,1700.39,0.05876866,-1
71427.732888,1700.39,0.27058313,-1
71427.731723,1700.39,0.583,-1
71427.83294,1700.47,0.58374001,-1
71427.832694,1700.47,0.362,-1
71427.881975,1700.59,0.002947,1
71427.84429,1700.52,0.16823769,-1
71428.25386,1700.6,0.76655277,-1
71428.25386,1700.6,0.001,-1
71428.678628,1700.66,0.234166,1
71428.797181,1700.6,0.133936,1
71428.737685,1700.61,0.117104,1
71429.089284,1700.54,0.26042465,1
71429.089284,1700.54,0.05855235,1
71429.407858,1700.51,0.59363132,1
71429.407858,1700.51,0.58048002,1
71429.407858,1700.51,0.05876866,1
71429.359016,1700.52,0.0146379,1
71429.359016,1700.52,0.58174001,1
71429.359016,1700.52,0.01463809,1
71429.677664,1700.52,0.88208312,-1
71429.811165,1700.65,0.014638,1
71430.508101,1700.57,0.88205719,-1
71430.897883,1700.69,1.175975,1
71431.039487,1700.69,1.29731919,-1
71431.039487,1700.69,0.59268081,-1
71432.170542,1700.7,0.479,-1
71432.166973,1700.7,0.03656,-1
71432.166973,1700.7,0.001,-1
71432.166954,1700.69,0.21632041,-1
71432.165874,1700.69,0.08002,-1
71434.193726,1700.99,0.88184091,-1
71434.193726,1700.9,0.001,-1
71434.193726,1700.8,0.001,-1
71435.408812,1701.07,0.39607361,-1
71435.408812,1701,0.001,-1
71437.132369,1701.1,0.05721235,-1
71437.132369,1701.1,0.001,-1
71437.417699,1701.08,1,1
71438.027298,1701.04,0.1617372,-1
71438.137039,1701.02,1,1
71438.198105,1700.98,0.10401334,1
71438.198105,1700.98,0.05876866,1
71438.238044,1700.98,0.10400934,1
71438.238044,1700.98,0.89598666,1
71438.888507,1701,0.13984719,-1
71438.888507,1701,0.139,-1
71439.193673,1701.03,0.04183066,-1
71440.510219,1701.09,0.05819764,-1
71440.731163,1701.06,1,1
71440.73046,1701.08,0.00096919,1
71440.73046,1701.08,0.29492883,1
71440.73046,1701.08,1,1
71440.934697,1700.9,0.139,-1
71440.934697,1700.88,0.88189643,-1
71441.259669,1700.96,0.00582,-1
71441.083402,1700.95,0.001746,-1
71441.419619,1700.85,0.98342779,1
71441.41514,1700.85,4.01657221,1
71441.41514,1700.89,1.17571088,1
71441.414918,1700.9,0.90698719,1
71441.414789,1700.9,0.09301281,1
71441.414789,1700.92,0.07931719,1
71441.409024,1700.92,0.10327,1
71441.408724,1700.92,0.81741281,1
71441.408724,1700.92,0.22682285,1
71441.408724,1700.92,0.47274512,1
71441.457952,1700.8,1.17571,1
71441.457952,1700.8,0.001,1
71442.285585,1700.71,0.030668,-1
71443.176523,1700.71,0.01428195,-1
71444.229132,1700.7,0.00000587,1
71444.218902,1700.7,0.12685911,1
71444.218902,1700.7,0.001,1
71444.570181,1700.71,0.02787848,-1
71444.843383,1700.71,0.29099336,-1
71444.984736,1700.91,0.91968178,-1
71444.984736,1700.9,0.139,-1
71444.984736,1700.87,0.17181128,-1
71444.984736,1700.86,0.05876866,-1
71444.984736,1700.8,0.139,-1
71446.21149,1700.98,0.33823052,-1
71447.195771,1700.98,0.10804,-1
71447.15648,1700.98,0.05636134,-1
71447.15648,1700.97,0.05876866,-1
71447.252857,1701,0.88183421,-1
71447.252857,1701,0.001,-1
71448.541071,1701.04,1,1
71448.541071,1701.06,0.41377716,1
71448.540463,1701.06,0.58622284,1
71451.955415,1700.8,0.158742,1
71451.955415,1700.8,0.001,1
71453.28748,1700.71,0.33753673,-1
71453.285548,1700.71,0.54444785,-1
71453.42776,1700.99,0.30124557,-1
71453.42776,1700.98,0.36275443,-1
71455.80369,1701.01,0.11053208,-1
71455.80369,1701,0.001,-1
71455.867095,1701.1,0.001,-1
71455.867095,1701.07,0.05876866,-1
71455.867095,1701.07,5.27727069,-1
71457.127543,1701.14,1,1
71457.068108,1701.18,1,1
71458.055997,1701.17,0.03808479,-1
71458.055997,1701.16,0.05876866,-1
71458.055997,1701.15,0.18137722,-1
71458.39668,1701.17,0.02438207,-1
71460.229123,1701.17,0.00110602,1
71460.229123,1701.18,1,1
71460.229123,1701.19,0.00108964,1
71460.229123,1701.19,0.22852061,1
71460.229123,1701.19,1.46955954,1
71460.229123,1701.19,1.10457253,1
71460.229123,1701.19,0.05876866,1
71460.229123,1701.19,1.17554907,1
71460.229123,1701.19,1.451,1
71460.229123,1701.19,1.575,1
71460.229123,1701.19,1.19496,1
71460.501078,1701.36,0.0503751,-1
71460.501078,1701.3,0.001,-1
71460.501078,1701.2,0.001,-1
71461.918325,1701.5,0.001,-1
71461.904004,1701.47,0.0107228,-1
71461.903606,1701.41,0.27940138,-1
71461.903408,1701.41,0.60222284,-1
71461.903408,1701.4,0.001,-1
71461.998659,1701.59,0.09068861,-1
71462.035964,1701.6,0.001,-1
71462.035964,1701.59,0.59989553,-1
71462.035665,1701.59,0.45225847,-1
71462.404863,1701.81,0.02135021,-1
71462.404863,1701.8,0.001,-1
71462.404863,1701.7,0.001,-1
71462.483261,1702.15,1.07921849,-1
71462.482778,1702.15,2.70899095,-1
71462.47284,1702.15,0.26527984,-1
71462.47284,1702.1,0.001,-1
71462.468371,1702.03,0.5,-1
71462.468371,1702,0.001,-1
71462.468371,1701.9,0.001,-1
71463.327774,1702.41,0.05959635,-1
71463.327774,1702.4,0.19999846,-1
71463.327774,1702.4,0.001,-1
71463.327774,1702.32,0.01135719,-1
71463.327774,1702.3,0.001,-1
71463.327774,1702.2,0.001,-1
71463.34694,1702.41,0.08155968,-1
71463.680311,1702.4,0.058768,1
71463.680311,1702.4,1.451,1
71464.863096,1702.27,0.14695768,1
71464.862582,1702.36,0.14695768,1
71464.862582,1702.38,0.45358753,1
71464.861886,1702.38,0.54641247,1
71464.861886,1702.4,1,1
71465.06016,1702.21,0.0453443,-1
71465.349359,1702.21,1.42732785,-1
71465.349359,1702.21,0.02267215,-1
71465.697053,1702.2,1,1
71465.697053,1702.2,0.001,1
71466.15256,1702.13,0.88,-1
71469.967096,1702.38,0.276297,1
71469.967096,1702.38,1,1
71470.129756,1702.33,0.177133,1
71470.248135,1702.28,0.00001,1
71470.940734,1702.22,0.88120219,-1
71472.614297,1702.28,0.26011795,1
71472.614297,1702.28,0.00075643,1
71472.649097,1702.21,0.045917,1
71472.954544,1702.22,0.17370044,-1
71472.954544,1702.22,0.88120219,-1
71474.518799,1702.3,0.00074076,-1
71476.442951,1702.39,0.00191515,1
71477.312335,1702.42,0.21341628,-1
71477.312335,1702.41,0.05876866,-1
71477.312335,1702.41,0.05884224,-1
71477.312335,1702.4,0.146,-1
71477.312335,1702.4,0.60983503,-1
71477.312335,1702.4,0.001,-1
71478.39696,1702.5,1.17890334,-1
71478.39696,1702.5,0.001,-1
71478.39696,1702.46,0.88107796,-1
71479.094233,1702.67,1.05420558,-1
71479.094233,1702.6,0.001,-1
71479.094233,1702.56,0.88102621,-1
71479.094233,1702.56,0.01229365,-1
71480.299694,1702.68,1.45723054,-1
71480.299694,1702.62,0.88099998,-1
71480.943844,1702.64,0.000001,1
71481.107055,1702.65,0.88097964,-1
71481.283731,1702.67,0.11762319,1
71482.269626,1702.67,0.05876866,1
71482.269626,1702.68,0.999999,1
71482.38559,1702.53,0.917,1
71482.385415,1702.53,0.112,1
71482.37915,1702.46,0.21404459,1
71482.36848,1702.64,1,1
71482.344283,1702.65,0.48723052,-1
71482.344283,1702.65,0.4,-1
71482.344283,1702.65,1.451,-1
71482.711229,1702.41,0.00000017,-1
71483.750444,1702.4,0.01373214,1
71483.750444,1702.4,0.001,1
71484.168032,1702.41,0.18002502,-1
71484.168032,1702.41,0.88110367,-1
71484.978702,1702.33,0.00748614,1
71486.506202,1702.2,0.05,1
71486.506202,1702.2,0.001,1
71486.50361,1702.28,5.95491952,1
71486.503017,1702.28,1.51371935,1
71486.502734,1702.28,1.32450549,1
71486.501804,1702.28,0.01385247,1
71486.501804,1702.3,0.001,1
71486.501804,1702.31,0.0008777,1
71486.501804,1702.31,0.25893427,1
71486.616002,1702,0.0017452,1
71486.616002,1702,0.001,1
71486.616002,1702.1,0.001,1
71487.066401,1701.91,0.08384691,-1
71487.066401,1701.91,0.03435074,-1
71487.066401,1701.91,0.03435075,-1
71487.155809,1701.9,0.00000001,1
71487.151325,1701.9,0.19971616,1
71487.151325,1701.9,0.001,1
71487.445612,1701.8,0.231628,1
71487.445612,1701.8,0.001,1
71487.708995,1701.62,0.40304475,-1
71487.702212,1701.7,0.00000001,1
71487.701884,1701.7,0.29527126,1
71487.701884,1701.7,0.001,1
71487.788725,1701.6,0.262103,1
71487.788725,1701.6,0.001,1
71488.083732,1701.5,0.311292,1
71488.083732,1701.5,0.001,1
71489.012313,1701.44,0.00276213,-1
71489.3036,1701.52,0.17801961,-1
71489.3036,1701.51,0.82310941,-1
71489.3036,1701.49,0.14684374,-1
71489.3036,1701.48,0.05876866,-1
71489.3036,1701.44,0.87884403,-1
71489.890656,1701.64,0.01163125,-1
71491.127332,1701.91,0.14895798,-1
71491.127332,1701.91,1.575,-1
71491.127332,1701.9,1.25866832,-1
71491.127332,1701.9,0.001,-1
71491.127332,1701.9,1.179075,-1
71491.127332,1701.9,0.146,-1
71491.127332,1701.8,0.146,-1
71491.127332,1701.8,0.001,-1
71491.127332,1701.76,0.16099109,-1
71491.127332,1701.75,0.05876866,-1
71491.127332,1701.7,0.001,-1
71492.740113,1701.97,0.018,-1
71492.739876,1701.97,0.018,-1
71493.314028,1702.02,0.14693263,-1
71493.314028,1702,0.001,-1
71493.314028,1701.97,0.84533163,-1
71493.697194,1702.1,0.001,-1
71493.653356,1702.06,0.88128503,-1
71494.984831,1702.2,0.001,-1
71494.984831,1702.18,0.01717538,-1
71494.975285,1702.18,1.153027,-1
71494.975285,1702.17,1.19496,-1
71494.971994,1702.16,1,1
71494.971994,1702.17,2.64767994,1
71494.971994,1702.17,1.894883,1
71494.971994,1702.18,1,1
71494.971994,1702.19,1.4686962,1
71494.971994,1702.19,0.05874784,1
71494.971994,1702.19,0.52392473,1
71494.971994,1702.19,0.05876866,1
71494.971994,1702.19,1.17481341,1
71494.971994,1702.19,1.575,1
71494.971994,1702.19,0.6300335,1
71494.9717,1702.19,0.2079265,1
71494.970993,1702.19,0.357,1
71495.808656,1702.13,0.57109363,-1
71496.881755,1702.14,0.00290884,-1
71497.200931,1702.14,0.00055859,-1
71497.293893,1702.16,1,-1
71497.293893,1702.14,0.0029,-1
71497.293893,1702.14,0.99653257,-1
71497.472561,1702.3,0.14693263,-1
71497.472561,1702.3,0.001,-1
71497.472561,1702.27,0.14693263,-1
71497.470708,1702.17,0.88122995,-1
71500.078646,1702.5,0.84525504,-1
71500.078646,1702.5,0.001,-1
71500.078646,1702.4,0.001,-1
71500.483214,1702.68,0.14564235,-1
71500.483214,1702.6,0.88100552,-1
71500.483214,1702.6,0.001,-1
71501.415313,1702.62,0.88099517,-1
71501.415313,1702.62,0.02576306,-1
71501.702468,1702.62,0.00290745,1
71501.702468,1702.62,0.58711846,1
71501.645195,1702.69,0.0058149,-1
71501.804371,1702.45,0.1468515,1
71501.802944,1702.47,1.1746298,1
71501.802944,1702.48,0.05876866,1
71501.80125,1702.54,0.25125063,1
71501.738261,1702.6,0.33547205,1
71501.738261,1702.6,0.00084795,1
71501.919382,1702.31,0.0058149,-1
71501.882529,1702.4,0.153,1
71501.882529,1702.4,0.001,1
71501.942912,1702.34,0.2904,-1
71501.942767,1702.34,0.03049121,-1
71501.942767,1702.34,1,-1
71501.942506,1702.32,1,-1
71501.942506,1702.31,0.8753407,-1
71502.129224,1702.44,1.05249653,1
71502.129224,1702.44,0.15249651,1
71502.129224,1702.44,0.07375174,1
71502.129224,1702.44,0.22125522,1
71502.121894,1702.52,4.21846803,-1
71502.121894,1702.5,0.153,-1
71502.121894,1702.48,0.30499302,-1
71502.067341,1702.41,0.00001199,1
71504.189892,1702.38,0.88111937,-1
71504.189892,1702.37,0.37624825,-1
71504.837888,1702.38,0.05665252,-1
71504.837888,1702.38,0.11888063,-1
71506.112828,1702.4,0.45102273,-1
71506.112828,1702.38,0.11889,-1
71506.112828,1702.38,0.88111,-1
71506.112828,1702.38,0.82446685,-1
71507.243683,1702.52,2.98988246,-1
71507.243683,1702.47,0.88107311,-1
71507.243683,1702.44,0.45102,-1
71507.243683,1702.44,0.54897727,-1
71507.243683,1702.42,1,-1
71508.34229,1702.67,0.85787051,-1
71508.34229,1702.6,0.001,-1
71508.34229,1702.56,0.88102621,-1
71508.655048,1702.98,0.27952,-1
71508.649322,1702.98,0.08945,-1
71508.648391,1703,0.048,-1
71508.648391,1703,0.001,-1
71508.648391,1703,30.62895478,-1
71508.648391,1703,0.00001,-1
71508.643294,1702.99,0.23118,-1
71508.642682,1702.96,7.38005202,-1
71508.632015,1702.99,1.69860705,-1
71508.631312,1702.97,1,-1
71508.631312,1702.96,1.157,-1
71508.631312,1702.96,3.23488006,-1
71508.63099,1702.96,4.14517196,-1
71508.63099,1702.9,0.001,-1
71508.63099,1702.89,0.00593352,-1
71508.63099,1702.87,7.38005202,-1
71508.63099,1702.83,0.25017712,-1
71508.63099,1702.8,0.001,-1
71508.629851,1702.73,7.38005202,-1
71508.629851,1702.7,0.001,-1
71508.779834,1703.02,1.17452291,1
71509.363579,1703.07,0.00004572,1
71509.729313,1703.06,0.06001541,1
71510.160796,1703.07,0.001,-1
71510.160796,1703.07,1,-1
71510.160796,1703.07,1.575,-1
71510.160796,1703.07,0.88076238,-1
71510.410054,1703.22,0.1731571,-1
71510.410054,1703.21,1.17452291,-1
71510.410054,1703.2,0.001,-1
71510.409851,1703.19,1.88405016,-1
71510.409851,1703.19,0.07680076,-1
71510.409851,1703.14,0.15922875,-1
71510.409305,1703.1,0.001,-1
71510.408552,1703.07,1.575,-1
71510.466774,1703.35,1.575,-1
71510.463191,1703.35,7.06296974,-1
71510.463191,1703.3,0.001,-1
71510.463191,1703.22,0.8268429,-1
71510.463093,1703.16,1.575,-1
71510.461221,1703.15,0.663,-1
71510.723611,1703.49,0.74914927,1
71510.723611,1703.49,1.451,1
71510.700437,1703.47,2.62428933,-1
71510.700392,1703.47,4.91762414,-1
71510.700389,1703.47,2.45808653,-1
71510.675067,1703.39,0.0017612,-1
71510.675067,1703.39,0.0026418,-1
71510.675067,1703.39,0.00088061,-1
71510.675067,1703.39,0.04703674,-1
71510.675067,1703.39,0.13054304,-1
71510.659915,1703.39,0.0008806,-1
71510.659661,1703.39,0.0008806,-1
71510.659568,1703.39,0.0008806,-1
71510.659362,1703.39,0.0008806,-1
71510.659215,1703.39,0.0008806,-1
71510.659014,1703.39,0.0008806,-1
71510.658961,1703.39,0.0008806,-1
71510.658764,1703.39,0.0008806,-1
71510.658542,1703.39,0.0008806,-1
71510.658422,1703.39,0.0008806,-1
71510.658264,1703.39,0.0008806,-1
71510.658155,1703.39,0.0008806,-1
71511.800289,1703.63,0.01253813,-1
71511.800289,1703.6,0.001,-1
71511.800289,1703.5,0.001,-1
71511.886976,1703.57,0.14680666,1
71511.885779,1703.58,1,1
71511.885779,1703.6,1.17370191,1
71512.185155,1703.65,0.25852552,-1
71512.185155,1703.58,0.88050384,-1
71512.185155,1703.51,0.09143169,-1
71512.154359,1703.5,0.000019,1
71513.574268,1703.53,0.0066877,-1
71513.748504,1703.52,1,1
71514.151828,1703.65,0.0375773,-1
71514.151828,1703.63,1.17386414,-1
71514.151828,1703.6,0.177,-1
71514.151828,1703.5,0.76764961,-1
71514.151828,1703.49,0.33537,-1
71514.151828,1703.49,0.685,-1
71515.000845,1703.5,1,1
71515.491291,1703.4,0.02006,1
71515.491193,1703.4,0.01609,1
71515.490937,1703.4,0.06517,1
71515.489916,1703.4,0.565,1
71515.487462,1703.41,0.37667,1
71515.487193,1703.41,0.11717,1
71515.485271,1703.41,0.06224,1
71515.485041,1703.41,0.08429474,1
71515.484747,1703.41,0.08918779,1
71515.484727,1703.41,0.39229474,1
71515.484531,1703.41,0.12018779,1
71515.483757,1703.41,0.00173168,1
71515.483757,1703.42,0.25456832,1
71515.48282,1703.42,0.91929582,1
71515.48282,1703.46,0.25489197,1
71515.482173,1703.46,0.74509903,1
71515.482173,1703.47,0.597,1
71515.482173,1703.48,0.2550882,1
71515.482173,1703.48,0.00000056,1
71515.457116,1703.48,0.99999944,1
71515.457116,1703.48,0.00081334,1
71515.457116,1703.48,0.2550882,1
71515.457116,1703.48,7.38005202,1
71515.585877,1703.33,4.16916119,1
71515.58558,1703.33,3.21089083,1
71515.582975,1703.24,6.32670978,1
71515.582975,1703.25,2.71474669,1
71515.582975,1703.25,4.60662017,1
71515.582975,1703.3,0.001,1
71515.582257,1703.32,7.38005202,1
71515.582257,1703.33,0.14680666,1
71515.582257,1703.33,9.04637206,1
71515.582257,1703.37,0.58409979,1
71515.582043,1703.39,7.38005202,1
71515.582043,1703.4,0.05876866,1
71515.582043,1703.4,1.17386414,1
71515.582043,1703.4,1.61413406,1
71515.568334,1703.4,2.304537,1
71515.629112,1703.33,0.186,1
71515.625384,1703.34,0.65438632,-1
71515.624251,1703.34,0.81876768,-1
71515.624251,1703.34,0.82897374,-1
71515.624115,1703.34,0.77270526,-1
71515.828599,1703.54,0.4565569,1
71515.828599,1703.56,1,1
71515.828599,1703.57,0.55428414,1
71516.260305,1703.65,1.95753956,-1
71516.260305,1703.64,0.05876866,-1
71516.260305,1703.6,0.001,-1
71516.260305,1703.55,0.726,-1
71516.260305,1703.55,0.16142896,-1
71516.260305,1703.55,0.16142896,-1
71516.721502,1703.56,0.00169698,1
71517.410094,1703.64,0.01338723,1
71517.410094,1703.64,0.45655,1
71518.097807,1703.49,0.15046105,-1
71518.097807,1703.49,1.575,-1
71518.097807,1703.49,1.451,-1
71518.066549,1703.62,1,1
71518.479575,1703.47,0.16142896,-1
71518.479575,1703.46,0.19110595,-1
71518.479278,1703.46,0.68945479,-1
71518.479244,1703.44,0.11295948,-1
71518.479207,1703.44,0.22241052,-1
71518.705572,1703.65,7.74635762,-1
71518.705572,1703.64,0.08071448,-1
71518.830189,1703.89,0.15812607,-1
71518.82995,1703.87,7.38005202,-1
71518.82952,1703.85,5.34616606,-1
71518.82952,1703.8,0.001,-1
71518.817311,1703.79,6.30743663,-1
71518.814059,1703.79,0.76778633,-1
71518.813089,1703.72,1,-1
71518.813089,1703.7,0.001,-1
71518.833911,1703.97,1,-1
71518.832649,1703.96,0.597,-1
71518.832649,1703.9,0.001,-1
71518.832649,1703.89,0.03949176,-1
71518.830721,1703.89,0.1732634,-1
71518.830623,1703.89,0.15401192,-1
71518.980288,1703.89,0.018,-1
71518.979891,1703.89,0.018,-1
71518.965157,1703.88,0.03731,1
71519.097821,1703.73,2.674,1
71519.09772,1703.8,0.30815839,1
71519.097656,1703.8,0.69184161,1
71519.097656,1703.8,0.02756236,1
71519.095907,1703.8,2.39270046,1
71519.095035,1703.8,0.734,1
71519.094908,1703.8,0.143,1
71519.091701,1703.8,4.0827892,1
71519.033168,1703.88,0.24132549,1
71519.032157,1703.88,0.04325,1
71519.031667,1703.88,0.03136,1
71519.028749,1703.88,0.65693849,1
71519.028487,1703.88,1.79882104,1
71519.027824,1703.88,1.79887326,1
71519.000968,1703.88,2.77217374,1
71520.780138,1703.71,0.00556748,-1
71521.274441,1703.7,1,1
71521.384244,1703.4,0.05,1
71521.384244,1703.4,0.001,1
71521.384244,1703.45,0.35981422,1
71521.367017,1703.45,7.0202378,1
71521.367017,1703.5,0.001,1
71521.367017,1703.52,0.83750929,1
71521.366103,1703.52,6.54254273,1
71521.366103,1703.53,1.46754092,1
71521.366103,1703.66,0.2663404,1
71521.366103,1703.66,1,1
71521.70074,1703.35,0.00483463,1
71521.99869,1703.32,1,1
71521.99869,1703.34,0.28701504,1
71521.99869,1703.34,1,1
71522.069377,1703.31,0.30751579,-1
71522.069377,1703.31,0.33537,-1
71522.069377,1703.31,1.31446,-1
71524.069789,1703.33,3.01641259,-1
71524.069789,1703.31,0.88063828,-1
71524.292132,1703.32,0.02046686,1
71524.585549,1703.42,2.28734663,-1
71524.585549,1703.41,0.05876866,-1
71524.585452,1703.33,1.66797017,-1
71524.585449,1703.33,1.347,-1
71524.585446,1703.33,0.61783463,-1
71524.585033,1703.33,0.73083463,-1
71524.832113,1703.6,0.01968322,-1
71524.832113,1703.6,0.001,-1
71524.830648,1703.57,7.38005202,-1
71524.830648,1703.56,0.19998899,-1
71524.828669,1703.5,7.38005202,-1
71524.820131,1703.43,1.86284161,-1
71524.819944,1703.43,3.843,-1
71524.81662,1703.43,0.71652722,-1
71525.408171,1703.69,0.08466527,1
71525.634323,1703.77,0.02683625,-1
71525.634323,1703.7,0.001,-1
71526.148863,1703.86,0.00634579,-1
71526.148863,1703.8,0.001,-1
71526.57011,1704.16,4.78695031,-1
71526.57011,1704.15,1.07940469,-1
71526.57011,1704.14,0.633645,-1
71526.570028,1704.14,0.5,-1
71526.558682,1704.15,6.30064733,-1
71526.558682,1704.14,0.00088182,-1
71526.555744,1704.12,0.53229548,-1
71526.555744,1704.1,10,-1
71526.555744,1704.1,1.575,-1
71526.555744,1704.1,0.001,-1
71526.555744,1704.08,0.0008912,-1
71526.555744,1704.08,3.77072181,-1
71526.555744,1704.08,6.69112105,-1
71526.555744,1704.08,0.01438806,-1
71526.555744,1704.07,2.74301391,-1
71526.555544,1704.07,4.63703811,-1
71526.555544,1704.06,0.00587516,-1
71526.555544,1704,4.43454706,-1
71526.555544,1704,0.00001,-1
71526.555544,1704,0.001,-1
71526.555544,1703.99,0.05876866,-1
71526.555544,1703.99,1.17369636,-1
71526.555544,1703.98,0.14674548,-1
71526.555544,1703.95,0.14674548,-1
71526.555544,1703.9,0.001,-1
71526.714088,1704.14,0.02834643,-1
71526.659951,1704.16,3.21670047,-1
71526.659951,1704.16,2.36869453,-1
71526.659951,1704.14,0.821,-1
71526.902779,1704.15,0.00002,1
71527.060543,1704.16,0.018,-1
71527.059731,1704.16,0.018,-1
71527.377265,1704.16,0.95232855,-1
71527.616036,1704.26,0.13976928,-1
71527.613964,1704.26,0.28420175,-1
71527.612061,1704.27,2.81966035,-1
71527.612061,1704.27,2.24064115,-1
71527.612061,1704.22,0.7788065,-1
71527.609179,1704.22,0.13285717,-1
71527.608737,1704.22,0.05536644,-1
71527.605442,1704.22,0.03296989,-1
71527.605442,1704.2,0.001,-1
71527.605442,1704.18,0.00000162,-1
71527.605442,1704.16,1.01273891,-1
71528.088005,1704.3,3.50634579,-1
71528.088005,1704.3,0.001,-1
71529.815581,1704.22,0.03873288,1
71529.815581,1704.26,1,1
71529.81426,1704.28,1,1
71529.922127,1704.21,7.38005202,1
71529.922127,1704.22,0.02003578,1
71530.133062,1704.15,1.10647667,-1
71530.133062,1704.15,0.8802042,-1
71530.133062,1704.15,1.575,-1
71530.133062,1704.15,0.33537,-1
71530.236664,1704.24,0.53354461,-1
71530.236664,1704.15,0.33537,-1
71530.336061,1704.25,0.87291461,-1
71530.320323,1704.25,0.23694196,-1
71530.320323,1704.25,0.63597265,-1
71530.294496,1704.25,0.53754461,-1
71530.294496,1704.25,0.33537,-1
71530.281447,1704.3,0.85273599,-1
71530.281447,1704.29,0.02017862,-1
71530.269784,1704.24,0.53654461,-1
71530.269784,1704.24,0.33537,-1
71530.258584,1704.24,0.87091461,-1
71530.246632,1704.24,0.49518737,-1
71530.246632,1704.23,0.04035724,-1
71530.246632,1704.15,0.33537,-1
71530.418934,1704.3,0.87191461,-1
71530.393677,1704.3,0.87191461,-1
71530.389893,1704.28,0.01214797,1
71530.379965,1704.29,0.16882922,-1
71530.379965,1704.29,0.70308539,-1
71530.374188,1704.29,0.87191461,-1
71530.355313,1704.25,0.07183243,-1
71530.520127,1704.3,0.46248405,-1
71530.520127,1704.3,0.40943056,-1
71530.506301,1704.3,0.87191461,-1
71530.471442,1704.3,0.87191461,-1
71530.459714,1704.3,0.87191461,-1
71530.438427,1704.3,0.87191461,-1
71531.050055,1704.29,0.34998587,1
71531.050055,1704.3,0.58991068,1
71531.17484,1704.26,1,1
71531.17484,1704.28,1,1
71532.329474,1704.26,0.68453627,-1
71532.329474,1704.26,0.19037834,-1
71532.328685,1704.26,0.57341514,-1
71532.292161,1704.25,0.00000586,1
71532.281921,1704.25,0.02527211,1
71532.392397,1704.3,0.53854461,-1
71532.392397,1704.3,0.33537,-1
71532.381693,1704.3,0.53854461,-1
71532.381693,1704.29,0.33537,-1
71532.355699,1704.3,0.87391461,-1
71532.34626,1704.3,0.53954461,-1
71532.34626,1704.27,0.33537,-1
71532.435802,1704.3,0.05876866,-1
71532.435802,1704.3,0.6349754,-1
71533.3237,1704.3,7.38005202,1
71533.285775,1704.32,1,1
71533.285775,1704.33,0.29495534,1
71534.206608,1704.14,2.7918588,1
71534.205768,1704.14,3.91237834,1
71534.172126,1704.21,7.38005202,1
71534.165254,1704.24,0.78916916,1
71534.164801,1704.24,1.06816916,1
71534.163014,1704.26,0.78883084,1
71534.16271,1704.26,0.21116916,1
71534.162231,1704.28,0.35413656,1
71534.16211,1704.28,0.21116916,1
71534.161929,1704.28,0.43469428,1
71534.237074,1704.01,0.00000586,1
71534.22741,1704.01,0.00309029,1
71534.22741,1704.1,0.001,1
71534.892006,1704.02,0.82414595,-1
71534.892006,1704.02,0.05876866,-1
71535.234147,1704.08,0.33537,-1
71535.186355,1704.03,0.82679437,-1
71535.186355,1704.03,0.05612024,-1
71535.159554,1704.03,0.00264842,-1
71535.159554,1704.03,0.88026619,-1
71535.017295,1704.03,0.00570441,-1
71536.341855,1704.09,0.23784024,-1
71536.341855,1704.09,0.33537,-1
71538.388518,1704.13,1.17352001,-1
71538.388518,1704.09,1.183,-1
71538.388518,1704.09,0.88023519,-1
71538.388518,1704.09,0.05876866,-1
71539.178828,1704.13,0.09522606,1
71539.463443,1704.14,0.00580955,-1
71539.562888,1704.14,0.89391461,-1
71539.552995,1704.14,0.88791461,-1
71540.159629,1704.31,0.89091461,-1
71540.159629,1704.3,0.001,-1
71540.141813,1704.27,0.89191461,-1
71540.119241,1704.26,0.55654461,-1
71540.119241,1704.26,0.33537,-1
71540.076203,1704.25,0.89291461,-1
71540.02338,1704.24,0.05876866,-1
71540.02338,1704.24,0.88015772,-1
71540.758361,1704.28,0.05492881,1
71541.858997,1704.28,0.11735126,1
71541.960738,1704.28,0.01988395,1
71542.099269,1704.29,0.01778271,-1
71542.099269,1704.29,0.8801319,-1
71542.190254,1704.38,1.14811879,-1
71542.190254,1704.37,0.05876866,-1
71542.190254,1704.35,0.01651167,-1
71542.190254,1704.34,1.17365175,-1
71544.234493,1704.32,0.00000586,1
71544.224458,1704.32,0.00189293,1
71544.224458,1704.32,0.13723,1
71544.246854,1704.33,0.02480337,-1
71544.246854,1704.33,0.88011124,-1
71544.3401,1704.45,0.66115742,-1
71544.3401,1704.44,1.17356399,-1
71544.3401,1704.43,0.17162438,-1
71544.3401,1704.4,0.001,-1
71544.898296,1704.44,0.90191461,-1
71545.693972,1704.48,1,1
71546.140625,1704.45,0.04748397,-1
71546.140625,1704.45,0.916,-1
71546.521538,1704.44,0.00003,1
71547.63227,1704.42,1,1
71547.631891,1704.44,0.34095632,1
71547.631891,1704.44,0.00187618,1
71547.631891,1704.44,0.99997,1
71547.664276,1704.3,0.08537349,1
71547.663074,1704.3,0.13560598,1
71547.655403,1704.3,0.50551567,1
71547.654175,1704.3,0.31505357,1
71547.652855,1704.3,1.05651823,1
71548.297722,1704.27,0.72544577,-1
71548.297722,1704.27,0.17899593,-1
71548.297722,1704.27,0.05876866,-1
71548.358553,1704.26,0.00857345,1
71548.717018,1704.34,0.85714595,-1
71548.717018,1704.34,0.05876866,-1
71548.707775,1704.27,0.03477238,-1
71548.707775,1704.27,0.88014223,-1
71548.745117,1704.35,0.91491461,-1
71549.939668,1704.48,0.285687,1
71549.939668,1704.48,1,1
71550.936584,1704.47,0.05616712,-1
71550.936584,1704.47,0.05876866,-1
71551.164353,1704.51,0.14669037,-1
71551.164353,1704.5,0.001,-1
71551.164353,1704.48,0.88003379,-1
71551.164353,1704.47,0.05876866,-1
71551.164353,1704.47,1.17339693,-1
71551.164353,1704.47,1.0423294,-1
71551.594927,1704.51,0.0000018,-1
71553.080669,1704.5,0.11751123,1
71554.979433,1704.59,0.92491461,-1
71554.967574,1704.52,0.88001314,-1
71556.189381,1704.54,1,1
71556.125035,1704.58,0.12309102,1
71556.12196,1704.58,0.14213802,1
71556.118834,1704.58,0.61725973,1
71556.118834,1704.58,0.11751,1
71556.713821,1704.45,0.04886533,-1
71556.713821,1704.45,0.88004928,-1
71557.218701,1704.6,0.018,-1
71557.217956,1704.6,0.017,-1
71557.217956,1704.6,0.001,-1
71557.918016,1704.6,0.00221581,-1
71558.372101,1704.59,0.09717847,1
71558.372101,1704.59,0.12001416,1
71559.656399,1704.6,0.84275603,-1
71560.142424,1704.7,0.001,-1
71561.384044,1704.66,1,1
71561.355377,1704.69,0.87241277,-1
71561.355377,1704.68,0.5399929,-1
71561.347281,1704.7,1,1
71561.52897,1704.43,0.91885036,1
71561.524524,1704.43,0.538254,1
71561.524524,1704.44,1.46675741,1
71561.524524,1704.5,0.001,1
71561.504228,1704.51,0.43951445,1
71561.502865,1704.51,3.8971975,1
71561.49835,1704.51,3.04334007,1
71561.49835,1704.52,1.46668856,1
71561.49835,1704.52,0.57257662,1
71561.49835,1704.62,0.0008153,1
71562.234354,1704.42,0.00004,1
71564.243861,1704.51,1.40511303,-1
71564.243861,1704.5,0.05876866,-1
71564.243861,1704.44,0.88005444,-1
71564.243861,1704.43,0.17850564,-1
71566.295595,1704.51,3.89705087,-1
71566.294994,1704.51,0.92291461,-1
71566.282301,1704.51,0.04188598,-1
71566.282301,1704.49,0.88002863,-1
71568.426767,1704.5,0.32718503,1
71568.426767,1704.51,0.31161044,1
71568.449464,1704.29,0.26345147,1
71568.448297,1704.29,3.04707785,1
71568.448297,1704.3,0.001,1
71568.434351,1704.4,0.61737548,1
71568.434351,1704.4,0.001,1
71568.430486,1704.48,0.39560976,1
71568.430033,1704.48,0.60439024,1
71568.430033,1704.5,0.03536956,1
71568.429973,1704.5,0.63744541,1
71569.03309,1704.37,0.36845891,-1
71569.03309,1704.32,0.16320918,-1
71569.03309,1704.23,0.88016288,-1
71570.477087,1704.28,0.34464243,1
71570.477087,1704.28,0.00000057,1
71570.447706,1704.28,1.02250025,1
71570.447706,1704.28,0.34464275,1
71570.447706,1704.28,1,1
71571.523763,1704.18,0.76169999,1
71571.523763,1704.19,0.03668618,1
71571.523763,1704.2,3.31605837,1
71571.523763,1704.2,0.001,1
71571.523763,1704.27,0.61840235,1
71571.523755,1704.27,0.84850136,1
71571.523755,1704.28,0.3402551,1
71571.523755,1704.28,0.33000354,1
71571.550448,1704.08,4.03431402,1
71571.550448,1704.1,0.85452512,1
71571.550448,1704.1,0.934,1
71571.544889,1704.1,0.001,1
71571.543649,1704.13,0.07337236,1
71572.633954,1704.08,0.05807506,-1
71573.132831,1704.07,0.48105011,1
71573.132831,1704.07,0.639,1
71573.132831,1704.07,0.37943938,1
71573.132831,1704.07,1.08093426,1
71573.132831,1704.07,0.00075372,1
71573.132831,1704.07,0.16408153,1
71573.120154,1704.07,0.39683308,1
71573.582839,1703.94,6.41153138,1
71573.579456,1704,0.05,1
71573.579456,1704,0.001,1
71573.578467,1704.07,0.00000051,1
71573.560965,1704.07,0.37943887,1
71573.560965,1704.07,0.00000013,1
71574.333188,1703.72,0.79672816,1
71574.333188,1703.73,0.59965031,1
71574.333188,1703.74,0.05876866,1
71574.333188,1703.8,0.289,1
71574.333188,1703.8,0.001,1
71574.333188,1703.88,1.17368217,1
71574.333188,1703.9,0.56191461,1
71574.333188,1703.9,0.001,1
71574.333188,1703.91,0.56191461,1
71574.333188,1703.92,0.56191461,1
71574.333188,1703.93,0.56191461,1
71574.516599,1703.74,0.13636,-1
71575.028603,1703.87,0.18183975,-1
71575.028603,1703.87,0.88034885,-1
71575.028603,1703.87,7.38005202,-1
71575.07837,1704.01,3.45587122,-1
71575.049239,1703.94,2.22031067,-1
71575.049058,1703.94,0.52041239,-1
71575.046928,1703.94,4.63932896,-1
71575.041584,1703.91,1.184,-1
71575.041584,1703.9,0.02418272,-1
71577.884948,1703.9,0.17929392,-1
71577.884948,1703.9,1,-1
71577.884948,1703.9,0.88033335,-1
71578.342583,1704.04,0.79468152,-1
71578.342583,1703.96,1,-1
71578.342583,1703.94,1,-1
71578.342583,1703.94,0.17058211,-1
71578.342583,1703.94,0.88031268,-1
71578.633617,1703.73,1.91909778,1
71578.633617,1703.8,0.001,1
71578.633446,1703.81,0.21427317,1
71578.736479,1703.53,0.31770096,1
71578.736479,1703.53,0.00035221,1
71578.708133,1703.57,0.36020096,1
71578.708133,1703.57,0.908,1
71578.708133,1703.57,0.062,1
71578.708133,1703.57,0.14510048,1
71578.679938,1703.57,1.16479922,1
71578.679938,1703.57,0.907,1
71578.679938,1703.57,0.41528808,1
71578.678578,1703.57,0.3238124,1
71578.67548,1703.57,0.05734752,1
71578.673581,1703.57,0.39416949,1
71578.671737,1703.57,2.65220039,1
71578.670258,1703.57,0.96229966,1
71578.668398,1703.57,0.08366487,1
71578.658984,1703.6,0.001,1
71578.652032,1703.66,5.57254307,1
71578.651298,1703.66,1.80750895,1
71578.651298,1703.7,0.001,1
71578.642913,1703.73,1.63290645,1
71578.64232,1703.73,2.74308948,1
71578.640395,1703.73,1.08495831,1
71578.78132,1703.49,0.18959381,1
71578.777684,1703.5,0.01852926,-1
71578.771727,1703.5,1.31446,1
71578.771727,1703.5,0.00000001,1
71578.760153,1703.5,0.97199999,1
71578.760153,1703.5,0.001,1
71578.74794,1703.53,0.65329904,1
71578.908473,1703.49,0.00750231,1
71578.908473,1703.49,0.228,1
71578.908473,1703.49,0.626,1
71578.908473,1703.49,0.45677469,1
71578.896056,1703.49,0.00372771,1
71579.156463,1703.86,0.41679123,-1
71579.15341,1703.86,1.32253222,-1
71579.15341,1703.86,0.6,-1
71579.151275,1703.9,0.65854459,-1
71579.151275,1703.9,0.973,-1
71579.151275,1703.9,0.289,-1
71579.151275,1703.89,0.10573779,-1
71579.151275,1703.89,0.21890897,-1
71579.150307,1703.89,0.67058392,-1
71579.150307,1703.89,0.973,-1
71579.150307,1703.86,0.04637,-1
71579.150307,1703.82,0.6,-1
71579.150307,1703.8,0.289,-1
71579.150307,1703.8,0.33537,-1
71579.147485,1703.86,0.289,-1
71579.143035,1703.83,0.14669123,-1
71579.143035,1703.81,0.6,-1
71579.143035,1703.8,0.289,-1
71579.143035,1703.75,0.21147557,-1
71579.140867,1703.78,1.05813526,-1
71579.140867,1703.78,0.973,-1
71579.140867,1703.78,0.11350711,-1
71579.139261,1703.79,0.53917175,-1
71579.139261,1703.78,0.77650711,-1
71579.139261,1703.78,0.42295114,-1
71579.139261,1703.76,0.33537,-1
71579.136789,1703.76,0.05874784,-1
71579.133829,1703.65,0.05876866,-1
71579.129167,1703.58,0.88050143,-1
71579.129167,1703.52,0.46728515,-1
71579.126105,1703.52,0.53271485,-1
71579.126105,1703.5,0.46728515,-1
71579.123023,1703.5,0.53271485,-1
71579.048422,1703.5,0.0055649,-1
71579.242162,1704.14,0.35063165,1
71579.242162,1704.19,0.29119099,1
71579.242129,1704.19,0.72371857,-1
71579.242129,1704.18,0.09969297,-1
71579.239938,1704.12,0.02372252,1
71579.239938,1704.12,0.05235144,1
71579.239938,1704.12,0.57091461,1
71579.239938,1704.12,0.02601358,1
71579.239938,1704.12,0.01142358,1
71579.239938,1704.12,0.01528968,1
71579.239938,1704.12,0.08250842,1
71579.239938,1704.12,0.13471032,1
71579.239938,1704.12,0.02361398,1
71579.239302,1704.19,0.85128143,-1
71579.239302,1704.19,0.39088396,-1
71579.239302,1704.18,0.08682209,-1
71579.239117,1704.12,0.0202324,1
71579.239117,1704.13,1.40073175,1
71579.238727,1704.13,0.05026825,1
71579.236404,1704.19,0.67810248,-1
71579.236191,1704.12,0.04723801,1
71579.235396,1704.12,0.04744505,1
71579.234374,1704.12,0.10470288,1
71579.233277,1704.13,0.01142358,-1
71579.233277,1704.13,0.01142357,-1
71579.229817,1704.15,0.10405432,-1
71579.229817,1704.14,0.03057936,-1
71579.226822,1704.14,0.03556195,-1
71579.226822,1704.14,0.09907173,-1
71579.226822,1704.14,0.07417392,-1
71579.226822,1704.1,0.33537,-1
71579.224972,1704.14,0.2991602,1
71579.223672,1704.14,0.04445902,1
71579.223482,1704.15,0.33537,-1
71579.222728,1704.14,0.22929539,1
71579.222728,1704.14,0.07112389,1
71579.22172,1704.14,0.07417392,1
71579.220316,1704.14,0.33537,-1
71579.21663,1704.14,0.0592,1
71579.216475,1704.18,0.15165215,-1
71579.216475,1704.17,0.03543481,-1
71579.216475,1704.17,0.94339868,-1
71579.213892,1704.16,6.68656496,1
71579.212998,1704.17,0.02717805,-1
71579.212998,1704.17,0.29999999,-1
71579.212998,1704.17,1.575,-1
71579.212684,1704.16,0.29504353,1
71579.211726,1704.16,0.29504353,1
71579.211179,1704.16,0.1034,1
71579.209561,1704.09,0.22252177,1
71579.209348,1704.18,0.3542309,-1
71579.209348,1704.18,0.3033043,-1
71579.209348,1704.18,0.87957673,-1
71579.209348,1704.17,0.15165215,-1
71579.208016,1704.09,0.07252176,1
71579.208016,1704.09,0.00165216,1
71579.208016,1704.1,0.07417392,1
71579.208016,1704.13,0.14834785,1
71579.206247,1704.18,0.09142327,-1
71579.200182,1704.09,0.0033043,1
71579.200182,1704.09,0.59008707,1
71579.19996,1704.13,0.33537,-1
71579.19996,1704.12,1.575,-1
71579.19996,1704.12,0.18595986,-1
71579.197283,1704.12,0.33537,-1
71579.193782,1704.13,0.84963,-1
71579.193782,1704.09,0.33537,-1
71579.190331,1704.09,1.04381836,-1
71579.186868,1704.1,0.53724833,-1
71579.186868,1704.1,0.289,-1
71579.186868,1704.1,0.001,-1
71579.186868,1704.09,0.01321722,-1
71579.183271,1704.02,0.30321722,-1
71579.17846,1704.02,0.1553216,-1
71579.17846,1703.95,0.33537,-1
71579.175064,1703.98,0.5716405,-1
71579.173446,1704.03,0.096,-1
71579.173446,1703.98,0.02643445,-1
71579.169993,1704,0.98590483,-1
71579.169993,1704,0.972,-1
71579.169993,1703.99,0.972,-1
71579.169993,1703.96,0.49309517,-1
71579.169554,1703.96,0.096,-1
71579.166492,1704,0.001,-1
71579.166492,1704,0.289,-1
71579.166492,1703.92,0.58909517,-1
71579.166492,1703.92,0.33537,-1
71579.163585,1703.97,0.6680373,-1
71579.162279,1703.97,0.9365627,-1
71579.162279,1703.92,1.10369716,-1
71579.160392,1703.97,0.64212875,-1
71579.160392,1703.93,1.451,-1
71579.160392,1703.92,0.05734014,-1
71579.159012,1703.92,0.91465986,-1
71579.159012,1703.91,0.972,-1
71579.159012,1703.88,0.1536,-1
71579.159012,1703.85,0.1536,-1
71579.156463,1703.97,1.20327125,-1
71579.156463,1703.92,0.048,-1
71579.156463,1703.88,0.05286889,-1
71579.332217,1704.15,0.58169535,-1
71579.332217,1704.14,0.05224723,-1
71579.331276,1704.11,0.18928177,1
71579.329024,1704.15,0.56822264,-1
71579.329024,1704.14,0.01283204,-1
71579.328244,1704.1,0.06658832,1
71579.327394,1704.1,0.05700099,1
71579.325663,1704.16,0.49697266,-1
71579.325663,1704.16,0.5,-1
71579.325663,1704.08,0.02566409,-1
71579.325609,1704.06,0.06492922,1
71579.324053,1704.06,0.35227959,1
71579.32265,1704.15,0.05132816,-1
71579.32265,1704.08,0.02566409,-1
71579.316814,1704.09,0.02566409,-1
71579.312904,1704.1,0.02566408,-1
71579.312904,1704.1,0.04161015,-1
71579.312904,1704.09,0.02566409,-1
71579.30984,1704.1,1.53338985,-1
71579.306448,1704.11,1.28646701,-1
71579.306448,1704.1,0.10265635,-1
71579.303401,1704.1,0.289,1
71579.302817,1704.11,0.14426649,-1
71579.302817,1704.11,1.05644908,-1
71579.299636,1704.12,0.04038565,-1
71579.299636,1704.11,0.10265634,-1
71579.296361,1704.12,1.43195801,-1
71579.293323,1704.12,0.41062537,-1
71579.268183,1704.13,4.66032622,1
71579.268012,1704.13,2.7197258,1
71579.254066,1704.15,0.40975194,1
71579.253097,1704.15,6.94427103,1
71579.252335,1704.15,0.01561743,1
71579.250668,1704.15,0.01041162,1
71579.250123,1704.13,0.00520581,1
71579.246732,1704.11,0.01664742,1
71579.246732,1704.11,0.03747066,1
71579.246732,1704.18,0.45459599,1
71579.246017,1704.18,0.03329485,1
71579.245401,1704.18,0.00571179,-1
71579.245401,1704.18,0.17910497,-1
71579.245401,1704.17,0.10337373,-1
71579.245401,1704.17,1.183,-1
71579.245401,1704.17,0.38192783,-1
71579.244916,1704.17,0.43252758,-1
71579.243807,1704.08,7.38005202,1
71579.243807,1704.12,0.01514708,1
71579.243779,1704.14,0.03329485,1
71579.242162,1704.12,0.02361901,1
71579.242162,1704.14,0.05104377,1
71579.400574,1704.18,0.26859181,-1
71579.400574,1704.17,0.96042327,-1
71579.400574,1704.17,0.1544903,-1
71579.39716,1704.18,0.54202573,-1
71579.39417,1704.19,1.55703882,-1
71579.39417,1704.18,0.01796118,-1
71579.390388,1704.11,0.00238664,1
71579.390388,1704.11,0.00238664,1
71579.390388,1704.11,0.00238665,1
71579.390388,1704.11,0.00477328,1
71579.390388,1704.11,0.0526035,1
71579.390388,1704.11,0.39177384,1
71579.387679,1704.11,0.13652951,1
71579.387133,1704.2,1.1109173,-1
71579.387133,1704.18,0.00477328,-1
71579.387133,1704.16,0.00238664,-1
71579.387133,1704.16,0.00059666,-1
71579.387133,1704.16,0.00178998,-1
71579.387133,1704.16,0.00238665,-1
71579.36927,1704.16,0.00477328,-1
71579.36927,1704.16,1.09097678,-1
71579.364566,1704.18,1.57022672,-1
71579.364566,1704.17,0.00477328,-1
71579.361025,1704.21,1.56068015,-1
71579.361025,1704.18,0.9575894,-1
71579.361025,1704.17,0.00954657,-1
71579.361025,1704.17,0.00477328,-1
71579.359004,1704.18,0.11139704,-1
71579.354213,1704.21,0.048,-1
71579.354213,1704.2,0.001,-1
71579.354213,1704.15,0.13888056,-1
71579.354213,1704.11,0.01909313,-1
71579.354213,1704.11,0.01909314,-1
71579.351161,1704.11,0.14679078,-1
71579.348295,1704.15,0.04108978,-1
71579.348295,1704.15,0.09416363,-1
71579.348295,1704.12,0.00791022,-1
71579.345453,1704.12,0.01884302,-1
71579.345453,1704.12,0.1907241,-1
71579.342139,1704.15,0.11440349,-1
71579.342139,1704.14,0.05876866,-1
71579.342139,1704.13,0.00320801,-1
71579.342139,1704.13,0.04812245,-1
71579.342139,1704.13,0.07815995,-1
71579.342139,1704.13,0.04243094,-1
71579.342139,1704.13,0.06334707,-1
71579.342139,1704.12,0.09416363,-1
71579.340847,1704.07,0.05350648,1
71579.339178,1704.13,0.03129381,-1
71579.339178,1704.13,0.04562031,-1
71579.338085,1704.07,0.06131789,1
71579.335847,1704.15,0.21651489,-1
71579.335847,1704.14,0.09124062,-1
71579.335847,1704.14,0.06507927,-1
71579.335847,1704.13,0.1173265,-1
71579.335733,1704.11,0.00641602,1
71579.335733,1704.12,0.09624489,1
71579.333845,1704.11,0.02264833,1
71579.333845,1704.11,0.16663344,1
71579.519578,1704,0.289,1
71579.627683,1703.91,0.562914,1
71579.577532,1703.91,0.878,1
71579.757442,1703.81,0.412817,1
71579.757442,1703.81,0.186,1
71580.219364,1703.7,0.0023015,1
71580.219364,1703.8,0.289,1
71580.219364,1703.8,0.22587053,1
71580.219364,1703.8,0.001,1
71580.779989,1703.8,0.289,1
71580.779989,1703.8,0.47738289,1
71581.391392,1703.8,1.02485621,-1
71581.391392,1703.79,1.1740829,-1
71581.391392,1703.78,1,-1
71581.391392,1703.77,0.88040052,-1
71581.391392,1703.77,0.17598942,-1
71583.037062,1703.72,0.1779013,-1
71583.037062,1703.71,1.1740829,-1
71583.545872,1703.7,0.22622743,1
71584.514214,1703.97,0.55190726,-1
71584.508911,1703.88,0.55991461,1
71584.508911,1703.89,0.24139108,1
71584.508911,1703.9,1.69542,1
71584.508911,1703.91,0.55891461,1
71584.508911,1703.91,0.4,1
71584.506812,1703.9,0.10109393,1
71584.506812,1703.91,0.88,1
71584.506812,1703.92,0.09676539,1
71584.506812,1703.99,1.31446,1
71584.505183,1703.92,0.31726458,1
71584.505183,1703.93,0.959,1
71584.505183,1703.94,1.575,1
71584.503487,1703.92,0.18697003,1
71584.503487,1703.92,1.451,1
71584.503487,1703.96,1.31446,1
71584.501952,1703.97,0.73853011,-1
71584.499674,1703.97,5.60427935,-1
71584.498812,1703.88,0.48948458,1
71584.498812,1703.89,0.09116286,1
71584.498812,1703.92,1.31446,1
71584.498329,1703.97,1.03724256,-1
71584.498329,1703.95,1.24217806,-1
71584.498329,1703.93,0.51135986,-1
71584.498236,1703.89,1.35983714,1
71584.498236,1703.89,0.09116286,1
71584.496704,1703.93,0.095,-1
71584.496537,1703.89,1.22329714,1
71584.495832,1703.93,0.062,-1
71584.495494,1703.93,0.02139024,-1
71584.495065,1703.93,0.25539024,-1
71584.495065,1703.9,0.001,-1
71584.494904,1703.79,0.154,-1
71584.494904,1703.7,3.32086176,-1
71584.494511,1703.7,0.02039024,-1
71584.494309,1703.7,2.829748,-1
71584.493935,1703.7,0.289,1
71584.493935,1703.8,0.154,1
71584.493935,1703.87,1.451,1
71584.492618,1703.89,2.76754909,-1
71584.491406,1703.89,3.83440602,-1
71584.49092,1703.89,0.77809691,-1
71584.49092,1703.88,2.13038933,-1
71584.490423,1703.88,0.80408962,-1
71584.489318,1703.73,0.2378728,-1
71584.489002,1703.64,1,-1
71584.488657,1703.62,1.183,-1
71584.488657,1703.62,0.88047804,-1
71584.488657,1703.62,1.24217806,-1
71584.488657,1703.62,0.17107254,-1
71584.488657,1703.62,0.8220987,-1
71584.488657,1703.62,0.1779,-1
71584.488657,1703.62,1.1740635,-1
71584.52354,1703.9,0.1327651,1
71584.52354,1703.95,0.88,1
71584.521541,1703.9,0.55891461,1
71584.521541,1703.91,0.55891461,1
71584.521541,1703.92,0.55891461,1
71584.521541,1703.93,0.26553019,1
71584.520205,1703.93,0.55891461,1
71584.516428,1703.95,0.001,1
71584.516428,1703.95,0.55891461,1
71584.543526,1703.82,0.7344698,-1
71584.536664,1703.82,7.38005202,-1
71584.532339,1703.84,0.51809393,1
71584.530731,1703.82,7.38005202,-1
71585.027234,1703.85,0.018,-1
71585.027216,1703.85,0.018,-1
71585.207119,1703.9,1.1740579,-1
71585.207119,1703.85,0.88035918,-1
71585.207119,1703.85,0.16399117,-1
71586.622068,1703.96,0.66252973,1
71586.607336,1703.96,0.33747027,1
71586.607336,1703.98,1,1
71586.976017,1703.92,1.348655,-1
71586.972376,1703.92,0.23067554,-1
71586.968098,1703.92,0.94338236,-1
71586.968098,1703.89,0.88033851,-1
71586.968098,1703.88,0.26680872,-1
71586.968098,1703.88,0.26680872,-1
71587.102105,1704.06,4.28575596,-1
71587.102105,1704,0.001,-1
71587.069505,1703.96,0.88030617,-1
71587.069465,1703.94,0.88849919,-1
71587.069401,1703.94,1.70283647,-1
71587.069156,1703.94,3.69494419,-1
71587.069092,1703.94,1.09377217,-1
71587.528684,1704.2,0.10573,-1
71587.524876,1704.2,0.93191461,-1
71587.524876,1704.2,0.001,-1
71587.520878,1704.17,0.88259907,-1
71587.52086,1704.17,0.291,-1
71587.517614,1704.1,0.001,-1
71587.517614,1704.09,0.88023519,-1
71587.551167,1704.2,0.09132,-1
71587.548438,1704.2,0.04086,-1
71587.529605,1704.2,0.01645,-1
71587.529063,1704.2,0.01519,-1
71587.528895,1704.2,0.01562,-1
71588.10136,1704.31,0.018,-1
71588.100429,1704.31,0.017,-1
71588.100429,1704.3,0.001,-1
71589.409191,1704.45,1.4818674,-1
71589.409191,1704.44,1.27083952,-1
71589.409191,1704.44,0.21897017,-1
71589.409191,1704.4,0.19999864,-1
71589.409191,1704.4,0.001,-1
71589.409191,1704.35,0.21897017,-1
71589.409191,1704.34,0.88011029,-1
71589.409191,1704.31,0.01499977,-1
71589.788762,1704.45,4.2452708,-1
71589.785183,1704.45,1.65291382,-1
71589.785183,1704.44,0.17781174,-1
71589.785183,1704.44,0.88005444,-1
71589.785183,1704.44,0.26680872,-1
71589.911481,1704.69,1.575,1
71589.904459,1704.69,0.5254,1
71589.901294,1704.69,1.0496,1
71589.894436,1704.61,0.46162753,-1
71589.893499,1704.61,1.13515005,-1
71589.893238,1704.61,1.83950587,-1
71589.893079,1704.61,1.37124497,-1
71589.89293,1704.61,0.75680222,-1
71589.892546,1704.61,1.37892399,-1
71589.891728,1704.61,0.43679739,-1
71589.891728,1704.6,0.001,-1
71589.886336,1704.53,0.46521161,-1
71589.885035,1704.53,5.9709258,-1
71589.844638,1704.53,0.94391461,-1
71589.844638,1704.5,0.001,-1
71590.740167,1704.53,0.88000797,-1
71590.840027,1704.63,0.21709623,-1
71591.217991,1704.63,4.28675596,-1
71591.202674,1704.63,0.036,-1
71593.158679,1704.63,0.11404577,-1
71593.264484,1704.7,0.51239913,-1
71593.264484,1704.7,0.001,-1
71593.264484,1704.63,0.16724642,-1
71593.264484,1704.63,0.87995635,-1
71593.264484,1704.63,2.72615406,-1
71593.506672,1704.62,1,1
71593.506672,1704.64,1,1
71594.520894,1704.3,0.001,1
71594.472951,1704.38,1,1
71594.472951,1704.4,0.00130133,1
71594.472951,1704.4,0.40543519,1
71594.472951,1704.4,1,1
71594.472951,1704.4,0.001,1
71595.425609,1704.28,0.70872781,-1
71595.425609,1704.21,0.88017321,-1
71595.425609,1704.21,0.15371817,-1
71595.425599,1704.21,0.01441592,-1
71596.058934,1704.18,1,1
71596.058934,1704.2,0.4704281,1
71596.058934,1704.2,1,1
71596.058934,1704.2,0.001,1
71598.279682,1704.21,1.81360574,-1
71598.279682,1704.2,0.289,-1
71598.279682,1704.2,0.14668779,-1
71598.279682,1704.16,0.17186335,-1
71598.279682,1704.11,0.88022486,-1
71600.032898,1704.1,0.15901538,1
71600.032898,1704.1,1,1
71600.032898,1704.1,0.001,1
71600.312508,1704.1,1.1384084,-1
71600.312508,1704.04,1.02438727,-1
71600.312508,1704.04,0.88026102,-1
71600.312508,1704.04,0.13340436,-1
71601.893661,1704,1,1
71601.893661,1704,0.001,1
71601.889746,1704.02,0.39269681,1
71601.889746,1704.02,1,1
71602.291476,1703.88,0.2393222,1
71602.284117,1703.88,0.7606778,1
71602.284117,1703.9,1,1
71602.284117,1703.9,0.001,1
71602.379695,1703.59,0.5,1
71602.379695,1703.6,0.001,1
71602.376397,1703.61,1.92151542,1
71602.373335,1703.61,5.4585366,1
71602.373335,1703.62,1.4674634,1
71602.372405,1703.68,7.38005202,1
71602.372405,1703.68,0.07501119,1
71602.372405,1703.7,0.001,1
71602.372392,1703.74,1.17375949,1
71602.372392,1703.75,0.0375056,1
71602.372392,1703.8,0.001,1
71603.233683,1703.75,0.51221256,-1
71603.233683,1703.75,0.06670218,-1
71604.405418,1703.72,1,1
71604.405418,1703.74,0.15598925,1
71604.405418,1703.74,1,1
71604.895811,1703.51,0.08555843,-1
71605.106165,1703.5,1,1
71605.106165,1703.5,0.001,1
71605.143298,1703.46,1,1
71605.512024,1703.38,1,1
71605.451023,1703.4,1,1
71605.451023,1703.4,0.001,1
71606.346578,1703.41,0.33056378,-1
71606.346578,1703.31,1.19388753,-1
71606.346578,1703.31,0.89483426,-1
71606.346578,1703.31,0.88063828,-1
71607.412323,1703.3,0.00075045,1
71607.412323,1703.3,0.20497055,1
71607.412323,1703.3,1,1
71607.412323,1703.3,0.001,1
71607.443561,1703.3,0.20497,1
71608.206643,1703.26,1,1
71608.206643,1703.26,0.13410866,1
71610.037146,1703.18,1.17413536,1
71610.037146,1703.18,0.2013884,1
71610.026033,1703.18,0.7986116,1
71610.026033,1703.19,1.17413536,1
71610.026033,1703.2,0.25810648,1
71610.026033,1703.2,1,1
71610.026033,1703.2,0.001,1
71610.086184,1703,0.001,1
71610.065451,1703.1,0.001,1
71610.246327,1702.9,0.00014541,1
71610.666208,1702.88,1,1
71610.666208,1702.9,1,1
71610.666208,1702.9,0.00085459,1
71610.975756,1702.7,0.001,1
71610.975756,1702.8,0.001,1
71610.94722,1702.81,0.00389896,-1
71611.269404,1702.72,3.62748169,-1
71611.269404,1702.71,0.01667554,-1
71611.269404,1702.71,0.01667555,-1
71612.115343,1702.7,0.20565197,1
71612.1636,1702.71,0.00276007,-1
71614.30109,1702.7,2.33191287,-1
71614.30109,1702.67,0.16348539,-1
71614.30109,1702.62,0.88099517,-1
71614.30109,1702.61,0.19511522,-1
71617.380086,1702.62,6.62498649,-1
71618.563186,1702.62,0.75506553,-1
71619.060679,1702.96,7.38005202,-1
71619.053333,1703.04,7.38005202,-1
71619.053333,1703,0.001,-1
71619.052601,1702.97,7.38005202,-1
71619.052601,1702.95,0.88082774,-1
71619.052601,1702.9,0.001,-1
71619.486351,1702.92,0.10686702,1
71619.486351,1703,0.289,1
71619.486351,1703.06,1.724103,1
71619.486351,1703.07,0.5,1
71619.486351,1703.09,0.05866057,1
71619.486351,1703.09,0.29235224,1
71619.486351,1703.09,0.29235224,1
71619.667542,1703.11,0.018,-1
71619.667088,1703.11,0.017,-1
71619.667088,1703.1,0.001,-1
71620.112573,1703.44,1.95194175,-1
71620.112573,1703.4,0.001,-1
71620.112573,1703.4,0.289,-1
71620.112573,1703.3,0.001,-1
71620.112573,1703.27,0.17536827,-1
71620.112573,1703.26,0.05866057,-1
71620.112573,1703.2,0.001,-1
71620.112573,1703.19,0.88070033,-1
71620.966381,1703.5,0.14678253,-1
71620.966381,1703.5,0.001,-1
71620.966381,1703.4,0.001,-1
71621.105971,1703.66,0.035,-1
71621.105971,1703.6,0.001,-1
71623.04601,1703.65,0.00001197,1
71623.144318,1703.66,0.0051743,-1
71623.665619,1703.66,0.00170847,-1
71625.782337,1703.65,0.0010244,1
71625.782337,1703.65,0.2241691,1
71625.876174,1703.53,0.88052455,-1
71626.116935,1703.62,0.0051743,-1
71626.537417,1703.52,0.01020544,1
71629.149524,1703.65,0.00387459,-1
71629.149524,1703.64,1.13689962,-1
71629.149524,1703.53,0.88052455,-1
71630.638322,1703.49,0.0065651,1
71632.213642,1703.66,0.00268058,-1
71632.213642,1703.64,0.1967582,-1
71632.213642,1703.57,0.88050388,-1
71632.168069,1703.56,0.01482234,1
71634.356485,1703.5,0.00000587,1
71635.054114,1703.62,0.00850611,-1
71635.054114,1703.6,0.274,-1
71635.054114,1703.59,0.88049384,-1
71635.054114,1703.54,1.44591,-1
71635.054114,1703.54,0.75111357,-1
71636.37733,1703.4,0.00000587,1
71636.854252,1703.4,0.01582908,1
71636.847359,1703.4,0.00261479,1
71636.847359,1703.4,0.00099413,1
71638.040372,1703.43,0.32728492,-1
71638.040372,1703.41,1.06252645,-1
71638.040372,1703.41,1.01908245,-1
71638.040372,1703.41,1.09171142,-1
71638.040372,1703.41,0.18909263,-1
71641.641523,1703.66,0.00285361,-1
71642.291294,1704.11,2.996,-1
71642.291294,1704.1,0.001,-1
71642.291294,1704,0.5,-1
71642.291294,1704,0.001,-1
71642.291294,1703.9,0.001,-1
71642.291294,1703.8,0.001,-1
71642.213415,1703.7,0.88043669,-1
71642.213415,1703.7,0.001,-1
71642.204459,1703.66,0.95154038,-1
71643.374015,1704.01,0.00435573,1
71645.410555,1704.05,0.88560625,-1
71645.410555,1704.02,0.1,-1
71645.410555,1704.01,0.17157716,-1
71645.410555,1703.92,0.88032301,-1
71645.730649,1703.84,0.00619991,1
71645.73051,1703.84,0.00305939,1
71645.730439,1703.84,0.01162753,1
71646.238356,1703.85,0.00000586,1
71646.228882,1703.85,0.00724242,1
71647.056123,1704.08,0.18943501,-1
71647.056123,1704.06,1.17390403,-1
71647.056123,1704.01,0.17176246,-1
71647.056123,1703.96,0.88560625,-1
71647.056123,1703.86,0.88035401,-1
71648.548732,1703.93,0.01452533,-1
71649.38215,1704.1,0.18974372,-1
71649.38215,1704.1,0.001,-1
71649.38215,1704.09,1.17390403,-1
71649.38215,1704.05,0.88560625,-1
71649.38215,1704.01,0.18507628,-1
71649.38215,1703.93,0.86579252,-1
71650.258414,1704.29,0.25443192,-1
71650.255273,1704.29,0.06074323,-1
71650.252225,1704.29,0.25542969,-1
71650.252225,1704.29,0.31060261,-1
71650.252225,1704.29,1.34383968,-1
71650.25062,1704.29,0.10207032,-1
71650.247516,1704.29,1.451,-1
71650.239872,1704.39,1.17363984,1
71650.239872,1704.39,7.38005202,1
71650.215003,1704.35,0.5,-1
71650.215003,1704.32,0.048,-1
71650.215003,1704.3,0.001,-1
71650.159044,1704.21,0.88560625,-1
71650.155892,1704.26,0.88560625,-1
71650.155892,1704.21,0.0837185,-1
71650.155892,1704.21,0.04185925,-1
71650.155892,1704.21,0.04185925,-1
71650.155892,1704.21,0.16743701,-1
71650.155892,1704.21,0.88017321,-1
71650.155892,1704.21,1.14487971,-1
71650.143709,1704.21,0.02902432,-1
71650.122306,1704.2,0.08815419,1
71650.119226,1704.2,0.06330195,1
71650.119226,1704.2,0.00134967,1
71650.114386,1704.2,1.57365033,1
71650.114386,1704.2,0.26,1
71650.11123,1704.2,0.06465162,1
71650.108125,1704.2,0.75834709,1
71650.105174,1704.2,0.06465162,1
71650.105174,1704.2,0.82052257,1
71650.105077,1704.2,0.75447743,1
71650.105077,1704.2,0.13069676,1
71650.102142,1704.2,0.06465162,1
71650.101824,1704.2,0.06465162,1
71650.096579,1704.2,0.02607797,1
71650.096579,1704.2,0.12003191,1
71650.093835,1704.2,0.13996809,1
71650.093835,1704.21,0.52791389,1
71650.093835,1704.21,0.27184588,1
71650.093734,1704.21,0.93972786,1
71650.090548,1704.21,0.36342626,1
71650.090548,1704.21,0.03282255,1
71650.084391,1704.21,0.39624881,1
71650.078732,1704.22,0.16327,-1
71650.07512,1704.12,0.33050883,1
71650.07512,1704.2,0.26,1
71650.07512,1704.21,0.95872,1
71650.07512,1704.21,0.45559372,1
71650.074923,1704.21,0.42982255,1
71650.074923,1704.21,1.575,1
71650.071671,1704.19,0.06878874,1
71650.071671,1704.19,0.76891627,1
71650.071671,1704.19,0.712,1
71650.071671,1704.2,0.26,1
71650.071671,1704.2,0.82456063,1
71650.07119,1704.2,0.06235564,1
71650.07119,1704.2,0.858,1
71650.07119,1704.21,0.268,1
71650.07119,1704.21,1.44591,1
71650.068448,1704.17,0.8135,1
71650.068448,1704.17,0.652705,1
71650.068123,1704.17,0.204295,1
71650.068123,1704.19,1.00191,1
71650.068123,1704.2,0.26,1
71650.06549,1704.22,0.0709,-1
71650.065331,1704.22,0.05134,-1
71650.064842,1704.19,0.44909,1
71650.064842,1704.19,0.49841,1
71650.064494,1704.19,0.9475,1
71650.06081,1704.16,0.0355,1
71650.060352,1704.12,0.0355,1
71650.057963,1704.2,6.37234295,-1
71650.056915,1704.2,1.00770907,-1
71650.056915,1704.2,0.001,-1
71650.056915,1704.19,4.25090997,-1
71650.056915,1704.17,0.88560625,-1
71650.056184,1704.13,2.11645902,-1
71650.056164,1704.13,0.165,-1
71650.055852,1704.13,0.24934144,-1
71650.055793,1704.13,0.05246,-1
71650.055452,1704.13,4.79679156,-1
71650.055068,1704.09,1.17390403,-1
71650.054043,1703.96,0.88030235,-1
71650.054043,1703.96,0.25078354,-1
71650.053852,1703.96,0.05734144,-1
71650.05348,1703.96,0.57748127,-1
71650.409982,1704.24,0.5,1
71650.409375,1704.24,0.5,1
71650.353957,1704.27,0.55502043,1
71650.353957,1704.28,1,1
71650.353957,1704.28,7.38005202,1
71650.758659,1704.33,0.036,-1
71651.189927,1704.65,0.19430344,-1
71651.189927,1704.6,0.26,-1
71651.189927,1704.6,0.001,-1
71651.189927,1704.58,1.575,-1
71651.189927,1704.5,0.001,-1
71651.189927,1704.42,0.88006782,-1
71651.189927,1704.4,0.001,-1
71653.023504,1704.44,0.17783256,1
71653.391778,1704.68,1.31998875,-1
71653.391778,1704.68,0.88560625,-1
71653.391778,1704.67,0.4,-1
71653.391778,1704.6,0.26,-1
71653.391778,1704.55,1.17373929,-1
71653.391778,1704.5,0.26,-1
71653.391778,1704.45,0.17959382,-1
71653.391778,1704.45,0.25635329,-1
71656.264478,1704.32,0.01186,1
71657.125528,1704.44,1.17373929,-1
71657.125528,1704.33,0.88011124,-1
71657.125528,1704.32,0.12817664,-1
71660.258692,1704.3,0.07829897,1
71660.258692,1704.3,0.21867868,1
71660.258692,1704.3,0.00202235,1
71660.258692,1704.3,0.001,1
71661.284852,1704.61,1.42880506,-1
71661.284852,1704.6,0.001,-1
71661.284852,1704.6,0.26,-1
71661.284852,1704.57,0.88560625,-1
71661.284852,1704.55,1.17373929,-1
71661.284852,1704.51,0.18178874,-1
71661.284852,1704.5,0.83978874,-1
71661.284852,1704.49,1.400465,-1
71661.284852,1704.47,0.06408832,-1
71662.510835,1704.41,0.0285086,-1
71663.192472,1704.67,0.11349795,-1
71663.192472,1704.61,1.575,-1
71663.192472,1704.61,1.18,-1
71663.192472,1704.6,0.4,-1
71663.192472,1704.6,0.001,-1
71663.192472,1704.6,0.26,-1
71663.192472,1704.58,1.17373929,-1
71663.192472,1704.46,0.03204416,-1
71665.787837,1704.71,0.61282861,-1
71665.787837,1704.7,0.247,-1
71665.787837,1704.7,0.001,-1
71665.787837,1704.65,1.17373929,-1
71665.787837,1704.6,0.4,-1
71665.787837,1704.59,0.4,-1
71665.787837,1704.58,0.01602208,-1
71666.463303,1704.32,0.00242939,1
71669.294376,1704.4,0.247,-1
71669.294376,1704.4,0.1700661,-1
71669.294376,1704.38,1.17373929,-1
71669.294376,1704.31,0.01568455,-1
71669.294376,1704.31,0.78121126,-1
71669.294376,1704.31,0.88012157,-1
71669.410083,1704.18,0.00000001,1
71669.408681,1704.18,0.51167703,1
71669.408681,1704.2,0.001,1
71669.374548,1704.3,0.00000001,1
71669.372708,1704.3,0.28261661,1
71669.372708,1704.3,0.001,1
71670.115172,1704.1,0.1750149,1
71670.115172,1704.1,0.001,1
71670.274733,1704,0.00360966,1
71670.274733,1704,0.001,1
71671.167973,1704.11,0.52574995,-1
71671.167973,1704.09,0.17706676,-1
71671.167973,1703.95,0.88031047,-1
71673.24339,1704.16,0.24386984,-1
71673.24339,1704.1,0.88560625,-1
71673.24339,1704.07,0.18119526,-1
71673.24339,1703.99,0.88028685,-1
71675.311511,1704.15,0.7358709,-1
71675.311511,1704.15,4.61914431,-1
71675.311511,1704.03,0.88026619,-1
71675.97764,1703.93,0.00002964,1
71677.389044,1703.98,1.17384061,-1
71677.389044,1703.97,0.70078284,-1
71677.389044,1703.92,0.88032301,-1
71677.389044,1703.91,0.00801104,-1
71677.685026,1703.98,0.00400552,-1
71679.463678,1704.15,0.77941039,-1
71679.463678,1704.03,1.17384061,-1
71679.463678,1704.02,0.70078284,-1
71679.463678,1703.99,0.88028685,-1
71679.463678,1703.99,0.15649242,-1
71681.137528,1704,0.88028169,-1
71681.137528,1704.12,0.93411656,-1
71681.137528,1704.11,0.88560625,-1
71681.137528,1704.04,1.17379191,-1
71681.137528,1704.03,0.70075377,-1
71681.137528,1704.01,0.16712156,-1
71681.137528,1704,0.747,-1
71681.137528,1704,0.74660966,-1
71681.61177,1703.99,0.0000094,1
71683.275753,1704.1,0.76333016,-1
71683.275753,1704.03,1.17379869,-1
71683.275753,1704.02,0.70075782,-1
71683.275753,1703.99,0.17068727,-1
71683.275753,1703.99,0.00100373,-1
71683.275753,1703.99,0.88028685,-1
71683.275753,1703.99,0.00100373,-1
71683.646152,1704.11,0.00001197,1
71683.927232,1704.19,0.04724234,1
71685.235303,1704.34,1.33993071,-1
71685.235303,1704.32,1.17358306,-1
71685.235303,1704.31,0.70062909,-1
71685.235303,1704.3,0.001,-1
71685.235303,1704.28,0.16020613,-1
71685.235303,1704.24,1.179,-1
71685.235303,1704.23,0.7997437,-1
71685.235303,1704.2,0.001,-1
71685.235303,1704.18,0.88018871,-1
71685.219705,1704.17,0.0356702,1
71687.308961,1704.6,0.0001862,-1
71687.308961,1704.57,0.048,-1
71687.308961,1704.5,0.001,-1
71687.308961,1704.49,1.1897459,-1
71687.308961,1704.46,0.00088032,-1
71687.308961,1704.43,0.71140085,-1
71687.308961,1704.4,0.001,-1
71687.308961,1704.38,3.45,-1
71687.308961,1704.37,0.00100972,-1
71687.685785,1704.35,6.07219783,1
71687.681598,1704.35,1.30785419,1
71690.424883,1704.16,0.37419904,-1
71690.424447,1704.16,0.506,-1
71691.357516,1704.47,3.80720473,-1
71691.357516,1704.4,0.737,-1
71691.357516,1704.4,0.88007667,-1
71691.357516,1704.4,0.001,-1
71691.357516,1704.39,0.81,-1
71693.430284,1704.43,0.3321939,-1
71693.430284,1704.43,2.29275586,-1
71693.430284,1704.4,0.223,-1
71693.430284,1704.3,0.88012673,-1
71693.430284,1704.28,1.451,-1
71693.430284,1704.28,1.44591,-1
71693.519201,1704.3,0.00048283,1
71694.240834,1704.33,0.00000586,1
71694.230991,1704.33,0.00529826,1
71694.735935,1704.43,0.04,-1
71695.042048,1704.43,0.84006264,-1
71695.214557,1704.8,4.73359821,-1
71695.214557,1704.8,0.88560625,-1
71695.214557,1704.8,0.001,-1
71695.214557,1704.75,0.00178203,-1
71695.214557,1704.72,1,-1
71695.214557,1704.7,0.001,-1
71695.214557,1704.6,0.001,-1
71695.214557,1704.5,0.001,-1
71697.391404,1704.78,0.6918344,-1
71697.391404,1704.76,1.17326312,-1
71697.391404,1704.73,0.70043808,-1
71697.391404,1704.68,0.005,-1
71697.391404,1704.68,0.17360595,-1
71697.391404,1704.68,0.87993054,-1
71697.391404,1704.68,0.068,-1
71699.067729,1705.29,9.87197016,-1
71699.067729,1705.29,0.02016897,-1
71699.067549,1705.2,10,-1
71699.067549,1705.2,0.001,-1
71699.067549,1705.2,0.00098828,-1
71699.067549,1705.19,5.01747267,-1
71699.067549,1705.19,7.00218331,-1
71699.067469,1705.18,0.36812893,-1
71699.067469,1705.16,1.18,-1
71699.067469,1705.12,1.17318622,-1
71699.067469,1705.12,0.00000162,-1
71699.067469,1705.11,0.70039314,-1
71699.067469,1705.11,0.02372464,-1
71699.067469,1705.1,0.223,-1
71699.067469,1705.1,0.001,-1
71699.067469,1705,30.62895331,-1
71699.067469,1705,0.001,-1
71699.067469,1705,0.00001,-1
71699.067469,1705,1.06153079,-1
71699.067469,1704.99,0.56012727,-1
71699.067469,1704.94,0.87979808,-1
71699.067469,1704.9,0.001,-1
71699.067469,1704.9,1.75436507,-1
71699.218998,1705.4,0.34805462,1
71699.218998,1705.52,0.14960538,1
71699.199274,1705.52,0.29921077,1
71699.199274,1705.55,1.67666189,1
71699.195833,1705.55,1.49574223,1
71699.194271,1705.55,1.45118588,1
71699.193972,1705.54,0.37641,-1
71699.190876,1705.52,0.59842153,1
71699.147677,1705.66,0.84,-1
71699.147677,1705.66,0.846,-1
71699.147677,1705.65,0.005,-1
71699.147677,1705.65,0.005,-1
71699.147677,1705.65,0.29154502,-1
71699.142113,1705.65,1.15945498,-1
71699.142113,1705.65,0.842,-1
71699.142113,1705.65,0.647,-1
71699.14196,1705.65,0.2,-1
71699.138519,1705.63,0.2,-1
71699.088598,1705.72,1,-1
71699.088598,1705.72,0.02824027,-1
71699.088598,1705.71,4.27490649,-1
71699.088598,1705.71,1.02453329,-1
71699.088598,1705.7,0.00113122,-1
71699.088598,1705.7,0.001,-1
71699.088598,1705.66,0.096,-1
71699.088598,1705.6,0.001,-1
71699.088598,1705.59,2.83709851,-1
71699.088598,1705.55,0.02281885,-1
71699.088598,1705.52,5.17046851,-1
71699.086618,1705.52,1.78683865,-1
71699.086618,1705.5,0.001,-1
71699.086618,1705.48,0.00088032,-1
71699.086618,1705.45,1.451,-1
71699.086618,1705.45,0.848,-1
71699.086618,1705.45,0.841,-1
71699.086618,1705.45,0.048,-1
71699.086618,1705.41,0.87911411,-1
71699.086618,1705.4,0.5,-1
71699.086618,1705.39,0.849,-1
71699.086618,1705.38,0.254,-1
71699.086618,1705.35,0.00315692,-1
71699.077579,1705.41,0.52053023,-1
71699.077579,1705.4,0.88560625,-1
71699.077579,1705.4,0.68789589,-1
71699.077579,1705.4,0.001,-1
71699.077579,1705.39,0.00295062,-1
71699.077174,1705.36,1.10130741,-1
71699.067729,1705.32,1.575,-1
71699.067729,1705.3,10,-1
71699.067729,1705.3,0.001,-1
71699.247451,1705.3,1.4660177,1
71699.247124,1705.38,0.76228,1
71699.235256,1705.38,0.15418,1
71699.229304,1705.52,0.07480269,1
71699.222795,1705.38,0.08354,1
71699.219696,1705.4,0.65194538,1
71699.511747,1705.3,0.00119592,1
71699.50778,1705.29,1.45099975,1
71699.50778,1705.29,0.00000025,1
71699.479827,1705.29,0.84699975,1
71699.479827,1705.29,0.88560625,1
71699.418585,1705.3,0.598,1
71699.418585,1705.3,0.223,1
71699.418585,1705.3,0.269,1
71699.567198,1705.31,0.866,1
71699.537515,1705.31,0.866,1
71700.207495,1705.25,0.11093,-1
71700.199171,1705.25,0.18994,-1
71700.319066,1705.1,0.05861303,1
71700.319066,1705.1,0.001,1
71700.319066,1705.18,0.3508018,1
71700.317716,1705.18,1.2241982,1
71700.316853,1705.18,0.41650679,1
71700.31461,1705.18,0.13911973,1
71700.313923,1705.18,0.44437348,1
71700.313923,1705.2,1,1
71700.313923,1705.2,1.575,1
71700.221735,1705.2,0.07443056,1
71700.220093,1705.2,0.10355,1
71700.218581,1705.2,1.39701944,1
71700.503403,1704.9,0.06649,1
71700.500519,1704.9,0.06018,1
71700.500164,1704.9,0.09115,1
71700.49455,1705,0.001,1
71700.467653,1705.04,0.01518043,1
71700.464427,1705.04,0.0236,1
71700.60263,1704.77,0.11090067,1
71700.602139,1704.77,0.19257039,1
71700.601874,1704.77,0.23742236,1
71700.595734,1704.8,0.26661948,1
71700.595734,1704.8,0.001,1
71700.559954,1704.9,0.10962055,1
71700.559954,1704.9,0.00250484,1
71700.699092,1704.84,0.87984796,-1
71700.638219,1704.8,0.223,1
71700.781763,1704.97,0.87978087,-1
71701.331465,1704.8,0.00537722,1
71701.331465,1704.9,0.223,1
71701.331465,1704.9,1,1
71701.331465,1704.91,0.22848334,1
71701.331465,1704.92,1,1
71701.444263,1704.84,0.0017735,1
71701.444263,1704.9,0.223,1
71701.444263,1704.91,0.20016647,1
71701.444263,1704.93,0.827,1
71701.444263,1704.93,0.18783635,1
71702.093943,1704.92,0.22829241,1
71702.093943,1704.92,0.73241384,1
71702.083382,1704.92,0.26758616,1
71702.083382,1704.94,1,1
71702.321257,1704.76,0.07286126,-1
71702.321257,1704.72,0.00871422,-1
71702.321257,1704.72,0.48865337,-1
71702.305218,1704.72,0.01742845,-1
71702.910505,1705.05,0.01418726,-1
71703.270193,1705.13,2.46200283,-1
71703.270193,1705.11,0.87971037,-1
71703.270193,1705.1,0.223,-1
71703.270193,1705.1,0.001,-1
71703.270193,1705.05,0.92694101,-1
71703.267849,1705.05,0.26052872,-1
71703.267849,1705.05,1.0052269,-1
71703.267849,1705.05,0.00709363,-1
71703.267849,1705.05,0.23449654,-1
71705.243516,1705.32,0.71246374,-1
71705.243516,1705.31,4.40589106,-1
71705.243516,1705.3,0.001,-1
71705.243516,1705.24,0.8796452,-1
71705.243516,1705.2,0.001,-1
71706.131937,1705.26,0.87963637,-1
71706.125903,1705.22,0.60876626,1
71706.125903,1705.24,1,1
71706.125903,1705.24,0.22161412,1
71706.938515,1705.28,0.21020626,1
71706.938515,1705.28,0.60876,1
71706.938515,1705.28,0.39123374,1
71707.222077,1705.39,0.04366564,-1
71707.222077,1705.38,1.4660177,-1
71707.222077,1705.34,0.3335709,-1
71707.222077,1705.33,0.18661966,-1
71707.222077,1705.27,0.8796261,-1
71707.222077,1705.25,1.5905,-1
71707.389165,1705.22,1,1
71707.389165,1705.24,1,1
71707.481815,1705.01,0.07678525,1
71707.470271,1705.03,0.03839262,1
71707.470271,1705.1,0.001,1
71707.715736,1704.62,0.48369037,1
71707.715736,1704.65,0.03724085,1
71707.715736,1704.7,0.001,1
71707.715736,1704.72,0.0292647,1
71707.715736,1704.75,0.44880408,1
71707.715133,1704.75,0.05119592,1
71707.715133,1704.8,0.001,1
71707.697825,1704.88,0.99996626,1
71707.697461,1704.88,0.00003374,1
71707.697461,1704.9,1,1
71707.697461,1704.9,0.001,1
71707.680355,1705,0.001,1
71710.028415,1704.77,0.14515518,-1
71711.062227,1705,0.001,-1
71711.062227,1704.99,0.87977549,-1
71711.062227,1704.99,0.373,-1
71711.061771,1704.99,0.814,-1
71711.188638,1705.45,1.54958426,-1
71711.188638,1705.42,1.074003,-1
71711.188638,1705.4,0.223,-1
71711.188638,1705.4,0.001,-1
71711.188638,1705.37,1.19,-1
71711.188638,1705.3,0.001,-1
71711.188638,1705.25,0.6,-1
71711.188638,1705.2,0.001,-1
71711.184833,1705.1,0.44035689,-1
71711.18471,1705.1,0.4393569,-1
71711.18471,1705.1,0.001,-1
71713.307308,1705.26,1.575,1
71713.307308,1705.27,0.47920491,1
71713.28708,1705.29,0.92757894,-1
71713.28708,1705.29,3.56507527,-1
71713.282681,1705.29,0.94805055,-1
71713.282681,1705.22,0.17962272,-1
71713.282681,1705.18,0.87967252,-1
71713.407251,1705.17,0.27790193,1
71715.21168,1705.19,2.2664677,-1
71715.21168,1705.18,4.49343644,-1
71715.21168,1705.13,0.87969832,-1
71715.21168,1705.13,0.18019877,-1
71715.21168,1705.13,0.18019877,-1
71715.485367,1705.14,0.0000094,1
71717.244894,1705.42,4.10488422,-1
71717.244894,1705.41,0.4,-1
71717.244894,1705.4,0.223,-1
71717.244894,1705.4,0.001,-1
71717.244894,1705.3,0.001,-1
71717.244894,1705.29,0.4,-1
71717.244894,1705.29,0.87961578,-1
71717.244894,1705.27,0.4,-1
71717.244894,1705.27,1.5905,-1
71719.31952,1705.24,7.12032232,-1
71719.31952,1705.17,0.87967768,-1
71720.272639,1705.21,0.00000586,1
71720.260984,1705.21,0.06964538,1
71720.845505,1705.21,0.62197225,1
71721.202952,1705.31,0.52436392,-1
71721.202952,1705.27,0.14664219,-1
71721.202952,1705.22,0.87965189,-1
71721.202952,1705.21,0.18284305,-1
71721.202952,1705.21,0.21502439,-1
71722.009145,1705.2,0.16656016,1
71722.009145,1705.2,0.00120785,1
71722.009145,1705.2,0.06697377,1
71722.235694,1705.2,0.03154468,1
71722.257533,1705.2,0.0669737,1
71722.257533,1705.2,0.0248893,1
71722.244968,1705.2,0.00000586,1
71723.305976,1705.3,4.40589106,-1
71723.305976,1705.27,0.1717754,-1
71723.305976,1705.2,0.14664219,-1
71723.305976,1705.16,0.87968284,-1
71723.881907,1705.11,0.00870769,-1
71724.681333,1705.03,0.01,-1
71726.827911,1705,0.00005,1
71727.150415,1705.01,0.87976023,-1
71727.680474,1705.25,0.018,-1
71727.679694,1705.25,0.018,-1
71727.818173,1705.25,0.00870963,-1
71728.888776,1705,0.03805,1
71728.888776,1705,0.001,1
71728.888776,1705,0.00095,1
71728.860788,1705.14,0.0585802,1
71728.860788,1705.14,0.1190392,1
71728.860788,1705.15,0.5104878,1
71729.280786,1705.25,6.84972664,-1
71729.280786,1705.24,0.0585802,-1
71729.280786,1705.2,0.212,-1
71729.280786,1705.14,0.87969316,-1
71729.83126,1705.1,0.00660718,1
71730.903561,1704.91,0.0055618,-1
71731.432331,1704.91,0.3708482,-1
71731.816737,1704.94,1,-1
71731.816737,1704.92,1,-1
71733.258513,1705.1,4.52231358,-1
71733.258513,1705.1,1,-1
71733.258513,1705.03,0.87974991,-1
71733.258513,1705.03,0.37641,-1
71733.617282,1705.08,0.077,-1
71733.613885,1705.08,0.023,-1
71735.297777,1705.36,4.07297021,-1
71735.297777,1705.36,1.5521487,-1
71735.297777,1705.35,0.14661037,-1
71735.297777,1705.3,0.001,-1
71735.297777,1705.24,0.14661037,-1
71735.297777,1705.22,1,-1
71735.297777,1705.2,0.001,-1
71735.297777,1705.19,0.87966736,-1
71735.297777,1705.19,0.19999299,-1
71735.648513,1705.27,0.00000473,-1
71739.204125,1705.25,3.07427708,-1
71739.204125,1705.19,1.17295375,-1
71739.204125,1705.17,0.70025339,-1
71739.204125,1705.11,0.67280714,-1
71739.204125,1705.11,0.87970864,-1
71742.386623,1705.2,0.8796622,-1
71742.386623,1705.2,1.130998,-1
71742.342452,1705.12,0.87970348,-1
71743.390039,1705.45,0.0090216,-1
71743.370503,1705.5,0.21047796,-1
71743.370503,1705.5,0.223,-1
71743.370503,1705.5,0.001,-1
71743.370503,1705.49,0.1536,-1
71743.370503,1705.46,1.17295375,-1
71743.370503,1705.45,0.92568059,-1
71743.370503,1705.4,0.001,-1
71743.370503,1705.31,0.8796102,-1
71743.370503,1705.3,0.001,-1
71743.902784,1705.4,0.07773463,1
71744.837018,1705.24,0.02095874,1
71745.046653,1705.25,0.00570044,-1
71747.122433,1705.2,0.00153665,1
71747.122433,1705.2,0.09696635,1
71747.122433,1705.2,0.001,1
71747.113237,1705.25,2.34071096,-1
71747.113237,1705.25,0.914604,-1
71747.113237,1705.21,0.743,-1
71747.113237,1705.21,1.07026135,-1
71747.113237,1705.21,0.777,-1
71747.278689,1705.1,0.08724418,1
71747.278689,1705.1,0.001,1
71747.245863,1705.12,0.11623316,1
71747.489187,1705,0.00000001,1
71747.487455,1705,0.29344342,1
71747.487455,1705,0.001,1
71747.542618,1704.9,0.300616,1
71747.542618,1704.9,0.001,1
71749.253683,1704.94,1.25868196,-1
71749.253683,1704.93,0.94664997,-1
71749.253683,1704.93,1.37557984,-1
71749.249772,1704.93,1.06204655,-1
71749.249772,1704.82,0.9771834,-1
71749.249772,1704.82,0.87985828,-1
71751.049329,1704.8,0.102872,1
71751.049329,1704.8,0.001,1
71751.156663,1704.81,0.33272453,-1
71751.285951,1704.77,0.00568453,-1
71751.282955,1704.8,0.00670498,-1
71753.126005,1704.42,0.00718936,-1
71753.084346,1704.48,0.00287828,-1
71753.066937,1704.37,4.48756544,1
71753.064285,1704.44,5.24481651,1
71753.064285,1704.46,0.88560625,1
71753.064285,1704.5,0.001,1
71753.060099,1704.24,3.90625764,1
71753.060099,1704.29,7.38005202,1
71753.060099,1704.3,0.001,1
71753.060099,1704.31,0.00087981,1
71753.060099,1704.33,1.92721053,1
71753.060066,1704.33,2.15408518,1
71753.060066,1704.33,0.95834938,1
71753.059733,1704.33,1.58056612,1
71753.059733,1704.36,0.2,1
71753.059733,1704.39,0.03686844,1
71753.059733,1704.4,0.223,1
71753.059733,1704.4,0.001,1
71753.059733,1704.41,1.071,1
71753.059529,1704.42,0.14896338,1
71753.059529,1704.43,0.88560625,1
71753.059529,1704.43,6.26761746,1
71753.059434,1704.43,1.11243456,1
71753.058593,1704.44,1.52494067,1
71753.058593,1704.46,0.1,1
71753.058593,1704.5,0.05866823,1
71753.058593,1704.5,1.46670577,1
71753.058593,1704.5,0.001,1
71753.058593,1704.51,0.0585802,1
71753.058593,1704.55,0.07448169,1
71753.058593,1704.6,0.001,1
71753.058593,1704.63,1.17322843,1
71753.058593,1704.7,0.001,1
71753.050017,1704.71,0.28748149,1
71753.184028,1704.3,0.201,1
71753.17959,1704.31,0.201,1
71753.169575,1704.35,0.5,1
71753.325249,1704.2,0.726,1
71753.325249,1704.2,0.001,1
71753.315828,1704.22,0.94312098,-1
71753.315828,1704.21,0.98046902,-1
71753.315828,1704.21,0.37641,-1
71754.208393,1704.12,0.93312098,-1
71754.208393,1704.12,0.05687902,-1
71754.759069,1704.12,0.78000098,-1
71754.759069,1704.12,0.99,-1
71754.759069,1704.12,0.00999902,-1
71755.211053,1704.23,4,-1
71755.211053,1704.22,1,-1
71755.211053,1704.2,1,-1
71755.697692,1704.23,0.14517747,-1
71756.366899,1704.23,3.23487455,-1
71757.167737,1704.3,5.2150645,-1
71757.167737,1704.26,1,-1
71757.167737,1704.24,0.7849355,-1
71757.167737,1704.24,1,-1
71757.376326,1704.34,0.00566033,-1
71759.394976,1704.2,2.70550716,-1
71759.394976,1704.2,1,-1
71759.394976,1704.2,0.201,-1
71759.394976,1704.18,1,-1
71759.394976,1704.18,0.88019004,-1
71759.394976,1704.17,0.37641,-1
71759.394976,1704.17,0.3368928,-1
71760.598229,1704.22,0.70333516,-1
71760.598229,1704.14,0.88020996,-1
71761.844098,1704.18,0.19999872,1
71761.844098,1704.18,0.00087426,1
71761.991679,1703.87,0.00095151,-1
71761.954583,1703.86,1.17356006,1
71761.954583,1703.9,0.001,1
71761.949299,1703.98,3.1517157,1
71761.949299,1703.98,0.02626838,1
71761.949299,1704,0.05,1
71761.949299,1704,0.001,1
71761.949299,1704.01,0.03982706,1
71761.949299,1704.1,0.001,1
71762.360857,1704.02,0.6,-1
71762.751824,1704.01,0.718,1
71763.102786,1704.08,1.81162194,-1
71763.102786,1704.07,0.0585802,-1
71763.102786,1704.01,0.1710594,-1
71763.102786,1704.01,0.88027652,-1
71763.102786,1704.01,0.37641,-1
71763.72673,1703.61,0.37641,-1
71763.707301,1703.6,0.01239584,1
71763.707301,1703.6,0.001,1
71763.707301,1703.7,0.212,1
71763.707301,1703.7,0.001,1
71763.707301,1703.73,0.17133573,1
71763.70276,1703.73,0.32866427,1
71763.70276,1703.8,0.212,1
71763.70276,1703.8,0.001,1
71763.70276,1703.9,0.10229138,1
71763.70276,1703.9,0.001,1
71763.800304,1703.67,0.8804522,-1
71763.800304,1703.67,0.37641,-1
71765.12004,1704.13,0.88037555,-1
71765.12004,1704.13,0.70074642,-1
71765.12004,1704.13,0.048,-1
71765.12004,1704.11,1.575,-1
71765.12004,1704.1,0.212,-1
71765.12004,1704.1,0.05866823,-1
71765.12004,1704.1,0.001,-1
71765.12004,1704.03,1.211,-1
71765.12004,1704.02,0.0585802,-1
71765.12004,1704,0.88028495,-1
71765.12004,1703.93,0.0421116,-1
71765.12004,1703.93,0.02105581,-1
71765.12004,1703.93,0.0210558,-1
71765.12004,1703.93,0.0421116,-1
71765.12004,1703.93,0.04211159,-1
71765.556171,1704.13,0.23377853,-1
71765.556171,1704.13,0.15799368,-1
71765.556171,1704.12,0.1536,-1
71765.556171,1704.04,0.88026102,-1
71767.191548,1704.13,2.31057142,-1
71767.191548,1704.12,1.46670577,-1
71767.191548,1704.07,0.88024552,-1
71767.191548,1704.07,0.16212769,-1
71767.191548,1704.07,1.0961264,-1
71767.191548,1704.07,0.0842232,-1
71768.659828,1704.19,0.15600741,1
71769.11519,1704.11,0.05849229,-1
71769.091603,1704.15,1.31975629,-1
71769.091603,1704.1,1.17370794,-1
71769.091603,1704.01,0.88027652,-1
71771.291854,1704.41,1.02580587,-1
71771.291854,1704.41,0.048,-1
71771.291854,1704.4,5.1352507,-1
71771.291854,1704.4,0.001,-1
71771.291854,1704.39,0.1536,-1
71771.291854,1704.37,0.75420349,-1
71771.291854,1704.3,0.001,-1
71771.291854,1704.28,0.88013994,-1
71771.291854,1704.2,0.001,-1
71771.410738,1704.49,0.04,-1
71771.474217,1704.49,0.005868,1
71771.877703,1704.48,0.0138884,-1
71771.877703,1704.47,0.0041116,-1
71771.876942,1704.47,0.018,-1
71773.185935,1704.36,3.13080438,-1
71773.185935,1704.35,1.066839,-1
71773.185935,1704.35,3.79130082,-1
71773.185935,1704.28,0.0110558,-1
71773.401804,1704.31,0.00000586,1
71773.389264,1704.31,0.0000176,1
71773.789178,1704.18,0.039,1
71773.789178,1704.2,0.001,1
71775.165633,1704.22,5.94064819,-1
71775.165633,1704.19,1.17359248,-1
71775.165633,1704.12,0.8802197,-1
71775.165633,1704.12,0.00276981,-1
71775.165633,1704.12,0.00276982,-1
71777.198474,1704.21,3.38050024,-1
71777.198474,1704.2,0.70063471,-1
71777.198474,1704.2,3.03864019,-1
71777.198474,1704.11,0.88022486,-1
71781.221964,1704.6,0.18771309,-1
71781.221964,1704.6,0.001,-1
71781.221964,1704.53,1.17359248,-1
71781.221964,1704.52,0.1536,-1
71781.221964,1704.51,0.17554124,-1
71781.221964,1704.5,0.001,-1
71781.221964,1704.42,0.88006511,-1
71781.221964,1704.4,0.001,-1
