73591.223049,1711.9,0.001,-1
73590.996372,1711.8,0.001,-1
73590.996372,1711.7,0.001,-1
73590.661125,1711.51,0.05834352,-1
73590.661125,1711.51,0.87641906,-1
73588.532009,1711.57,0.141866,1
73588.182287,1711.57,0.01422847,-1
73588.182287,1711.57,0.0879737,-1
73587.984197,1711.59,0.00123157,1
73586.854252,1711.59,0.11567853,-1
73585.901183,1711.7,0.03401809,-1
73585.901183,1711.7,0.001,-1
73585.901183,1711.6,0.001,-1
73583.915898,1711.37,0.08764395,1
73582.814812,1711.4,0.001,1
73582.678029,1711.5,0.413559,1
73582.678029,1711.5,0.001,1
73582.516505,1711.53,0.40089448,1
73582.516505,1711.53,0.05834352,1
73582.30143,1711.6,0.501641,1
73582.30143,1711.6,0.001,1
73582.229621,1711.61,0.436769,1
73582.119648,1711.62,0.490613,1
73582.113593,1711.63,0.09083014,-1
73582.058694,1711.63,0.09109,1
73580.87937,1711.62,0.002883,-1
73580.795363,1711.61,0.27858595,-1
73580.795363,1711.61,0.27815225,-1
73579.878205,1711.61,0.0004337,-1
73579.858464,1711.7,0.00000024,1
73579.813994,1711.7,0.12670332,1
73579.813994,1711.7,0.00000068,1
73579.628815,1711.7,0.14604015,1
73579.628815,1711.7,0.00000085,1
73579.557791,1711.7,0.096375,1
73579.557791,1711.7,0.001,1
73579.498459,1711.8,0.00000046,1
73579.498022,1711.8,0.0861,1
73579.498022,1711.8,0.001,1
73579.319839,1711.82,0.058343,1
73579.089258,1711.88,0.12725537,1
73579.089258,1711.88,0.00075363,1
73578.937496,1711.89,0.02382518,-1
73576.238244,1711.95,0.226103,1
73576.062485,1712.02,0.287323,1
73574.607488,1712.02,0.13384681,1
73574.607488,1712.02,0.08565619,1
73574.352127,1712.02,0.08675028,-1
73573.497255,1712.03,0.085886,1
73573.098367,1712.09,0.122967,1
73572.01303,1711.99,0.03299899,1
73572.01303,1711.99,0.0845621,1
73571.81793,1712.03,0.124498,1
73569.871576,1711.97,0.10267148,1
73569.871576,1711.97,0.00000052,1
73569.840949,1711.97,0.058343,1
73569.815907,1712.09,0.06163716,1
73569.815767,1712.09,0.06163717,1
73567.320426,1711.83,0.01156623,-1
73567.247308,1711.84,0.32491342,1
73567.247308,1711.84,0.00120058,1
73567.078713,1711.84,0.00513512,1
73567.078713,1711.85,0.00000052,1
73566.539324,1711.86,0.00059566,-1
73566.123888,1711.86,0.01301992,-1
73564.939362,1711.85,0.058343,1
73563.209651,1711.88,0.01445707,-1
73561.527291,1711.88,0.5,1
73561.146979,1712,0.001,-1
73561.146979,1711.97,0.87618698,-1
73561.146979,1711.9,0.001,-1
73560.803749,1711.8,0.001,-1
73560.330392,1711.69,0.92085829,-1
73560.330392,1711.69,0.14604851,-1
73560.329175,1711.6,0.85728781,-1
73559.832665,1711.59,0.10251111,-1
73557.358806,1711.6,0.01908517,-1
73555.201931,1711.59,0.011349,-1
73553.930684,1711.6,0.117673,1
73553.930684,1711.6,0.001,1
73553.186383,1711.7,0.04242244,1
73553.186244,1711.7,0.04242244,1
73553.182752,1711.7,0.03069842,1
73553.182533,1711.7,0.03069842,1
73553.179732,1711.7,0.08484489,1
73553.179483,1711.7,0.08384489,1
73553.179483,1711.7,0.001,1
73553.022615,1711.76,0.1179716,1
73552.444398,1711.78,0.00289154,-1
73552.251844,1711.76,0.10745468,1
73552.251844,1711.76,0.04369785,1
73550.114493,1711.74,0.51090058,-1
73549.464948,1711.73,0.01190261,1
73548.318179,1711.74,0.05817882,-1
73546.746617,1711.76,0.157696,1
73546.13845,1711.82,0.26372,1
73546.107399,1711.82,0.00087181,1
73546.107399,1711.82,0.05834352,1
73546.107399,1711.82,0.26372067,1
73545.89201,1711.85,0.00115076,1
73592.005525,1711.92,0.05842811,1
73593.020972,1712,0.001,-1
73593.76225,1712.06,0.02839,-1
73594.227079,1712.07,0.00867655,-1
73594.749329,1712.07,0.08676549,-1
73595.031555,1712.1,0.00478443,-1
73595.031555,1712.1,0.001,-1
73595.283069,1712.1,0.02838272,-1
73596.096746,1712.1,0.00563837,-1
73596.227542,1712.1,0.02892031,-1
73596.482023,1712.1,0.43227417,-1
73596.584912,1712.25,0.05834352,-1
73596.584912,1712.2,0.001,-1
73596.584912,1712.17,0.29213116,-1
73596.842145,1712.4,0.001,-1
73596.842145,1712.3,0.001,-1
73597.257415,1712.46,0.00057829,-1
73597.504252,1712.46,0.00004095,-1
73597.769819,1712.46,0.00331967,-1
73597.942644,1712.46,0.193,-1
73602.44745,1712.45,0.38146952,1
73602.44745,1712.45,0.00126138,1
73602.44745,1712.45,0.05834352,1
73602.44745,1712.45,1.0974408,1
73602.44745,1712.45,1.451,1
73602.44745,1712.45,0.21728078,1
73602.775475,1712.44,0.12535666,1
73602.856741,1712.45,0.02215844,-1
73604.363573,1712.48,0.04125297,-1
73604.363573,1712.46,0.0030596,-1
73606.717345,1712.6,0.218212,1
73606.682635,1712.6,0.001,-1
73606.682635,1712.5,0.001,-1
73607.302786,1712.61,0.85117217,-1
73608.257206,1712.55,1.111721,1
73608.377382,1712.47,1.109403,1
73609.283716,1712.2,0.00000079,1
73609.283135,1712.2,0.221481,1
73609.283135,1712.2,0.001,1
73609.223413,1712.3,0.71873045,1
73609.223281,1712.3,0.21673045,1
73609.223281,1712.3,0.001,1
73609.223281,1712.3,0.5,1
73609.223281,1712.4,0.001,1
73613.911264,1712.32,0.00186906,-1
73614.0114,1712.32,0.01134742,-1
73616.047137,1712.28,0.00089945,1
73617.310936,1712.19,0.06064494,1
73617.310936,1712.19,0.05832378,1
73618.62364,1712.19,0.3705384,1
73618.62364,1712.19,0.05832378,1
73618.62364,1712.19,0.50703614,1
73618.627576,1712.1,0.001,1
73618.627576,1712.14,0.75371256,1
73618.627535,1712.14,0.55900863,1
73618.627535,1712.14,0.14599137,1
73622.489537,1712.07,0.29668,1
73622.820751,1712,0.001,1
73622.820751,1712,0.0287056,1
73622.820498,1712,0.02970561,1
73623.405955,1711.83,0.0735106,1
73623.405772,1711.83,0.07251061,1
73623.405772,1711.9,0.001,1
73623.499801,1711.8,0.001,1
73623.620666,1711.7,0.00000001,1
73623.620325,1711.7,0.20029901,1
73623.620325,1711.7,0.001,1
73623.673134,1711.61,0.00289122,-1
73623.965188,1711.6,0.00000045,1
73623.964021,1711.6,0.033525,1
73623.964021,1711.6,0.001,1
73624.074604,1711.51,0.04914385,-1
73624.011655,1711.51,0.00171878,-1
73624.82705,1711.51,0.20772209,-1
73626.44199,1711.48,0.56764297,1
73626.441917,1711.48,1.89213797,1
73626.441452,1711.48,8.01933432,1
73626.441452,1711.5,0.03281213,1
73626.441452,1711.5,0.001,1
73627.12398,1711.37,0.0735106,1
73627.12391,1711.37,0.07251061,1
73627.12391,1711.4,0.001,1
73627.504663,1711.3,0.165885,1
73627.504663,1711.3,0.001,1
73628.4078,1711.2,0.000755,1
73628.4078,1711.2,0.001,1
73628.497236,1711.1,1.575,1
73628.468695,1711.1,0.313,1
73628.468695,1711.1,0.001,1
73628.429628,1711.19,0.07301063,1
73628.429268,1711.19,0.07301058,1
73628.429268,1711.2,0.00000006,1
73629.294809,1711.01,0.00577436,-1
73630.143251,1711.11,0.01661864,-1
73633.181744,1711.11,0.27709426,-1
73634.98178,1711.16,0.0328426,1
73637.868314,1711.19,0.05832378,-1
73637.868314,1711.19,0.87658296,-1
73638.148392,1711.29,0.076305,1
73638.394823,1711.21,0.00297654,1
73640.629367,1711.2,0.0258736,1
73643.087049,1711.26,0.00752104,-1
73643.447766,1711.26,0.01552236,-1
73645.026618,1711.22,0.22171571,-1
73647.293546,1711.23,0.05543037,-1
73648.067285,1711.29,0.03147997,-1
73648.950887,1711.29,0.00111081,-1
73650.098824,1711.19,0.00357015,1
73650.098824,1711.2,0.297,1
73650.098824,1711.28,1.06425163,1
73650.098824,1711.28,0.00114032,1
73650.098824,1711.28,0.12746341,1
73651.303438,1711.36,0.00718879,-1
73651.303438,1711.34,0.05832378,-1
73651.303438,1711.3,0.001,-1
73653.98374,1711.4,0.05442908,-1
73653.98374,1711.4,0.001,-1
73655.628734,1711.47,0.00409068,-1
73656.139732,1711.47,0.00830671,-1
73657.464377,1711.47,0.0070863,-1
73657.889984,1711.47,0.00055537,-1
73658.514746,1711.47,0.00289231,-1
73659.608015,1711.46,0.08852091,1
73660.787986,1711.47,0.0005958,-1
73660.93567,1711.47,0.00554178,-1
73661.707225,1711.46,0.00074928,1
73661.707225,1711.46,1.0325878,1
73661.707225,1711.46,0.15702512,1
73661.707225,1711.46,0.1265688,1
73661.829373,1711.38,0.2,1
73661.829373,1711.38,0.1,1
73661.861488,1711.38,0.4,1
73661.861488,1711.38,1.5905,1
73662.497984,1711.47,0.04338553,-1
73662.967711,1711.47,0.11517446,-1
73662.967711,1711.47,0.01497681,-1
73663.576508,1711.46,0.159579,1
73663.564198,1711.46,0.00451846,1
73664.055862,1711.4,0.02770776,-1
73664.227377,1711.4,0.02839033,-1
73664.153901,1711.4,0.01144746,-1
73664.746277,1711.39,0.06026983,1
73664.74562,1711.39,0.06026983,1
73665.148176,1711.2,1.575,1
73665.148176,1711.2,0.001,1
73665.733851,1711.34,0.18639308,-1
73665.733851,1711.33,0.88560625,-1
73665.733851,1711.32,0.05836234,-1
73665.733851,1711.28,0.23819149,-1
73665.892818,1711.24,0.0015908,-1
73666.457351,1711.47,0.48482554,-1
73666.457351,1711.46,0.05836234,-1
73666.457351,1711.4,0.001,-1
73667.769392,1711.57,0.15140425,-1
73667.769392,1711.5,0.001,-1
73669.226625,1711.6,0.001,-1
73669.830988,1711.76,0.19999378,-1
73669.830988,1711.75,0.87629728,-1
73669.830988,1711.7,0.001,-1
73672.171881,1711.8,0.001,-1
73672.264095,1711.89,0.00000584,1
73672.254253,1711.89,0.00072434,1
73672.609036,1711.61,0.54504332,1
73672.573953,1711.69,0.25,1
73672.573466,1711.69,0.25,1
73672.56725,1711.72,0.00075031,1
73672.56725,1711.72,0.13303904,1
73672.567087,1711.72,0.69630454,1
73672.567087,1711.79,0.00000001,1
73672.563478,1711.79,0.5625152,1
73672.563264,1711.79,0.5625152,1
73672.554682,1711.89,0.4,1
73672.554682,1711.89,0.55160166,1
73672.554007,1711.89,0.24839834,1
73672.554007,1711.89,0.05836234,1
73672.554007,1711.89,1.16838494,1
73672.552977,1711.9,0.20744289,-1
73672.552977,1711.9,0.001,-1
73672.81891,1711.62,0.04309864,1
73672.81859,1711.62,0.04309864,1
73672.790847,1711.63,0.79525,1
73672.79065,1711.63,0.79525,1
73672.915631,1711.62,0.20417842,1
73672.915453,1711.62,0.1318488,1
73672.915453,1711.62,0.07232962,1
73672.912634,1711.62,0.07764152,1
73672.912634,1711.62,0.11235203,1
73672.912074,1711.62,0.03830633,1
73672.912074,1711.62,0.04328392,1
73672.912074,1711.62,0.04218528,1
73672.912074,1711.62,0.05836234,1
73672.912074,1711.62,0.00785568,1
73672.909353,1711.62,0.07232962,1
73672.908713,1711.62,0.07232962,1
73672.905837,1711.62,0.15168722,1
73672.905462,1711.62,0.15168722,1
73672.961143,1711.62,0.54121399,1
73672.960964,1711.62,0.54121399,1
73672.954946,1711.62,0.69289733,1
73672.954946,1711.62,0.07759033,1
73672.954946,1711.62,0.13694881,1
73672.954946,1711.62,0.60822241,1
73672.954821,1711.62,0.1343685,1
73672.954821,1711.62,0.1423176,1
73672.954821,1711.62,1.23897278,1
73673.03229,1711.63,0.00111067,-1
73675.406969,1711.73,0.01108195,-1
73677.832881,1711.74,0.00289195,-1
73678.157404,1711.74,0.87340935,-1
73678.697288,1711.89,0.00000093,1
73678.998648,1711.9,0.001,-1
73678.983584,1711.89,0.0047204,1
73680.396069,1712.18,0.00458666,-1
73680.396069,1712.1,0.001,-1
73680.396069,1712,0.001,-1
73680.848828,1712.19,0.00159074,-1
73682.510181,1712.24,0.11467177,-1
73682.510181,1712.2,0.001,-1
73683.223625,1712.27,0.87603006,-1
73683.530218,1712.29,0.22569472,1
73686.135093,1712.5,0.001,-1
73686.135093,1712.4,0.001,-1
73686.135093,1712.3,0.001,-1
73686.957508,1712.65,0.88560625,-1
73686.957508,1712.6,0.001,-1
73686.957508,1712.59,0.11220406,-1
73688.229507,1712.69,0.0583618,1
73688.229507,1712.69,0.9817502,1
73688.794404,1712.69,0.29492668,1
73689.292474,1712.74,0.02670776,-1
73689.292474,1712.7,0.001,-1
73691.320461,1712.69,0.47431489,1
73691.320461,1712.69,0.05836234,1
73691.320461,1712.73,0.00105012,1
73693.42705,1712.51,0.45060749,1
73693.42705,1712.51,0.21076217,1
73693.42705,1712.51,0.05836234,1
73694.112754,1712.51,0.37511578,1
73694.112754,1712.51,0.05836234,1
73694.229192,1712.64,0.04154102,-1
73695.282311,1712.64,0.00119405,1
73699.366152,1712.66,0.03919616,-1
73699.893741,1712.65,0.11077529,-1
73700.579253,1712.77,0.00000024,1
73700.57788,1712.77,0.35209,1
73700.667924,1712.66,0.41550599,1
73700.667924,1712.66,0.00000001,1
73700.639049,1712.66,0.05836233,1
73700.639049,1712.66,0.41550667,1
73700.8509,1712.4,0.001,1
73700.8509,1712.41,0.5,1
73700.8509,1712.5,0.001,1
73701.447938,1712.31,0.00289029,-1
73702.382578,1712.36,0.00000583,1
73703.809982,1712.44,0.0096472,-1
73704.216998,1712.41,0.1459697,1
73704.216998,1712.41,0.25440986,1
73704.216998,1712.41,0.00078244,1
73704.346662,1712.22,0.05836234,1
73704.343163,1712.22,7.9578683,1
73704.343163,1712.3,0.001,1
73704.539827,1712.2,0.00058973,1
73705.876369,1712.2,0.27518473,1
73705.876369,1712.2,0.00041027,1
73706.172287,1712.12,0.00563643,-1
73707.728634,1712.3,0.00085463,-1
73707.728634,1712.29,0.01409948,-1
73707.715416,1712.29,0.04426286,-1
73708.280098,1712.29,0.00707795,1
73708.819846,1712.3,0.00830825,-1
73710.445845,1712.3,0.01278377,-1
73712.454815,1712.32,0.01938524,-1
73713.694252,1712.36,0.75563766,-1
73713.694252,1712.34,1.186,-1
73713.694252,1712.32,0.05836234,-1
73714.26582,1712.29,0.0170271,-1
73714.448731,1712.29,0.07755398,-1
73715.316576,1712.31,0.05781682,-1
73718.063767,1712.29,0.04256436,-1
73718.741421,1712.3,0.01418837,-1
73719.322521,1712.18,0.0471744,1
73719.314519,1712.21,0.4,1
73719.314519,1712.21,0.14600075,1
73719.314519,1712.28,0.00087085,1
73719.314519,1712.28,0.10691021,1
73719.314519,1712.28,0.35118392,1
73719.821937,1712.11,0.57559198,-1
73719.821937,1712.11,0.42440802,-1
73720.01872,1712.11,0.01134934,-1
73720.380595,1712.11,0.00289081,-1
73720.674522,1712.11,0.02769401,-1
73721.39307,1712.11,0.00851056,-1
73721.629847,1712.11,0.00578163,-1
73721.539911,1712.1,0.108182,1
73721.539911,1712.1,0.001,1
73721.535693,1712.11,0.01384692,-1
73721.708783,1712.02,0.18197,1
73721.802059,1712,0.236571,1
73721.802059,1712,0.001,1
73722.058915,1711.91,0.00289087,-1
73722.461535,1711.91,0.0136159,-1
73723.279787,1711.91,0.0033245,-1
73723.618652,1711.91,0.00289081,-1
73723.887171,1711.9,0.075989,1
73723.887171,1711.9,0.001,1
73723.953117,1711.9,0.00000081,1
73724.010033,1711.8,0.236361,1
73724.010033,1711.8,0.001,1
73726.818514,1711.73,0.08608883,1
73726.818514,1711.73,0.55068717,1
73727.246769,1711.73,0.01134934,-1
73728.278801,1711.72,0.12927766,1
73728.278801,1711.72,0.55037434,1
73728.925046,1711.72,0.22706427,-1
73731.937155,1711.74,0.02770226,-1
73732.304416,1711.74,0.01503672,-1
73732.747938,1711.73,0.0138511,1
73732.747938,1711.73,0.00078609,1
73732.747938,1711.73,0.11067017,1
73732.747938,1711.73,0.39347064,1
73734.872338,1711.7,0.047,1
73734.872338,1711.7,0.001,1
73735.002765,1711.7,0.22102937,1
73735.002765,1711.7,0.05810733,1
73736.506842,1711.71,0.01108142,-1
73737.616235,1711.72,0.87631154,-1
73740.768362,1711.72,0.02476204,-1
73740.768362,1711.71,0.05835391,-1
73741.28824,1711.71,0.106016,1
73741.490008,1711.71,0.01445922,-1
73741.721529,1711.7,0.09585628,1
73741.721529,1711.7,0.001,1
73741.721529,1711.7,0.00492672,1
73741.708803,1711.7,0.03445949,1
73742.883051,1711.63,0.104368,1
73742.818094,1711.7,0.135247,1
73743.120329,1711.46,0.04498632,1
73743.113796,1711.5,0.241,1
73743.113796,1711.5,1.575,1
73743.113796,1711.5,0.001,1
73743.048301,1711.6,0.03851927,1
73743.046862,1711.6,0.03751926,1
73743.046862,1711.6,0.001,1
73743.595605,1711.61,0.03325043,-1
73745.997953,1711.6,0.00081027,1
73745.997953,1711.6,0.07259673,1
73746.050182,1711.54,0.00057259,-1
73746.326579,1711.53,0.0086766,-1
73749.357437,1711.57,0.01445973,-1
73749.351159,1711.56,0.125257,1
73749.858969,1711.52,0.03047426,-1
73750.1412,1711.54,0.05541353,-1
73752.089289,1711.35,1.575,1
73752.070253,1711.34,34.33674419,1
73752.070253,1711.35,0.30277805,1
73752.063034,1711.4,0.001,1
73752.063034,1711.5,0.001,1
73752.061386,1711.54,0.05394798,1
73752.06108,1711.54,0.05394798,1
73752.182558,1711.34,0.39999995,1
73752.182558,1711.34,1.575,1
73752.182558,1711.34,0.00000005,1
73752.153376,1711.34,0.302778,1
73754.292705,1711.37,0.01385291,-1
73755.817122,1711.37,0.11361043,1
73755.893155,1711.39,0.25946067,-1
73755.893155,1711.39,1.16860031,-1
73755.893155,1711.38,0.88560625,-1
73755.997164,1711.39,0.00002892,-1
73756.409114,1711.49,2.92143103,-1
73756.408644,1711.51,0.14606472,-1
73756.408644,1711.5,0.05835391,-1
73756.407879,1711.42,1.16860031,-1
73756.407768,1711.39,0.87648052,-1
73756.407768,1711.39,0.28297818,-1
73756.40423,1711.39,0.05662182,-1
73759.784004,1711.19,0.30375199,1
73759.784004,1711.19,0.035121,1
73759.784004,1711.2,7.38005202,1
73759.784004,1711.2,0.229,1
73759.784004,1711.2,0.001,1
73759.784004,1711.21,4.25090997,1
73759.784004,1711.22,0.4,1
73759.784004,1711.24,0.19999173,1
73759.784004,1711.27,1.575,1
73759.784004,1711.27,7.38005202,1
73759.784004,1711.29,0.36339545,1
73759.784004,1711.3,0.4,1
73759.784004,1711.3,0.229,1
73759.784004,1711.3,0.001,1
73759.784004,1711.31,0.4,1
73759.784004,1711.33,1.16851911,1
73759.784004,1711.34,7.38005202,1
73759.784004,1711.35,2.43537172,1
73759.784004,1711.4,11.68517794,1
73759.784004,1711.41,6.52987307,1
73759.784004,1711.42,1.46068139,1
73759.784004,1711.45,1.09712053,1
73759.784004,1711.45,1.575,1
73759.784004,1711.45,0.00075334,1
73759.784004,1711.45,0.12222863,1
73759.784004,1711.45,0.05835391,1
73759.784004,1711.45,1.08870108,1
73759.784004,1711.45,0.19702919,1
73761.300312,1711.32,0.106581,1
73761.237556,1711.34,0.120146,1
73762.429646,1711.21,0.07751209,1
73762.429646,1711.21,0.05835391,1
73762.828905,1711.2,0.0028713,1
73762.828905,1711.2,0.001,1
73762.9279,1711.2,0.11472848,1
73762.9279,1711.2,0.5561122,1
73762.9279,1711.2,0.00000032,1
73762.888046,1711.2,0.22899968,1
73762.888046,1711.2,0.00000032,1
73762.851197,1711.2,0.55655578,1
73762.851197,1711.2,0.11472922,1
73763.041775,1711.2,0.229,1
73763.026886,1710.96,5.77209151,1
73763.026886,1711,0.05,1
73763.026886,1711,0.02857147,1
73763.026886,1711,0.001,1
73763.026886,1711.02,0.87666663,1
73763.026886,1711.04,0.03476979,1
73763.026886,1711.06,0.5,1
73763.026886,1711.07,0.4,1
73763.026886,1711.08,1.46074965,1
73763.026886,1711.08,0.2,1
73763.026886,1711.08,0.1,1
73763.026886,1711.1,0.229,1
73763.026886,1711.1,0.001,1
73763.026886,1711.12,1.16858453,1
73763.026886,1711.13,0.14606472,1
73763.026886,1711.14,0.20011217,1
73763.026886,1711.14,0.2000638,1
73763.026886,1711.17,0.05835391,1
73763.026886,1711.17,0.5562244,1
73763.026886,1711.2,1.575,1
73763.026886,1711.2,0.00000074,1
73763.449646,1711.16,0.06539761,-1
73763.896928,1711.02,0.10622572,1
73764.598689,1711.06,0.02427318,-1
73767.072212,1711.18,0.00056492,1
73768.164709,1711.27,0.04673453,1
73769.117235,1711.27,0.01939781,-1
73769.160566,1711.27,0.0637247,-1
73772.37483,1711.23,0.00000584,1
73773.874164,1711.27,0.01108569,-1
73775.088985,1711.27,0.00814648,-1
73777.145497,1711.06,1.55318443,1
73777.145497,1711.1,0.87662524,1
73777.145497,1711.1,0.229,1
73777.145497,1711.11,0.66005827,1
73777.145497,1711.17,0.1460946,1
73777.145497,1711.18,0.14607155,1
73777.145497,1711.22,1.16856991,1
73777.145497,1711.23,0.78484095,1
73777.145497,1711.24,0.05835391,1
73777.145497,1711.26,0.13365127,1
73777.145497,1711.26,0.00090092,1
73780.662852,1711.2,0.00057852,-1
73781.339399,1711.21,0.02993251,-1
73781.768995,1711.21,0.00124381,-1
73782.358787,1711.17,0.00811915,-1
73783.369609,1711.17,0.00289259,-1
73783.762976,1711.2,0.00578518,-1
73784.296755,1711.15,0.12782809,1
73784.296755,1711.15,0.05835391,1
73787.512866,1711.21,0.09025178,1
73787.512866,1711.22,0.14263802,1
73787.512866,1711.22,0.05835391,1
73787.512866,1711.25,0.00080997,1
73789.328554,1711.22,0.02771229,-1
73790.950725,1711.23,0.04656183,-1
73791.497086,1711.26,0.108265,1
73794.81324,1711.2,0.00000001,1
73794.812774,1711.2,0.07304645,1
73794.812481,1711.2,0.07304558,1
73794.812481,1711.23,0.00000087,1
73794.804267,1711.23,0.105663,1
73799.037127,1711.09,0.22171052,-1
73800.775188,1711.05,0.00167135,1
73801.201695,1711.06,0.01108466,-1
73801.478398,1710.7,0.5,1
73801.478398,1710.7,0.001,1
73801.429791,1710.76,0.06953958,1
73801.427733,1710.79,0.03442209,1
73801.427733,1710.8,0.001,1
73801.416316,1710.9,0.001,1
73801.346973,1711,0.001,1
73801.328327,1711.05,0.00080942,1
73801.328327,1711.05,0.0886888,1
73801.536122,1710.61,0.11570625,-1
73801.694393,1710.6,0.001,1
73801.793169,1710.52,0.05897713,1
73801.793169,1710.52,0.00078487,1
73801.946731,1710.5,0.111246,1
73801.946731,1710.5,0.001,1
73802.177691,1710.42,0.14523509,1
73802.177691,1710.42,0.05835391,1
73802.863634,1710.4,0.11809964,1
73802.863634,1710.4,0.001,1
73802.863634,1710.4,0.20001036,1
73803.036937,1710.31,0.058353,1
73803.684277,1710.48,1.16922833,-1
73803.684277,1710.47,0.05835391,-1
73803.683408,1710.42,0.87697758,-1
73803.683027,1710.41,7.38005202,-1
73803.683027,1710.4,2.87367136,-1
73804.37075,1710.7,0.028174,-1
73804.37075,1710.6,0.001,-1
73805.356989,1710.62,0.11658448,1
73805.356989,1710.62,0.24598852,1
73805.591797,1710.61,0.0028942,-1
73805.696076,1710.55,0.00831417,-1
73805.93655,1710.53,0.122734,1
73805.835465,1710.54,0.00057884,-1
73806.028537,1710.52,0.115464,1
73807.282304,1709.96,1.11542494,1
73807.282304,1710.19,0.5,1
73807.277264,1710,0.19288078,1
73807.273474,1710,0.20558469,1
73807.273474,1710,0.05,1
73807.273474,1710,0.001,1
73807.273474,1710.01,0.88560625,1
73807.273474,1710.03,1.575,1
73807.273474,1710.05,1,1
73807.273474,1710.1,4.71030587,1
73807.272883,1710.1,1.35861583,1
73807.272562,1710.1,1.31113032,1
73807.272562,1710.1,0.001,1
73807.272562,1710.11,0.48424444,1
73807.272015,1710.11,0.38350674,1
73807.272015,1710.12,4.25090997,1
73807.272015,1710.12,0.10111319,1
73807.272015,1710.13,0.88560625,1
73807.272015,1710.18,1.19999985,1
73807.272015,1710.18,0.00075729,1
73807.272015,1710.19,1.501,1
73807.272015,1710.2,0.05,1
73807.272015,1710.2,0.001,1
73807.272015,1710.21,0.1,1
73807.272015,1710.21,0.2,1
73807.272015,1710.21,1.51907127,1
73807.272015,1710.22,0.22666494,1
73807.271277,1710.22,3.07695844,1
73807.270946,1710.22,7.90303546,1
73807.270946,1710.23,1.575,1
73807.270946,1710.23,0.19999289,1
73807.270946,1710.24,3.18749824,1
73807.270904,1710.24,1.06341173,1
73807.270904,1710.27,6.90536035,1
73807.270258,1710.27,4.30129849,1
73807.270258,1710.28,5.31514041,1
73807.269845,1710.28,0.03078484,1
73807.269845,1710.28,1.4133115,1
73807.269845,1710.3,0.001,1
73807.269357,1710.32,0.8770252,1
73807.268698,1710.39,1.16922324,1
73807.268698,1710.4,0.69802627,1
73807.268698,1710.4,0.001,1
73807.268698,1710.42,0.08793978,1
73807.268698,1710.42,0.05835391,1
73807.32377,1709.5,8.92546287,1
73807.32377,1709.5,0.001,1
73807.32377,1709.51,4.03786,1
73807.32377,1709.6,0.001,1
73807.32377,1709.62,1.67593161,1
73807.32377,1709.67,0.13352991,1
73807.32377,1709.69,0.26705981,1
73807.32377,1709.7,0.001,1
73807.32377,1709.71,0.16014806,1
73807.32377,1709.79,0.06676495,1
73807.32377,1709.8,0.91187,1
73807.317416,1709.8,0.08758,1
73807.305936,1709.8,0.00055,1
73807.305936,1709.8,0.001,1
73807.305936,1709.8,0.05,1
73807.294585,1709.85,0.03338248,1
73807.294585,1709.9,0.001,1
73807.294585,1709.91,0.05838904,1
73807.294585,1709.93,2.15184688,1
73807.294026,1709.93,0.14944,1
73807.530086,1709.62,0.588448,1
73807.672078,1710.09,0.192,-1
73807.612566,1709.94,0.870786,1
73807.592867,1709.81,0.05835391,-1
73807.592867,1709.81,0.048,-1
73807.579473,1709.76,0.588448,1
73807.719351,1710.19,0.05337104,-1
73807.696919,1710.19,1.14662896,-1
73807.696919,1710.15,1.670083,-1
73807.696919,1710.13,1.19978075,-1
73807.956956,1710.67,1.451,-1
73807.910154,1710.48,0.00017537,1
73807.909189,1710.51,0.05787105,-1
73807.890895,1710.51,1.575,-1
73807.890895,1710.5,0.001,-1
73807.887539,1710.47,1.195,-1
73807.875152,1710.41,0.096,-1
73807.875152,1710.39,0.048,-1
73807.853871,1710.33,0.00087738,-1
73808.017989,1710.66,0.15883104,-1
73808.014085,1710.66,0.15883104,-1
73808.010747,1710.65,0.57541686,-1
73808.007484,1710.65,0.13364075,-1
73807.989004,1710.65,0.86594239,-1
73808.226478,1710.75,0.03,-1
73808.128699,1710.7,0.265,-1
73808.128699,1710.7,0.001,-1
73808.249243,1710.74,0.07941552,-1
73808.244566,1710.75,1.23079117,-1
73808.244566,1710.75,0.12883104,-1
73808.424325,1710.9,0.001,-1
73808.424325,1710.82,0.999,-1
73808.423185,1710.82,0.001,-1
73808.423185,1710.8,1,-1
73808.423185,1710.8,0.001,-1
73808.555698,1711.08,0.24946362,-1
73808.555698,1711,0.001,-1
73808.821304,1711.09,1.12609608,1
73808.821304,1711.09,1.07079192,1
73808.853024,1711.09,1.07630359,1
73808.853024,1711.09,0.00000041,1
73808.999772,1710.92,0.058353,1
73809.118573,1710.45,1.488,1
73809.078881,1710.8,0.001,1
73809.078772,1710.83,0.05835391,1
73809.033857,1710.92,0.07260812,1
73809.17822,1710.37,0.04,1
73809.359715,1710.31,0.036775,1
73809.538251,1710.26,0.560292,1
73810.831637,1710.28,1,-1
73810.934292,1710.32,1,-1
73811.039954,1710.34,0.31985376,-1
73812.119099,1710.34,0.07148272,1
73812.122663,1710.1,0.001,1
73812.122663,1710.1,0.265,1
73812.122663,1710.11,0.15807429,1
73812.121699,1710.27,0.00353006,1
73812.311279,1710.02,0.93498085,-1
73814.541384,1710.02,0.01170971,-1
73814.637998,1710.02,0.09631889,-1
73814.637998,1710.02,0.93498,-1
73814.637998,1710.02,0.05330944,-1
73815.794787,1710.06,1,-1
73815.794787,1710.06,0.07996344,-1
73815.794787,1710.06,0.07996344,-1
73815.783238,1709.86,3.92559131,1
73815.783238,1709.87,3.51290554,1
73815.783238,1709.9,0.15807429,1
73815.783238,1709.9,0.251,1
73815.783238,1709.9,0.001,1
73815.783238,1709.91,0.1536,1
73815.783238,1709.91,0.01947403,1
73815.783238,1709.99,0.15807429,1
73815.783238,1710,0.251,1
73815.783238,1710,0.001,1
73815.783238,1710.08,0.1987152,1
73815.783238,1710.08,0.05835391,1
73815.783238,1710.08,1.575,1
73815.783238,1710.08,0.98440054,1
73815.783238,1710.08,0.0008123,1
73816.123087,1710.07,4.01995383,-1
73816.134005,1710.08,0.01171,-1
73816.134005,1710.08,0.98829,-1
73816.281556,1710.21,0.00000584,1
73816.270862,1710.26,0.01434284,1
73816.231631,1710.09,0.00492414,-1
73817.975467,1710.3,0.0631682,-1
73817.965967,1710.3,0.9368318,-1
73817.965967,1710.3,0.001,-1
73817.922825,1710.29,0.00705846,1
73818.193168,1710.4,0.001,-1
73818.834756,1710.44,1,-1
73819.795287,1710.5,0.0103646,-1
73819.795287,1710.5,0.001,-1
73820.111425,1710.49,0.21976763,1
73820.542362,1710.25,0.01996381,-1
73820.901846,1710.25,0.06998445,-1
73822.165424,1710.25,0.01234589,1
73823.811595,1710.26,0.01036,-1
73823.811595,1710.26,0.0603082,-1
73823.728121,1710.26,0.9206636,-1
73823.728116,1710.26,0.0086636,-1
73824.362469,1710.49,0.0173,1
73826.391918,1710.5,0.0004592,-1
73827.672907,1710.5,0.78487779,-1
73827.672907,1710.5,0.0005408,-1
73829.541577,1710.49,0.058465,1
73830.368955,1710.5,0.01250161,-1
73830.637376,1710.5,0.02901976,-1
73831.383173,1710.54,0.35742188,-1
73831.335548,1710.5,0.04152,-1
73831.335548,1710.5,0.5,-1
73831.335548,1710.5,0.78487,-1
73831.335548,1710.5,0.17360084,-1
73832.692284,1710.6,0.35742,-1
73832.692284,1710.6,0.28515812,-1
73832.692284,1710.6,0.35742,-1
73832.692284,1710.6,0.001,-1
73832.993791,1710.67,0.00006431,1
73833.06309,1710.68,0.11572266,-1
73833.293157,1710.7,0.001,-1
73833.284609,1710.68,0.19084501,-1
73833.258002,1710.68,0.69343233,-1
73833.403357,1710.8,0.001,-1
73833.403357,1710.79,0.19755562,-1
73833.403357,1710.79,0.19915542,-1
73833.403357,1710.78,1,-1
73833.399811,1710.75,0.19999907,-1
73833.711468,1710.9,0.25496343,-1
73833.711468,1710.9,0.001,-1
73834.896693,1710.85,0.00528764,1
73835.061567,1710.76,0.02772347,-1
73835.038025,1710.85,0.00120243,1
73835.038025,1710.85,0.53367206,1
73835.864467,1710.75,0.0143074,-1
73837.693034,1710.78,1,-1
73837.692298,1710.76,1,-1
73838.305038,1710.94,0.73266941,-1
73838.465722,1710.94,0.02893327,-1
73838.792906,1710.94,0.064484,-1
73841.262018,1711.07,7.38005202,-1
73841.261014,1711,0.001,-1
73841.258237,1710.96,1,-1
73841.254368,1710.94,0.06448,-1
73841.254368,1710.94,0.7616,-1
73841.254368,1710.94,0.17391332,-1
73841.281585,1711.11,0.08045416,-1
73841.269833,1711.1,0.001,-1
73841.56581,1711.2,0.26146378,-1
73841.56581,1711.2,0.001,-1
73842.585494,1711.2,0.05680423,-1
73844.257705,1711.2,0.00102538,-1
73844.569329,1711.2,0.0198817,-1
73846.364436,1711.19,0.29035838,1
73848.347336,1711.2,0.02932626,-1
73851.918838,1711.2,0.00178736,-1
73855.017568,1711.19,0.31190515,1
73855.017568,1711.19,0.05835391,1
73857.599083,1711.1,0.64870129,1
73857.598681,1711.11,0.80268298,1
73857.598222,1711.17,0.21690143,1
73857.595507,1711.19,0.05835391,1
73857.595507,1711.19,0.00075026,1
73857.595507,1711.19,0.4529032,1
73857.595307,1711.19,0.7156835,1
73857.595307,1711.19,0.29714206,1
73857.661111,1711.04,0.25,1
73857.661107,1711.04,0.25,1
73857.880249,1711.06,0.03536116,1
73859.422148,1711.06,0.00057276,-1
73859.732275,1711.05,0.00352282,1
73860.373181,1711.06,0.01374765,-1
73860.373181,1711.06,0.04494635,-1
73861.666334,1711.06,0.00276625,-1
73863.223803,1711.06,0.86575824,-1
73863.341247,1711.07,0.022,1
73863.331469,1711.08,0.89736511,-1
73863.331469,1711.06,0.00277,-1
73863.331469,1711.06,0.01374,-1
73863.331469,1711.06,0.11772786,-1
73863.458355,1711.1,0.10263489,-1
73863.766752,1711.2,0.27125644,-1
73863.766752,1711.2,0.001,-1
73864.005799,1711.22,1,-1
73864.005799,1711.2,0.72874356,-1
73864.590152,1711.29,0.16934641,1
73864.590047,1711.29,0.26740009,1
73864.590047,1711.29,0.00096188,1
73864.590047,1711.29,1.16853803,1
73864.968503,1711.22,0.03330996,-1
73865.08819,1711.22,0.0005554,-1
73866.591381,1711.18,0.01753171,1
73866.70488,1711.19,0.0277144,-1
73866.965976,1711.2,0.01157076,-1
73867.604894,1711.2,0.02771213,-1
73868.885533,1711.01,0.00554243,-1
73869.29024,1711,0.47513869,1
73869.29024,1711,0.001,1
73869.396297,1710.91,0.00000584,-1
73869.383887,1710.91,0.00893319,-1
73869.899104,1710.91,0.05543458,-1
73871.103068,1710.91,0.00609783,-1
73871.279248,1710.91,0.00621346,-1
73871.711447,1710.9,0.00958718,1
73871.711447,1710.9,0.001,1
73872.512286,1710.82,0.25440759,-1
73872.512286,1710.82,0.02275955,-1
73873.717652,1710.82,0.02383604,-1
73875.217311,1710.8,0.088649,1
73875.217311,1710.8,0.001,1
73875.817795,1710.74,0.12194495,-1
73877.677154,1710.67,0.28919194,1
73877.672993,1710.67,0.01891535,1
73877.672993,1710.7,0.001,1
73877.672993,1710.73,0.00075237,1
73877.672993,1710.73,0.29987737,1
73878.860732,1710.61,0.11671495,1
73879.315826,1710.61,0.04386788,-1
73879.315826,1710.61,0.06973725,-1
73882.436396,1710.64,0.00000495,-1
73882.436396,1710.62,0.8437,-1
73882.436396,1710.62,0.02384,-1
73882.436396,1710.62,0.13245505,-1
73883.645068,1710.7,0.99999505,-1
73883.643954,1710.68,0.02581868,-1
73883.641551,1710.68,0.97418132,-1
73883.641551,1710.68,0.05835391,-1
73884.118233,1711.04,0.02420116,-1
73884.118233,1711,0.251,-1
73884.118233,1711,0.001,-1
73884.118233,1710.9,0.001,-1
73885.102708,1711.04,0.00969156,-1
73885.102708,1710.99,0.03486863,-1
73886.348861,1710.98,0.00885618,1
73887.364218,1711.05,0.29053278,-1
73887.364218,1711.03,0.05835391,-1
73887.364218,1711.02,0.01743431,-1
73889.690773,1710.92,0.00011572,-1
73893.541174,1711.2,0.001,-1
73893.541174,1711.1,0.001,-1
73898.6276,1711.24,0.19348333,1
73898.596895,1711.24,0.00111074,1
73898.596895,1711.24,0.19348333,1
73898.596895,1711.24,1.00885821,1
73898.596895,1711.24,0.27385372,1
73899.010761,1711.1,0.176427,1
73899.606349,1711.13,0.00291183,-1
73899.606349,1711.12,0.0086593,-1
73901.176997,1711.1,0.0716,1
73901.239047,1711.08,0.08743,1
73901.628882,1711.05,0.077341,1
73901.569655,1711.06,0.02406434,-1
73901.569655,1711.06,0.00108241,-1
73901.569655,1711.06,0.00324723,-1
73901.687637,1711.01,0.09583309,1
73901.687637,1711.01,0.05835391,1
73901.86858,1711,0.085153,1
73901.86858,1711,0.001,1
73902.087207,1710.96,0.095716,1
73902.196608,1710.95,1.168629,1
73902.146878,1710.95,0.117292,1
73902.275548,1710.95,1.168629,1
73902.242974,1710.95,1.168629,1
73906.179984,1711.25,0.00177139,-1
73906.179984,1711.2,0.001,-1
73906.730763,1711.25,0.00289284,-1
73906.825875,1711.28,0.048,-1
73906.825875,1711.25,0.29490182,-1
73906.808248,1711.25,0.00043395,-1
73909.384686,1711.4,0.001,-1
73909.384686,1711.3,0.001,-1
73911.487171,1711.45,0.02892944,-1
73912.452269,1711.45,0.05679593,-1
73912.840168,1711.44,0.11690881,1
73914.450429,1711.44,0.00000584,1
73914.674295,1711.6,0.16868127,-1
73914.674295,1711.6,0.001,-1
73914.674295,1711.5,0.001,-1
73914.674295,1711.45,0.11329837,-1
73916.286558,1711.67,0.00554226,-1
73916.834951,1711.76,0.01197069,-1
73916.834951,1711.7,0.001,-1
73916.834951,1711.67,0.04245774,-1
73917.147269,1711.74,0.08650896,-1
73917.147269,1711.67,0.00108241,-1
73917.147269,1711.67,0.00108242,-1
73917.80007,1711.6,0.00129197,1
73917.80007,1711.6,0.10021303,1
73917.917626,1711.56,0.598917,1
73917.858229,1711.58,0.097867,1
73919.147231,1711.6,0.378913,1
73919.147231,1711.6,0.227,1
73920.695796,1711.62,0.30054091,-1
73921.063202,1711.79,1.16845442,1
73921.063202,1711.79,0.00000058,1
73921.027281,1711.79,0.38677579,1
73921.027281,1711.79,1.16845521,1
73922.434178,1711.8,0.001,-1
73928.480271,1711.9,0.5,-1
73928.480271,1711.9,0.5,-1
73928.480271,1711.9,0.001,-1
73929.386282,1712,0.00065134,-1
73930.134507,1712,0.00332358,-1
73930.134507,1712,0.00034866,-1
73937.765757,1712.3,0.001,-1
73937.765757,1712.2,0.001,-1
73937.765757,1712.1,0.001,-1
73938.752552,1712.2,0.05835602,1
73938.740476,1712.25,0.32643619,1
73938.740476,1712.25,0.0012297,1
73938.740476,1712.25,1.16810849,1
73938.740476,1712.28,0.22486476,1
73938.740476,1712.28,0.22486477,1
73938.738168,1712.33,0.28857585,1
73940.394235,1712.1,0.00000584,1
73943.630166,1712.22,0.00388345,1
73943.998396,1712.19,0.321833,1
73944.081637,1712.17,0.261265,1
73944.397554,1712.11,0.00000584,1
73944.46068,1712.11,0.21649082,1
73944.46068,1712.11,0.05835018,1
73944.646923,1712.11,0.0113508,-1
73945.443732,1712.13,0.01113837,1
73946.468766,1712.19,0.00553948,-1
73946.877184,1712.17,0.05835537,1
73946.877184,1712.17,0.41487563,1
73947.21689,1712.12,0.058356,1
73947.338122,1712.1,0.30713684,1
73947.338122,1712.1,0.00099416,1
73947.258246,1712.12,0.37442398,1
73947.258246,1712.12,0.00000002,1
73948.01251,1712.11,0.18713944,1
73948.01251,1712.11,0.225799,1
73949.373817,1712.16,0.335466,1
73949.917433,1712.11,0.00289109,-1
73951.588004,1712.15,0.0138487,-1
73953.106041,1712.21,0.0249265,-1
73954.410383,1712.55,0.03715049,-1
73954.410383,1712.5,0.001,-1
73954.410383,1712.49,0.048,-1
73954.410383,1712.4,0.001,-1
73954.410383,1712.3,0.001,-1
73956.694084,1712.53,0.2381216,1
73956.694084,1712.53,0.1322871,1
73957.074242,1712.59,0.01250126,-1
73957.785813,1712.37,0.85789485,1
73957.785635,1712.37,1.0823256,1
73957.785635,1712.37,0.5,1
73957.784786,1712.39,0.51037253,1
73957.781052,1712.44,0.00000009,1
73957.773533,1712.44,0.19161898,1
73957.773533,1712.44,0.00000002,1
73957.736697,1712.44,0.058356,1
73957.907159,1712.3,0.001,1
73957.985341,1712.2,0.274055,1
73957.985341,1712.2,0.001,1
73958.098187,1712.1,0.379718,1
73958.098187,1712.1,0.001,1
73958.034982,1712.2,0.00117057,1
73958.034982,1712.2,0.00000043,1
73961.368429,1712.11,0.05835548,1
73961.368429,1712.11,0.20768652,1
73961.487306,1712.12,0.591347,1
73961.426775,1712.11,0.20768646,1
73961.426775,1712.11,0.00000054,1
73961.836781,1712.3,0.00057244,-1
73964.301157,1712.29,0.05835594,1
73964.301157,1712.29,0.19787852,1
73964.301157,1712.29,0.06614354,1
73964.330196,1712.29,0.19787792,1
73964.330196,1712.29,0.00000008,1
73965.008319,1712.29,0.30541998,1
73965.008319,1712.29,0.05835602,1
73965.008319,1712.29,0.4,1
73965.165409,1712.29,0.033071,1
73965.932603,1712.39,0.0001898,-1
73965.932603,1712.3,0.00042756,-1
73966.247384,1712.33,0.016536,1
73966.41938,1712.33,0.058356,1
73966.47716,1712.33,0.25278498,1
73966.47716,1712.33,0.00000002,1
73966.7901,1712.35,0.02492708,-1
73968.753332,1712.56,0.00378173,-1
73968.753332,1712.5,0.001,-1
73968.753332,1712.4,0.001,-1
73969.82329,1712.49,0.0056366,-1
73970.367301,1712.48,0.13849534,-1
73970.71912,1712.49,0.00173442,-1
73970.746236,1712.49,0.01445224,-1
73970.901663,1712.49,0.02890522,-1
73970.888035,1712.49,0.00158998,-1
73970.964075,1712.46,0.00074833,1
73970.964075,1712.46,0.17815167,1
73972.065053,1712.47,0.00289051,-1
73973.247744,1712.46,0.08961856,1
73973.606885,1712.42,1.16777628,1
73973.606885,1712.42,0.3062137,1
73973.606885,1712.42,0.05835602,1
73973.546887,1712.44,0.205795,1
73973.721974,1712.35,1.167776,1
73973.783269,1712.35,0.24296721,1
73973.783269,1712.35,1.16777679,1
73973.752766,1712.35,1.167776,1
73978.140102,1712.38,0.03121228,-1
73978.686548,1712.43,0.02890528,-1
73981.727249,1712.36,0.01239181,1
73984.40474,1712.46,0.27694378,-1
73984.364953,1712.44,0.00934824,-1
73987.577975,1712.5,0.0005781,-1
73990.316854,1712.49,0.14483248,1
73990.316854,1712.49,0.00084052,1
73992.402439,1712.49,0.00000583,-1
73992.389382,1712.49,0.00115574,-1
73993.102536,1712.56,0.01092599,-1
73993.102536,1712.5,0.0004219,-1
73993.917136,1712.49,0.262991,1
73994.498483,1712.39,0.302307,1
73994.439289,1712.47,0.159705,1
73994.559421,1712.38,0.0583556,1
73994.559421,1712.38,0.3169304,1
73994.559421,1712.38,3,1
73994.559421,1712.38,2,1
73995.374409,1712.32,0.012884,-1
73996.668522,1712.27,0.00000584,1
73996.835599,1712.3,0.01384523,-1
73998.226971,1712.23,0.5566414,-1
73998.223415,1712.24,0.8943586,-1
73998.223415,1712.23,0.5566414,-1
73998.206315,1712.31,1.16777679,1
73998.206315,1712.31,0.57232843,1
73998.206315,1712.32,0.05835602,1
73998.206315,1712.35,0.11059324,1
73998.206315,1712.35,0.00080778,1
73998.206315,1712.35,0.08671717,1
73998.308288,1712.07,0.29870463,1
73998.307981,1712.1,0.001,1
73998.30686,1712.12,1.51810983,1
73998.30686,1712.13,0.5,1
73998.306505,1712.15,0.2893626,1
73998.30641,1712.15,7.17855018,1
73998.30639,1712.16,7.44554096,1
73998.306134,1712.16,0.5808648,1
73998.305828,1712.2,0.58622146,1
73998.305828,1712.2,0.001,1
73998.305673,1712.22,1.16777679,1
73998.305673,1712.22,0.87605549,1
73998.288678,1712.22,1.5294602,1
73998.239767,1712.23,0.17212611,-1
73998.236439,1712.23,0.2352367,-1
73998.236439,1712.23,0.25175909,-1
73998.233498,1712.23,0.40736281,-1
73998.233498,1712.23,0.5566414,-1
73998.230269,1712.23,0.8943586,-1
73998.230269,1712.23,1.0338586,-1
73998.339131,1712.07,5,1
73998.587706,1712.01,0.11908397,-1
73998.751156,1712.1,1.749,-1
73998.750794,1712.1,0.487,-1
73998.750382,1712.1,0.016444,-1
73998.748236,1712.1,3.61819131,-1
73998.748236,1712.09,0.88560625,-1
73998.748236,1712.08,0.87612947,-1
73998.748236,1712.06,0.65943339,-1
73998.74772,1712.06,0.50841739,-1
73998.74772,1712.01,0.22051603,-1
73998.842987,1712.68,0.147,-1
73998.829905,1712.59,0.147,-1
73998.817366,1712.44,0.1536,-1
73998.814762,1712.75,0.28372365,-1
73998.81466,1712.75,1.29127635,-1
73998.81466,1712.74,1.201,-1
73998.81466,1712.73,0.88560625,-1
73998.81466,1712.7,0.001,-1
73998.81466,1712.68,0.17768,-1
73998.81466,1712.62,7.38005202,-1
73998.81466,1712.6,1.45721,-1
73998.81466,1712.6,0.001,-1
73998.81466,1712.57,0.17635288,-1
73998.81334,1712.57,1.39864712,-1
73998.81334,1712.54,0.1553216,-1
73998.81334,1712.5,0.001,-1
73998.81334,1712.44,0.25305784,-1
73998.81236,1712.44,0.34694216,-1
73998.81236,1712.42,0.048,-1
73998.81236,1712.4,0.001,-1
73998.81236,1712.29,0.2783207,-1
73998.991765,1712.74,0.58735181,-1
73998.910611,1712.67,0.08861522,-1
73999.075862,1713.1,0.001,-1
73999.075862,1713.09,0.50435831,-1
73999.075862,1713.09,0.02995729,-1
73999.043276,1713,0.001,-1
73999.043276,1712.9,0.001,-1
73999.026625,1712.85,0.00320266,-1
73999.025734,1712.8,0.51975857,-1
73999.025734,1712.8,0.001,-1
73999.45806,1713.1,0.58210386,1
73999.436896,1713.17,0.4713756,1
73999.436896,1713.19,0.05835602,1
73999.704736,1712.98,0.52899856,1
73999.704736,1712.99,0.05835602,1
74004.273632,1712.71,0.00274631,-1
74005.089452,1712.76,0.04089799,-1
74005.900742,1712.76,0.05957769,-1
74006.523626,1712.76,0.03,-1
74007.50798,1712.79,0.01767663,1
74009.093662,1712.83,0.14799868,1
74009.093662,1712.85,0.45200132,1
74010.736256,1712.79,0.0138428,-1
74010.977281,1712.79,0.07254161,-1
74012.387328,1712.79,0.055774,-1
74013.960798,1712.84,0.42054379,-1
74013.960798,1712.83,0.88560625,-1
74013.960798,1712.82,0.05835602,-1
74013.960798,1712.8,0.87575899,-1
74013.960798,1712.8,0.25,-1
74013.960798,1712.74,0.34611233,-1
74014.938471,1712.75,0.0121849,-1
74015.41954,1712.77,0.02427661,-1
74016.816026,1712.71,0.02045263,-1
74019.726992,1712.8,0.00123316,1
74019.726992,1712.8,0.06860884,1
74021.329017,1712.7,0.216364,1
74021.329017,1712.7,0.001,1
74021.713504,1712.57,0.5424649,1
74021.713504,1712.6,0.25711898,1
74021.713504,1712.6,0.001,1
74022.289351,1712.5,0.08550313,1
74022.289351,1712.5,0.001,1
74022.629396,1712.4,0.001,1
74022.753396,1712.3,0.09461266,1
74022.753396,1712.3,0.001,1
74025.150666,1712.33,0.11076236,-1
74028.485571,1712.34,0.23921405,-1
74028.485571,1712.34,0.1567374,-1
74028.688161,1712.33,0.01418762,-1
74029.976374,1712.29,0.00289073,-1
74031.765748,1712.29,0.00216814,-1
74032.063468,1712.29,0.00274627,-1
74032.527444,1712.25,0.02769578,-1
74032.80808,1712.28,0.00289071,-1
74032.863465,1712.28,0.011844,-1
74033.788818,1712.29,0.00274618,-1
74033.889929,1712.3,0.00220443,-1
74033.889929,1712.29,0.05560984,-1
74034.514885,1712.25,0.45719914,1
74034.514538,1712.29,0.00087096,1
74034.514538,1712.29,0.12517918,1
74034.558383,1712.22,0.05835602,1
74034.7206,1712.11,0.00043361,-1
74034.706632,1712.11,0.00289071,-1
74034.636651,1712.2,0.001,1
74034.904815,1712.1,0.084714,1
74034.904815,1712.1,0.001,1
74035.116655,1712,0.281339,1
74035.116655,1712,0.001,1
74035.318356,1711.9,0.35525693,1
74035.318356,1711.9,0.001,1
74035.811236,1711.8,0.09494653,1
74035.811236,1711.8,0.001,1
74037.759629,1711.71,0.006064,-1
74038.706695,1711.71,0.02769449,-1
74039.408754,1711.68,0.12602633,1
74039.408754,1711.7,0.08668752,1
74039.408754,1711.7,0.001,1
74041.668484,1711.63,0.05675347,-1
74041.667409,1711.62,0.113601,1
74042.168398,1711.6,0.289165,1
74042.168398,1711.6,0.001,1
74042.511656,1711.5,0.353807,1
74042.511656,1711.5,0.001,1
74042.799341,1711.4,0.32231,1
74042.799341,1711.4,0.001,1
74042.736829,1711.41,0.553842,1
74043.127974,1711.3,1.57499975,1
74043.127974,1711.3,0.30170525,1
74043.127974,1711.3,0.001,1
74043.451995,1711.21,0.00001736,-1
74044.817579,1711.2,0.101418,1
74044.817579,1711.2,0.001,1
74045.24168,1711.1,0.366331,1
74045.24168,1711.1,0.001,1
74047.107703,1711.01,0.28921829,-1
74047.387163,1711,0.13776204,1
74047.297247,1711,0.00075244,1
74047.297247,1711,0.35214956,1
74047.297247,1711,0.001,1
74047.57788,1711,0.03315931,-1
74047.54342,1710.91,1.16881397,-1
74047.54342,1710.91,0.3396,-1
74048.269954,1710.94,0.00001179,-1
74048.691014,1711.15,0.0005786,-1
74048.781734,1711.08,0.04441068,1
74051.750297,1711.2,0.00043396,-1
74052.485802,1711.2,0.00056604,-1
74052.568525,1711.3,0.001,-1
74052.791466,1711.4,0.001,-1
74052.999586,1711.34,0.058356,1
74054.509619,1711.32,0.05835565,1
74054.509619,1711.32,0.26941835,1
74055.128409,1711.22,0.00274772,-1
74055.933557,1711.3,0.11338153,-1
74055.933557,1711.3,0.237,-1
74055.933557,1711.22,0.05843784,-1
74055.933557,1711.22,0.59118063,-1
74055.836843,1711.22,0.0138576,-1
74055.988075,1711.23,0.11196105,1
74056.313019,1711.22,0.08869964,-1
74059.023562,1711.36,0.190862,1
74059.29942,1711.18,0.23689887,1
74059.29942,1711.18,0.00075313,1
74059.357375,1711.18,1.57499955,1
74059.357375,1711.18,0.00000045,1
74059.32762,1711.18,1.016341,1
74059.32762,1711.18,1.451,1
74059.32762,1711.18,1.575,1
74060.147451,1711.17,0.05835596,1
74060.147451,1711.17,0.32072804,1
74060.476001,1711.11,0.00831296,-1
74061.218463,1711.1,0.216672,1
74061.218463,1711.1,0.001,1
74061.242967,1711.11,0.01446446,-1
74063.136817,1711.17,0.058356,1
74063.077915,1711.18,0.220941,1
74063.177912,1711.17,0.284857,1
74065.368599,1711.29,0.21050383,1
74065.368599,1711.29,0.00000017,1
74065.337505,1711.29,1.15615179,1
74065.337505,1711.29,0.21050421,1
74065.368599,1711.29,0.21050383,1
74065.368599,1711.29,0.00000017,1
74065.337505,1711.29,1.15615179,1
74065.337505,1711.29,0.21050421,1
74063.177912,1711.17,0.284857,1
74063.136817,1711.17,0.058356,1
74063.077915,1711.18,0.220941,1
74061.242967,1711.11,0.01446446,-1
74061.218463,1711.1,0.216672,1
74061.218463,1711.1,0.001,1
74060.476001,1711.11,0.00831296,-1
74060.147451,1711.17,0.05835596,1
74060.147451,1711.17,0.32072804,1
74059.357375,1711.18,1.57499955,1
74059.357375,1711.18,0.00000045,1
74059.32762,1711.18,1.016341,1
74059.32762,1711.18,1.451,1
74059.32762,1711.18,1.575,1
74059.29942,1711.18,0.23689887,1
74059.29942,1711.18,0.00075313,1
74059.023562,1711.36,0.190862,1
74056.313019,1711.22,0.08869964,-1
74055.988075,1711.23,0.11196105,1
74055.933557,1711.3,0.11338153,-1
74055.933557,1711.3,0.237,-1
74055.933557,1711.22,0.05843784,-1
74055.933557,1711.22,0.59118063,-1
74055.836843,1711.22,0.0138576,-1
74055.128409,1711.22,0.00274772,-1
74054.509619,1711.32,0.05835565,1
74054.509619,1711.32,0.26941835,1
74052.999586,1711.34,0.058356,1
74052.791466,1711.4,0.001,-1
74052.568525,1711.3,0.001,-1
74052.485802,1711.2,0.00056604,-1
74051.750297,1711.2,0.00043396,-1
74048.781734,1711.08,0.04441068,1
74048.691014,1711.15,0.0005786,-1
74048.269954,1710.94,0.00001179,-1
74047.57788,1711,0.03315931,-1
74047.54342,1710.91,1.16881397,-1
74047.54342,1710.91,0.3396,-1
74047.387163,1711,0.13776204,1
74047.297247,1711,0.00075244,1
74047.297247,1711,0.35214956,1
74047.297247,1711,0.001,1
74047.107703,1711.01,0.28921829,-1
74045.24168,1711.1,0.366331,1
74045.24168,1711.1,0.001,1
74044.817579,1711.2,0.101418,1
74044.817579,1711.2,0.001,1
74043.451995,1711.21,0.00001736,-1
74043.127974,1711.3,1.57499975,1
74043.127974,1711.3,0.30170525,1
74043.127974,1711.3,0.001,1
74042.799341,1711.4,0.32231,1
74042.799341,1711.4,0.001,1
74042.736829,1711.41,0.553842,1
74042.511656,1711.5,0.353807,1
74042.511656,1711.5,0.001,1
74042.168398,1711.6,0.289165,1
74042.168398,1711.6,0.001,1
74041.668484,1711.63,0.05675347,-1
74041.667409,1711.62,0.113601,1
74039.408754,1711.68,0.12602633,1
74039.408754,1711.7,0.08668752,1
74039.408754,1711.7,0.001,1
74038.706695,1711.71,0.02769449,-1
74037.759629,1711.71,0.006064,-1
74035.811236,1711.8,0.09494653,1
74035.811236,1711.8,0.001,1
74035.318356,1711.9,0.35525693,1
74035.318356,1711.9,0.001,1
74035.116655,1712,0.281339,1
74035.116655,1712,0.001,1
74034.904815,1712.1,0.084714,1
74034.904815,1712.1,0.001,1
74034.7206,1712.11,0.00043361,-1
74034.706632,1712.11,0.00289071,-1
74034.636651,1712.2,0.001,1
74034.558383,1712.22,0.05835602,1
74034.514885,1712.25,0.45719914,1
74034.514538,1712.29,0.00087096,1
74034.514538,1712.29,0.12517918,1
74033.889929,1712.3,0.00220443,-1
74033.889929,1712.29,0.05560984,-1
74033.788818,1712.29,0.00274618,-1
74032.863465,1712.28,0.011844,-1
74032.80808,1712.28,0.00289071,-1
74032.527444,1712.25,0.02769578,-1
74032.063468,1712.29,0.00274627,-1
74031.765748,1712.29,0.00216814,-1
74029.976374,1712.29,0.00289073,-1
74028.688161,1712.33,0.01418762,-1
74028.485571,1712.34,0.23921405,-1
74028.485571,1712.34,0.1567374,-1
74025.150666,1712.33,0.11076236,-1
74022.753396,1712.3,0.09461266,1
74022.753396,1712.3,0.001,1
74022.629396,1712.4,0.001,1
74022.753396,1712.3,0.001,1
74022.629396,1712.4,0.001,1
74022.289351,1712.5,0.08550313,1
74022.289351,1712.5,0.001,1
74021.713504,1712.57,0.5424649,1
74021.713504,1712.6,0.25711898,1
74021.713504,1712.6,0.001,1
74021.329017,1712.7,0.216364,1
74021.329017,1712.7,0.001,1
74019.726992,1712.8,0.00123316,1
74019.726992,1712.8,0.06860884,1
74016.816026,1712.71,0.02045263,-1
74015.41954,1712.77,0.02427661,-1
74014.938471,1712.75,0.0121849,-1
74013.960798,1712.84,0.42054379,-1
74013.960798,1712.83,0.88560625,-1
74013.960798,1712.82,0.05835602,-1
74013.960798,1712.8,0.87575899,-1
74013.960798,1712.8,0.25,-1
74013.960798,1712.74,0.34611233,-1
74012.387328,1712.79,0.055774,-1
74010.977281,1712.79,0.07254161,-1
74010.736256,1712.79,0.0138428,-1
74009.093662,1712.83,0.14799868,1
74009.093662,1712.85,0.45200132,1
74007.50798,1712.79,0.01767663,1
74006.523626,1712.76,0.03,-1
74005.900742,1712.76,0.05957769,-1
74005.089452,1712.76,0.04089799,-1
74004.273632,1712.71,0.00274631,-1
73999.704736,1712.98,0.52899856,1
73999.704736,1712.99,0.05835602,1
73999.45806,1713.1,0.58210386,1
73999.436896,1713.17,0.4713756,1
73999.436896,1713.19,0.05835602,1
73999.075862,1713.1,0.001,-1
73999.075862,1713.09,0.50435831,-1
73999.075862,1713.09,0.02995729,-1
73999.043276,1713,0.001,-1
73999.043276,1712.9,0.001,-1
73999.026625,1712.85,0.00320266,-1
73999.025734,1712.8,0.51975857,-1
73999.025734,1712.8,0.001,-1
73998.991765,1712.74,0.58735181,-1
73998.910611,1712.67,0.08861522,-1
73998.842987,1712.68,0.147,-1
73998.829905,1712.59,0.147,-1
73998.817366,1712.44,0.1536,-1
73998.814762,1712.75,0.28372365,-1
73998.81466,1712.75,1.29127635,-1
73998.81466,1712.74,1.201,-1
73998.81466,1712.73,0.88560625,-1
73998.81466,1712.7,0.001,-1
73998.81466,1712.68,0.17768,-1
73998.81466,1712.62,7.38005202,-1
73998.81466,1712.6,1.45721,-1
73998.81466,1712.6,0.001,-1
73998.81466,1712.57,0.17635288,-1
73998.81334,1712.57,1.39864712,-1
73998.81334,1712.54,0.1553216,-1
73998.81334,1712.5,0.001,-1
73998.81334,1712.44,0.25305784,-1
73998.81236,1712.44,0.34694216,-1
73998.81236,1712.42,0.048,-1
73998.81236,1712.4,0.001,-1
73998.81236,1712.29,0.2783207,-1
73998.751156,1712.1,1.749,-1
73998.750794,1712.1,0.487,-1
73998.750382,1712.1,0.016444,-1
73998.748236,1712.1,3.61819131,-1
73998.748236,1712.09,0.88560625,-1
73998.748236,1712.08,0.87612947,-1
73998.748236,1712.06,0.65943339,-1
73998.74772,1712.06,0.50841739,-1
73998.74772,1712.01,0.22051603,-1
73998.587706,1712.01,0.11908397,-1
73998.339131,1712.07,5,1
73998.308288,1712.07,0.29870463,1
73998.307981,1712.1,0.001,1
73998.30686,1712.12,1.51810983,1
73998.30686,1712.13,0.5,1
73998.306505,1712.15,0.2893626,1
73998.30641,1712.15,7.17855018,1
73998.30639,1712.16,7.44554096,1
73998.306134,1712.16,0.5808648,1
73998.305828,1712.2,0.58622146,1
73998.305828,1712.2,0.001,1
73998.305673,1712.22,1.16777679,1
73998.305673,1712.22,0.87605549,1
73998.288678,1712.22,1.5294602,1
73998.239767,1712.23,0.17212611,-1
73998.236439,1712.23,0.2352367,-1
73998.236439,1712.23,0.25175909,-1
73998.233498,1712.23,0.40736281,-1
73998.233498,1712.23,0.5566414,-1
73998.206315,1712.31,1.16777679,1
73998.206315,1712.31,0.57232843,1
73998.206315,1712.32,0.05835602,1
73998.206315,1712.35,0.11059324,1
73998.206315,1712.35,0.00080778,1
73998.233498,1712.23,0.5566414,-1
73998.206315,1712.31,1.16777679,1
73998.206315,1712.31,0.57232843,1
73998.206315,1712.32,0.05835602,1
73998.206315,1712.35,0.11059324,1
73998.206315,1712.35,0.00080778,1
73998.206315,1712.35,0.08671717,1
73996.668522,1712.27,0.00000584,1
74070.48525,1711.36,0.01108544,-1
74070.481512,1711.36,0.01635644,-1
74070.481512,1711.3,0.001,-1
74072.587755,1711.6,0.02467706,-1
74072.587755,1711.6,0.001,-1
74072.587755,1711.5,0.001,-1
74072.587755,1711.4,0.001,-1
74073.15458,1711.59,0.05487144,-1
74074.31663,1711.58,0.38575854,1
74074.31663,1711.58,0.36569836,1
74074.31663,1711.58,0.0007811,1
74074.370947,1711.58,0.36569786,1
74074.370947,1711.58,0.00000014,1
74074.729655,1711.46,0.29474498,1
74074.729655,1711.46,0.05835602,1
74075.48737,1711.36,0.332616,1
74077.662172,1711.49,0.02961614,-1
74077.662172,1711.47,0.46209338,-1
74078.008423,1711.42,0.02122421,1
74078.380621,1711.43,0.3401,1
74078.971175,1711.46,0.00011569,-1
74079.317767,1711.45,0.266837,1
74080.255433,1711.37,0.15588227,-1
74080.255433,1711.36,0.24160095,-1
74080.157799,1711.35,0.058356,1
74081.137453,1711.34,0.27360148,1
74081.137453,1711.34,0.47919952,1
74082.487019,1711.36,0.187333,1
74083.345038,1711.33,0.10013998,1
74083.345038,1711.33,0.05835602,1
74083.387213,1711.32,0.366527,1
74083.818717,1711.33,0.00363239,-1
74084.048158,1711.3,0.033481,1
74084.048158,1711.3,0.001,1
74084.217591,1711.26,0.03353498,1
74084.217591,1711.26,0.05835602,1
74084.27665,1711.25,1.056009,1
74084.409279,1711.27,0.27557046,-1
74084.78952,1711.3,0.00036445,-1
74086.069052,1711.29,0.00074786,1
74086.069052,1711.29,0.03360014,1
74089.573812,1711.49,0.00885338,1
74090.43135,1711.8,0.001,-1
74090.422388,1711.7,0.001,-1
74090.422388,1711.6,0.001,-1
74090.407358,1711.5,0.001,-1
74090.630319,1711.9,0.001,-1
74091.449377,1712.19,0.02639415,-1
74091.449377,1712.1,0.001,-1
74091.449377,1712,0.001,-1
74091.64892,1712.08,0.377384,1
74091.697925,1712.04,0.058356,1
74092.751095,1712.08,0.058356,1
74093.289768,1712.15,0.00274806,-1
74093.425581,1712.14,0.00289244,-1
74093.919991,1712.41,0.03971495,-1
74093.919991,1712.4,0.001,-1
74093.919991,1712.37,0.00087627,-1
74093.919991,1712.3,0.001,-1
74093.898251,1712.29,0.9976,-1
74093.898251,1712.2,0.001,-1
74094.214841,1712.41,0.190139,1
74094.20733,1712.43,0.00289264,-1
74094.347325,1712.43,0.02839415,-1
74095.44358,1712.36,0.116497,1
74095.434451,1712.37,0.01156975,-1
74095.377835,1712.36,0.280957,1
74095.547852,1712.35,0.60478898,1
74095.547852,1712.35,7.38005202,1
74095.503243,1712.36,0.058249,1
74095.944307,1712.34,0.05835533,1
74095.944307,1712.34,0.25409815,1
74095.944307,1712.34,0.16467152,1
74095.892968,1712.34,0.11686646,1
74095.980321,1712.34,0.281751,1
74096.353194,1712.35,0.06097212,-1
74097.995476,1712.39,0.0867807,-1
74100.100117,1712.38,0.00289076,-1
74100.219625,1712.3,0.821,1
74100.219287,1712.32,10.40207789,1
74100.21921,1712.32,1.28439735,1
74100.21921,1712.33,0.38860265,1
74100.219192,1712.33,9.84657602,1
74100.218646,1712.33,1.022,1
74100.218146,1712.33,0.81754827,1
74100.218146,1712.34,0.55274328,1
74100.218146,1712.34,0.05835602,1
74100.218146,1712.35,0.00144538,1
74100.218146,1712.35,0.00081297,1
74100.218146,1712.35,0.19829963,1
74100.218146,1712.35,0.10300139,1
74100.500849,1712.21,0.03887542,-1
74102.158145,1712.1,0.237264,1
74102.158145,1712.1,0.001,1
74102.087902,1712.2,0.30316408,1
74102.087902,1712.2,0.001,1
74102.22383,1712.04,1.05377197,1
74102.223678,1712.04,1.05377197,1
74102.220559,1712.04,1.44622814,1
74102.220413,1712.04,1.44622792,1
74102.220413,1712.1,0.00000022,1
74102.297769,1711.9,0.52487608,1
74102.297769,1711.9,0.001,1
74102.297769,1712,0.001,1
74102.747987,1711.81,0.00563999,-1
74103.812638,1711.81,0.02769611,-1
74105.128331,1711.82,0.256463,1
74105.187563,1711.8,0.077896,1
74105.187563,1711.8,0.001,1
74107.11175,1711.7,0.033099,1
74107.11175,1711.7,0.001,1
74108.244579,1711.6,0.098811,1
74108.244579,1711.6,0.001,1
74108.613276,1711.74,0.00578369,-1
74109.060607,1711.73,0.00567925,-1
74109.219852,1711.71,0.00476132,1
74110.420702,1711.57,0.00303764,-1
74111.447346,1711.5,0.096388,1
74111.447346,1711.5,0.001,1
74111.387703,1711.56,0.167802,1
74111.739685,1711.5,0.00074926,1
74111.739685,1711.5,0.00000061,1
74111.83066,1711.4,1.575,1
74111.83066,1711.4,0.287,1
74111.798778,1711.4,0.03269807,1
74111.798778,1711.4,1.575,1
74111.798778,1711.4,0.65912893,1
74111.798778,1711.4,0.001,1
74112.424513,1711.54,0.34687881,-1
74118.091451,1711.69,0.03068366,1
74118.791166,1711.7,0.001,-1
74121.872119,1711.72,0.01385315,-1
74122.836465,1711.71,0.04638185,1
74127.255307,1711.71,0.36146476,1
74127.255307,1711.71,0.22274635,1
74128.794942,1711.86,0.02614379,-1
74128.794942,1711.86,0.87624091,-1
74128.794942,1711.8,0.001,-1
74128.794942,1711.72,0.11276403,-1
74129.361654,1711.83,0.00101961,1
74129.529411,1711.72,0.125823,1
74129.867163,1711.7,0.273,1
74130.692885,1711.69,0.02216297,-1
74133.346929,1711.71,0.44881198,1
74133.346929,1711.71,0.05835602,1
74133.775118,1711.73,0.00577193,-1
74134.337298,1711.71,0.00109916,1
74134.978134,1711.74,0.02992464,-1
74136.865654,1711.81,0.01108149,-1
74136.858963,1711.74,0.09142805,-1
74137.721202,1711.89,0.34003157,1
74137.849201,1711.7,0.259,1
74137.798571,1711.8,0.139636,1
74138.137873,1711.7,0.259,1
74138.076871,1711.71,0.23556,1
74139.312053,1711.75,0.51383838,1
74139.312053,1711.75,0.11778062,1
74141.660336,1711.68,0.00074969,1
74141.660336,1711.68,0.05889031,1
74141.717035,1711.69,0.029445,1
74142.974642,1711.67,0.05541256,-1
74143.13801,1711.68,0.452848,1
74143.087096,1711.68,0.042428,1
74144.067591,1711.66,0.021214,1
74143.974255,1711.65,0.03110268,1
74143.974255,1711.65,0.0525383,1
74143.974255,1711.65,0.05835602,1
74144.246392,1711.64,0.010607,1
74144.289869,1711.65,0.010607,1
74144.405217,1711.61,0.058356,1
74144.972359,1711.6,0.001,1
74145.161753,1711.51,0.03681811,-1
74145.17868,1711.5,0.001,1
74145.398554,1711.4,0.132514,1
74145.398554,1711.4,0.001,1
74145.487866,1711.3,0.033651,1
74145.487866,1711.3,0.001,1
74146.048875,1711.1,0.259,1
74146.048875,1711.1,0.001,1
74145.999729,1711.2,0.033536,1
74145.999729,1711.2,0.001,1
74146.13054,1711.03,0.00265178,1
74146.13054,1711.03,0.00265222,1
74146.13054,1711.03,1.575,1
74146.216938,1711.03,1.57499956,1
74146.216938,1711.03,0.00265244,1
74147.716037,1711.03,0.00707907,-1
74148.719609,1711,0.13162904,1
74148.719609,1711,0.001,1
74149.795493,1710.9,0.033071,1
74149.795493,1710.9,0.001,1
74149.998355,1710.87,0.44751,1
74151.047907,1710.96,0.0024326,1
74151.047907,1710.96,1.16872552,1
74151.047907,1710.96,0.00243288,1
74151.107431,1710.97,0.03691072,-1
74151.079256,1710.96,1.168725,1
74151.719496,1711.13,0.10689429,-1
74151.719496,1711.1,0.001,-1
74151.719496,1711.08,0.05835602,-1
74153.044077,1711.11,0.00001157,-1
74154.118202,1711.08,0.00274854,-1
74154.65499,1711.15,0.01146305,-1
74155.633854,1711.07,0.14611082,1
74155.633854,1711.1,0.00078083,1
74155.633854,1711.1,0.08311446,1
74156.335464,1710.91,0.05786124,-1
74156.51951,1710.91,0.16630278,-1
74156.835041,1710.91,0.05786394,-1
74156.794811,1710.91,0.42597228,-1
74157.273164,1710.9,0.00136046,1
74157.273164,1710.9,0.001,1
74157.262629,1710.91,0.00274833,-1
74157.336198,1710.91,0.006324,-1
74158.08801,1710.82,0.00277159,-1
74159.224462,1710.86,0.00942604,-1
74159.921569,1710.86,0.12462738,-1
74160.228987,1710.86,0.01632459,-1
74162.126681,1711.16,0.02792859,-1
74162.126681,1711.1,0.001,-1
74163.207074,1711.1,0.08229,1
74165.011306,1710.91,1.13599858,-1
74165.266339,1710.73,1.43679134,1
74165.26632,1710.73,1.13538278,1
74165.265958,1710.73,2.64922742,1
74165.265866,1710.73,1.8923051,1
74165.265817,1710.79,0.41136205,1
74165.265817,1710.8,0.001,1
74165.265604,1710.82,1.89806408,1
74165.265519,1710.82,5.64776022,1
74165.265354,1710.82,1.1165301,1
74165.265354,1710.88,0.10273187,1
74165.265354,1710.88,0.41136205,1
74165.265354,1710.9,0.001,1
74165.207172,1710.91,0.00554272,-1
74165.279807,1710.55,0.46011082,1
74165.278801,1710.55,0.03988918,1
74165.275582,1710.6,0.15818954,1
74165.275582,1710.6,0.001,1
74165.275582,1710.61,0.02887858,1
74165.274989,1710.65,0.41136205,1
74165.272143,1710.7,0.14611082,1
74165.272143,1710.7,0.001,1
74165.267646,1710.73,0.03582769,1
74165.554102,1710.5,0.001,1
74166.435012,1710.4,0.06719344,1
74166.435012,1710.4,0.001,1
74166.736909,1710.33,0.027999,1
74167.27027,1710.31,0.00332677,-1
74167.437753,1710.3,0.00075014,1
74167.437753,1710.3,0.60725786,1
74167.437753,1710.3,0.246,1
74167.437753,1710.3,0.001,1
74168.069554,1710.3,0.089858,1
74169.070809,1710.28,0.01662854,-1
74169.432767,1710.28,0.2130719,-1
74169.576825,1710.28,0.0017424,-1
74169.748356,1710.28,0.00008683,-1
74170.369827,1710.27,0.09801881,1
74170.387804,1710.2,0.05804,1
74170.387804,1710.2,0.001,1
74171.132984,1710.2,0.2459997,1
74171.132984,1710.2,0.0000003,1
74171.30692,1710.1,0.246,1
74171.30692,1710.1,0.001,1
74172.614681,1710.13,0.36527965,-1
74172.614681,1710.08,0.59070983,-1
74172.614288,1710.08,0.40929017,-1
74172.614213,1710.06,0.40870983,-1
74172.614211,1710.06,0.59129017,-1
74173.11917,1710.24,0.029538,1
74173.106707,1710.24,0.08322794,1
74173.106707,1710.24,0.36745,1
74173.276562,1710.21,1.451,1
74173.864667,1710,0.00000057,1
74173.864667,1710,0.001162,1
74173.864667,1710,0.001,1
74174.340398,1709.9,0.102488,1
74174.340398,1709.9,0.001,1
74175.129433,1709.87,0.12466455,1
74175.129433,1709.87,0.01400045,1
74175.270382,1709.86,0.09944809,-1
74175.538665,1709.79,0.009264,1
74175.478896,1709.8,0.246,1
74175.478896,1709.8,0.001,1
74175.622069,1709.79,1.59049916,1
74175.622069,1709.79,0.00000084,1
74175.73631,1709.78,0.87730528,1
74175.73631,1709.78,0.00000072,1
74175.687563,1709.78,0.605515,1
74177.639646,1709.78,0.04134515,1
74177.639646,1709.78,0.00000057,1
74179.399528,1709.8,0.0096332,-1
74180.805232,1709.72,0.7108302,1
74180.804819,1709.72,0.45870555,1
74180.804819,1709.74,0.24434294,1
74180.804819,1709.76,0.00078149,1
74180.804819,1709.77,0.00350012,1
74180.804819,1709.77,0.00350011,1
74184.406158,1709.73,0.00297925,1
74185.920187,1709.74,0.011014,-1
74185.915965,1709.74,0.02773482,-1
74186.304365,1709.9,0.7255,1
74186.304083,1709.9,0.7255,1
74186.297523,1709.76,0.00963,-1
74186.297523,1709.76,0.9903668,-1
74186.297523,1709.74,0.03874,-1
74186.297523,1709.74,0.96125118,-1
74186.495032,1709.95,0.12653149,1
74186.494746,1709.95,0.12653149,1
74186.619917,1709.81,0.297686,1
74187.129959,1709.76,1,-1
74187.129959,1709.74,1,-1
74187.682364,1709.99,0.16595701,1
74187.682362,1709.99,0.16595702,1
74188.550009,1709.79,0.01664099,-1
74189.073715,1709.88,0.05547544,-1
74191.022939,1710,0.05547738,-1
74191.64823,1710,0.001,-1
74191.64823,1710,1.93752834,-1
74191.759104,1710.03,0.11367623,-1
74191.676058,1709.83,1.0778398,1
74191.676058,1709.83,7.38005202,1
74191.676058,1709.84,1.76054115,1
74191.676058,1709.88,0.14620995,1
74191.676058,1709.9,0.234,1
74191.676058,1709.91,1.575,1
74191.676058,1709.92,7.38005202,1
74191.676058,1709.94,4.25090997,1
74191.676058,1709.95,0.05835602,1
74191.676058,1709.99,0.28272228,1
74191.676058,1709.99,0.2,1
74191.676058,1710,0.234,1
74191.676058,1710,0.4,1
74191.676058,1710.01,7.38005202,1
74191.676058,1710.03,1.16950482,1
74191.676058,1710.09,1.575,1
74191.676058,1710.09,0.14620995,1
74191.676058,1710.09,1.74955,1
74191.87569,1710.04,1.716343,-1
74191.87569,1710.03,0.05683812,-1
74191.87569,1710.03,0.47450315,-1
74193.699278,1710.09,0.00075043,1
74193.699278,1710.09,0.16555471,1
74193.69917,1710.09,0.10794912,1
74193.69917,1710.09,0.05835602,1
74193.767762,1709.93,0.5,1
74195.245271,1709.92,0.11080023,-1
74196.401176,1709.93,0.00000584,1
74197.192881,1709.84,0.01775053,-1
74200.243257,1709.87,0.00000584,1
74200.232664,1709.87,0.00409972,1
74202.790809,1709.96,0.20301495,1
74202.790809,1709.98,0.38767669,1
74205.257731,1710.09,0.12545432,1
74205.257576,1710.09,0.12545349,1
74205.257576,1710.09,0.00000083,1
74205.2276,1710.09,0.05835519,1
74205.2276,1710.09,0.25090781,1
74206.911582,1710,0.14151829,1
74208.972392,1709.98,0.13059301,1
74208.972392,1709.99,0.00090041,1
74210.066678,1709.7,0.249245,1
74210.066678,1709.7,0.001,1
74209.994649,1709.75,0.07360412,1
74209.994361,1709.75,0.07260412,1
74209.994361,1709.8,0.001,1
74210.246574,1709.62,0.125155,1
74210.246574,1709.62,0.1,1
74211.120768,1709.76,0.09382189,1
74211.120768,1709.76,0.87731611,1
74212.246556,1709.77,0.22731789,-1
74213.041101,1709.77,0.05243395,-1
74213.171037,1709.73,0.01109198,-1
74215.477221,1709.6,0.143679,1
74215.477221,1709.6,0.001,1
74215.519468,1709.61,0.02841789,-1
74215.836436,1709.58,0.0731444,1
74215.836436,1709.58,0.1999926,1
74216.464966,1709.5,0.00015165,1
74216.996332,1709.51,0.0069483,-1
74217.705843,1709.51,0.00564563,-1
74218.090763,1709.51,0.02773466,-1
74218.206871,1709.51,0.00579025,-1
74219.339619,1709.33,0.00470533,1
74219.339619,1709.33,0.05217983,1
74219.339619,1709.33,0.05256184,1
74219.305837,1709.4,0.001,1
74219.305837,1709.41,0.09233871,1
74219.305585,1709.41,0.09333871,1
74219.283147,1709.42,0.63584499,1
74219.283147,1709.42,0.14619798,1
74219.283147,1709.43,0.05835602,1
74219.283147,1709.5,0.10239687,1
74219.283147,1709.5,0.00084835,1
74219.392734,1709.34,0.00554706,-1
74220.640538,1709.44,0.97687037,-1
74220.631006,1709.38,7.38005202,-1
74220.631006,1709.36,0.88560625,-1
74222.553247,1709.7,0.00379025,-1
74222.553247,1709.7,0.001,-1
74222.553247,1709.6,0.001,-1
74224.450343,1709.9,0.05624994,-1
74224.450343,1709.9,0.001,-1
74224.450343,1709.8,0.001,-1
74225.800138,1710,0.001,-1
74227.30786,1710.09,0.22290516,1
74227.30786,1710.09,0.05835602,1
74227.30786,1710.09,0.25873882,1
74229.007598,1710.1,0.020693,-1
74229.007598,1710.1,0.001,-1
74230.637688,1710.1,0.0000118,-1
74230.628854,1710.1,0.0000118,-1
74230.94828,1710.1,0.13866136,-1
74236.372054,1710.09,0.00000584,1
74236.583096,1710.15,0.76863273,-1
74236.583096,1710.1,0.34062204,-1
74237.563189,1710.15,0.10651281,-1
74240.15429,1710.14,0.02968218,1
74242.371925,1710.16,0.00000584,1
74242.571324,1710.16,0.0018937,1
74242.571324,1710.16,0.44625162,1
74242.610634,1710.07,0.058356,1
74242.76926,1710.02,0.5,1
74243.432632,1709.91,0.04355745,-1
74243.514126,1709.91,0.0554657,-1
74243.655843,1709.91,0.01157827,-1
74245.999357,1709.93,0.04958,1
74246.013123,1709.93,0.036654,1
74246.370656,1709.9,0.132013,1
74246.370656,1709.9,0.001,1
74247.063868,1709.86,7.38005202,-1
74247.063868,1709.85,2.66661524,-1
74247.063868,1709.85,0.08628631,-1
74247.063868,1709.85,0.08628631,-1
74249.367986,1709.85,0.058356,1
74250.733515,1709.9,0.01323818,1
74251.002304,1709.91,0.2923703,-1
74253.478533,1710.1,0.001,-1
74255.208614,1710.16,0.09383969,1
74255.208614,1710.16,0.05835602,1
74257.056403,1710.17,0.02772882,-1
74257.626424,1710.19,0.054652,1
74257.6249,1710.17,0.02652064,-1
74257.57048,1710.17,0.14574074,-1
74261.744237,1710.5,0.001,-1
74261.744237,1710.49,0.01100863,-1
74261.744237,1710.49,0.00100751,-1
74261.744237,1710.49,0.01099306,-1
74261.742304,1710.41,0.1998647,-1
74261.742304,1710.41,0.19999934,-1
74261.742304,1710.4,0.001,-1
74261.727115,1710.37,0.7255,1
74261.726979,1710.37,0.7255,1
74261.719797,1710.38,0.8769992,-1
74261.719793,1710.35,0.88560625,-1
74261.719405,1710.32,7.38005202,-1
74261.719397,1710.3,1.56475202,-1
74261.719397,1710.3,0.001,-1
74261.719397,1710.2,0.001,-1
74263.155841,1710.6,0.01842065,-1
74263.155841,1710.6,0.001,-1
74263.990141,1710.66,0.01109153,-1
74264.771095,1710.53,0.13266038,1
74264.770899,1710.53,0.13134047,1
74264.770899,1710.53,0.00131991,1
74264.728921,1710.57,0.22082199,1
74264.728825,1710.57,0.27917801,1
74264.71326,1710.69,0.25354729,1
74264.71326,1710.69,0.2535473,1
74265.559312,1710.63,0.08068159,-1
74267.223974,1710.62,0.19044033,-1
74268.669428,1710.66,0.457395,1
74269.904657,1710.6,0.00277273,-1
74272.511036,1710.67,0.05253654,-1
74272.511036,1710.65,0.05835602,-1
74275.758702,1710.64,0.00204756,-1
74277.152312,1710.65,0.00564259,-1
74277.108003,1710.64,0.50377762,1
74277.108003,1710.64,0.00075136,1
74277.108003,1710.64,0.05835602,1
74277.865888,1710.6,0.01157332,-1
74278.321722,1710.7,0.00086807,-1
74278.692166,1710.9,0.00365479,-1
74278.692166,1710.9,0.001,-1
74278.692166,1710.8,0.001,-1
74278.692166,1710.7,0.00013193,-1
74279.028047,1710.89,0.00578678,-1
74279.621467,1710.88,0.02772088,-1
74279.593128,1710.88,0.0057871,-1
74281.37599,1710.87,0.00554368,-1
74282.319729,1710.87,0.01135937,-1
74283.037065,1710.91,0.13861759,-1
74284.557674,1710.89,0.08871831,-1
74287.417744,1710.82,0.314663,1
74287.540491,1710.75,0.192686,1
74291.265544,1710.75,0.0036894,-1
74291.707092,1710.74,0.02720445,1
74292.511898,1710.71,0.0284012,-1
74294.728917,1710.71,0.00948751,1
74294.728917,1710.74,0.00108296,1
74294.728917,1710.74,0.11474619,1
74294.728917,1710.74,0.48828876,1
74297.015419,1710.77,0.08067708,-1
74304.166936,1711.02,0.05344398,-1
74304.166936,1711,0.001,-1
74304.166936,1710.9,0.001,-1
74306.596332,1711.02,0.08316065,-1
74306.715436,1711.01,0.001247,1
74306.685817,1711.01,0.0007489,1
74306.685817,1711.01,0.0012471,1
74306.671823,1711.01,0.366,1
74306.833901,1710.8,0.11435828,1
74306.833825,1710.8,0.11335828,1
74306.833825,1710.8,0.001,1
74307.028887,1710.71,0.02083644,-1
74307.572733,1710.9,0.233,1
74307.568746,1710.93,0.05835602,-1
74307.5668,1710.83,0.8767684,-1
74307.5668,1710.82,0.88560625,-1
74308.679038,1711,0.001,-1
74308.824316,1711.02,0.06339508,-1
74309.107284,1711.28,0.00879709,-1
74309.103034,1711.21,0.00091044,-1
74309.103034,1711.21,0.00881412,-1
74309.103034,1711.2,0.001,-1
74309.103034,1711.1,0.001,-1
74310.027308,1711.5,0.077545,-1
74310.027308,1711.5,0.001,-1
74310.027308,1711.4,0.001,-1
74310.027308,1711.3,0.001,-1
74310.50397,1711.41,0.00679712,1
74312.714508,1711.58,0.07455256,1
74312.859758,1711.76,0.02551533,-1
74312.859758,1711.76,0.02882527,-1
74312.859758,1711.7,0.233,-1
74312.859758,1711.7,0.001,-1
74312.859758,1711.6,0.001,-1
74313.930454,1711.69,1.46054484,1
74313.930454,1711.73,0.1,1
74313.930454,1711.73,0.2,1
74313.928223,1711.75,0.85717924,1
74313.928193,1711.75,0.3111327,1
74313.927862,1711.78,0.89698062,1
74313.927862,1711.78,0.75498303,1
74313.927623,1711.79,0.05835602,1
74313.927623,1711.79,0.24380808,1
74314.515282,1711.51,0.01446108,-1
74315.423273,1711.5,0.001,1
74316.96678,1711.48,0.06132828,-1
74318.072756,1711.47,0.0072074,-1
74321.382999,1711.4,0.00087411,1
74321.382999,1711.4,0.18002298,1
74321.382999,1711.4,0.001,1
74321.695683,1711.31,0.00005784,-1
74322.011249,1711.31,0.03407051,-1
74322.928482,1711.3,0.2443319,1
74322.928358,1711.3,0.24333191,1
74322.928358,1711.3,0.001,1
74324.023069,1711.21,0.03601935,-1
74324.428123,1711.21,0.00520449,-1
74324.986149,1711.2,0.37457278,1
74324.986149,1711.2,0.001,1
74325.204876,1711.1,0.001,1
74325.611501,1711,0.29347899,1
74325.611501,1711,0.001,1
74326.054519,1710.9,4.046841,1
74326.054519,1710.9,0.001,1
74327.448127,1710.8,0.01068579,1
74327.448127,1710.8,0.001,1
74327.985739,1710.71,0.02438803,-1
74333.038739,1710.7,0.08188916,1
74333.038008,1710.7,0.08088916,1
74333.038008,1710.7,0.001,1
74334.093909,1710.6,0.0871412,1
74334.093381,1710.6,0.08539178,1
74334.093381,1710.6,0.00074942,1
74334.093381,1710.6,0.001,1
74334.757915,1710.5,0.001,1
74335.157158,1710.3,0.001,1
74335.148403,1710.4,0.001,1
74335.310252,1710.2,0.001,1
74336.032934,1710.33,6.42250554,-1
74336.032934,1710.31,0.88560625,-1
74336.032934,1710.3,1.42487,-1
74336.032934,1710.27,1.36098306,-1
74336.032292,1710.27,5.36139164,-1
74336.032292,1710.25,1.193,-1
74336.031609,1710.2,6.7223747,-1
74336.031609,1710.19,1.575,-1
74336.031609,1710.18,0.88560625,-1
74336.031541,1710.12,1.16947857,-1
74336.031541,1710.11,0.32659857,-1
74336.0314,1710.11,0.55053798,-1
74336.0314,1710.11,0.17804555,-1
74336.0314,1710.11,0.05835602,-1
74336.0314,1710.11,0.3396,-1
74336.092382,1710.4,0.001,-1
74336.092382,1710.39,0.0819455,-1
74336.090931,1710.39,0.48908594,-1
74338.33403,1710.22,0.01635525,1
74338.686987,1710.23,0.00914678,-1
74340.737281,1710.22,0.02657553,1
74340.833027,1710.34,0.05681253,-1
74340.778343,1710.37,0.22177792,-1
74342.190659,1710.66,0.01186044,-1
74342.190659,1710.6,0.001,-1
74342.190659,1710.5,0.001,-1
74342.736392,1710.58,0.00289435,-1
74342.843858,1710.49,2.55595235,1
74342.843858,1710.5,3.84704488,1
74342.843858,1710.51,0.05835602,1
74342.843858,1710.53,1.16930863,1
74342.843858,1710.57,0.20733812,1
74342.944988,1710.4,0.00564398,-1
74344.404378,1710.55,0.00000584,1
74345.110643,1710.54,0.01420562,-1
74345.1806,1710.58,0.28935709,-1
74345.964217,1710.55,0.05928331,1
74345.964217,1710.57,0.2317555,1
74346.60789,1710.79,0.03989812,-1
74346.60789,1710.74,0.0008227,-1
74346.60789,1710.74,0.00705144,-1
74346.60789,1710.74,0.00703794,-1
74346.60789,1710.7,0.001,-1
74346.60789,1710.6,0.001,-1
74347.52271,1710.76,0.00554557,-1
74347.875093,1710.78,0.01109056,-1
74349.468273,1710.76,0.02772396,-1
74349.768493,1710.77,0.56810869,-1
74350.769261,1710.65,0.03692,-1
74350.809099,1710.68,0.013523,-1
74351.850661,1710.68,0.00141779,-1
74352.091938,1710.68,0.0057869,-1
74353.870559,1710.72,0.02874899,-1
74356.381902,1710.71,0.00564259,-1
74360.68565,1710.79,0.99627683,1
74360.68565,1710.79,1.12967163,1
74360.68565,1710.79,0.00138528,1
74360.68565,1710.79,0.24077105,1
74361.853783,1710.79,0.0036894,1
74362.194334,1711.13,0.00708835,-1
74362.194334,1711.1,0.001,-1
74362.194334,1711,0.001,-1
74362.194334,1710.9,0.001,-1
74362.194334,1710.8,0.001,-1
74364.366369,1710.98,0.00000584,1
74371.180507,1711.07,0.06133,1
74374.802852,1710.98,0.06075075,-1
74379.708523,1711,1.41355837,-1
74379.708523,1711,0.256,-1
74379.708523,1710.92,0.87672412,-1
74379.708523,1710.91,1.1525833,-1
74379.708523,1710.91,1.0188082,-1
74379.708523,1710.91,1.09523773,-1
74379.708523,1710.91,1.451,-1
74379.708523,1710.91,0.3396,-1
74384.772653,1711,5.74416425,1
74384.772518,1711,4.34870795,1
74384.785149,1711,0.00132409,1
74384.785149,1711,0.28238883,1
74384.785149,1711,2.30361608,1
74389.593104,1710.91,0.87672642,-1
74390.344818,1711.13,0.87661369,-1
74390.652392,1711.2,0.001,-1
74393.480449,1711.25,0.02771683,-1
74395.440846,1711.24,0.44456476,1
74395.440846,1711.24,0.00081124,1
74396.514178,1711.08,1.16851209,1
74396.511733,1711.08,0.08383467,1
74396.507943,1710.99,0.1536,1
74396.507943,1711,0.2,1
74396.507943,1711,0.1,1
74396.507943,1711,0.001,1
74396.507943,1711.01,4.90566165,1
74396.507603,1711.01,1.2338814,1
74396.507358,1711.03,1.14144,1
74396.507312,1711.03,0.31966822,1
74396.507312,1711.03,0.32043983,1
74396.50714,1711.07,3.06244742,1
74396.50714,1711.08,1.16851209,1
74396.50714,1711.12,0.32043983,1
74396.50714,1711.13,1.46102283,1
74396.50714,1711.13,0.47029261,1
74396.50714,1711.14,0.44214559,1
74396.50714,1711.14,0.05837353,1
74397.699432,1710.9,0.16707316,1
74397.699432,1710.9,0.001,1
74397.863785,1710.96,1,-1
74397.847433,1710.92,1,-1
74397.847433,1710.92,0.87672129,-1
74398.748323,1711.07,0.01419699,-1
74398.903304,1711.06,0.1063109,1
74398.903304,1711.06,0.11053639,1
74398.903304,1711.06,0.1105364,1
74399.48486,1711.05,0.49413234,1
74399.48486,1711.05,0.1105364,1
74400.404059,1711.01,0.59158888,1
74400.388305,1711.01,0.00158109,1
74400.480824,1710.91,0.22716645,-1
74401.359895,1710.91,0.00001157,-1
74401.632147,1710.91,0.00115728,-1
74401.893797,1710.91,0.05542843,-1
74402.071437,1710.91,0.01419981,-1
74403.51201,1710.91,0.00564173,-1
74403.850607,1710.94,1,-1
74403.847224,1710.92,0.05837353,-1
74403.847224,1710.92,1,-1
74403.847224,1710.91,0.07459289,-1
74403.847224,1710.91,0.54904031,-1
74403.820267,1710.91,0.04339796,-1
74404.091105,1711.16,0.00109363,-1
74404.662896,1711.14,0.02839962,-1
74407.220099,1711.19,0.15636538,-1
74407.220099,1711.16,0.0172557,-1
74407.220099,1711.12,0.87662351,-1
74407.220099,1711.11,0.05837353,-1
74410.021322,1711.14,0.04848153,1
74411.13722,1711.03,2.15056637,1
74411.13722,1711.04,0.05837353,1
74411.13722,1711.08,0.22790227,1
74411.13722,1711.09,3.13021267,1
74411.13722,1711.09,1.00410988,1
74411.13722,1711.11,0.38206096,1
74411.13722,1711.11,0.00099448,1
74411.13722,1711.11,0.04577984,1
74411.86563,1711.11,0.01249686,-1
74415.784669,1711.08,0.05679327,-1
74416.828709,1711.11,0.00078878,1
74418.121244,1711.11,0.00483096,-1
74418.468669,1711.11,0.038734,-1
74419.615741,1711.2,0.001,-1
74419.615741,1711.11,0.00308842,-1
74422.674805,1711.43,0.16000295,-1
74422.674805,1711.4,0.001,-1
74422.674805,1711.3,0.001,-1
74429.603677,1711.47,0.01769958,-1
74430.254593,1711.42,0.21651109,1
74430.253845,1711.43,0.18498209,1
74430.253845,1711.43,0.05837353,1
74430.253845,1711.44,0.00111031,1
74431.001968,1711.21,0.12746131,-1
74431.001968,1711.21,0.3396,-1
74431.244362,1711.2,0.09030396,1
74431.244041,1711.2,0.08930396,1
74431.244041,1711.2,0.001,1
74431.825146,1711.11,0.01884065,-1
74432.352181,1711.11,0.14432543,-1
74433.799996,1711.07,0.23351708,1
74433.799996,1711.1,0.19950598,1
74433.799996,1711.1,0.001,1
74434.475624,1711.01,0.1108439,-1
74435.650732,1711.06,0.03325549,-1
74437.933464,1711.08,0.02369373,-1
74438.574239,1711.08,0.03047854,-1
74442.436216,1711.03,0.00000584,1
74446.83945,1711.2,0.00498738,-1
74448.835667,1711.19,0.0283826,-1
74448.835667,1711.19,0.05837353,-1
74454.400424,1711.3,0.03226034,-1
74454.400424,1711.3,0.001,-1
74455.706334,1711.29,0.03326054,-1
74456.842321,1711.29,0.04049813,-1
74457.046964,1711.27,0.058373,1
74456.988573,1711.28,0.001651,1
74457.076984,1711.27,0.10208047,1
74457.076984,1711.27,0.00000053,1
74458.572543,1711.29,0.02839299,-1
74460.836399,1711.23,0.27969247,1
74460.836399,1711.23,0.05837353,1
74463.605788,1711.2,0.01239459,1
74463.685501,1711.22,0.01419682,-1
74464.384295,1711.26,0.08677694,-1
74464.653751,1711.26,0.01987787,-1
74465.381196,1711.3,0.00289267,-1
74465.664725,1711.3,0.01157035,-1
74466.054076,1711.3,0.25,-1
74467.128766,1711.31,0.02839365,-1
74468.277809,1711.31,0.00433888,-1
74469.33507,1711.31,0.01419682,-1
74469.651562,1711.31,0.00289276,-1
74471.011217,1711.4,0.001,-1
74471.011217,1711.39,0.05837353,-1
74471.008273,1711.31,1.15013657,-1
74471.676351,1711.45,0.00564042,-1
74477.554349,1711.45,0.04157131,-1
74478.355598,1711.44,0.00000584,1
74479.891482,1711.5,0.13750098,-1
74479.891482,1711.5,0.001,-1
74479.891482,1711.45,0.15273942,-1
74482.570265,1711.5,0.00159102,-1
74483.569373,1711.5,0.01155127,-1
74483.851594,1711.49,0.38992,1
74483.823697,1711.49,0.00134945,1
74483.823697,1711.49,0.05836085,1
74483.823697,1711.49,0.3899207,1
74483.810575,1711.49,0.00233719,1
74484.536824,1711.5,0.01315814,-1
74484.536824,1711.5,0.04935586,-1
74488.115063,1711.62,0.00657804,-1
74488.115063,1711.6,0.001,-1
74489.035643,1711.62,0.02770727,-1
74489.792646,1711.76,0.7875,1
74489.792306,1711.76,0.7875,1
74489.787131,1711.77,1.16943678,-1
74489.783876,1711.76,6.13954305,-1
74489.783876,1711.75,0.19999275,-1
74489.783876,1711.75,0.19999256,-1
74489.783876,1711.74,0.18730414,-1
74489.78354,1711.71,1.16838573,-1
74489.78354,1711.7,2.83297444,-1
74489.78354,1711.7,0.001,-1
74489.782541,1711.62,0.84208019,-1
74489.895259,1711.72,1.16838573,-1
74489.884128,1711.79,0.048,-1
74489.884128,1711.77,1.16943678,-1
74489.883072,1711.76,0.87629106,-1
74489.883072,1711.72,1.16838573,-1
74489.883072,1711.72,0.3396,-1
74492.427451,1711.94,0.02293655,-1
74492.427451,1711.9,0.001,-1
74492.427451,1711.8,0.001,-1
74492.752642,1711.83,0.55714091,1
74492.752026,1711.85,0.05836085,1
74492.746743,1711.9,0.16925544,1
74492.806187,1711.64,0.5,1
74493.137958,1711.41,0.034615,1
74493.094782,1711.5,0.19985296,1
74493.094782,1711.5,0.00078141,1
74493.094782,1711.5,0.001,1
74493.094782,1711.6,0.001,1
74493.795207,1711.49,0.02839066,-1
74494.938559,1711.4,0.483591,1
74494.938559,1711.4,0.001,1
74495.607214,1711.3,0.294239,1
74495.607214,1711.3,0.001,1
74495.736563,1711.3,0.00000085,1
74495.788904,1711.2,0.293667,1
74495.788904,1711.2,0.001,1
74497.765277,1711.14,0.018289,-1
74498.750478,1711.16,0.03101145,-1
74499.452624,1711.04,1.45104994,1
74499.452624,1711.1,0.219,1
74499.452624,1711.1,0.001,1
74499.452624,1711.12,0.1460596,1
74499.452624,1711.15,0.40837048,1
74499.452624,1711.15,0.09882305,1
74500.781469,1711.15,0.05542325,-1
74501.63031,1711.26,0.02891579,-1
74501.682876,1711.24,0.00274761,-1
74502.212068,1711.09,0.26162625,1
74502.212068,1711.09,0.00000075,1
74502.181192,1711.09,0.0583601,1
74502.181192,1711.09,0.2858719,1
74503.983769,1711.08,0.01179,1
74506.655351,1711.23,0.01350807,-1
74511.150042,1711.3,0.00057853,-1
74512.104121,1711.38,0.05653446,-1
74512.104121,1711.37,0.17299128,-1
74512.104121,1711.37,0.05836232,-1
74512.104121,1711.3,0.00042147,-1
74512.244735,1711.36,0.00000585,-1
74513.613429,1711.33,0.06097818,-1
74514.366335,1711.31,0.00126181,1
74514.366335,1711.31,1.46086915,1
74514.366335,1711.31,0.27746504,1
74514.398533,1711.31,0.17527,1
74514.547256,1711.3,0.306194,1
74514.478363,1711.31,0.092443,1
74514.705469,1711.1,0.169268,1
74514.705469,1711.1,0.001,1
74514.901752,1711.08,0.23739359,1
74514.901752,1711.08,0.00057741,1
74516.140073,1711,0.192584,1
74516.140073,1711,0.001,1
74516.390357,1710.95,0.00000584,1
74516.670078,1710.95,0.00000584,1
74517.029798,1710.96,0.00277098,-1
74518.171604,1710.96,0.0001157,-1
74518.462073,1710.99,0.01135597,-1
74519.463088,1710.97,0.11570151,-1
74520.3214,1710.92,0.15825235,1
74520.3214,1710.92,0.00000065,1
74520.255545,1710.92,0.051893,1
74520.546693,1710.93,0.02216752,-1
74522.457401,1711.02,0.08870818,1
74522.457401,1711.02,0.02594682,1
74525.934237,1711,0.02839763,-1
74526.406235,1711,0.02839763,-1
74527.268572,1711.17,0.012973,1
74529.019426,1711.12,0.00078097,1
74529.019426,1711.12,0.09023903,1
74529.169878,1711.05,0.058362,1
74529.077638,1711.11,0.205386,1
74529.312136,1711.02,0.058362,1
74529.381951,1711.02,0.08940368,1
74529.381951,1711.02,0.00000032,1
74529.477051,1711.01,0.16290895,1
74529.477051,1711.01,6.13954305,1
74529.583,1711.02,0.00156226,-1
74530.407193,1710.98,0.02893062,-1
74531.461337,1710.97,0.02208775,1
74531.461337,1710.97,0.05836232,1
74531.461337,1710.97,0.00726804,1
74532.724493,1711.02,0.00274834,-1
74533.159741,1710.97,0.252176,1
74533.3655,1710.91,0.00115723,-1
74533.444598,1710.9,0.10042756,1
74533.44417,1710.9,0.09942757,1
74533.44417,1710.9,0.001,1
74533.48984,1710.81,0.01533305,-1
74533.602457,1710.8,0.099041,1
74533.602457,1710.8,0.001,1
74533.806887,1710.73,0.0780962,-1
74533.806887,1710.73,0.14909149,-1
74533.977286,1710.7,0.02887706,1
74533.977286,1710.7,0.001,1
74533.977286,1710.72,0.19158809,1
74533.977286,1710.72,0.16910973,1
74534.12562,1710.61,0.01419923,-1
74534.790486,1710.61,0.00092292,-1
74536.489017,1710.69,0.05653771,-1
74536.683947,1710.69,0.0260581,-1
74536.808378,1710.7,0.05543232,-1
74538.015524,1710.62,0.01158993,-1
74538.015524,1710.62,0.11036856,-1
74538.116573,1710.69,0.35443917,-1
74538.116573,1710.63,0.3396,-1
74538.347186,1710.64,0.00851892,-1
74538.882448,1710.6,0.09360905,1
74538.882147,1710.6,0.09260905,1
74538.882147,1710.6,0.001,1
74539.959112,1710.62,0.00053241,-1
74541.025097,1710.62,0.01306089,-1
74542.079571,1710.6,0.00084328,1
74542.079571,1710.6,0.20623372,1
74542.428643,1710.6,1.46078807,-1
74542.428643,1710.59,0.05836232,-1
74542.425387,1710.51,0.3396,-1
74543.103711,1710.8,0.001,-1
74543.569086,1711.3,0.74285254,-1
74543.569086,1711.3,0.208,-1
74543.569086,1711.3,0.001,-1
74543.569086,1711.25,1.33937,-1
74543.569086,1711.24,0.05836232,-1
74543.569086,1711.2,0.208,-1
74543.569086,1711.2,0.001,-1
74543.569086,1711.1,0.001,-1
74543.569086,1711,0.001,-1
74543.569086,1710.9,0.001,-1
74544.454027,1711.29,0.38049497,-1
74544.454027,1711.1,0.001,-1
74546.702502,1711.52,0.05836232,-1
74546.702502,1711.5,0.001,-1
74546.702502,1711.4,0.001,-1
74546.694201,1711.3,0.001,-1
74547.470075,1711.76,0.05586191,-1
74547.470075,1711.7,0.001,-1
74547.470075,1711.6,0.001,-1
74548.095207,1711.69,0.00001,1
74548.026049,1711.7,0.05544884,-1
74551.60716,1711.95,0.03127182,-1
74551.60716,1711.9,0.001,-1
74551.60716,1711.8,0.001,-1
74552.141477,1711.9,0.345633,1
74557.150016,1711.93,0.00975779,-1
74557.150016,1711.92,0.05836232,-1
74557.618042,1711.91,0.06650719,-1
74558.255633,1711.93,0.54641819,-1
74558.255633,1711.92,0.05836232,-1
74558.253194,1711.91,0.00000584,1
74558.241667,1711.91,0.00199776,1
74561.891378,1712,0.001,-1
74562.677403,1712.09,0.034686,1
74564.002774,1712.4,0.01805825,-1
74564.002774,1712.4,0.001,-1
74564.002774,1712.39,0.00564109,-1
74564.002774,1712.3,0.001,-1
74564.002774,1712.2,0.001,-1
74564.002774,1712.1,0.001,-1
74564.533326,1712.49,2.53184188,-1
74564.533326,1712.46,0.87593755,-1
74564.533326,1712.44,0.01130491,-1
74564.533326,1712.4,0.24,-1
74564.533326,1712.38,0.87678536,-1
74564.533326,1712.3,0.001,-1
74565.515752,1712.3,0.5845,1
74565.515752,1712.3,1.575,1
74565.515752,1712.3,0.24,1
74567.14106,1712.38,0.33216071,-1
74567.14106,1712.38,0.05836232,-1
74567.14106,1712.37,0.16352987,-1
74568.181188,1712.35,0.01091248,-1
74571.320199,1712.35,0.01418804,-1
74571.660366,1712.34,0.04163729,1
74571.734516,1712.27,2.23164349,1
74571.734516,1712.29,1.46003305,1
74571.733849,1712.28,0.30027342,1
74571.733849,1712.29,2.6179658,1
74571.733847,1712.29,0.52480506,1
74571.733535,1712.34,0.00177265,1
74571.733535,1712.34,0.67741899,1
74573.71803,1712.21,0.05539185,-1
74578.120507,1712.22,0.00061159,-1
74580.316133,1712.22,0.87544405,-1
74580.946705,1712.36,0.00867295,-1
74581.854111,1712.28,1.46004158,1
74581.850605,1712.31,0.44995539,1
74581.850605,1712.31,0.05836232,1
74582.043556,1712.14,0.01751537,1
74583.512272,1712.18,0.372934,1
74583.448037,1712.21,0.350135,1
74583.975419,1712.1,0.001,1
74583.975419,1712.12,0.45070469,1
74583.975419,1712.12,0.05836232,1
74584.229747,1712,0.22704562,1
74584.229628,1712,0.22604563,1
74584.229628,1712,0.001,1
74584.360978,1711.9,0.00075,1
74584.360978,1711.9,0.001,1
74584.520352,1711.81,0.00553916,-1
74584.9685,1711.8,0.371011,1
74584.9685,1711.8,0.001,1
74585.642519,1711.98,0.29767923,-1
74585.642519,1711.97,0.05836232,-1
74585.642519,1711.93,0.87678536,-1
74585.642519,1711.9,0.24,-1
74585.642519,1711.88,0.87623326,-1
74585.642519,1711.87,0.06943141,-1
74585.642519,1711.81,0.3396,-1
74585.848934,1711.81,0.35196772,1
74585.848934,1711.81,0.28264214,1
74585.848934,1711.81,0.01735785,1
74585.848934,1711.81,0.26528429,1
74587.044636,1711.86,0.23226342,-1
74587.044636,1711.85,0.05836232,-1
74588.537558,1711.78,0.00043367,-1
74588.952741,1711.78,0.01135272,-1
74588.907047,1711.77,0.36906568,1
74588.907047,1711.77,0.05836232,1
74590.821314,1711.78,0.00553942,-1
74591.015575,1711.78,0.07229401,-1
74593.169289,1711.78,0.04257803,-1
74594.197087,1712.12,0.27171003,-1
74594.197087,1712.1,0.001,-1
74594.197087,1712,0.001,-1
74594.197087,1711.98,0.00451309,-1
74594.197087,1711.98,0.00563044,-1
74595.32931,1712.1,0.370571,1
74595.32931,1712.1,0.228,1
74595.393049,1712.1,0.26240528,1
74595.393049,1712.1,0.00000072,1
74595.759712,1712.11,0.05540835,-1
74596.715764,1712.1,0.11800639,1
74596.715764,1712.1,0.00000012,1
74597.140058,1712.11,0.00113908,-1
74597.117089,1712.11,0.01156704,-1
74597.746983,1712.08,0.00020625,1
74597.744315,1712.08,0.00057277,1
74597.744315,1712.08,0.22219389,1
74597.744315,1712.08,0.24933334,1
74597.732623,1712.09,0.01496188,-1
74597.779835,1711.91,0.058362,1
74598.346785,1711.89,0.249333,1
74598.291115,1711.9,0.001,1
74598.427133,1711.8,0.223277,1
74598.427133,1711.8,0.001,1
74598.380594,1711.89,0.08160266,1
74598.380594,1711.89,0.00000034,1
74598.469174,1711.74,0.05155406,1
74600.012872,1711.7,0.09021642,1
74600.012872,1711.7,0.001,1
74600.461536,1711.6,0.088925,1
74600.461536,1711.6,0.001,1
74600.517273,1711.58,0.023369,1
74600.501372,1711.6,0.00000086,1
74600.669449,1711.5,0.00000584,1
74602.068985,1711.5,0.06419184,1
74602.068985,1711.5,0.00099416,1
74603.776948,1711.4,0.142719,1
74603.776948,1711.4,0.001,1
74604.118234,1711.3,0.133885,1
74604.118234,1711.3,0.001,1
74604.064525,1711.32,0.06598865,1
74604.064393,1711.32,0.06598865,1
74604.297337,1711.2,0.111741,1
74604.297337,1711.2,0.001,1
74604.400098,1711.1,0.00000526,1
74604.400098,1711.2,0.00000058,1
74605.399053,1711.1,0.11246726,1
74605.399053,1711.1,0.00099474,1
74605.526841,1711.11,0.00057265,-1
74607.668624,1711.24,0.06753598,1
74607.668624,1711.24,0.18318302,1
74608.504461,1711.18,0.03246431,1
74609.607067,1711.18,0.074031,1
74611.94762,1711.12,0.00084115,1
74611.94762,1711.12,0.13849485,1
74612.007336,1711.05,0.094605,1
74612.118971,1711.01,0.095392,1
74612.179067,1711,0.09222,1
74612.179067,1711,0.001,1
74612.320778,1711,0.217,1
74612.747951,1710.92,0.126693,1
74612.809443,1710.9,0.135228,1
74612.809443,1710.9,0.001,1
74612.99811,1710.86,0.11572112,-1
74612.978061,1710.85,0.14942958,1
74612.978061,1710.85,0.00058542,1
74613.156823,1710.8,0.137101,1
74613.156823,1710.8,0.001,1
74613.340436,1710.72,0.11637,1
74613.340436,1710.72,0.001,1
74613.626825,1710.7,0.095398,1
74613.626825,1710.7,0.001,1
74614.15787,1710.6,0.109329,1
74614.15787,1710.6,0.001,1
74614.390325,1710.5,0.00000584,1
74614.507287,1710.5,0.10926084,1
74614.507287,1710.5,0.00099416,1
74614.731822,1710.4,0.102283,1
74614.731822,1710.4,0.001,1
74614.626378,1710.5,0.00000065,1
74615.130898,1710.32,0.07232148,-1
74616.226494,1710.38,0.16011986,1
74616.226494,1710.38,0.28264214,1
74616.619089,1710.3,0.118581,1
74616.619089,1710.3,0.001,1
74616.901525,1710.35,0.32812582,-1
74620.260472,1710.56,0.02724399,-1
74621.735202,1710.53,0.11642906,-1
74622.570336,1710.6,0.00190948,-1
74622.546445,1710.6,0.0163602,-1
74622.546445,1710.6,0.001,-1
74625.359481,1710.64,0.00000044,1
74625.337527,1710.64,0.00078237,1
74625.337527,1710.64,0.16138163,1
74625.398137,1710.48,0.058362,1
74625.371816,1710.61,0.18767123,1
74625.371816,1710.62,0.19308365,1
74629.193427,1710.44,0.112047,1
74633.258044,1710.69,0.0028417,-1
74634.766563,1710.67,0.058362,1
74634.740615,1710.67,0.058362,1
74634.677383,1710.69,0.05836225,1
74634.677383,1710.69,1.16750425,1
74634.677383,1710.69,0.1237845,1
74635.248687,1710.51,0.07137004,1
74635.248687,1710.51,0.07137096,1
74637.059508,1710.52,0.03945687,-1
74637.059508,1710.49,0.52862857,-1
74639.874779,1710.53,0.0149715,-1
74640.511213,1710.56,0.00229795,-1
74640.751372,1710.54,0.00000584,1
74641.114147,1710.54,0.00090226,1
74641.114147,1710.54,0.12923274,1
74641.642876,1710.5,0.00276746,-1
74641.714587,1710.49,0.19369168,1
74641.714587,1710.49,0.05836232,1
74642.02488,1710.49,0.005754,1
74642.011128,1710.49,0.05260832,1
74645.549683,1710.51,0.1217291,1
74645.549683,1710.51,0.0000009,1
74645.519418,1710.51,0.17825836,1
74645.519418,1710.51,0.12172964,1
74646.146772,1710.51,0.112034,1
74648.134427,1710.51,0.11362572,-1
74649.058064,1710.51,0.06366522,-1
74650.379857,1710.5,0.00000584,1
74650.658741,1710.51,0.01420305,-1
74651.4917,1710.51,0.00057877,-1
74651.491646,1710.5,0.231428,1
74651.631706,1710.44,0.01704482,-1
74651.690061,1710.44,0.01214269,-1
74651.975071,1710.44,0.00289386,-1
74652.158098,1710.43,0.22526574,1
74652.158098,1710.43,0.87697026,1
74652.416127,1710.43,0.01108932,-1
74654.144432,1710.55,0.00723498,-1
74654.28603,1710.55,0.00289377,-1
74654.280287,1710.55,0.0000118,-1
74654.966276,1710.55,0.0000118,-1
74656.983568,1710.49,0.0568122,-1
74660.693529,1710.7,0.05999957,-1
74660.693529,1710.7,0.001,-1
74660.797086,1710.69,0.12944223,1
74660.797086,1710.69,0.87683917,1
74660.797086,1710.69,0.34376015,1
74660.797086,1710.69,0.00120345,1
74665.561948,1710.79,0.11999168,1
74665.561948,1710.79,0.05836232,1
74665.717006,1710.77,0.16868,1
74665.903818,1710.73,0.00584,1
74666.633163,1710.68,0.08236834,-1
74673.137269,1710.79,1.12605874,1
74673.137269,1710.79,1.01166098,1
74673.137269,1710.79,0.11486896,1
74673.137269,1710.79,0.05836232,1
74674.070459,1710.78,0.05854663,1
74674.070459,1710.78,0.19857124,1
74675.548235,1710.79,0.00081248,1
74676.192758,1710.79,0.01847886,1
74676.522762,1710.8,0.001,-1
74682.660774,1710.89,0.00000584,1
74683.674446,1711.16,0.05378997,-1
74683.674446,1711.1,0.001,-1
74683.674446,1711,0.001,-1
74683.674446,1710.9,0.001,-1
74684.036022,1711.17,0.02117135,-1
74684.036022,1711.1,0.001,-1
74684.372569,1711.15,0.00000584,1
74685.278679,1711.16,0.00851657,-1
74689.563683,1711.15,0.02771291,-1
74699.804086,1711.2,0.010534,-1
74699.804086,1711.2,0.001,-1
74700.158061,1711.2,0.01272828,-1
74700.619245,1711.28,0.03492178,-1
74700.864204,1711.27,0.01956299,1
74702.887602,1711.26,0.04877825,-1
74705.658337,1711.25,0.00165075,1
74705.658337,1711.25,0.05035525,1
74705.64089,1711.25,0.13912045,1
74705.626988,1711.25,0.05246639,1
74705.626988,1711.25,0.87654745,1
74705.72691,1711.16,0.331775,1
74705.84695,1711.04,0.35700064,1
74705.78866,1711.1,0.231079,1
74707.60159,1711.12,0.00554232,-1
74707.587068,1711.26,8.97035919,-1
74707.587068,1711.26,2,-1
74707.587068,1711.25,1.575,-1
74707.587068,1711.25,0.17573339,-1
74707.587068,1711.25,4.25090997,-1
74707.587068,1711.22,0.87678536,-1
74707.587068,1711.21,1.16865251,-1
74707.587068,1711.2,0.237,-1
74707.587068,1711.16,0.40595958,-1
74707.587068,1711.07,0.3396,-1
74708.293341,1711.11,0.00000584,1
74708.28203,1711.11,0.0009,1
74710.554033,1711.12,0.14198982,-1
74711.317042,1711.11,0.690921,1
74711.436445,1711.09,0.44374831,1
74711.436445,1711.09,0.00000069,1
74711.377088,1711.09,0.23968747,1
74711.377088,1711.09,0.26181953,1
74712.180114,1711.06,0.00851653,-1
74713.457447,1711.06,0.00071164,-1
74713.677643,1711.06,0.05542811,-1
74713.892981,1711.06,0.02892842,-1
74714.00533,1711.06,0.00289284,-1
74714.63769,1711.06,0.00289284,-1
74714.92399,1711.06,0.00433942,-1
74715.17213,1711.06,0.00001179,-1
74715.424263,1711.06,0.03472356,-1
74715.562272,1711.06,0.00578568,-1
74715.978236,1711.06,0.00144642,-1
74716.623638,1711.06,0.01446421,-1
74717.461072,1711.02,0.23968816,1
74717.459184,1711.05,0.00074899,1
74717.459184,1711.05,0.34079105,1
74717.465203,1711,0.05836232,1
74717.465203,1711,0.001,1
74717.622159,1710.9,0.239882,1
74717.622159,1710.9,0.001,1
74717.777054,1710.8,0.27674,1
74717.777054,1710.8,0.001,1
74717.96712,1710.85,0.37860335,-1
74717.96712,1710.84,0.20343272,-1
74718.124574,1710.73,0.257835,1
74718.183947,1710.7,0.276164,1
74718.183947,1710.7,0.001,1
74718.686303,1710.67,0.05543264,-1
74719.346882,1710.67,0.00609833,-1
74721.064076,1710.92,0.00361047,-1
74721.064076,1710.92,0.00450436,-1
74721.064076,1710.92,0.00074497,-1
74721.064076,1710.9,0.001,-1
74722.874577,1711.06,0.0103577,-1
74722.874577,1711,0.001,-1
74723.236592,1711.06,0.01136722,-1
74725.883255,1711.05,0.05836188,1
74725.883255,1711.05,0.35849212,1
74728.265599,1711.02,0.00912286,-1
74731.461336,1711.02,0.04157738,-1
74736.227459,1710.99,0.876685,1
74736.177397,1711.01,0.20215135,1
74736.177397,1711.01,0.00075201,1
74736.177397,1711.01,0.34469432,1
74736.177397,1711.01,0.05836232,1
74736.037756,1711.02,0.0031881,-1
74737.14978,1711,0.16897977,-1
74737.14978,1711,0.3396,-1
74737.403834,1710.91,0.0936316,1
74737.403808,1710.94,1.05266749,1
74737.40374,1710.94,2.59026928,1
74737.40374,1710.95,0.05836232,1
74737.402169,1710.99,0.23176526,1
74737.402169,1710.99,0.00000037,1
74738.39971,1710.78,0.20215135,1
74738.39971,1710.8,0.20695898,1
74738.39971,1710.8,0.001,1
74739.127275,1710.7,0.227364,1
74739.127275,1710.7,0.001,1
74740.254973,1710.5,0.001,1
74740.219925,1710.6,0.001,1
74740.219925,1710.61,0.00000034,1
74740.116089,1710.61,0.21738837,1
74740.116089,1710.61,0.49828363,1
74740.318459,1710.4,0.000752,1
74740.318459,1710.4,0.001,1
74741.351216,1710.63,0.00478603,-1
74741.351216,1710.6,0.001,-1
74741.320495,1710.31,0.3396,-1
74743.344557,1710.79,0.21481394,1
74743.344557,1710.79,0.14613474,1
74743.344557,1710.79,0.24914182,1
74743.46914,1710.7,0.146134,1
74744.625027,1710.7,0.00006428,-1
74744.607593,1710.69,0.28668087,-1
74745.312238,1710.68,0.39552977,1
74745.312238,1710.69,0.08834618,1
74745.312238,1710.69,0.26791134,1
74746.122811,1710.7,0.00289291,-1
74746.218934,1710.84,0.03348825,1
74746.218934,1710.84,0.03348891,1
74746.218934,1710.84,0.06697784,1
74746.191718,1711.01,1.26673331,1
74746.191341,1711.01,1.26673332,1
74746.187501,1711,0.001,-1
74746.187501,1711,0.237,-1
74746.187501,1710.99,0.87678536,-1
74746.187501,1710.97,1.33726,-1
74746.187501,1710.97,1.139,-1
74746.187501,1710.94,1.16914069,-1
74746.187501,1710.93,2.32523907,-1
74746.187501,1710.9,0.237,-1
74746.187501,1710.9,0.001,-1
74746.187501,1710.89,0.05836232,-1
74746.187501,1710.8,0.001,-1
74746.187501,1710.7,0.08374593,-1
74747.706481,1710.84,0.16389283,1
74747.706481,1710.84,0.0669775,1
74747.706481,1710.84,0.00000067,1
74748.15913,1710.83,0.17863626,1
74748.15913,1710.83,0.14613474,1
74748.419958,1710.81,0.0859466,1
74749.627486,1710.81,0.17692386,1
74749.627486,1710.81,0.06018814,1
74750.049411,1710.8,0.146134,1
74750.049411,1710.8,0.001,1
74750.26846,1710.81,0.03681756,-1
74750.26846,1710.81,0.3396,-1
74751.117233,1710.71,0.051897,1
74751.349812,1710.68,0.08871001,-1
74751.909377,1710.8,0.23699964,1
74751.909377,1710.8,0.02594936,1
74752.811068,1710.85,1.82360953,-1
74752.803588,1710.85,2.84629023,-1
74752.803588,1710.81,0.00086056,-1
74755.902461,1711.06,0.03403914,-1
74755.902461,1711,0.001,-1
74755.902461,1710.9,0.001,-1
74758.969964,1710.93,0.80962039,1
74758.969964,1710.94,1.46118507,1
74758.969964,1711,0.237,1
74758.969964,1711.01,0.0010212,1
74758.969964,1711.01,0.19381534,1
74758.969964,1711.01,0.14612534,1
74759.420356,1710.92,6.13954305,1
74759.420356,1710.93,4.00567378,1
74759.420356,1710.94,0.87671104,1
74759.420356,1710.95,0.864054,1
74759.416334,1711.01,0.14612534,1
74759.416334,1711.01,0.19381534,1
74760.449367,1710.8,0.15498171,1
74760.449367,1710.8,0.00000029,1
74760.420982,1710.8,0.05836203,1
74760.420982,1710.8,0.15498197,1
74760.420982,1710.8,0.001,1
74761.168253,1711,0.237,1
74761.108089,1711.01,0.296952,1
74761.053771,1710.99,0.56795596,-1
74761.93339,1711.03,0.40500751,-1
74761.990788,1711.04,0.18899655,1
74761.990788,1711.04,0.08099173,1
74761.990788,1711.04,0.08099172,1
74762.317155,1710.9,0.237,1
74762.284351,1710.91,0.17549,1
74762.987632,1710.85,0.188495,1
74763.217015,1710.84,0.19428168,1
74763.217015,1710.84,0.1,1
74763.217015,1710.84,0.2,1
74763.217015,1710.84,0.05836232,1
74763.906724,1710.85,0.20461958,1
74763.906724,1710.85,0.08774542,1
74764.406032,1710.85,0.00000473,1
74764.97987,1710.85,0.06075125,-1
74765.10744,1710.89,0.0970052,-1
74765.54677,1710.88,0.16630326,-1
74767.687298,1711.05,0.12583227,1
74767.687298,1711.05,1.16884916,1
74767.687298,1711.05,0.12274857,1
74768.698192,1710.84,0.02361413,1
74768.880737,1710.85,0.17187174,-1
74769.068715,1710.8,0.22067,1
74769.068715,1710.8,0.001,1
74769.010108,1710.84,0.134089,1
74769.236606,1710.76,0.243841,1
74769.587055,1710.7,0.201128,1
74769.587055,1710.7,0.001,1
74770.167341,1710.68,0.05836144,1
74770.167341,1710.68,0.20725956,1
74770.167341,1710.68,0.1,1
74770.167341,1710.68,0.2,1
74770.405901,1710.5,0.00000488,1
74770.405901,1710.6,0.00000096,1
74770.390153,1710.6,0.000749,1
74770.390153,1710.6,0.001,1
74772.459084,1710.54,0.16986701,1
74772.459084,1710.54,0.07365508,1
74772.459084,1710.54,0.07365508,1
74772.459084,1710.54,0.14083483,1
74772.447013,1710.54,0.00528795,1
74772.621295,1710.54,0.05836138,1
74772.621295,1710.54,0.00000062,1
74772.709518,1710.5,0.13303068,1
74772.709518,1710.5,0.05836232,1
74772.709518,1710.5,0.001,1
74772.95054,1710.57,0.02771748,-1
74773.247953,1710.53,0.167223,1
74773.306798,1710.46,0.058362,1
74773.719244,1710.42,0.2,1
74774.117009,1710.3,0.146122,1
74774.117009,1710.3,0.001,1
74774.100751,1710.39,0.07356139,1
74774.099899,1710.39,0.07256139,1
74774.099899,1710.4,0.001,1
74774.264886,1710.31,0.00274889,-1
74774.359724,1710.31,0.00851907,-1
74774.33521,1710.3,0.09287422,1
74774.33521,1710.3,0.00000078,1
74774.472186,1710.25,0.03326695,-1
74774.382816,1710.24,0.00000545,1
74774.382816,1710.3,0.00000039,1
74775.862249,1710.35,0.00810332,-1
74775.841622,1710.35,0.05787037,-1
74776.55752,1710.3,0.12706986,1
74776.501473,1710.31,0.11573803,-1
74776.663495,1710.27,1.29616715,-1
74776.661534,1710.24,1.06308097,-1
74776.661534,1710.2,0.225,-1
74776.661534,1710.11,0.48576288,-1
74776.636342,1710.26,0.96546568,-1
74776.636342,1710.2,0.87709039,-1
74776.636342,1710.2,0.142,-1
74776.636342,1710.2,0.132,-1
74776.636342,1710.2,0.48576288,-1
74776.636342,1710.2,0.4,-1
74776.636342,1710.11,0.01675614,-1
74776.634736,1710.11,1.43424386,-1
74776.634736,1710.11,0.3396,-1
74776.618659,1710.2,10,1
74776.618659,1710.2,0.001,1
74776.776776,1710.28,3.01907509,-1
74776.775022,1710.27,0.486,-1
74776.775022,1710.19,0.3396,-1
74776.747541,1710.28,0.486,-1
74776.747541,1710.27,0.14464558,-1
74776.747541,1710.13,0.3396,-1
74776.719051,1710.27,0.05836232,-1
74776.719051,1710.18,0.87710065,-1
74776.719051,1710.17,0.14464558,-1
74776.719051,1710.17,0.14464558,-1
74776.719051,1710.13,0.3396,-1
74776.692273,1710.23,1.01907509,-1
74776.690169,1710.23,0.37585735,-1
74776.690169,1710.2,0.225,-1
74776.690169,1710.19,0.05785824,-1
74776.690169,1710.19,0.11571646,-1
74776.690169,1710.19,0.17357469,-1
74776.690169,1710.12,0.48623712,-1
74776.690169,1710.12,0.3396,-1
74776.86301,1710.42,0.13768501,-1
74776.86301,1710.41,2.88139007,-1
74776.862311,1710.41,1.3695199,-1
74776.862311,1710.4,0.486,-1
74776.862311,1710.4,0.001,-1
74776.862311,1710.4,0.225,-1
74776.862311,1710.34,0.458,-1
74776.862311,1710.34,0.02875853,-1
74776.862311,1710.32,1.16940403,-1
74776.862311,1710.3,0.0180807,-1
74776.862311,1710.3,0.0180807,-1
74776.834964,1710.35,2.56131656,-1
74776.834964,1710.34,0.45775853,-1
74776.832254,1710.34,0.02824147,-1
74776.832254,1710.34,0.161,-1
74776.832254,1710.32,1.16940403,-1
74776.832254,1710.31,1.16904031,-1
74776.832254,1710.3,0.225,-1
74776.832254,1710.29,0.07232278,-1
74776.832254,1710.21,0.87708527,-1
74776.832254,1710.17,0.07175,-1
74776.806272,1710.35,2.73280487,-1
74776.803625,1710.3,1.16940403,-1
74776.803625,1710.3,0.225,-1
74776.803625,1710.27,0.486,-1
74776.948512,1710.48,3.01907509,-1
74776.947406,1710.48,0.39599685,-1
74776.947406,1710.47,0.05836232,-1
74776.947406,1710.45,0.00904035,-1
74776.947406,1710.45,0.486,-1
74776.947406,1710.38,1.16904031,-1
74776.947406,1710.37,0.486,-1
74776.947406,1710.32,1.16940403,-1
74776.920199,1710.48,1.95015243,-1
74776.920199,1710.46,1.06892265,-1
74776.917612,1710.46,0.93107735,-1
74776.917612,1710.44,1.16904031,-1
74776.917612,1710.41,0.0180807,-1
74776.917612,1710.41,0.48624147,-1
74776.917612,1710.32,1.16940403,-1
74776.890569,1710.42,3.01907509,-1
74776.88909,1710.42,2.60443983,-1
74776.88909,1710.32,1.16940403,-1
74776.976838,1710.5,0.04363712,-1
74776.976838,1710.48,1.51951985,-1
74776.976838,1710.48,1.45591812,-1
74776.975139,1710.48,0.45887934,-1
74776.975139,1710.47,0.486,-1
74776.975139,1710.41,1.16904031,-1
74776.975139,1710.4,0.00226008,-1
74776.975139,1710.4,0.00226009,-1
74776.975139,1710.4,0.486,-1
74776.975139,1710.32,1.16940403,-1
74777.799355,1710.42,0.03637444,-1
74778.604982,1710.41,0.00338277,-1
74778.604982,1710.41,0.00226009,-1
74779.041024,1710.41,0.00564272,-1
74779.813047,1710.4,0.01121013,1
74780.17137,1710.41,0.05787037,-1
74782.413253,1710.63,0.05192655,-1
74782.413253,1710.6,0.001,-1
74782.413253,1710.5,0.001,-1
74782.413253,1710.42,0.00288864,-1
74784.532989,1710.66,0.14616037,1
74784.532989,1710.67,0.00078147,1
74784.532989,1710.67,0.09960471,1
74786.374179,1710.5,0.00000584,1
74787.268199,1710.4,0.167285,1
74787.255695,1710.4,0.08060377,1
74787.255695,1710.4,0.001,1
74787.148111,1710.45,0.26565,1
74787.334574,1710.41,0.05545565,-1
74787.395281,1710.4,0.00000057,1
74787.608879,1710.3,0.24433,1
74787.608879,1710.3,0.001,1
74788.367347,1710.2,0.17765,1
74788.367347,1710.2,0.001,1
74789.096532,1710.12,0.04268702,1
74789.039246,1710.15,0.00000695,-1
74789.574213,1710.14,0.01704322,-1
74789.843459,1710.21,0.10530289,-1
74789.840781,1710.21,1.06414407,-1
74789.840062,1710.14,0.86007795,-1
74790.474881,1710.49,0.018,-1
74790.474038,1710.49,0.017,-1
74790.474038,1710.4,0.001,-1
74793.810553,1710.67,0.1548554,-1
74793.810553,1710.66,0.05836232,-1
74793.810553,1710.61,0.00231078,-1
74793.810553,1710.61,0.00360359,-1
74793.810553,1710.61,0.00067176,-1
74793.810553,1710.6,0.001,-1
74793.810553,1710.5,0.001,-1
74796.436445,1710.61,0.00075081,1
74796.436445,1710.61,0.3347216,1
74796.436445,1710.61,0.14618259,1
74798.008576,1710.83,4.30286947,-1
74798.008576,1710.83,0.4,-1
74798.008576,1710.83,0.57388432,-1
74798.008576,1710.83,0.048,-1
74798.008576,1710.82,0.4,-1
74798.008576,1710.8,0.001,-1
74798.008576,1710.8,0.225,-1
74798.008576,1710.79,0.4,-1
74798.008576,1710.75,0.09639928,-1
74798.008576,1710.73,4.25090997,-1
74798.008576,1710.72,1.16930687,-1
74798.008576,1710.7,0.225,-1
74798.008576,1710.7,0.001,-1
74798.008576,1710.66,1.16920684,-1
74798.008576,1710.65,0.05836232,-1
74798.008576,1710.54,0.87691611,-1
74798.088688,1710.65,0.577529,1
74798.896792,1710.67,0.10800171,-1
74798.896792,1710.66,0.05836232,-1
74799.010356,1710.63,0.288765,1
74799.057851,1710.63,0.142522,1
74800.556884,1710.6,0.225,1
74801.262395,1710.61,0.06238416,-1
74801.537021,1710.58,0.152324,1
74801.596623,1710.57,0.43962395,1
74801.596623,1710.57,6.13954305,1
74801.872034,1710.48,0.01363309,-1
74803.154313,1710.43,0.11279619,-1
74803.347369,1710.42,0.164619,1
74803.409476,1710.4,0.426595,1
74803.409476,1710.4,0.001,1
74803.534738,1710.3,0.087255,1
74803.534738,1710.3,0.001,1
74803.479305,1710.4,0.00000091,1
74807.209184,1710.31,2.54839621,-1
74807.209184,1710.31,1.16946263,-1
74807.209184,1710.21,0.87708527,-1
74807.328887,1710.27,0.00011576,-1
74807.471729,1710.27,0.016294,-1
74809.024491,1710.23,0.01490341,1
74809.251349,1710.24,0.01829925,-1
74812.30413,1710.35,0.029604,-1
74812.524985,1710.34,0.13418994,1
74812.524985,1710.34,0.08055113,1
74812.524985,1710.34,0.08055113,1
74812.580647,1710.36,0.20422639,-1
74812.580647,1710.35,0.02875832,-1
74815.418741,1710.49,0.00094001,1
74816.229609,1710.49,0.0051898,1
74816.517088,1710.49,1.00596578,1
74816.517088,1710.49,1.12527065,1
74816.517088,1710.49,0.17123504,1
74816.517088,1710.49,1.06965746,1
74816.517088,1710.49,0.00096088,1
74816.517088,1710.49,1.44487019,1
74819.051561,1710.59,0.87689371,-1
74819.051561,1710.58,0.05836232,-1
74819.051561,1710.52,0.19993226,-1
74819.051561,1710.5,0.001,-1
74820.256124,1710.42,0.33903262,1
74820.256124,1710.43,0.8673365,1
74820.256124,1710.44,0.04027557,1
74820.256124,1710.44,0.04027556,1
74821.401853,1710.32,0.06931367,-1
74822.767172,1710.31,0.34614468,1
74822.767172,1710.31,0.05836232,1
74823.005237,1710.31,0.08207013,-1
74823.002362,1710.3,0.251114,1
74823.002362,1710.3,0.001,1
74823.289552,1710.2,0.231601,1
74823.289552,1710.2,0.001,1
74823.858854,1710.17,0.18993554,1
74823.858854,1710.17,0.11596746,1
74825.041115,1710.14,0.066167,1
74825.100437,1710.12,0.03300768,1
74825.100437,1710.12,0.05836232,1
74825.201779,1710.1,0.000749,1
74825.201779,1710.1,0.001,1
74825.276739,1710,0.00116,1
74825.276739,1710,0.001,1
74825.576674,1710,0.03303777,1
74825.576674,1710,0.00000023,1
74827.36367,1709.97,0.03290714,1
74827.36367,1709.97,1.16941742,1
74827.36367,1709.97,0.00000044,1
74827.306857,1709.97,0.09999956,1
74827.306857,1709.97,0.2,1
74827.306857,1709.97,0.05836232,1
74827.306857,1709.97,0.0329077,1
74827.306857,1709.97,1.16941742,1
74829.977182,1709.9,0.17008,1
74829.977182,1709.9,0.225,1
74829.977182,1709.9,0.001,1
74830.225959,1709.91,0.05681254,-1
74831.047579,1709.9,0.065596,1
74831.878254,1709.89,1.16956841,1
74831.878254,1709.89,0.03320959,1
74831.998572,1709.86,1.169569,1
74832.44047,1709.8,0.03321,1
74832.44047,1709.8,0.001,1
74832.388645,1709.84,0.067087,1
74833.341784,1709.57,0.11741635,1
74833.340906,1709.57,0.11641636,1
74833.340906,1709.6,0.001,1
74833.295322,1709.61,0.20000366,1
74833.291082,1709.7,0.001,1
74833.291082,1709.7,0.20094377,1
74833.291082,1709.7,0.2064184,1
74833.290493,1709.7,0.02733445,1
74833.290493,1709.7,0.08151163,1
74833.286708,1709.7,0.15219888,1
74833.286708,1709.7,0.20000711,1
74833.286708,1709.73,0.13879401,1
74833.286586,1709.73,1.03077526,1
74833.283325,1709.74,0.10000389,1
74833.28292,1709.74,0.10000389,1
74833.953128,1709.5,0.066578,1
74833.953128,1709.5,0.001,1
74834.34677,1709.41,0.033049,1
74834.34677,1709.41,0.2,1
74834.34677,1709.41,0.1,1
74834.288689,1709.42,0.033283,1
74834.814649,1709.4,0.033702,1
74834.814649,1709.4,0.001,1
74835.938188,1709.39,0.0002895,-1
74836.095927,1709.39,0.01157962,-1
74836.861746,1709.55,0.00057914,-1
74837.077476,1709.5,0.134882,1
74837.077476,1709.5,0.214,1
74837.843975,1709.48,0.02842288,-1
74838.362713,1709.48,0.00554638,-1
74838.833386,1709.49,0.26509755,-1
74838.833386,1709.48,0.02439306,-1
74839.06809,1709.6,0.001,-1
74839.521228,1709.94,0.018,-1
74839.520807,1709.94,0.015,-1
74839.520807,1709.9,0.001,-1
74839.520807,1709.8,0.001,-1
74839.520807,1709.7,0.001,-1
74839.733872,1709.84,0.00579022,-1
74840.215325,1710.14,6.49218438,-1
74840.215325,1710.14,0.4,-1
74840.215325,1710.13,1.575,-1
74840.215325,1710.1,0.001,-1
74840.215325,1710.1,0.225,-1
74840.215325,1710,0.001,-1
74840.215325,1709.99,0.16440467,-1
74840.215325,1709.98,0.05836232,-1
74840.215325,1709.93,0.87722889,-1
74840.215325,1709.92,1.575,-1
74840.654044,1710.01,0.00438334,1
74840.747473,1710.02,0.01136866,-1
74842.254078,1710.11,0.00000584,1
74842.242787,1710.11,0.0086661,1
74843.630296,1710.53,0.01047749,-1
74843.630296,1710.5,0.001,-1
74843.630296,1710.4,0.001,-1
74843.630296,1710.3,0.001,-1
74843.630296,1710.2,0.001,-1
74843.852925,1710.41,0.00057315,-1
74845.727939,1710.29,2.76875619,1
74845.727695,1710.29,2.8125795,1
74845.727695,1710.3,0.79048724,1
74845.727582,1710.3,0.37878085,1
74845.727582,1710.31,0.97609197,1
74845.727113,1710.31,0.48563134,1
74845.726865,1710.41,0.14624074,1
74846.045208,1710.21,0.01420443,-1
74846.24911,1710.2,0.00201224,1
74846.24911,1710.2,0.001,1
74846.889656,1710.2,0.05932143,1
74847.507462,1710.21,0.05682549,-1
74847.646576,1710.21,0.02968709,-1
74848.771056,1710.11,0.14624074,1
74848.771056,1710.12,0.05836232,1
74848.771056,1710.2,0.00126611,1
74848.771056,1710.2,0.20184678,1
74848.771056,1710.2,0.14624074,1
74848.840915,1710.04,0.00610326,-1
74848.828589,1710.03,0.15416057,1
74848.828589,1710.03,0.03596669,1
74848.828589,1710.03,0.00312694,1
74848.828589,1710.03,0.0347688,1
74848.789539,1710.03,1.4359473,1
74848.783783,1710.04,0.14624074,1
74848.780352,1710.04,0.14624074,1
74848.779712,1710.1,0.001,1
74849.651004,1710.02,0.87718272,-1
74849.650836,1710.01,0.05836232,-1
74849.650836,1710.01,1.16946666,-1
74849.893185,1710.54,2.3610738,-1
74849.893185,1710.5,0.001,-1
74849.893185,1710.45,4.56027011,-1
74849.893185,1710.44,1.46159086,-1
74849.893185,1710.44,5.55553932,-1
74849.893185,1710.44,0.1553216,-1
74849.893185,1710.42,1.575,-1
74849.893185,1710.4,0.001,-1
74849.893185,1710.39,0.6,-1
74849.893185,1710.33,1.16946666,-1
74849.893185,1710.3,0.001,-1
74849.893185,1710.28,1.135,-1
74849.893185,1710.27,0.19999944,-1
74849.893185,1710.21,0.28828271,-1
74849.893185,1710.2,0.05836232,-1
74849.893185,1710.2,0.87709318,-1
74850.862326,1710.43,0.01505281,-1
74850.844225,1710.23,0.87707501,-1
74850.844225,1710.22,0.05836232,-1
74851.458393,1710.35,1.9711566,1
74851.458393,1710.4,0.214,1
74851.458393,1710.41,0.03506704,1
74851.458393,1710.41,0.14847492,1
74851.458393,1710.41,0.05891913,1
74851.38826,1710.41,0.07013408,1
74854.589205,1710.42,0.01109127,-1
74856.191084,1710.34,5.555539,1
74857.987389,1710.27,0.195485,1
74858.28233,1710.21,0.01931654,-1
74858.555091,1710.21,0.05965745,-1
74863.469465,1710.2,0.196359,1
74863.439054,1710.2,0.00075016,1
74863.439054,1710.2,0.19635984,1
74863.439054,1710.2,0.001,1
74863.544224,1710.2,0.00000084,1
74864.031173,1710.1,0.210504,1
74864.031173,1710.1,0.001,1
74864.167145,1710,0.244781,1
74864.167145,1710,0.001,1
74864.098565,1710.1,0.00000093,1
74864.738269,1709.9,0.243045,1
74864.738269,1709.9,0.001,1
74865.690303,1709.97,0.05836232,-1
74865.686905,1709.92,1.16968902,-1
74865.686905,1709.9,0.0991556,-1
74865.686711,1709.9,0.07890669,-1
74865.681546,1709.82,0.87728532,-1
74865.681546,1709.82,0.5530069,-1
74865.907537,1710.09,0.099449,1
74866.154577,1709.92,0.061682,1
74866.204812,1709.93,0.018,-1
74866.204617,1709.93,0.018,-1
74866.660676,1710,0.02107689,-1
74866.619359,1709.93,0.11364499,-1
74867.069561,1709.93,0.022,1
74867.577345,1710.07,0.098977,1
74868.260983,1709.83,0.032923,1
74869.876645,1709.91,0.0333,1
74870.112654,1709.8,0.09898,1
74870.112654,1709.8,0.214,1
74870.112654,1709.8,0.001,1
74870.930308,1709.8,0.00846911,1
74870.928356,1709.81,0.08336026,-1
74870.928356,1709.81,0.1384825,-1
74871.159683,1709.8,0.033185,1
74871.50668,1709.8,0.032714,1
74871.50668,1709.8,0.203,1
74871.814756,1709.71,0.02841607,-1
