62767.271022,1671.65,1.14846252,1
62767.271022,1671.73,0.36055966,1
62766.111481,1671.64,0.23949658,-1
62765.608681,1671.51,0.023898,-1
62765.099045,1671.7,0.15,1
62765.098769,1671.8,0.001,1
62765.098769,1671.82,0.982,1
62765.091422,1671.9,0.001,1
62765.091422,1671.9,0.122,1
62765.091422,1671.98,0.89713557,1
62765.091422,1672,0.122,1
62765.091422,1672,0.001,1
62765.091422,1672.04,0.51262015,1
62765.091422,1672.08,0.00092389,1
62765.09128,1672.09,0.05970901,1
62765.09128,1672.1,0.48162274,1
62764.121699,1672.24,0.00707668,-1
62764.121699,1672.24,0.00476606,-1
62763.003626,1672.17,0.04341139,1
62762.73183,1672.29,0.05945446,-1
62762.73183,1672.2,0.05,-1
62762.73183,1672.2,0.001,-1
62762.73183,1672.1,0.001,-1
62762.73183,1672,0.001,-1
62762.73183,1671.9,0.001,-1
62762.627365,1671.8,0.001,-1
62762.573059,1671.7,0.001,-1
62761.95368,1671.69,0.00041864,1
62761.6517,1671.69,0.02090698,-1
62761.647159,1671.67,0.18465366,-1
62760.375844,1671.47,0.08995674,-1
62759.981937,1671.66,0.52856787,-1
62759.981937,1671.62,0.00278771,-1
62759.981937,1671.6,0.123,-1
62759.981937,1671.59,0.55490281,-1
62759.981937,1671.57,1.19645178,-1
62759.981937,1671.56,0.05970901,-1
62759.981937,1671.55,0.19292446,-1
62758.632177,1671.64,0.01162254,-1
62758.628752,1671.64,0.00000597,-1
62758.616112,1671.64,0.00215271,-1
62757.209767,1671.65,0.1,-1
62757.042332,1672.08,0.29516128,-1
62757.042332,1672.06,1.79554168,-1
62757.042332,1672.06,0.982,-1
62757.042332,1672.05,3.58921442,-1
62757.042332,1672.02,0.00089746,-1
62757.042332,1672.01,2.03769178,-1
62757.042332,1672.01,0.55385434,-1
62757.042332,1672,1.19583253,-1
62757.042332,1672,0.05,-1
62757.042332,1672,0.001,-1
62757.042332,1672,0.136,-1
62757.042332,1671.98,0.66974471,-1
62757.042332,1671.94,1.79554168,-1
62757.042332,1671.93,1.58341497,-1
62757.042332,1671.9,0.136,-1
62757.042332,1671.88,1.575,-1
62757.042332,1671.81,1.79554168,-1
62757.042332,1671.8,0.001,-1
62757.042332,1671.8,0.136,-1
62757.042332,1671.7,0.129,-1
62757.042332,1671.6,1.575,-1
62757.042332,1671.6,0.136,-1
62757.042332,1671.55,0.49963014,-1
62757.042332,1671.53,2.176,-1
62757.019417,1671.42,1.575,-1
62757.019417,1671.4,0.18467153,-1
62757.019417,1671.4,0.89745165,-1
62757.019319,1671.38,0.05970901,-1
62756.738482,1671.4,1.79554168,1
62756.738482,1671.4,0.05,1
62756.738482,1671.4,0.001,1
62756.738482,1671.41,0.05970901,1
62756.738317,1671.43,1.19583253,1
62756.73682,1671.5,0.0598265,1
62756.73682,1671.5,0.001,1
62756.73682,1671.53,0.40814536,1
62756.73456,1671.53,0.06353439,1
62756.73456,1671.6,0.05,1
62756.73456,1671.6,0.001,1
62756.73456,1671.7,0.001,1
62755.857148,1671.71,0.04978398,-1
62754.818747,1671.71,0.40677682,-1
62754.433474,1671.8,0.001,1
62754.433474,1671.8,0.05,1
62754.433419,1671.9,0.001,1
62754.420448,1672,0.001,1
62751.574043,1672.06,0.03135054,-1
62751.573947,1672.06,0.03135055,-1
62750.881029,1672.03,0.14821648,1
62750.881029,1672.03,0.35767331,1
62750.881029,1672.1,0.001,1
62750.881029,1672.2,0.001,1
62750.101745,1672.28,0.460114,1
62750.054651,1672.34,0.05970901,1
62750.051645,1672.45,1.15440142,1
62750.051576,1672.45,0.04147441,1
62750.051576,1672.45,0.89688779,1
62750.051576,1672.46,0.2007397,1
62768.608207,1671.79,0.001,1
62769.54104,1671.9,0.07906953,-1
62769.54104,1671.8,1.19627711,-1
62769.54104,1671.8,0.11,-1
62769.54104,1671.8,0.001,-1
62769.54104,1671.63,0.55394435,-1
62769.54104,1671.63,0.05970901,-1
62769.791515,1671.62,0.19327485,1
62769.844032,1671.63,0.01134922,-1
62771.510782,1671.57,0.18561292,-1
62771.510709,1671.57,0.18561293,-1
62772.465795,1671.66,0.04068939,-1
62775.09752,1671.5,1.65726679,1
62775.09752,1671.5,0.001,1
62775.148831,1671.41,0.3677155,1
62775.148831,1671.41,0.279287,1
62776.126742,1671.41,0.02906418,-1
62776.287301,1671.41,0.01453296,-1
62776.707382,1671.41,0.01453218,-1
62776.704202,1671.41,0.00838144,-1
62777.198208,1671.41,0.00567403,-1
62777.50617,1671.2,0.2478241,-1
62777.505862,1671.2,0.2478241,-1
62777.48905,1671.09,0.19685042,-1
62777.48905,1671.09,0.19685043,-1
62777.48905,1671.06,0.38562034,-1
62777.486046,1671.06,0.89518983,-1
62777.485607,1671.06,0.89518983,-1
62777.482237,1671.07,0.8729357,-1
62777.48204,1671.07,0.8729357,-1
62777.478894,1671.1,0.71878602,-1
62777.478386,1671.1,0.66628602,-1
62777.478386,1671.1,0.0525,-1
62777.475084,1671.1,0.0525,-1
62777.475084,1671.05,1.00925,-1
62777.475071,1671.05,1.06175,-1
62777.47171,1671.05,0.0525,-1
62777.471414,1671.05,0.0525,-1
62777.461627,1671.09,2.69109785,1
62777.461627,1671.1,0.001,1
62777.461627,1671.13,0.36963253,1
62777.461488,1671.13,0.8262,1
62777.460649,1671.17,2.69109785,1
62777.460649,1671.19,1.19667058,1
62777.460649,1671.2,0.001,1
62777.456494,1671.26,0.89752463,1
62777.456494,1671.27,1.19583253,1
62777.456494,1671.3,0.001,1
62777.456494,1671.4,0.001,1
62778.201839,1671.06,0.00340524,-1
62778.895812,1671.15,0.00651507,-1
62779.16953,1671.15,0.5412944,-1
62779.316144,1671.15,0.28985574,-1
62779.316144,1671.15,0.00629997,-1
62779.405511,1671.15,0.28864192,-1
62779.394888,1671.15,0.01688875,-1
62779.892153,1671.29,0.0007897,1
62779.892153,1671.29,0.8975103,1
62781.035745,1671.01,0.5,-1
62781.243053,1671,0.001,1
62781.516101,1670.88,0.39742787,1
62781.516101,1670.88,0.32441178,1
62781.516101,1670.9,0.001,1
62782.279308,1670.43,0.33021497,1
62782.279308,1670.5,0.001,1
62782.279308,1670.53,3.58921442,1
62782.279308,1670.55,1.19583253,1
62782.279308,1670.55,2.99196061,1
62782.279308,1670.56,0.05970901,1
62782.279308,1670.6,0.105,1
62782.279308,1670.6,0.05,1
62782.279308,1670.6,0.001,1
62782.279308,1670.63,0.07160773,1
62782.279308,1670.7,0.001,1
62782.279308,1670.78,0.89778062,1
62782.279308,1670.8,0.001,1
62782.820537,1670.74,0.11629775,-1
62783.231534,1670.74,0.01777283,-1
62783.717788,1670.76,0.34981086,-1
62783.736133,1670.99,0.02723597,-1
62783.735965,1670.81,0.4117045,-1
62784.795479,1670.97,0.00571751,1
62785.410785,1671.1,0.001,-1
62785.410785,1671.06,0.00000598,-1
62785.409993,1671,0.001,-1
62785.409993,1670.99,0.92362012,-1
62785.4098,1670.97,0.05970901,-1
62785.499406,1671.23,0.59135326,-1
62785.499406,1671.2,0.001,-1
62786.084493,1671.3,0.001,-1
62786.273055,1671.5,0.001,-1
62786.244878,1671.4,0.001,-1
62786.845186,1671.6,0.08887968,-1
62786.844761,1671.6,0.48715065,-1
62786.844724,1671.6,0.57503032,-1
62786.844724,1671.6,0.001,-1
62787.087655,1671.69,0.80719566,1
62787.087655,1671.69,0.46902872,1
62787.519334,1671.7,0.0740384,-1
62787.519334,1671.7,0.001,-1
62787.919567,1671.8,0.001,-1
62788.211047,1671.71,0.5,1
62788.192928,1671.81,0.05970901,1
62788.192739,1671.89,0.89718821,1
62788.546744,1671.78,0.02467429,-1
62788.854705,1672.12,1.28196691,-1
62788.854705,1672.1,0.001,-1
62788.854041,1672,0.001,-1
62788.853378,1671.94,0.01932878,-1
62788.853378,1671.9,0.001,-1
62789.282998,1672.3,0.025208,-1
62789.282998,1672.3,0.001,-1
62789.282998,1672.2,0.001,-1
62792.174479,1672.36,0.31979993,-1
62792.165913,1672.36,0.59748,-1
62792.165571,1672.36,0.59748,-1
62792.15573,1672.39,0.07650125,-1
62792.155532,1672.39,0.01119082,-1
62792.155532,1672.39,0.05970901,-1
62792.155532,1672.38,0.18274281,-1
62792.1471,1672.3,0.095,-1
62792.1471,1672.25,0.74083134,-1
62792.147015,1672.25,0.33512475,-1
62792.147015,1672.25,0.41491461,-1
62792.147015,1672.25,0.55666317,-1
62792.413003,1672.4,0.001,-1
62792.63779,1672.66,0.12312821,-1
62792.63779,1672.65,0.05970901,-1
62792.63779,1672.6,0.001,-1
62792.63779,1672.5,0.001,-1
62792.833581,1672.66,0.89677519,1
62792.895096,1672.4,0.001,1
62792.878231,1672.47,0.21079384,1
62792.878118,1672.47,0.31391461,1
62792.95575,1672.22,0.27411423,-1
62792.95575,1672.22,1.575,-1
62793.22521,1672.13,0.0368783,-1
62793.902168,1672.7,0.001,-1
62793.902168,1672.67,1.19583253,-1
62793.901541,1672.6,1.575,-1
62793.901541,1672.56,2.69155659,-1
62793.901541,1672.56,0.57350425,-1
62793.894595,1672.57,0.09,-1
62793.893952,1672.57,0.08194289,-1
62793.893952,1672.56,0.00805711,-1
62793.893711,1672.56,0.129,-1
62793.886692,1672.5,1.60685928,-1
62793.886692,1672.5,0.04779636,-1
62793.886692,1672.5,0.09,-1
62793.886692,1672.49,0.4,-1
62793.886692,1672.48,1.575,-1
62793.886645,1672.4,0.09,-1
62793.886589,1672.37,1.19599949,-1
62793.886589,1672.31,1.575,-1
62793.886589,1672.3,0.001,-1
62793.886589,1672.3,0.09,-1
62793.886589,1672.29,0.05970901,-1
62793.886589,1672.2,0.09,-1
62793.886589,1672.13,0.00669206,-1
62795.038753,1672.65,0.00296094,-1
62795.951556,1672.64,0.04908211,1
62796.406727,1672.65,0.1787463,-1
62796.969954,1672.54,0.00114637,1
62796.969954,1672.54,0.54120373,1
62797.012846,1672.4,0.0742079,1
62797.011046,1672.4,0.46858653,1
62797.011046,1672.4,0.001,1
62797.312634,1672.22,1,1
62797.312634,1672.3,0.001,1
62797.418077,1672.2,0.001,1
62797.469703,1672,0.001,1
62797.451048,1672.1,0.001,1
62797.757846,1671.9,0.001,1
62797.919424,1671.8,0.001,1
62799.723592,1671.63,0.00746296,1
62799.723592,1671.7,0.001,1
62799.70614,1671.71,0.17428915,-1
62800.103095,1671.59,0.01241213,1
62800.103095,1671.6,0.001,1
62800.085545,1671.62,1.19631802,1
62800.085254,1671.69,0.89729219,1
62800.288933,1671.5,0.001,1
62800.288933,1671.53,0.13101695,1
62800.288933,1671.53,0.07866063,1
62800.347892,1671.47,0.01676201,-1
62800.347892,1671.47,0.01676203,-1
62800.347892,1671.47,0.03352404,-1
62800.347892,1671.47,0.36485,-1
62800.797847,1671.46,0.04266207,1
62801.038995,1671.4,0.001,1
62801.229561,1671.3,0.001,1
62802.621008,1671.21,0.57464352,-1
62803.11412,1671.1,0.001,1
62803.047307,1671.2,0.001,1
62803.928675,1670.8,0.001,1
62803.915449,1670.9,0.001,1
62803.838818,1671,0.001,1
62803.959938,1670.71,0.00623836,-1
62805.164277,1670.75,0.67352386,-1
62805.164277,1670.75,0.05970901,-1
62806.157084,1670.96,0.00119093,-1
62806.497912,1671,0.001,-1
62806.569887,1671.03,0.00174144,-1
62806.569887,1671.03,0.00000598,-1
62807.419139,1671.33,0.03164442,-1
62807.419139,1671.3,0.001,-1
62807.419139,1671.3,0.085,-1
62807.419139,1671.2,0.001,-1
62807.419139,1671.1,0.001,-1
62811.618977,1671.25,0.00086062,1
62811.618977,1671.25,0.24601179,1
62811.618751,1671.25,1.52270308,1
62812.254177,1671.3,0.22673503,-1
62812.254177,1671.3,0.00043678,-1
62812.254177,1671.3,0.00087357,-1
62812.254177,1671.29,0.05970901,-1
62812.254177,1671.17,0.00207638,-1
62813.267852,1671.03,0.28684316,-1
62813.267852,1671.03,0.36485,-1
62814.469371,1671.3,0.05814679,-1
62814.375311,1671.03,0.00166962,-1
62814.375311,1671.03,0.00333925,-1
62814.546486,1671.3,0.001,-1
62814.546486,1671.3,0.26930952,-1
62814.99928,1671.4,0.554577,-1
62814.99928,1671.4,0.001,-1
62815.044824,1671.7,0.0263724,-1
62815.044824,1671.6,0.001,-1
62815.044824,1671.5,0.001,-1
62815.493769,1671.5,0.02369413,-1
62817.518949,1671.7,0.00059221,-1
62818.020078,1671.67,0.02073571,-1
62818.369913,1671.49,0.07928011,-1
62818.369913,1671.49,0.03424197,-1
62818.34673,1671.33,0.51320082,1
62818.34673,1671.4,0.001,1
62818.34673,1671.41,0.03675498,1
62818.34673,1671.49,0.00071493,1
62818.34673,1671.49,0.5650401,1
62818.232213,1671.49,0.00000598,1
62818.221537,1671.49,0.00142986,1
62818.647266,1671.49,0.00000598,1
62818.571152,1671.5,0.03575646,-1
62818.571152,1671.49,0.05676105,-1
62818.571152,1671.49,0.2035974,-1
62820.454221,1671.31,0.55404443,-1
62820.977005,1671.7,0.01037903,-1
62820.977005,1671.7,0.001,-1
62820.977005,1671.7,0.00040779,-1
62820.977005,1671.6,0.00202201,-1
62820.977005,1671.6,0.001,-1
62821.241414,1671.69,0.06509111,-1
62821.241414,1671.69,0.0650911,-1
62821.439126,1671.8,0.001,-1
62821.836253,1671.42,0.01453214,-1
62821.989454,1671.42,0.08512912,-1
62821.967815,1671.41,0.01182833,-1
62822.558559,1671.51,0.01875261,-1
62824.010612,1671.65,0.41791461,1
62824.010416,1671.65,0.03886034,1
62824.010416,1671.69,0.00076908,1
62824.010416,1671.69,0.54428519,1
62825.360223,1671.48,0.03330506,1
62825.360223,1671.5,0.001,1
62825.526471,1671.4,0.001,1
62825.562251,1671.3,0.001,1
62825.746025,1671.2,0.001,1
62825.889141,1671.09,0.01773692,1
62825.889141,1671.1,0.001,1
62825.937974,1671.01,0.01453287,-1
62827.074809,1671.14,0.85929099,-1
62827.074809,1671.13,0.05970901,-1
62827.074809,1671.1,0.081,-1
62827.390548,1671.09,0.14760838,1
62828.028333,1671.08,0.11627618,-1
62828.540652,1671,0.17930879,1
62828.540652,1671,0.001,1
62828.539888,1671.02,0.2564765,1
62828.753418,1670.74,0.60224768,1
62828.753418,1670.8,0.001,1
62828.753418,1670.9,0.001,1
62830.217217,1670.71,0.02907653,-1
62830.262398,1670.71,0.02906905,-1
62832.745726,1670.71,0.55641613,-1
62833.063715,1670.73,0.824,1
62833.063715,1670.78,2.176,1
62834.044363,1670.78,0.18474006,-1
62834.761273,1671,0.001,-1
62834.862405,1671.1,0.001,-1
62835.01799,1671.2,0.001,-1
62835.166527,1671.3,0.001,-1
62835.961744,1671.4,0.18638865,-1
62835.961744,1671.4,0.001,-1
62836.090064,1671.66,0.02384757,-1
62836.090064,1671.6,0.001,-1
62836.090064,1671.5,0.001,-1
62836.397999,1671.69,0.00016881,1
62837.142373,1671.58,1.058,1
62837.138092,1671.63,3.58921442,1
62837.137528,1671.65,8.54603863,1
62837.247906,1671.15,0.3153,1
62837.24756,1671.15,0.6677,1
62837.247138,1671.2,0.05,1
62837.247138,1671.22,0.05973162,1
62837.247138,1671.23,0.00076984,1
62837.24402,1671.3,0.001,1
62837.243031,1671.34,0.84547419,1
62837.243031,1671.34,2.14239372,1
62837.243031,1671.37,0.89746324,1
62837.243031,1671.4,0.001,1
62837.239507,1671.45,0.02831464,1
62837.239507,1671.46,0.05970901,1
62837.239146,1671.49,3.58921442,1
62837.236087,1671.54,1.19583253,1
62837.891944,1671.11,0.02908296,-1
62837.986527,1671.11,0.011632,-1
62838.312728,1671.11,0.00059256,-1
62839.023817,1671.11,0.19093108,-1
62839.023817,1671.11,0.04151001,-1
62839.023817,1671.11,0.35995583,-1
62839.329496,1671.11,0.01230096,-1
62839.809311,1671.11,0.05677341,-1
62840.191984,1671.11,0.00290764,-1
62840.437345,1671.11,0.58125282,-1
62840.890524,1671.11,0.00429608,-1
62841.338195,1671.11,0.00577619,-1
62841.326447,1671.11,0.00296199,-1
62841.720083,1671.11,0.62068474,-1
62841.719325,1671.11,0.06007535,-1
62841.719325,1671.11,0.55475701,-1
62841.719325,1671.11,0.00195079,-1
62841.719325,1671.11,0.00390159,-1
62842.243228,1670.82,3.58921442,1
62842.243228,1670.85,0.01915808,1
62842.242321,1670.85,2.37360859,1
62842.239696,1670.97,1.19583253,1
62842.239696,1671.03,0.09465333,1
62842.238758,1670.78,1.85505457,1
62842.238758,1670.79,2.58455814,1
62842.238758,1670.8,0.05,1
62842.238758,1670.8,0.001,1
62842.238758,1670.87,0.1,1
62842.238758,1670.87,0.05857596,1
62842.2368,1670.87,0.14142404,1
62842.2368,1670.9,0.001,1
62842.2368,1670.93,0.16973001,1
62842.2368,1670.93,0.12716235,1
62842.2368,1671.11,0.18930666,1
62842.235176,1670.95,1.79981771,1
62842.235176,1670.96,1.25233291,1
62842.235176,1670.98,0.89767434,1
62842.235176,1671,0.001,1
62842.235176,1671.02,0.05970901,1
62842.232136,1671.1,0.093,1
62842.232136,1671.1,0.001,1
62842.231027,1671.23,0.37861331,1
62842.357199,1670.7,0.001,1
62842.447525,1670.4,0.001,1
62842.447525,1670.5,0.001,1
62842.447525,1670.6,0.001,1
62842.982385,1670.6,0.04064814,-1
62843.690397,1670.52,0.00296267,-1
62843.829989,1670.51,0.00380774,1
62843.747853,1670.52,0.00118525,-1
62844.739436,1670.52,0.57774225,-1
62844.739436,1670.52,0.00390297,-1
62846.102855,1670.59,1.00103771,1
62846.102855,1670.6,0.01,1
62846.102855,1670.61,0.06574686,1
62846.14374,1670.4,0.001,1
62846.14374,1670.41,0.06287435,1
62846.816295,1670.38,2.176,1
62846.853237,1670.42,1.19723184,-1
62846.847669,1670.54,1.13351,-1
62846.847002,1670.49,0.35413301,-1
62846.844999,1670.49,0.54380953,-1
62846.844999,1670.48,0.05970901,-1
62846.844999,1670.39,0.18499871,-1
62846.844999,1670.39,0.16003376,-1
62846.844641,1670.39,1.03719808,-1
62846.844301,1670.34,1.575,-1
62847.731758,1670.52,0.01484567,-1
62847.761095,1670.42,1.61797052,1
62847.761095,1670.5,0.00742284,1
62847.761095,1670.5,0.03287343,1
62848.159414,1670.49,0.11076737,-1
62848.159414,1670.44,0.47094534,-1
62848.710826,1670.34,0.08724889,-1
62848.692993,1670.34,0.00510667,-1
62849.203279,1670.21,0.00059263,-1
62849.190273,1670.26,0.04621967,1
62849.167271,1670.3,0.001,1
62849.167271,1670.32,0.00076748,1
62849.167271,1670.32,1,1
62849.294841,1669.76,0.09316164,-1
62849.294772,1669.76,0.09303989,-1
62849.294203,1669.76,0.09362219,-1
62849.251747,1669.2,0.00178381,1
62849.251747,1669.2,0.001,1
62849.251747,1669.21,3.58921442,1
62849.251747,1669.22,1.19717826,1
62849.251747,1669.23,1.19583253,1
62849.251747,1669.26,0.01651167,1
62849.251747,1669.3,0.001,1
62849.251747,1669.33,1.575,1
62849.251747,1669.33,1,1
62849.251747,1669.35,3.58921442,1
62849.251747,1669.35,0.0008974,1
62849.251747,1669.36,3.68116876,1
62849.251747,1669.36,1.19717826,1
62849.251747,1669.36,0.01183687,1
62849.251747,1669.39,0.54829065,1
62849.251747,1669.4,0.00113122,1
62849.251747,1669.4,0.001,1
62849.251747,1669.4,0.05,1
62849.251747,1669.42,0.24765519,1
62849.251747,1669.42,0.00005989,1
62849.251747,1669.44,0.983,1
62849.251747,1669.44,1.19717826,1
62849.251747,1669.45,1.19583253,1
62849.251747,1669.47,0.2,1
62849.251747,1669.5,0.001,1
62849.251747,1669.5,1.575,1
62849.251747,1669.51,3.58921442,1
62849.251747,1669.52,4.13044841,1
62849.251747,1669.52,0.89796701,1
62849.251747,1669.59,0.04623817,1
62849.251747,1669.59,0.05816996,1
62849.251747,1669.59,0.00179685,1
62849.251747,1669.6,0.001,1
62849.251747,1669.6,0.05,1
62849.251747,1669.6,0.00206275,1
62849.251747,1669.64,0.12382759,1
62849.251747,1669.65,3.58921442,1
62849.251747,1669.7,0.001,1
62849.251747,1669.71,0.89796701,1
62849.251747,1669.75,0.0619138,1
62849.251747,1669.75,1.80484255,1
62849.251747,1669.76,1.19583253,1
62849.251747,1669.8,3.58921442,1
62849.251747,1669.8,0.05,1
62849.251747,1669.8,0.00240311,1
62849.251747,1669.8,0.001,1
62849.251747,1669.83,1,1
62849.251747,1669.84,0.00005988,1
62849.251747,1669.86,0.11929143,1
62849.251747,1669.88,0.0309569,1
62849.251747,1669.9,0.001,1
62849.251747,1669.9,0.00095689,1
62849.251747,1670,0.001,1
62849.251747,1670,0.02993939,1
62849.251747,1670,0.00010649,1
62849.251747,1670,0.41891017,1
62849.251747,1670,0.05964071,1
62849.251747,1670,0.00595209,1
62849.251747,1670,0.11631736,1
62849.251747,1670,0.14466213,1
62849.251747,1670,0.05988023,1
62849.251747,1670,1.49588323,1
62849.251747,1670,10,1
62849.251747,1670,0.11967065,1
62849.251747,1670,0.239,1
62849.251747,1670,0.01491017,1
62849.251747,1670,0.1,1
62849.251747,1670,0.11946107,1
62849.251747,1670,0.00005324,1
62849.251747,1670,0.00595209,1
62849.251747,1670,0.29940119,1
62849.251747,1670,0.01183233,1
62849.251747,1670,1.21369476,1
62849.251747,1670,0.26667245,1
62849.251747,1670,0.41916093,1
62849.251337,1670.09,0.00592545,1
62849.247965,1670.08,1,1
62849.247965,1670.1,0.001,1
62849.247965,1670.2,0.001,1
62849.370266,1669.88,0.15061701,-1
62850.527391,1669.62,0.85368497,1
62850.527391,1669.73,0.0831852,1
62850.527315,1669.73,0.9168148,1
62850.527315,1669.74,0.14163442,1
62850.561596,1669.42,0.36485,-1
62850.836042,1669.59,0.00006586,-1
62850.812213,1669.54,0.29801654,-1
62850.90611,1669.57,0.0949,-1
62851.176868,1669.6,0.05970901,-1
62851.007278,1669.53,0.0708172,1
62851.298199,1669.9,0.00195425,-1
62851.295069,1669.9,0.54480137,-1
62851.293624,1669.9,0.05324438,-1
62851.291699,1669.9,0.0743932,-1
62851.284113,1669.9,0.0216068,-1
62851.284113,1669.9,0.001,-1
62851.284113,1669.89,0.56455845,-1
62851.278657,1669.85,0.6,-1
62851.255382,1669.78,0.048,-1
62851.255382,1669.75,0.00000598,-1
62851.429553,1670.49,0.40755501,-1
62851.364487,1670.31,0.096,-1
62851.364487,1670.3,0.0705698,-1
62851.340739,1670.24,1.575,-1
62851.339675,1670.14,0.192,-1
62851.339675,1670.1,0.001,-1
62851.339624,1670.09,0.55445514,-1
62851.339305,1670.08,0.048,-1
62851.335587,1670,0.6,-1
62851.335587,1670,0.001,-1
62851.52775,1670.34,0.5,1
62851.581698,1670,0.18753425,1
62851.569652,1669.99,0.04412572,1
62851.569652,1669.99,0.11031427,1
62851.54868,1670.09,0.17650283,1
62852.025544,1669.99,0.41246574,-1
62853.090032,1670.4,0.015268,-1
62853.090032,1670.4,0.001,-1
62854.250434,1670.49,0.38664703,-1
62854.3563,1670.6,0.68537651,-1
62854.3563,1670.6,0.001,-1
62854.341833,1670.52,0.18664846,-1
62854.341833,1670.5,0.001,-1
62854.60303,1670.99,0.02070661,-1
62854.60303,1670.9,0.001,-1
62854.60303,1670.8,0.001,-1
62854.60303,1670.7,0.001,-1
62856.262312,1670.7,0.11639459,-1
62856.456516,1670.7,0.11606485,-1
62858.379206,1671,0.001,-1
62858.343995,1670.9,0.00120892,-1
62858.343995,1670.9,0.001,-1
62858.984002,1671.1,0.001,-1
62859.312531,1671.4,0.001,-1
62859.312531,1671.3,0.55444863,-1
62859.312531,1671.3,0.001,-1
62859.285634,1671.2,0.001,-1
62859.826,1671.5,0.001,-1
62859.812522,1671.49,0.00120895,1
62860.364147,1671.7,0.001,-1
62860.364147,1671.6,0.18478104,-1
62860.364147,1671.6,0.001,-1
62860.512095,1671.8,0.098,-1
62860.512095,1671.8,0.001,-1
62860.430774,1671.77,1.7956599,-1
62861.227121,1671.52,1.25893547,1
62861.226872,1671.56,1.23162388,1
62861.226872,1671.6,0.001,1
62861.226872,1671.61,1.25893547,1
62861.226872,1671.62,0.00850753,1
62861.226204,1671.72,0.39376712,1
62861.230584,1671.56,0.75158448,1
62862.235071,1671.36,0.4559754,-1
62862.235071,1671.35,0.05970901,-1
62862.235071,1671.31,1.19638513,-1
62862.235071,1671.31,0.00452938,-1
62862.235071,1671.3,0.098,-1
62862.235071,1671.24,0.20155821,-1
62862.235071,1671.24,0.20155822,-1
62862.145398,1671.2,0.00076913,1
62862.145398,1671.3,0.001,1
62864.318823,1671.28,0.55443731,-1
62864.318823,1671.28,0.00113086,-1
62864.318823,1671.28,0.00226772,-1
62864.973777,1671.44,0.17768091,-1
62865.246867,1671.54,1.19638513,-1
62865.246867,1671.5,0.001,-1
62865.42643,1671.59,0.01,-1
62866.57701,1671.7,0.03205921,-1
62866.57701,1671.7,0.001,-1
62866.57701,1671.6,0.00000598,-1
62866.57701,1671.6,0.001,-1
62867.444084,1671.79,1.48487585,1
62868.395008,1671.82,1.575,-1
62868.395008,1671.8,0.00108266,-1
62868.395008,1671.8,0.00215934,-1
62868.395008,1671.8,0.001,-1
62868.820454,1671.9,0.098,-1
62868.820454,1671.9,0.001,-1
62868.834236,1671.9,0.098,-1
62870.213572,1671.96,0.04005033,1
62870.371754,1671.97,0.04,-1
62871.222841,1671.97,0.09945173,-1
62871.222841,1671.96,0.10771776,-1
62871.715247,1672.07,0.00195446,-1
62871.715247,1672,0.001,-1
62871.713084,1671.97,0.41473883,-1
62871.7449,1672.07,0.43781052,-1
62871.741643,1672.07,1.13523502,-1
62873.82366,1672.02,0.00251706,1
62874.899106,1672,0.55383373,-1
62875.966374,1672.45,0.78468998,-1
62875.966374,1672.41,1.19620934,-1
62875.966374,1672.4,0.05,-1
62875.966374,1672.4,0.001,-1
62875.966374,1672.3,0.001,-1
62875.966374,1672.2,0.001,-1
62875.966374,1672.1,0.00000598,-1
62875.966374,1672.1,0.001,-1
62876.486222,1672.36,0.00118433,-1
62877.041534,1672.36,0.00605132,-1
62877.041534,1672.36,0.00071717,-1
62877.614785,1672.49,0.29902517,1
62878.051852,1672.5,0.4327713,-1
62878.051852,1672.5,0.001,-1
62878.455588,1673.16,3.49119881,-1
62878.455588,1673.11,0.89653771,-1
62878.455588,1673.1,0.001,-1
62878.452846,1672.89,0.0275587,-1
62878.452388,1673,0.001,-1
62878.448399,1672.9,3.61126348,-1
62878.448399,1672.89,0.05511741,-1
62878.441482,1672.9,6.38873652,-1
62878.441482,1672.9,0.001,-1
62878.441482,1672.83,0.30842701,-1
62878.441482,1672.83,0.34336553,-1
62878.441482,1672.8,0.001,-1
62878.441482,1672.7,0.001,-1
62878.441482,1672.6,0.001,-1
62878.544611,1673.2,0.001,-1
62878.527798,1673.17,0.57972715,-1
62878.593214,1673.25,0.22177043,-1
62878.589655,1673.25,0.08657949,-1
62878.589655,1673.25,0.34327971,-1
62879.009086,1673.3,0.14507858,-1
62879.009086,1673.3,0.001,-1
62880.785051,1673.06,0.00107981,1
62880.738328,1673.09,0.5,1
62880.738328,1673.1,0.001,1
62880.804418,1673,0.001,1
62881.350139,1672.91,0.02417942,-1
62881.576795,1673.07,2.176,-1
62881.576795,1673.06,0.00688967,-1
62881.576795,1673.06,0.00688968,-1
62882.263211,1672.92,2.83460954,1
62882.263211,1672.93,1.19583253,1
62882.263211,1673,0.102,1
62882.263211,1673.01,0.05970901,1
62882.263211,1673.11,0.59311031,1
62883.03407,1673.2,0.001,-1
62883.386073,1673.29,0.24938243,1
62883.781463,1673.3,0.001,-1
62883.983955,1673.7,0.001,-1
62883.921668,1673.6,0.001,-1
62883.907998,1673.5,0.001,-1
62883.870966,1673.4,0.001,-1
62884.351385,1673.8,0.001,-1
62884.436693,1673.9,0.73264233,-1
62884.436693,1673.9,0.001,-1
62884.648426,1674,0.001,-1
62884.82878,1673.63,1.19583253,1
62884.82878,1673.79,0.5,1
62884.82878,1673.8,0.001,1
62884.82878,1673.84,0.50354972,1
62884.82878,1673.85,0.05970901,1
62884.82878,1673.89,2.176,1
62884.821753,1673.93,0.08593197,1
62884.821565,1673.93,0.08593197,1
62885.650046,1673.45,0.04399502,-1
62886.618864,1673.41,0.01,-1
62886.656163,1673.37,2.2151873,1
62886.656163,1673.4,0.001,1
62887.554393,1673.39,0.00566762,-1
62890.391351,1673.46,0.03,-1
62890.45146,1673.44,0.0020707,-1
62890.599018,1673.4,0.02833987,-1
62891.184725,1673.4,0.07847038,1
62891.889145,1673.31,0.0283432,-1
62892.402306,1672.9,0.037,1
62892.402306,1672.9,0.001,1
62892.402306,1673,0.001,1
62892.402306,1673.1,0.001,1
62892.393175,1673.2,0.001,1
62892.389745,1673.24,0.05970901,1
62892.389745,1673.24,1.99475254,1
62892.389242,1673.25,0.89645816,1
62892.389242,1673.26,1.19503989,1
62892.381036,1673.3,0.001,1
62892.907783,1672.6,0.05970901,1
62892.907783,1672.6,0.001,1
62892.907783,1672.61,0.00089648,1
62892.903633,1672.63,0.81390463,1
62892.903633,1672.63,3.58921442,1
62892.903633,1672.65,0.3869443,1
62892.902861,1672.65,0.11781595,1
62892.902448,1672.66,0.49054142,1
62892.901739,1672.66,1.50421112,1
62892.901739,1672.67,1.19583253,1
62892.901739,1672.7,0.001,1
62892.901739,1672.73,1.19514152,1
62892.900475,1672.75,0.74258961,1
62892.898828,1672.75,1.25216293,1
62892.898828,1672.8,0.001,1
62892.898828,1672.9,0.0007684,1
62892.898828,1672.9,0.001,1
62892.931889,1672.58,0.03111336,1
62893.063192,1672.3,0.001,1
62893.063192,1672.32,11.51717735,1
62893.063192,1672.4,0.001,1
62893.063192,1672.5,0.001,1
62893.591551,1672.32,0.39695601,-1
62893.591551,1672.3,0.097,-1
62893.591551,1672.29,0.05970901,-1
62893.591551,1672.21,0.08148498,-1
62893.591551,1672.21,0.36485,-1
62894.007468,1672.2,0.001,1
62894.004485,1672.22,0.03,1
62893.999043,1672.26,0.12396483,1
62894.274109,1672.15,0.17421832,-1
62894.326724,1672,1.19587487,1
62894.326724,1672,7,1
62894.326724,1672,0.001,1
62894.325992,1672.1,0.001,1
62894.325992,1672.11,0.06198242,1
62894.476377,1671.98,0.29037775,-1
62894.6862,1671.91,0.02484482,-1
62895.006857,1671.7,0.001,1
62895.00196,1671.73,0.77692349,1
62895.00196,1671.8,0.001,1
62895.00196,1671.9,0.001,1
62895.052009,1670.6,5.1380961,1
62895.052009,1670.6,0.05,1
62895.052009,1670.61,1.19624022,1
62895.052009,1670.61,5.99985,1
62895.052009,1670.61,0.00089757,1
62895.052009,1670.64,1.19583253,1
62895.052009,1670.68,0.89693875,1
62895.052009,1670.69,0.16338446,1
62895.052009,1670.69,1.24938445,1
62895.052009,1670.72,3.58921442,1
62895.052009,1670.79,1.575,1
62895.052009,1670.8,1.04422999,1
62895.052009,1670.8,2.403522,1
62895.052009,1670.8,0.05,1
62895.052009,1670.82,0.89693875,1
62895.052009,1670.88,1.19583253,1
62895.052009,1670.9,0.89693875,1
62895.052009,1670.91,3.58921442,1
62895.052009,1670.94,1.90212401,1
62895.052009,1670.95,4.71160281,1
62895.052009,1670.96,1.575,1
62895.052009,1670.97,0.89693875,1
62895.052009,1671,0.12320892,1
62895.052009,1671,0.05,1
62895.052009,1671,0.001,1
62895.052009,1671.01,1.66189796,1
62895.052009,1671.04,0.89693875,1
62895.052009,1671.06,1.19583253,1
62895.052009,1671.07,0.983,1
62895.052009,1671.11,0.00089734,1
62895.052009,1671.12,3.58921442,1
62895.052009,1671.15,0.89693875,1
62895.052009,1671.2,0.05,1
62895.052009,1671.24,1.575,1
62895.052009,1671.26,1.19583253,1
62895.052009,1671.28,0.8300987,1
62895.052009,1671.29,1.19624022,1
62895.052009,1671.3,0.001,1
62895.052009,1671.3,0.00113122,1
62895.052009,1671.36,3.94617655,1
62895.052009,1671.37,0.05970901,1
62895.052009,1671.4,0.092,1
62895.052009,1671.4,0.05,1
62895.052009,1671.4,0.001,1
62895.052009,1671.41,1.19583253,1
62895.052009,1671.5,0.001,1
62895.052009,1671.6,0.001,1
62895.986907,1671.6,0.53975035,-1
62895.985567,1671.6,0.34026281,-1
62895.985567,1671.6,0.05970901,-1
62896.703684,1671.77,0.04404502,1
62896.703684,1671.77,0.04404501,1
62896.703684,1671.77,0.08809005,1
62897.283955,1671.5,0.001,1
62897.492283,1671.55,0.01452844,-1
62898.112064,1671.48,0.11336564,-1
62898.525599,1671.48,0.241,-1
62898.822458,1672.05,0.038,-1
62898.822458,1672,0.001,-1
62898.822458,1671.9,0.001,-1
62898.74521,1671.8,0.001,-1
62898.732919,1671.79,0.36929877,-1
62898.719175,1671.78,0.37029877,-1
62898.713265,1671.74,0.62991461,-1
62898.713133,1671.74,0.37191461,-1
62898.667702,1671.71,0.36868891,-1
62898.667702,1671.71,0.3,-1
62898.663854,1671.77,1.83552199,-1
62898.663854,1671.76,1.575,-1
62898.663854,1671.76,3.58899972,-1
62898.663854,1671.76,1.11602,-1
62898.663854,1671.71,2.0574523,-1
62898.663669,1671.71,0.66626394,-1
62898.663669,1671.7,0.001,-1
62898.663265,1671.6,1.19651153,-1
62898.663265,1671.59,0.05970901,-1
62898.663265,1671.58,0.50464573,-1
62898.663265,1671.58,0.36485,-1
62898.656691,1671.48,0.3,-1
62898.656691,1671.48,0.25674851,-1
62898.656691,1671.48,0.65783429,-1
62898.656541,1671.48,0.41316606,-1
62898.656541,1671.48,0.80141674,-1
62898.931567,1672.1,0.001,-1
62898.931567,1672.09,0.55868783,-1
62898.931567,1672.08,0.25232286,-1
62898.931567,1672.05,0.36485,-1
62898.979067,1672.49,0.03154036,-1
62898.943741,1672.5,0.001,-1
62898.943741,1672.49,1.575,-1
62898.943334,1672.31,0.096,-1
62898.940661,1672.28,0.05970901,-1
62898.940661,1672.24,0.36485,-1
62898.936881,1672.22,0.4453037,-1
62898.936766,1672.22,0.75117,-1
62898.936766,1672.2,0.001,-1
62898.936766,1672.17,0.36485,-1
62899.181445,1672.8,0.001,-1
62899.181445,1672.78,0.05519562,-1
62899.181445,1672.78,0.05519563,-1
62899.050433,1672.64,0.36485,-1
62900.763343,1672.79,0.00775352,-1
62901.37965,1672.65,0.00400747,-1
62901.37965,1672.65,0.05519562,-1
62901.619729,1672.76,0.00340479,-1
62901.537216,1672.79,0.00281215,-1
62902.657249,1672.81,0.01696025,-1
62902.657249,1672.8,0.02448935,-1
62902.842593,1672.75,1.04051147,1
62902.842593,1672.76,0.03,1
62902.842593,1672.79,0.58775532,1
62903.099863,1672.81,0.00296123,-1
62903.70802,1672.86,0.26136966,-1
62903.672918,1672.92,2.54497353,-1
62903.672918,1672.9,0.001,-1
62903.672918,1672.9,0.092,-1
62903.672918,1672.89,0.05970901,-1
62903.672918,1672.81,0.17665792,-1
62903.672918,1672.8,0.03,-1
62903.878709,1672.89,0.1083811,-1
62905.408584,1672.98,0.00888365,-1
62905.626928,1672.91,0.1719573,-1
62905.626829,1672.91,0.17195731,-1
62905.61949,1672.96,0.57391461,1
62905.619487,1672.96,0.34391461,-1
62905.619487,1672.95,0.34391461,-1
62905.619487,1672.94,0.34391461,-1
62905.619487,1672.93,0.34391461,-1
62905.619487,1672.92,0.34391461,-1
62905.619487,1672.91,0.34391461,-1
62905.619487,1672.9,0.03991518,-1
62905.619288,1672.9,0.30399943,-1
62905.619288,1672.89,0.34391461,-1
62905.619288,1672.88,0.42374497,-1
62905.618979,1672.87,0.42791461,1
62905.596708,1672.9,0.57291461,1
62905.595728,1672.9,0.07640458,1
62905.595728,1672.92,0.17625501,1
62905.595728,1672.92,0.17625502,1
62905.581087,1672.97,0.00076789,1
62905.581087,1672.98,0.19929,1
62905.655508,1672.94,0.42891461,1
62905.655348,1672.94,0.18478711,1
62905.655348,1672.94,0.06175797,1
62905.655348,1672.94,0.07933765,1
62905.655348,1672.94,0.24703188,1
62906.228113,1672.83,0.00000597,1
62906.216714,1672.83,0.00147056,1
62906.743289,1672.73,0.013208,-1
62907.534919,1672.92,2.68989943,-1
62907.534919,1672.91,0.4066745,-1
62907.526759,1672.75,0.56591461,-1
62907.526759,1672.74,0.33991461,-1
62907.526759,1672.73,0.32670661,-1
62907.606071,1673.3,0.001,-1
62907.592365,1673.22,0.29301035,-1
62907.591785,1673.22,1.28198965,-1
62907.591785,1673.2,0.001,-1
62907.586655,1673.1,0.001,-1
62907.586655,1673.05,0.34191461,-1
62907.540493,1672.92,0.8612356,-1
62907.539182,1672.92,0.0472356,-1
62907.538955,1672.92,0.468,-1
62907.538914,1672.92,0.29750306,-1
62907.535979,1673.09,0.16504013,-1
62907.535979,1673.08,0.984,-1
62907.535979,1673.06,0.0348825,-1
62907.535448,1673.06,2.65501693,-1
62907.535448,1673.05,1.575,-1
62907.535171,1673.04,1.11501,-1
62907.535171,1673,0.001,-1
62907.535171,1672.99,1.79686053,-1
62907.535112,1672.99,0.8930389,-1
62907.535112,1672.99,0.32391291,-1
62907.534927,1672.99,0.26576784,-1
62907.534927,1672.98,0.89660782,-1
62907.534927,1672.98,0.05970901,-1
62907.678332,1673.2,0.092,-1
62907.671193,1673.13,0.43191461,1
62907.671053,1673.13,0.20506461,1
62907.671053,1673.25,0.36485,1
62907.649589,1673.23,0.56991461,-1
62907.649589,1673.2,0.34191461,-1
62907.649589,1673.19,0.34191461,-1
62907.649589,1673.18,0.34191461,-1
62907.649589,1673.17,0.34191461,-1
62907.877446,1673.23,0.00089654,-1
62907.877311,1673.23,0.00089654,-1
62907.877308,1673.23,0.00089654,-1
62907.87707,1673.23,0.00089654,-1
62907.876976,1673.23,0.00089654,-1
62907.876873,1673.23,0.00089654,-1
62907.875565,1673.09,0.10166862,-1
62907.875565,1673.09,0.10166863,-1
62908.079192,1673.5,0.001,-1
62908.079192,1673.4,0.001,-1
62908.579234,1673.5,0.42191461,1
62908.578849,1673.5,0.57991461,1
62908.82718,1673.22,0.35191461,-1
62908.810199,1673.21,0.35191461,-1
62908.802102,1673.2,0.35191461,-1
62908.779798,1673.28,0.58608539,1
62908.779747,1673.28,0.41391461,1
62908.779747,1673.3,0.001,1
62908.763845,1673.39,0.18913851,1
62908.763553,1673.39,0.3552056,1
62908.763553,1673.4,0.05970901,1
62908.756847,1673.5,0.99634156,1
62908.754021,1673.5,0.00365844,1
62908.754021,1673.5,0.41225617,1
62908.75364,1673.5,0.58591461,1
62908.872926,1673.19,0.41341675,1
62908.872908,1673.19,0.08658325,1
62908.872908,1673.22,0.49833136,1
62909.962121,1673.23,0.08505889,-1
62910.104007,1673.22,0.36485,1
62911.14081,1673.19,0.57091461,-1
62911.137619,1673.18,0.34291461,-1
62911.557338,1673.21,0.05918186,-1
62911.951068,1673.2,0.56908539,1
62911.950926,1673.2,0.43091461,1
62912.125912,1673.1,0.5074978,1
62912.12591,1673.1,0.43191461,1
62912.115826,1673.1,0.43191461,1
62912.115736,1673.1,0.4214356,1
62912.115736,1673.11,0.05970901,1
62912.115736,1673.12,0.08877,1
62912.089182,1673.14,0.36485,1
62912.038685,1673.16,0.56808539,1
62912.038448,1673.16,0.43191461,1
62912.37135,1673.13,0.0008529,-1
62912.822858,1673.13,0.00576964,-1
62912.87673,1673.13,0.33929207,-1
62913.494484,1673.14,0.34591461,-1
62913.682071,1673.15,0.55344709,-1
62913.682071,1673.15,0.34391461,-1
62913.682071,1673.15,0.00182922,-1
62913.750682,1673.22,0.34191461,-1
62914.01205,1673.26,0.11113183,-1
62914.84995,1673.44,0.00366007,-1
62914.84995,1673.4,0.001,-1
62914.84995,1673.3,0.001,-1
62915.112567,1673.39,0.36924643,-1
62915.112567,1673.39,0.34091461,-1
62915.261634,1673.24,0.05970901,1
62915.261634,1673.25,0.48800612,1
62915.251088,1673.36,0.43108539,1
62915.250961,1673.36,0.56891461,1
62915.250665,1673.38,1,1
62915.43373,1672.9,0.001,1
62915.371487,1673,0.001,1
62915.356066,1673.1,0.001,1
62916.090647,1672.83,0.48401224,1
62916.090647,1672.83,0.24916568,1
62916.019598,1672.81,0.03118441,-1
62916.219124,1672.97,0.67870314,-1
62916.201924,1672.86,0.05970901,-1
62916.201924,1672.86,0.47541715,-1
62916.310123,1672.93,0.34191461,-1
62916.310123,1672.93,0.12619866,-1
62916.304065,1672.93,2.04980134,-1
62916.399683,1672.94,0.03,-1
62916.48307,1672.93,0.36229142,1
62917.293928,1672.9,1,1
62917.293928,1672.92,1,1
62917.417585,1672.83,0.30223083,-1
62917.417585,1672.82,0.34891461,-1
62917.417585,1672.81,0.34891461,-1
62918.827621,1672.84,0.05807249,-1
62918.91209,1672.86,0.00018527,-1
62918.887714,1672.86,0.21641981,-1
62918.887714,1672.85,0.34591461,-1
62918.887714,1672.84,0.28784212,-1
62919.568699,1672.94,0.12520472,-1
62920.09923,1672.88,0.33891461,-1
62920.078906,1673,0.60183908,1
62920.078906,1673,0.16342882,1
62920.078217,1673,0.83657118,1
62920.073159,1673.02,1,1
62920.073159,1673.02,0.03,1
62920.073159,1673.03,0.00089155,1
62920.073159,1673.03,0.18114571,1
62921.300561,1672.88,0.5718732,1
62921.300561,1672.89,0.05970901,1
62921.295352,1672.98,0.02924515,1
62921.292131,1672.98,0.97075485,1
62921.292131,1673,1,1
62921.341224,1672.8,0.001,1
62921.465579,1672.6,0.001,1
62921.45456,1672.7,0.001,1
62921.895725,1672.4,0.001,1
62921.881287,1672.48,0.77928856,1
62921.881287,1672.5,1,1
62921.881287,1672.5,0.001,1
62922.22682,1672.38,0.33991461,-1
62922.432705,1672.48,0.39909327,1
62922.400537,1672.45,0.33691461,-1
62922.392316,1672.44,0.44574874,-1
62923.46779,1672.49,0.45260659,-1
62923.46779,1672.49,0.05970901,-1
62924.173532,1672.6,0.0670365,-1
62924.173532,1672.6,0.001,-1
62924.414679,1672.6,0.90841889,-1
62924.414679,1672.6,0.25887811,-1
62925.161252,1672.54,0.00207112,-1
62925.735717,1672.59,0.96445034,-1
62926.165845,1672.69,0.31391461,-1
62927.115051,1672.7,0.07554444,-1
62927.115051,1672.7,0.001,-1
62927.354971,1672.7,0.00692103,-1
62927.482205,1672.92,0.01932562,-1
62927.482205,1672.92,0.18743075,-1
62927.478796,1672.92,0.13830912,-1
62927.478796,1672.92,0.34795751,-1
62927.478796,1672.9,0.001,-1
62927.478796,1672.8,0.001,-1
62927.719372,1673,0.001,-1
62929.78295,1673.1,0.55346363,-1
62929.78295,1673.1,0.00166158,-1
62929.78295,1673.1,0.00123124,-1
62929.78295,1673.1,0.001,-1
62930.573672,1673.2,0.00099768,-1
62930.708431,1673.3,0.0000156,-1
62930.708431,1673.2,0.00000232,-1
62931.30188,1672.93,0.039,1
62931.30188,1673,0.001,1
62932.242008,1673.04,0.17292985,-1
62932.656116,1672.99,0.20696813,1
62932.796287,1672.96,0.13476735,1
62932.796142,1672.96,4.16977933,1
62932.792781,1672.97,0.243,1
62932.91165,1672.9,0.001,1
62932.901411,1672.91,0.03,1
62932.934335,1672.8,0.001,1
62933.053813,1672.7,0.029,1
62933.053813,1672.7,0.001,1
62933.165633,1672.84,0.08875222,-1
62936.634038,1672.74,0.05343738,1
62937.162461,1672.6,0.001,1
62937.139112,1672.7,0.05970901,1
62937.139112,1672.74,0.00092509,1
62937.295434,1672.5,0.001,1
62938.393298,1672.59,0.40637893,-1
62938.512913,1672.6,0.00000597,-1
62938.79924,1672.72,0.27545317,-1
62938.79924,1672.7,0.001,-1
62940.907161,1672.78,0.00298318,1
62941.197272,1673.1,0.001,-1
62941.197272,1673.09,0.07471205,-1
62941.197071,1673,0.001,-1
62941.197071,1672.9,0.52643737,-1
62941.193923,1672.9,0.2807068,-1
62941.193132,1672.9,0.08950745,-1
62941.193132,1672.9,0.001,-1
62941.193132,1672.87,1.19567698,-1
62941.193132,1672.86,0.05970901,-1
62941.186565,1672.8,0.001,-1
62941.186565,1672.79,0.98425403,-1
62941.186565,1672.79,1.07941543,-1
62941.186565,1672.79,0.33991461,-1
62941.186565,1672.79,1.13041474,-1
62941.186565,1672.79,0.55364989,-1
62941.236001,1673.4,0.001,-1
62941.236001,1673.36,1.19496,-1
62941.217925,1673.33,0.096,-1
62941.217925,1673.3,0.001,-1
62941.217925,1673.3,0.0009844,-1
62941.217797,1673.2,0.001,-1
62941.332502,1673.8,0.012,-1
62941.332502,1673.8,0.37331688,-1
62941.332502,1673.66,0.34791461,-1
62941.332191,1673.8,0.07668312,-1
62941.332191,1673.8,0.34791461,-1
62941.332191,1673.8,0.097,-1
62941.332191,1673.8,0.05,-1
62941.332191,1673.8,0.001,-1
62941.332191,1673.79,0.201,-1
62941.332191,1673.79,0.34791461,-1
62941.332191,1673.78,0.34791461,-1
62941.332191,1673.77,0.15757305,-1
62941.331707,1673.77,0.19034156,-1
62941.331707,1673.75,0.34791461,-1
62941.331707,1673.72,0.34791461,-1
62941.331707,1673.7,0.097,-1
62941.331707,1673.7,0.34791461,-1
62941.331707,1673.69,0.29591461,-1
62941.331697,1673.69,0.052,-1
62941.331697,1673.67,1.575,-1
62941.27593,1673.45,2.176,-1
62941.274223,1673.76,0.192,-1
62941.274223,1673.74,0.88576395,-1
62941.274223,1673.73,14.28758161,-1
62941.27154,1673.7,0.001,-1
62941.269163,1673.67,1.575,-1
62941.269163,1673.6,0.001,-1
62941.269163,1673.5,0.001,-1
62941.269163,1673.46,0.469,-1
62941.269163,1673.46,0.34491461,-1
62941.269163,1673.46,0.048,-1
62941.269163,1673.45,0.469,-1
62941.269163,1673.45,0.34491461,-1
62941.401905,1674,0.05,-1
62941.401905,1674,0.001,-1
62941.401905,1673.97,0.91615639,-1
62941.401905,1673.9,0.001,-1
62941.401905,1673.85,3.33370491,-1
62941.401853,1673.85,0.788,-1
62941.370789,1673.76,0.38640877,-1
62941.370789,1673.76,1.575,-1
62941.370789,1673.71,0.10962,-1
62941.444718,1674.21,1.74342271,-1
62941.443341,1674.2,0.05,-1
62941.443341,1674.2,0.001,-1
62941.443341,1674.19,1,-1
62941.442885,1674.1,0.001,-1
62941.442885,1674.06,1.575,-1
62941.5609,1675.04,1.575,-1
62941.5609,1675.01,0.29604337,-1
62941.560408,1675.01,1.27895663,-1
62941.560408,1675,0.0114674,-1
62941.560408,1674.98,0.43302056,-1
62941.557966,1674.98,0.51410048,-1
62941.557966,1674.82,0.192,-1
62941.557966,1674.82,1.18844181,-1
62941.557966,1674.81,0.70949976,-1
62941.557966,1674.78,0.00089672,-1
62941.557966,1674.76,1.163,-1
62941.557256,1674.76,0.412,-1
62941.557256,1674.61,0.096,-1
62941.556756,1674.57,0.513,-1
62941.556509,1674.57,0.508,-1
62941.550365,1674.57,0.096,-1
62941.550125,1674.57,0.865,-1
62941.548851,1674.57,0.1,-1
62941.548642,1674.57,0.112,-1
62941.547135,1674.57,1.475,-1
62941.547083,1674.57,0.38422859,-1
62941.547049,1674.57,0.096,-1
62941.546928,1674.57,0.69329066,-1
62941.546928,1674.57,0.51570934,-1
62941.545779,1674.57,0.513,-1
62941.54068,1674.53,0.51400685,-1
62941.539968,1674.53,0.20805148,-1
62941.539968,1674.4,1.07044561,-1
62941.539968,1674.4,0.61098379,-1
62941.53738,1674.4,1.01210938,-1
62941.536519,1674.4,0.51763172,-1
62941.536519,1674.32,0.89436828,-1
62941.53452,1674.32,0.112,-1
62941.502668,1674.6,0.00113122,-1
62941.502668,1674.6,0.05,-1
62941.502668,1674.6,0.001,-1
62941.502668,1674.59,1.575,-1
62941.502668,1674.54,1.20947794,-1
62941.502668,1674.5,0.001,-1
62941.502668,1674.45,2.33409476,-1
62941.502668,1674.4,0.05970901,-1
62941.502668,1674.4,0.05,-1
62941.502668,1674.4,0.001,-1
62941.502668,1674.3,0.001,-1
62941.662624,1675.17,0.47167534,-1
62941.647773,1675.19,0.1,-1
62941.647302,1675.2,1.0319742,-1
62941.647302,1675.2,0.001,-1
62941.642338,1675.19,0.70101997,-1
62941.571034,1675.19,8.99704906,-1
62941.568134,1675.19,3.71963937,-1
62941.567622,1675.19,3.71963938,-1
62941.567471,1675.19,3.71963938,-1
62941.567258,1675.19,0.26428417,-1
62941.567258,1675.18,1.79276262,-1
62941.567258,1675.18,3.40854668,-1
62941.56659,1675.18,0.896,-1
62941.711511,1675.52,20.65324668,-1
62941.709123,1675.36,1.4754978,-1
62941.703533,1675.2,0.2,-1
62941.703533,1675.2,0.4,-1
62941.666266,1675.17,0.72847364,-1
62941.666235,1675.17,1.11443699,-1
62941.77542,1675.36,2.91623137,-1
62941.77542,1675.34,4.26071917,-1
62941.77542,1675.28,0.00089577,-1
62941.871755,1675.8,0.001,-1
62941.871755,1675.78,0.00089672,-1
62941.81881,1675.63,0.940275,-1
62941.990259,1676.03,0.940275,-1
62941.990259,1676,0.102,-1
62941.990259,1675.95,1.74325571,-1
62941.961092,1675.95,2.51591268,-1
62941.961092,1675.94,1,-1
62941.954273,1675.86,0.23909414,-1
62941.954113,1675.86,1.23552134,-1
62942.21705,1677.04,0.396,-1
62942.216644,1677.04,0.08765706,-1
62942.215836,1677.03,0.913,-1
62942.215022,1677.03,9.087,-1
62942.212345,1677.02,1.08765706,-1
62942.212345,1677,0.05,-1
62942.212345,1677,0.001,-1
62942.202512,1676.87,1,-1
62942.202002,1676.86,0.05970901,-1
62942.199013,1676.8,0.05,-1
62942.183152,1676.6,0.05,-1
62942.106931,1676.4,0.05,-1
62942.106931,1676.4,0.001,-1
62942.106763,1676.28,0.00089661,-1
62942.086892,1676.25,1.11991028,-1
62942.086892,1676.2,0.05,-1
62942.252898,1677.2,0.94081021,-1
62942.252898,1677.2,0.05,-1
62942.252898,1677.1,0.00113122,-1
62942.367625,1677.21,0.58531412,1
62942.329273,1677.28,0.0008965,-1
62942.520052,1677.59,4.05553601,-1
62942.519541,1677.59,0.63053601,-1
62942.519057,1677.59,2.05507717,-1
62942.443461,1677.54,0.21896179,-1
62942.426827,1677.28,0.27752474,-1
62942.426639,1677.28,0.86152474,-1
62942.573954,1677.68,0.84515434,-1
62942.546508,1677.62,0.138,-1
62942.546508,1677.6,0.001,-1
62942.530348,1677.59,2.3922348,-1
62942.524883,1677.59,0.60553601,-1
62942.522903,1677.59,0.26108,-1
62942.770721,1677.4,0.0471744,-1
62942.672847,1677.39,0.05,-1
62943.006399,1677.83,0.00153271,-1
62942.914093,1677.69,0.7088,-1
62943.249568,1678.98,0.08772387,-1
62943.249568,1678.97,0.2,-1
62943.248426,1678.89,1.39182726,-1
62943.248202,1678.89,0.18317274,-1
62943.248202,1678.88,0.25355113,-1
62943.244852,1678.88,0.68672387,-1
62943.24256,1678.88,1.524,-1
62943.24256,1678.8,0.05,-1
62943.24256,1678.8,0.001,-1
62943.242272,1678.78,0.00089529,-1
62943.241439,1678.71,1.52413122,-1
62943.240828,1678.71,0.05086878,-1
62943.240828,1678.7,0.00113122,-1
62943.239345,1678.6,0.05,-1
62943.238654,1678.4,0.001,-1
62943.229709,1678.2,0.04072387,-1
62943.228408,1678.2,0.046,-1
62943.228408,1678.2,0.001,-1
62943.14441,1678.19,2.00058983,1
62943.30609,1678.98,0.05101,-1
62943.260387,1678.98,0.82024604,-1
62943.260387,1678.97,0.1,-1
62943.260387,1678.88,0.65430786,-1
62943.260387,1678.78,0.00089384,-1
62943.41769,1678.96,0.11784611,-1
62943.41769,1678.88,0.05970901,-1
62943.398651,1678.7,0.059709,-1
62943.51805,1678.99,0.78433,-1
62943.515245,1678.99,2,-1
62943.513054,1678.99,0.71233,-1
62943.50742,1678.99,0.5,-1
62943.505269,1678.99,0.06326,-1
62943.493377,1678.99,0.67652,-1
62943.488118,1678.99,2,-1
62943.484675,1678.99,0.5345,-1
62943.481922,1678.99,1.19496,-1
62943.481085,1678.99,1.03100246,-1
62943.481085,1678.98,0.16395754,-1
62943.480748,1678.98,0.5,-1
62943.480101,1678.98,1.19496,-1
62943.478101,1678.98,8,-1
62943.471445,1678.98,0.10430868,-1
62943.471098,1678.98,2.00730868,-1
62943.468879,1678.98,1.06043,-1
62943.468536,1678.98,1.329,-1
62943.468438,1678.98,1.13685,-1
62943.467764,1678.98,0.00630868,-1
62943.463382,1678.9,0.107,-1
62943.667131,1678.99,12.05594181,-1
62943.617563,1678.99,0.5,-1
62943.539341,1678.99,0.5,-1
62943.537726,1678.99,0.5,-1
62943.769032,1678.53,0.62004539,1
62943.761765,1678.59,0.1,1
62943.760499,1678.73,0.17768,1
62943.737958,1678.53,0.57491461,1
62943.729355,1678.58,0.75104539,-1
62943.729355,1678.57,0.44391461,-1
62943.728615,1678.51,1.183545,-1
62943.728414,1678.51,0.05337,-1
62943.718711,1678.57,0.3,1
62943.698439,1678.97,2.176,-1
62943.698439,1678.91,2.176,-1
62943.879247,1678.16,0.00055491,1
62943.875443,1678.16,0.999,1
62943.867221,1678.16,0.00044509,1
62943.867221,1678.18,1,1
62943.947723,1678.11,0.14059324,-1
62943.947723,1678.1,0.67585596,-1
62943.947723,1678.09,0.68304392,-1
62943.914017,1678.15,1.00058101,-1
62943.909379,1678.16,0.64295608,-1
62943.909379,1678.16,0.67814404,-1
62943.909379,1678.15,0.687,-1
62943.909379,1678.15,0.67914404,-1
62944.029465,1677.58,0.03523999,1
62943.969416,1677.79,0.05970901,-1
62943.964377,1677.9,0.001,1
62943.955822,1678.11,0.32940676,-1
62943.955822,1678.11,0.34640676,-1
62943.955822,1678.1,0.66540676,-1
62943.955822,1678.09,0.681,-1
62943.955822,1678.09,0.665,-1
62943.955822,1678.08,0.683,-1
62944.218264,1677.88,0.66813724,-1
62944.212136,1677.88,0.52682276,-1
62944.212136,1677.8,0.66807724,-1
62944.19465,1677.77,0.29591282,-1
62944.160756,1677.66,0.29527939,-1
62944.160756,1677.59,0.89652061,-1
62944.153474,1677.67,1.56718648,1
62944.095368,1677.83,1.46122256,-1
62944.321462,1678.19,0.76860402,1
62944.389962,1677.78,0.10771228,1
62944.38696,1677.78,5.10123472,1
62944.386716,1677.81,1.575,1
62944.494744,1677.45,1.575,1
62944.549098,1677.45,1.575,1
62944.6726,1677.31,2.176,1
62944.75957,1677.41,0.89652061,-1
62944.75957,1677.37,0.689,-1
62944.896288,1677,1.40872052,1
62944.878142,1677,1.18160108,1
62944.873144,1677,1.4096784,1
62944.873144,1677,0.001,1
62944.873144,1677.01,1.575,1
62944.865781,1677.12,0.1553216,1
62944.865781,1677.2,0.001,1
62944.846879,1677.27,0.42528103,1
62944.84632,1677.27,0.42528005,1
62944.84632,1677.27,0.00000098,1
62944.839431,1677.27,0.03714916,1
62944.839431,1677.27,0.07430028,1
62944.839431,1677.27,0.14860056,1
62945.048802,1676.84,1.1949,-1
62945.042409,1676.93,1.1918,-1
62945.038328,1676.83,0.0495,-1
62945.038122,1676.83,1.1454,-1
62944.991912,1677.05,0.7875,1
62944.99187,1677.05,0.7875,1
62944.971634,1677.08,1.575,1
62945.068961,1676.85,1.575,1
62945.222878,1676.9,0.112,-1
62945.222311,1676.88,0.11526976,-1
62945.221886,1676.88,0.77925114,-1
62945.221886,1676.73,0.00004886,-1
62945.218141,1676.73,0.9845,-1
62945.163155,1677.08,0.719,-1
62945.162942,1677.08,0.74097969,-1
62945.162942,1677,0.112,-1
62945.162942,1676.96,4.30454668,-1
62945.162942,1676.93,0.00007736,-1
62945.162942,1676.9,0.112,-1
62945.162942,1676.8,0.112,-1
62945.162942,1676.77,1.18790035,-1
62945.162942,1676.7,0.112,-1
62945.159391,1676.77,0.00397701,-1
62945.401822,1676.88,1,1
62945.398679,1676.89,0.76860402,1
62945.398679,1676.9,0.21333252,1
62945.398559,1676.9,1,1
62945.261588,1676.89,0.08728772,-1
62945.237527,1677.07,1.65262264,-1
62945.237527,1677.07,1.19187736,-1
62945.611561,1676.73,1.575,1
62945.727048,1676.72,1,1
62945.771902,1676.82,1.49087288,-1
62946.111002,1676.76,0.911127,1
62946.504751,1676.79,0.14000061,-1
62946.504751,1676.79,0.14000061,-1
62946.721658,1676.91,0.0113,-1
62946.717356,1676.91,0.07406468,-1
62946.710981,1676.91,0.01183779,-1
62946.978433,1676.9,1,1
62947.324087,1676.96,1,1
62947.235203,1677.01,0.89442528,-1
62947.235203,1677,0.107,-1
62947.235203,1676.91,5,-1
62947.235203,1676.9,0.89457441,-1
62947.235203,1676.89,0.07000031,-1
62948.309369,1676.88,1,1
62948.427297,1677.05,0.29591461,-1
62948.426948,1677.05,0.70591461,-1
62948.40339,1677.05,0.70591461,-1
62948.403148,1677.05,0.19118207,-1
62948.403148,1677.05,0.10473254,-1
62948.392924,1677.05,0.29691461,-1
62948.392873,1677.05,0.70491461,-1
62948.389694,1677.05,0.0860192,-1
62948.389694,1677.04,0.02625012,-1
62948.382612,1676.97,4.05787979,-1
62948.382443,1676.97,0.70491461,-1
62948.382296,1676.97,0.2372056,-1
62948.382296,1676.96,0.05970901,-1
62948.381485,1676.89,0.10500045,-1
62948.498323,1677.19,2.176,1
62948.449751,1677.18,0.70691461,-1
62948.449635,1677.18,0.29491461,-1
62948.438237,1677.12,0.29591461,-1
62948.43817,1677.12,0.70491461,-1
62948.43817,1677.1,0.001,-1
62948.952663,1677.16,1,1
62949.037592,1676.81,0.01593079,1
62949.037592,1676.86,0.03523999,1
62949.037592,1676.9,0.101,1
62949.037592,1677.1,0.42391461,1
62949.037592,1677.12,0.42391461,1
62949.258648,1676.76,0.00076908,1
62949.258648,1676.76,0.03523999,1
62949.255643,1676.78,0.00000053,1
62949.255402,1676.78,0.000832,1
62949.255402,1676.78,1,1
62949.69899,1676.78,0.18847311,-1
62949.698967,1676.78,0.70591461,-1
62949.687938,1676.71,0.05970901,-1
62949.92133,1676.88,0.68808539,-1
62949.921127,1676.88,0.29491461,-1
62949.911225,1676.81,0.44960208,-1
62949.911225,1676.81,0.25831253,-1
62949.911081,1676.81,0.29391461,-1
62949.973997,1677.07,0.70791461,-1
62949.973968,1677.07,0.2342056,-1
62949.973968,1677.06,0.05970901,-1
62949.962477,1676.96,0.1536,-1
62949.931323,1676.94,0.70791461,-1
62949.93131,1676.94,0.29391461,-1
62950.131168,1677.03,1.05971888,-1
62950.131168,1677.03,0.00000596,-1
62950.131168,1677.03,0.00007516,-1
62950.095297,1677.03,0.0393,-1
62950.402927,1677.06,0.14149276,-1
62950.402927,1677.05,0.00492191,-1
62950.402927,1677.05,0.00492189,-1
62950.402927,1677.05,0.00984379,-1
62950.402927,1677.04,0.05970901,-1
62950.402927,1677.04,0.08102525,-1
62950.569163,1676.71,0.29205,1
62950.569163,1676.8,0.001,1
62950.554554,1677.04,1,1
62950.55276,1677.06,1,1
62950.816725,1676.7,0.41891461,1
62950.816725,1676.7,0.001,1
62950.816725,1676.71,0.41890245,1
62950.7955,1676.71,0.00001216,1
62950.880465,1676.5,0.001,1
62950.868629,1676.58,1,1
62950.868629,1676.6,1,1
62950.868629,1676.6,0.001,1
62950.964925,1676.4,0.001,1
62951.222821,1676.54,0.00295161,-1
62951.17197,1676.52,0.10711875,-1
62951.17197,1676.52,0.19379586,-1
62951.171928,1676.52,0.70091461,-1
62951.161854,1676.47,0.60340016,-1
62951.161854,1676.38,0.05970901,-1
62951.161854,1676.38,0.03880544,-1
62951.161512,1676.38,0.29991461,-1
62951.150883,1676.38,0.10704403,-1
62951.150883,1676.38,0.19287058,-1
62951.150781,1676.38,0.70191461,-1
62951.420607,1676.3,0.001,1
62951.420607,1676.31,0.41891461,1
62951.369822,1676.5,0.49219,1
62951.369271,1676.5,0.50781,1
62951.369271,1676.52,0.08319,1
62951.369217,1676.52,0.261,1
62951.369165,1676.52,0.65581,1
62951.566649,1676.24,0.00648085,-1
62951.705712,1676.26,0.00082541,-1
62951.705712,1676.26,0.00247626,-1
62951.705712,1676.26,0.00330169,-1
62951.78192,1676.22,0.41691461,1
62951.780242,1676.23,0.41691461,1
62951.778183,1676.26,0.68731125,1
62951.778183,1676.27,0.41691461,1
62951.778183,1676.28,0.41691461,1
62951.778183,1676.29,0.5966983,1
62951.835702,1676.02,0.00001217,1
62951.987312,1676.02,0.41590244,1
62951.987154,1676.04,0.69391461,1
62951.987154,1676.05,0.41691461,1
62951.987154,1676.06,0.41691461,1
62951.947542,1676.03,0.05970901,-1
62952.209643,1675.88,0.41591461,1
62952.209457,1675.89,0.41591461,1
62952.603253,1675.81,0.05970901,-1
62952.865296,1675.84,1,1
62952.865296,1675.84,0.42291461,1
62953.36101,1675.73,0.42291461,1
62953.36101,1675.74,0.42391461,1
62953.36101,1675.75,0.42391461,1
62953.36101,1675.76,0.14917458,1
62953.36101,1675.76,0.42391461,1
62953.342875,1675.75,0.01159038,-1
62953.33824,1675.8,0.70847126,1
62953.33824,1675.8,1,1
62953.33824,1675.8,0.41691461,1
62953.33824,1675.8,0.001,1
62953.33824,1675.81,0.70491461,1
62953.33824,1675.82,1,1
62953.33824,1675.82,0.42291461,1
62953.33824,1675.83,0.42291461,1
62953.458249,1675.7,0.001,1
62954.55879,1675.62,0.73591461,-1
62954.541307,1675.61,0.55264053,-1
62954.52212,1675.6,0.09102168,-1
62954.52212,1675.59,0.64589293,-1
62954.492014,1675.58,0.44091461,1
62954.491725,1675.58,0.55908539,1
62954.491725,1675.6,0.44191461,1
62954.491563,1675.6,1,1
62954.491563,1675.6,0.001,1
62954.983679,1675.6,0.66941457,-1
62954.983679,1675.59,0.05970901,-1
62955.221792,1675.64,0.034,1
62955.463811,1675.65,0.00825339,-1
62955.723511,1675.66,0.69145899,-1
62955.723511,1675.65,0.05145562,-1
62955.809763,1675.87,0.1536,-1
62955.768373,1675.67,0.983,-1
62955.951591,1675.86,0.18012296,1
62955.951591,1675.86,0.44491461,1
62955.951591,1675.87,0.58831461,1
62955.951591,1675.89,0.44491461,1
62956.08977,1675.9,0.001,-1
62956.197037,1676.1,0.001,-1
62956.197037,1676.06,0.56268002,-1
62956.185065,1676.03,0.73191461,-1
62956.174115,1676.01,0.3617022,-1
62956.174115,1676,0.36921241,-1
62956.174115,1676,0.001,-1
62956.164385,1675.99,0.05970901,-1
62956.342463,1676.2,0.51034876,-1
62956.342463,1676.2,0.001,-1
62956.71223,1676.6,0.05,-1
62956.710501,1676.58,0.56654224,-1
62956.709594,1676.58,0.05015876,-1
62956.709454,1676.55,0.05970901,-1
62956.70911,1676.5,0.001,-1
62956.708881,1676.4,1.11956035,-1
62956.708881,1676.3,0.001,-1
62956.954611,1676.74,0.072,-1
62957.435386,1676.8,0.02935451,-1
62957.435386,1676.8,0.001,-1
62957.48926,1677.13,0.04167994,-1
62957.48926,1677.1,0.001,-1
62957.48926,1677,0.001,-1
62957.438416,1676.82,1.11928053,-1
62957.435699,1676.8,0.0303545,-1
62957.791414,1677.14,0.62383169,-1
62957.791414,1677.14,0.09808292,-1
62957.781875,1677.11,0.05970901,-1
62957.890769,1677.2,0.001,-1
62957.890769,1677.15,0.00000001,-1
62957.881701,1677.15,0.61230792,-1
62957.881567,1677.15,0.61230792,-1
62958.318189,1677.3,0.001,-1
62958.772214,1677.36,2.68552503,1
62959.126051,1677.39,0.28473998,-1
62959.125773,1677.39,0.28473998,-1
62959.041443,1677.23,0.05970901,-1
62959.041443,1677.23,0.07527919,-1
62959.229662,1677.4,0.001,-1
62959.334518,1677.7,0.001,-1
62959.321092,1677.6,0.001,-1
62959.562443,1677.9,0.001,-1
62959.484766,1677.8,0.001,-1
62959.683306,1678.2,0.001,-1
62959.683306,1678.19,0.4995,-1
62959.683206,1678.19,0.5005,-1
62959.650011,1678.18,0.0298545,-1
62959.649643,1678.18,0.02985451,-1
62960.221724,1678.38,0.00163848,1
62960.250634,1678.36,1,1
62960.249065,1678.38,0.99835557,1
62960.231898,1678.38,0.00000595,1
62960.492405,1678.39,0.19362007,-1
62960.461289,1678.27,0.0298545,-1
62960.461188,1678.27,0.02985451,-1
62960.626891,1678.44,1,1
62960.823597,1678.1,0.07026072,1
62960.823597,1678.1,0.001,1
62960.795703,1678.18,0.87432,1
62960.795518,1678.18,0.12568,1
62960.795518,1678.2,0.001,1
62961.125959,1677.9,1,1
62961.125959,1677.92,1,1
62961.577484,1678,0.001,-1
62961.577484,1677.93,0.00000595,-1
62961.785462,1677.9,0.4072,1
62961.784848,1677.96,1,1
62961.784848,1677.98,1,1
62962.051818,1677.75,0.06732351,-1
62962.051713,1677.75,0.30891461,-1
62962.189421,1677.87,0.64179265,-1
62962.189197,1677.87,0.25219965,-1
62962.189197,1677.86,0.00000595,-1
62962.189197,1677.86,0.05970901,-1
62962.815297,1677.64,0.00540044,-1
62963.390383,1677.78,0.0189061,-1
62963.370148,1677.78,0.00280345,-1
62963.608326,1677.77,0.06323789,1
62963.679942,1677.78,0.75085031,-1
62963.679942,1677.78,0.05970901,-1
62963.763127,1677.34,0.73331163,1
62963.763127,1677.34,1.19187736,1
62963.763127,1677.4,0.001,1
62963.763127,1677.41,2.08678025,1
62963.763127,1677.5,0.001,1
62963.763127,1677.56,0.28503076,1
62963.763127,1677.6,0.001,1
62963.73846,1677.69,0.40391461,1
62963.73846,1677.74,1,1
62963.73846,1677.76,1,1
62963.841582,1677.34,0.1030915,-1
62963.841582,1677.34,0.10309151,-1
62964.259547,1677.43,0.00103352,-1
62964.517816,1677.4,1,1
62964.513856,1677.42,1,1
62964.599753,1677.2,0.27921776,1
62964.599753,1677.2,0.001,1
62964.962479,1677.12,0.40691461,1
62964.962479,1677.13,0.40691461,1
62964.961415,1677.14,1,1
62964.961415,1677.14,0.40691461,1
62964.961415,1677.15,0.40691461,1
62964.961415,1677.16,1,1
62964.961415,1677.16,0.40691461,1
62964.961415,1677.17,0.00095458,1
62964.961415,1677.17,0.40691461,1
62965.011053,1677.11,0.02897285,-1
62965.169895,1677.1,0.001,1
62965.622784,1677.01,0.00868354,-1
62965.925197,1677.21,0.25786833,-1
62965.925197,1677.21,0.08426332,-1
62965.919391,1677.09,1.11368137,1
62965.919391,1677.11,0.2450553,1
62965.919254,1677.11,0.94682206,1
62965.919254,1677.21,0.41191461,1
62965.91908,1677.1,0.101,1
62965.91908,1677.1,0.641,1
62965.91908,1677.2,0.101,1
62965.91908,1677.21,0.25786833,1
62965.91908,1677.21,0.25786834,1
62965.909921,1677.1,0.05970901,-1
62965.990686,1677.23,0.1200625,-1
62965.990588,1677.23,0.1200625,-1
62966.118492,1677.23,0.05310589,-1
62966.473101,1677.34,0.23704031,-1
62966.473101,1677.34,0.983,-1
62966.473101,1677.31,0.59643021,-1
62966.473101,1677.3,0.001,-1
62966.473101,1677.27,1.4773996,-1
62966.473101,1677.26,0.05970901,-1
62966.473101,1677.26,0.06844779,-1
62966.473101,1677.25,0.08553292,-1
62966.473101,1677.25,0.08553291,-1
62966.912012,1677.24,0.03036006,1
62967.607749,1677.25,0.00414002,-1
62967.717252,1677.25,0.05970901,-1
62967.713889,1677.25,0.33391461,-1
62967.712864,1677.25,0.60364747,-1
62967.712864,1677.25,0.06426714,-1
62967.794337,1677.5,0.001,-1
62967.777454,1677.43,0.21811438,-1
62967.77739,1677.43,0.33391461,-1
62967.77739,1677.4,0.001,-1
62968.246024,1677.6,0.001,-1
62969.021472,1677.7,0.04524646,-1
62969.021472,1677.7,0.001,-1
62969.209984,1677.8,0.0067944,-1
62969.209929,1677.8,0.05291461,-1
62969.209929,1677.8,0.6,-1
62969.209929,1677.8,0.001,-1
62969.586367,1677.86,1,1
62969.839023,1677.72,0.35997049,1
62969.839023,1677.74,0.39191461,1
62969.839023,1677.75,0.39191461,1
62969.839023,1677.75,0.51446708,1
62970.228115,1677.72,1,1
62970.661685,1677.66,0.0298545,-1
62970.661496,1677.66,0.02985451,-1
62970.748292,1677.7,0.6,-1
62970.767135,1677.78,0.1651581,-1
62970.754922,1677.78,0.4348419,-1
62970.754922,1677.78,0.22007271,-1
62970.754863,1677.78,0.34691461,-1
62971.613925,1677.6,0.001,1
62971.560492,1677.68,1,1
62972.141414,1677.45,0.14901442,1
62972.141146,1677.5,0.001,1
62972.66994,1677.4,0.05970901,-1
62972.66994,1677.34,0.291,-1
62972.669759,1677.34,0.309,-1
62972.637795,1677.4,0.001,1
62973.105029,1677.51,0.00612216,-1
62973.086172,1677.48,0.26314956,-1
62973.086068,1677.48,0.33685044,-1
62973.086068,1677.45,0.00306417,-1
62973.020971,1677.44,0.16682922,1
62973.020971,1677.44,0.23408539,1
62973.020857,1677.44,0.40091461,1
62973.020829,1677.44,0.40091461,1
62974.321313,1677.42,0.06630587,1
62974.839512,1677.43,0.55256553,-1
62974.839512,1677.43,0.05970901,-1
62974.859193,1677.45,0.6,-1
62974.95873,1677.54,0.001532,-1
62975.29526,1677.7,0.001,-1
62975.519257,1677.78,0.3,-1
62975.518842,1677.78,0.3,-1
62975.8318,1677.81,0.30895397,-1
62975.8318,1677.8,0.00125163,-1
62975.8318,1677.8,0.05970901,-1
62975.8318,1677.8,0.001,-1
62975.846282,1677.87,0.14901442,-1
62975.846282,1677.81,0.29104603,-1
62976.31457,1677.9,0.001,-1
62976.31457,1677.89,0.34276645,-1
62976.349332,1677.94,0.6,-1
62976.43935,1678,0.05970901,-1
62976.436278,1678,0.24079099,-1
62976.436278,1677.99,0.05970901,-1
62976.433702,1678,0.2995,-1
62976.433702,1678,0.001,-1
62976.624948,1678.22,0.10875454,-1
62976.621768,1678.2,0.28201461,-1
62976.620909,1678.2,0.31798539,-1
62976.620909,1678.2,0.001,-1
62976.560333,1678.1,0.6,-1
62976.560333,1678.1,0.001,-1
62976.948337,1678.3,0.00125722,-1
62976.948337,1678.3,0.001,-1
62977.188157,1678.48,0.42861676,1
62977.116199,1678.4,0.15891277,-1
62977.116059,1678.4,0.15791277,-1
62977.116059,1678.4,0.001,-1
62978.92212,1678.1,0.009,1
62978.92212,1678.1,0.001,1
62979.023551,1678.23,0.0059041,-1
62979.003375,1678.16,0.56177803,-1
62979.00309,1678.16,0.33206014,-1
62979.00309,1678.15,0.05970901,-1
62979.001519,1678.09,0.05281599,-1
62980.209792,1678.22,0.00089274,1
62980.627158,1678.2,0.101,-1
62980.627158,1678.12,0.61913063,-1
62980.626779,1678.12,0.27473001,-1
62980.626779,1678.11,0.05970901,-1
62980.626779,1678.04,0.0964229,-1
62980.626779,1678.04,0.28926871,-1
62980.669445,1678.49,0.1573216,-1
62980.652782,1678.49,0.22583223,-1
62980.639035,1678.56,0.101,-1
62980.637521,1678.56,0.79588977,-1
62980.637521,1678.48,1.51849125,-1
62980.637521,1678.4,1.575,-1
62980.637521,1678.4,2.04401179,-1
62980.637521,1678.39,0.1536,-1
62980.637076,1678.4,0.101,-1
62980.636066,1678.4,0.34489,-1
62980.63461,1678.5,0.001,-1
62980.63461,1678.49,0.983,-1
62980.63461,1678.48,0.647745,-1
62980.63461,1678.45,0.05951158,-1
62980.63461,1678.45,4.11117818,-1
62980.634237,1678.4,0.001,-1
62980.63202,1678.23,0.15252472,-1
62980.744261,1678.48,0.0535771,1
62980.744261,1678.48,0.03615859,1
62980.744261,1678.48,0.1138414,1
62980.744261,1678.48,0.2035771,1
62980.695469,1678.49,0.67907691,-1
62980.695329,1678.49,0.89592309,-1
62981.452333,1678.2,0.001,1
62981.703893,1677.88,0.14897624,1
62981.703893,1677.9,0.001,1
62981.701042,1677.91,9.40160781,1
62981.699468,1677.97,0.14897624,1
62981.699468,1678,0.001,1
62982.510005,1677.6,0.001,1
62982.502508,1677.7,0.001,1
62982.497927,1677.8,0.001,1
62983.098614,1677.77,0.02548026,-1
62983.098614,1677.77,0.32243435,-1
62983.098443,1677.77,0.65391461,-1
62983.090944,1677.77,1.89315941,-1
62983.090944,1677.77,2.27192527,-1
62983.090944,1677.7,4.11286826,-1
62983.090944,1677.68,4.30454668,-1
62983.090378,1677.62,1.575,-1
62983.090378,1677.6,0.78862172,-1
62983.089413,1677.6,0.19337828,-1
62983.088945,1677.51,2.98060816,-1
62983.088945,1677.51,0.69739973,-1
62983.088924,1677.51,0.19678271,-1
62983.088924,1677.51,0.05970901,-1
62983.088924,1677.51,0.19821144,-1
62983.088924,1677.51,0.19821145,-1
62983.210913,1678.12,0.34591461,-1
62983.181332,1678.1,0.001,-1
62983.170266,1678.01,0.00123956,-1
62983.170266,1677.96,0.09859773,-1
62983.170126,1677.96,0.34591461,-1
62983.16026,1677.96,0.65591461,-1
62983.159669,1677.96,0.34591461,-1
62983.151105,1677.96,0.65591461,-1
62983.149497,1677.96,0.34591461,-1
62983.139478,1677.96,0.34691461,-1
62983.139468,1677.96,0.65491461,-1
62983.113428,1677.84,0.24009315,-1
62983.113423,1677.84,0.65391461,-1
62983.113423,1677.8,0.001,-1
62983.598846,1677.79,0.018,-1
62984.11347,1677.97,0.02365143,-1
62984.11347,1677.97,0.07095429,-1
62984.11347,1677.97,0.09460573,-1
62984.103067,1677.98,0.35391461,-1
62984.102731,1677.98,0.64791461,-1
62984.092471,1677.86,0.33408539,-1
62984.092469,1677.86,0.64791461,-1
62984.429441,1678,0.31391623,-1
62984.429441,1678,0.33899838,-1
62984.429367,1678,0.34791461,-1
62984.429367,1678,0.001,-1
62984.621386,1677.8,0.106,1
62984.621386,1677.92,0.38891461,1
62984.621386,1677.98,0.45770316,1
62984.621386,1677.99,0.38891461,1
62984.632917,1677.93,0.60861175,-1
62984.632917,1677.92,0.04730286,-1
62984.632258,1677.92,0.29861174,-1
62984.632258,1677.92,0.02365144,-1
62984.632258,1677.92,0.02365143,-1
62985.162773,1677.81,0.26868145,1
62985.162657,1677.81,0.62534009,1
62985.464846,1677.72,0.65691461,-1
62985.464359,1677.72,0.34491461,-1
62985.638375,1677.72,0.02034295,-1
62985.788322,1677.79,0.00001192,-1
62985.775372,1677.72,0.03936606,-1
62986.024221,1677.82,0.251,-1
62986.023449,1677.82,0.66791461,-1
62986.023271,1677.82,0.33391461,-1
62986.074124,1677.99,0.33391461,-1
62986.07377,1677.99,0.66791461,-1
62986.06278,1677.84,0.05970901,-1
62986.183809,1678.07,0.64608539,-1
62986.183568,1678.07,0.33591461,-1
62986.157311,1678,0.001,-1
62986.777155,1677.96,0.02365143,-1
62986.777155,1677.96,0.02365143,-1
62986.905358,1678.08,0.00006317,1
62986.895467,1678.08,0.40085144,1
62986.895467,1678.09,0.57634856,1
62987.3208,1677.93,0.67791461,-1
62987.32059,1677.93,0.32391461,-1
62987.55275,1677.93,0.32391461,-1
62987.5527,1677.93,0.10474383,-1
62987.5527,1677.93,0.57317078,-1
62987.681632,1677.93,0.05970901,-1
62987.681632,1677.93,0.02929868,-1
62987.765232,1677.96,0.30508539,-1
62987.765182,1677.96,0.67691461,-1
62988.726607,1677.99,0.21617428,1
62988.72642,1677.99,0.38382572,1
62988.72642,1677.99,0.28817428,1
62988.762515,1677.93,1.48993104,1
62988.869938,1677.89,0.11397821,-1
62988.869938,1677.89,0.11397821,-1
62988.869938,1677.89,0.22795643,-1
62988.869938,1677.89,0.05970901,-1
62989.239293,1677.89,0.6,1
62989.361641,1677.84,0.02849455,-1
62989.361641,1677.84,0.08548366,-1
62989.361641,1677.84,0.05698911,-1
62989.361641,1677.84,0.05698911,-1
62989.490344,1677.95,0.32191461,-1
62989.477853,1677.95,0.04815068,-1
62989.477853,1677.91,0.27376393,-1
62989.477799,1677.91,0.6202056,-1
62989.477799,1677.89,0.05970901,-1
62989.5793,1677.89,0.02317736,-1
62989.7623,1677.89,0.05791392,-1
62990.322522,1677.95,0.00886044,-1
62990.251454,1677.93,0.05970901,-1
62990.355155,1677.95,0.09007981,-1
62990.838891,1677.94,0.05970901,-1
62990.746305,1677.93,0.6132056,1
62990.746305,1677.94,0.6,1
62990.746305,1677.94,0.40391461,1
62990.746305,1677.94,0.52656742,1
62991.011876,1677.95,0.14751548,-1
62991.186001,1677.95,0.12536818,-1
62991.185644,1677.95,0.12536818,-1
62991.864821,1677.95,0.01447891,-1
62992.701061,1677.91,0.36925884,1
62992.701061,1677.93,1.48993104,1
62992.701061,1677.94,0.00076335,1
62992.701061,1677.94,0.6,1
62992.843945,1677.88,0.05970901,-1
62992.829933,1677.81,0.67791461,-1
62992.829745,1677.81,0.32391461,-1
62993.073383,1677.96,0.32591461,-1
62993.073247,1677.96,0.59031652,-1
62993.073247,1677.95,0.05970901,-1
62993.073247,1677.95,0.02588908,-1
62993.185694,1677.96,0.01130417,-1
62993.159414,1677.96,0.11210452,-1
62993.371451,1677.96,0.0226109,-1
62993.745794,1677.96,0.05791703,-1
62994.104006,1677.87,0.40691461,1
62994.103514,1677.88,0.40691461,1
62994.103514,1677.89,0.6,1
62994.103514,1677.89,0.6182056,1
62994.103514,1677.9,0.40691461,1
62994.103514,1677.91,0.00001461,1
62994.103509,1677.91,0.4069,1
62994.09979,1677.92,0.001,1
62994.099638,1677.92,0.40591461,1
62994.099638,1677.93,0.40691461,1
62994.099614,1677.94,0.40691461,1
62994.099614,1677.95,0.40591461,1
62994.537995,1677.83,0.6288063,-1
62994.537794,1677.83,0.2652056,-1
62994.537794,1677.83,0.05970901,-1
62994.887496,1678.1,0.001,-1
62994.887496,1678,0.00001191,-1
62994.875654,1677.96,0.60123006,-1
62994.875654,1677.96,0.10781474,-1
62994.875654,1677.96,0.42861089,-1
62994.875035,1677.96,0.22871575,-1
62994.874618,1677.96,0.62517191,-1
62994.872058,1677.95,0.146,-1
62994.870542,1677.96,0.10549143,-1
62994.870542,1677.96,0.08462314,-1
62994.87024,1677.94,2.05396892,-1
62994.870236,1677.94,0.57983152,-1
62994.870236,1677.94,0.89395485,-1
62994.870236,1677.93,0.33671628,-1
62994.869956,1677.93,1.21562846,-1
62994.861431,1677.86,0.00000001,-1
62994.861431,1677.86,0.05970901,-1
62994.861431,1677.86,0.27114549,-1
62994.861298,1677.86,0.33085451,-1
62995.307039,1678.06,0.00440389,-1
62996.012713,1678.09,0.02123957,-1
62996.125835,1677.87,0.19208953,-1
62996.125761,1677.87,0.19208953,-1
62996.122278,1677.85,1.088,-1
62996.121863,1677.85,1.088,-1
62996.072331,1677.9,0.001,1
62996.072331,1677.96,1.19187736,1
62996.068027,1678.03,0.18709368,1
62996.068027,1678.14,0.21582092,1
62996.067954,1678.03,0.70680732,1
62996.067954,1678.07,0.66851072,1
62996.067954,1678.08,0.40291461,1
62996.067954,1678.09,0.6,1
62996.067954,1678.09,0.40291461,1
62996.067954,1678.1,0.40291461,1
62996.067954,1678.11,0.40291461,1
62996.067954,1678.12,0.40291461,1
62996.067954,1678.13,0.40291461,1
62996.067954,1678.14,0.40291461,1
62996.067954,1678.14,0.21582092,1
62996.170538,1677.86,0.08093285,1
62996.170538,1677.86,0.02697761,1
62996.170538,1677.86,0.10791047,1
62996.139011,1677.87,0.10086278,-1
62996.138427,1677.87,0.10086278,-1
62996.35952,1677.93,0.49208953,-1
62996.35952,1677.93,0.05970901,-1
62997.913907,1677.85,0.05970901,-1
62997.890424,1677.81,0.00110262,-1
62999.408246,1677.72,0.85543757,1
62999.408246,1677.8,0.40091461,1
62999.408246,1677.8,0.001,1
62999.408246,1677.81,0.40091461,1
62999.914689,1677.82,0.21515891,-1
62999.914366,1677.82,0.33691461,-1
62999.903538,1677.78,0.05970901,-1
63000.018662,1677.92,0.06206142,-1
63000.018662,1677.92,0.27585319,-1
63000.01825,1677.92,0.66391461,-1
62999.991215,1677.92,0.05595253,-1
62999.991215,1677.9,0.00055426,-1
63000.050921,1677.92,0.66391461,-1
63000.0508,1677.92,0.33791461,-1
63000.288582,1677.92,0.59409538,-1
63000.288582,1677.92,0.10017646,-1
63000.288582,1677.92,0.00000595,-1
63000.288582,1677.92,0.07813308,-1
63000.288315,1677.92,0.00565225,-1
63000.412563,1678,0.001,-1
63000.412563,1677.97,0.00220504,-1
63000.439047,1678.1,0.001,-1
63000.558586,1678.22,0.12696785,-1
63000.558586,1678.21,0.05970901,-1
63000.558586,1678.2,0.001,-1
63000.643915,1678.14,0.6,1
63001.15596,1677.85,0.66191461,-1
63001.155864,1677.85,0.03217019,-1
63001.155864,1677.84,0.00199065,-1
63001.155864,1677.84,0.24604476,-1
63001.155864,1677.84,0.05970901,-1
63001.507172,1678.23,0.65991461,-1
63001.507154,1678.23,0.2802056,-1
63001.507154,1678.2,0.001,-1
63001.507154,1678.1,0.001,-1
63001.507154,1678.06,0.05970901,-1
63001.499443,1677.92,0.08018422,-1
63001.49914,1677.92,0.12031119,-1
63001.497861,1677.9,0.23048453,-1
63002.517257,1678.37,0.05970901,-1
63002.517257,1678.3,0.07697074,-1
63002.517257,1678.3,0.001,-1
63002.789652,1678.41,0.24629576,-1
63002.789652,1678.4,0.106,-1
63002.789652,1678.4,0.05970901,-1
63002.789652,1678.4,0.001,-1
63003.076703,1678.49,0.13007038,-1
63003.076703,1678.49,0.12302238,-1
63003.076703,1678.49,2.176,-1
63003.076703,1678.48,0.576,-1
63003.048854,1678.36,0.64991461,-1
63003.048392,1678.36,0.2922056,-1
63003.048392,1678.34,0.05970901,-1
63003.319469,1678.33,0.02950274,-1
63003.425347,1678.32,0.09151655,1
63003.42291,1678.32,0.12563,1
63003.409674,1678.32,0.16529809,1
63003.398315,1678.32,0.21755536,1
63003.450347,1678.2,0.6,1
63003.450347,1678.2,0.001,1
63003.447746,1678.21,0.00120318,-1
63003.639384,1678.01,0.00000595,-1
63004.636435,1678.01,0.05131673,-1
63005.053564,1678.16,0.018,-1
63005.826802,1678.1,0.00000595,-1
63005.887342,1678.25,0.00055161,1
63006.533712,1678.2,0.38991461,1
63006.533712,1678.25,0.00079565,1
63006.719469,1678.19,0.13565529,-1
63006.719469,1678.19,0.01901632,-1
63006.719469,1678.19,0.01901633,-1
63007.583479,1678.5,0.00000595,-1
63007.583479,1678.5,0.001,-1
63007.560011,1678.4,0.001,-1
63007.548541,1678.3,0.05970901,-1
63007.548541,1678.3,0.07239635,-1
63007.548255,1678.3,0.63491461,-1
63007.548255,1678.3,0.001,-1
63007.645798,1678.6,0.001,-1
63008.001326,1678,0.51481944,1
63008.001326,1678,0.05089468,1
63008.001326,1678,0.11589468,1
63008.001326,1678,0.01889468,1
63008.001326,1678,0.001,1
63008.000707,1678.29,0.05947601,1
63007.988745,1678.33,0.06027433,-1
63007.987533,1678.33,0.06027433,-1
63007.986816,1678.33,0.03013717,-1
63007.986791,1678.33,0.03013717,-1
63007.986656,1678.01,0.42410643,1
63007.986328,1678.25,1.648847,1
63007.986134,1678.33,0.06027433,-1
63007.986064,1678.01,0.76777093,1
63007.986064,1678.02,2.68225155,1
63007.986064,1678.04,4.30454668,1
63007.986064,1678.06,1,1
63007.986064,1678.08,1,1
63007.986064,1678.09,2.68225155,1
63007.986064,1678.1,0.001,1
63007.986064,1678.13,0.982,1
63007.98586,1678.31,4.30454668,1
63007.985657,1678.3,0.05947601,1
63007.984649,1678.15,4.10904878,1
63007.984649,1678.16,1.19187736,1
63007.984649,1678.16,2.68225155,1
63007.984649,1678.17,4.30454668,1
63007.984649,1678.2,0.17768,1
63007.984649,1678.22,4.03786,1
63007.984649,1678.22,0.13819852,1
63007.984649,1678.25,2.68225155,1
63007.982027,1678.31,4.30454668,1
63007.982027,1678.31,1.19187736,1
63007.982027,1678.33,2.68225155,1
63007.980914,1678.3,0.05947601,1
63007.980914,1678.3,10,1
63007.980914,1678.32,1.575,1
63007.980914,1678.34,0.1553216,1
63007.980914,1678.35,0.06909926,1
63007.980914,1678.4,10,1
63007.980914,1678.41,0.03454963,1
63007.980914,1678.42,0.05970901,1
63007.980914,1678.67,0.89356166,1
63007.980914,1678.68,1.48926537,1
63008.041034,1678.02,0.35126589,1
63008.041034,1678.07,0.03213116,1
63008.031083,1678.27,0.43437069,1
63008.021934,1678.3,0.059476,1
63008.012262,1677.98,0.27639705,1
63008.414732,1678.08,0.37591461,1
63008.414732,1678.09,0.37591461,1
63008.414732,1678.1,0.37691461,1
63008.414732,1678.11,0.37691461,1
63008.414732,1678.12,0.37691461,1
63008.414732,1678.14,0.37691461,1
63008.414732,1678.15,0.20267536,1
63008.414732,1678.15,0.20267536,1
63008.554668,1678.06,0.97898853,-1
63008.554376,1678.06,0.62791461,-1
63008.554274,1678.06,0.37391461,-1
63008.554104,1678.06,0.35434387,-1
63008.554104,1678.05,0.23823485,-1
63009.906608,1678.01,0.00001191,-1
63010.907797,1678.16,0.05970901,-1
63010.907797,1678.09,0.15881746,-1
63011.33215,1678.3,0.001,-1
63011.532807,1678.4,0.004403,-1
63011.532807,1678.4,0.001,-1
63011.709675,1678.6,0.001,-1
63011.668029,1678.5,0.001,-1
63012.087522,1678.69,0.00103247,-1
63012.298399,1678.68,0.51676549,1
63012.355104,1678.53,0.35491461,1
63012.355104,1678.54,0.35491461,1
63012.355104,1678.55,0.35491461,1
63012.355104,1678.56,0.35491461,1
63012.355104,1678.57,0.05066884,1
63012.355104,1678.57,0.05066884,1
63012.355104,1678.57,0.35491461,1
63012.355104,1678.57,0.10133768,1
63012.707818,1678.4,0.001,1
63015.40634,1678.23,0.05970901,-1
63015.381125,1678.21,0.00125133,-1
63015.422339,1678.24,0.13570022,-1
63015.422187,1678.24,0.59891461,-1
63016.859118,1678.54,0.00441455,-1
63016.859118,1678.5,0.00227584,-1
63016.859118,1678.5,0.001,-1
63017.398016,1678.69,0.04696753,-1
63017.379711,1678.6,0.001,-1
63017.466039,1678.7,0.001,-1
63017.567837,1678.8,0.001,-1
63018.665503,1679,2.79144397,-1
63018.664969,1679,1.39652586,-1
63018.664969,1678.99,0.05970901,-1
63018.663891,1678.9,1.21087419,-1
63018.663891,1678.9,0.11492166,-1
63018.663891,1678.9,0.00228721,-1
63018.663891,1678.9,0.001,-1
63018.888529,1678.99,0.05098167,1
63018.888529,1678.99,0.05098167,1
63019.128521,1679,0.50596783,-1
63019.128521,1679,0.001,-1
63019.128521,1679,0.33389862,-1
63019.85088,1679.09,0.08457996,1
63020.630388,1679.1,0.30091461,-1
63020.630377,1679.1,0.61991461,-1
63020.630377,1679.1,0.001,-1
63020.714883,1679.1,0.00595557,-1
63020.833607,1679.38,0.00008587,-1
63020.751951,1679.5,0.01147055,-1
63020.751951,1679.4,0.001,-1
63020.751951,1679.3,0.001,-1
63020.751951,1679.2,0.001,-1
63022.680672,1679.24,0.00867997,-1
63022.888808,1679.11,0.0147418,-1
63023.028789,1679.11,0.00589637,-1
63023.755474,1679,0.53229589,1
63023.755474,1679,0.001,1
63023.755474,1679.05,0.00107394,1
63023.755474,1679.05,0.14890702,1
63023.755474,1679.1,0.001,1
63024.85011,1678.95,0.0057493,-1
63025.2257,1679,0.01446882,-1
63025.273818,1679,0.58257704,-1
63025.756619,1679.07,0.00000595,-1
63025.756619,1679.07,0.55267993,-1
63025.756566,1679.07,0.56514597,-1
63026.632538,1679.2,0.0005896,-1
63026.902445,1679.2,0.0007806,-1
63026.902445,1679.2,0.0004104,-1
63026.962291,1679.25,0.53252481,-1
63026.962291,1679.2,0.39720058,-1
63027.418178,1679.15,0.0000618,1
63028.592818,1679.07,1.65826679,1
63028.788918,1679.08,0.03106981,-1
63029.821649,1679.08,0.23426001,-1
63030.412308,1679.18,0.00883211,-1
63030.412308,1679.18,0.00001191,-1
63030.501637,1679.18,0.05970901,-1
63030.501637,1679.18,0.23370101,-1
63030.501538,1679.18,0.30891461,-1
63030.918362,1679.36,0.11440156,-1
63030.918362,1679.35,0.05970901,-1
63030.918362,1679.3,0.00000595,-1
63030.918362,1679.3,0.001,-1
63031.305621,1679.4,0.97595363,-1
63031.305621,1679.4,0.001,-1
63031.52654,1679.5,0.02582448,1
63031.52654,1679.57,0.54018582,1
63031.52654,1679.59,0.36491461,1
63031.52654,1679.59,2.176,1
63031.52654,1679.59,0.89307509,1
63031.512368,1679.5,0.001,-1
63031.452184,1679.4,0.00000001,-1
63032.013678,1679.43,0.02893765,-1
63033.437845,1679.44,0.00666888,-1
63033.437845,1679.43,0.43553815,-1
63033.390572,1679.43,0.09434693,-1
63034.487092,1679.4,0.00078004,1
63034.69922,1679.54,0.57480437,-1
63034.69922,1679.5,0.082,-1
63034.69922,1679.42,0.48104702,-1
63034.69922,1679.41,0.05970901,-1
63035.978375,1679.32,0.018,-1
63036.528623,1679.08,0.01152082,1
63036.528621,1679.08,0.13997782,1
63036.528621,1679.1,0.001,1
63036.528535,1679.2,0.00080045,1
63036.528535,1679.2,0.53915498,1
63036.528535,1679.2,0.001,1
63036.528535,1679.3,0.001,1
63036.532516,1679.03,0.00089308,1
63036.532516,1679.04,0.01339795,1
63037.392776,1679.56,0.25987771,-1
63037.392776,1679.52,3.54025649,-1
63037.392776,1679.5,0.001,-1
63037.392776,1679.5,0.048,-1
63037.392776,1679.5,0.082,-1
63037.392776,1679.45,0.80761669,-1
63037.392776,1679.4,0.082,-1
63037.392776,1679.39,0.05970901,-1
63037.392776,1679.31,0.32071505,-1
63037.392776,1679.3,0.001,-1
63037.600778,1679.37,0.02823774,-1
63038.50203,1679.7,0.001,-1
63038.50203,1679.69,0.54408539,-1
63038.501965,1679.69,0.45591461,-1
63038.490957,1679.6,0.001,-1
63038.480554,1679.55,0.05970901,-1
63038.469962,1679.42,0.21379404,-1
63038.469962,1679.42,0.00000595,-1
63038.616647,1679.87,0.222,-1
63038.606818,1679.8,1.0885,-1
63038.606654,1679.8,1.0875,-1
63038.606654,1679.8,0.001,-1
63038.689132,1680.19,0.13623047,-1
63038.689132,1680.1,0.001,-1
63038.680041,1680.04,0.05388512,-1
63038.676836,1680.04,0.16507667,-1
63038.676836,1680,0.001,-1
63038.633779,1679.94,1,-1
63038.631424,1679.9,0.001,-1
63038.631424,1679.87,0.58541483,-1
63038.80929,1679.9,0.001,1
63038.769116,1680.1,0.1787404,1
63038.766026,1680.1,0.0873112,1
63038.762272,1680.09,0.00329143,1
63038.762272,1680.09,0.08954408,1
63038.762272,1680.09,0.08815307,1
63038.761846,1680.09,0.00139102,1
63038.761846,1680.1,0.17908816,1
63039.796874,1680,0.89285714,1
63039.796312,1680.03,0.546,1
63039.796161,1680.03,3.374,1
63039.905802,1679.86,0.51666002,1
63040.120148,1679.78,0.12328902,-1
63040.073467,1679.8,0.32691461,1
63040.073467,1679.8,0.001,1
63040.228076,1679.78,0.014736,-1
63040.441227,1679.87,0.00577591,-1
63041.011341,1679.86,0.00289443,-1
63044.52872,1679.87,0.18515123,-1
63046.045232,1680.05,0.05970901,-1
63046.045232,1680.05,0.55538823,-1
63046.044442,1680,0.20616666,-1
63046.044442,1680,0.6185,-1
63046.044442,1680,0.001,-1
63046.242472,1680.35,0.01187138,-1
63046.242472,1680.3,0.001,-1
63046.242472,1680.28,0.014053,-1
63046.242472,1680.2,0.001,-1
63046.242472,1680.1,0.001,-1
63046.477219,1680.5,0.086,-1
63046.477219,1680.5,0.001,-1
63046.477219,1680.45,0.01564604,-1
63046.477219,1680.4,0.001,-1
63046.469817,1680.39,0.50022458,-1
63046.948622,1680.6,0.01246578,-1
63046.948622,1680.6,0.001,-1
63048.09137,1680.8,0.43968348,-1
63048.09137,1680.8,0.001,-1
63048.067214,1680.7,0.01247099,-1
63048.067214,1680.7,0.001,-1
63048.170716,1680.92,0.11504412,-1
63048.170716,1680.9,0.001,-1
63048.585559,1680.79,0.05002409,-1
63049.206356,1681.1,0.001,-1
63049.206356,1681.1,0.05943024,-1
63049.205423,1681.1,0.56091461,-1
63049.193819,1681.1,0.55991461,-1
63049.193751,1681.1,0.44191461,-1
63049.186442,1681.03,0.00000594,-1
63049.186442,1681.03,0.82911134,-1
63049.139448,1681.03,0.26497563,-1
63049.014592,1680.99,0.22510024,-1
63049.003219,1681,0.001,-1
63049.281389,1681.1,0.09,-1
63049.476192,1681.2,0.05970901,-1
63049.476192,1681.2,0.51545103,-1
63049.476192,1681.2,0.001,-1
63049.543849,1681.4,0.001,-1
63049.49618,1681.34,0.05800768,-1
63049.495738,1681.34,0.05700768,-1
63049.495738,1681.3,0.001,-1
63049.559967,1681.5,0.001,-1
63049.557946,1681.45,1.09381352,-1
63049.720747,1681.27,0.51311646,1
63050.370484,1681.3,0.29303515,-1
63050.499622,1681.34,0.28110324,1
63050.499622,1681.35,3.29075027,1
63050.499622,1681.48,0.33891461,1
63051.071307,1681.2,0.48744987,1
63051.525177,1681.1,0.337914,1
63051.525177,1681.1,0.001,1
63051.649864,1681.09,0.05787598,-1
63051.976232,1681.09,0.05591881,-1
63051.976232,1681.09,0.05970901,-1
63052.40146,1680.98,0.78742743,1
63052.397831,1681.07,0.78742743,1
63052.397831,1681.08,0.00092105,1
63052.397831,1681.08,0.24372493,1
63052.525067,1680.95,0.00282439,-1
63052.477829,1680.94,0.02611991,-1
63054.794572,1680.97,0.00015488,-1
63055.849089,1681.2,0.001,-1
63055.849089,1681.17,0.07648037,-1
63055.838291,1681.17,0.54191461,-1
63055.838176,1681.17,0.10439225,-1
63055.838176,1681.17,0.10043853,-1
63055.838176,1681.14,0.14653152,-1
63055.838176,1681.09,0.05970901,-1
63055.838176,1681.09,0.0488433,-1
63056.255512,1681.2,0.15379,-1
63056.435494,1681.3,0.001,-1
63057.161373,1681.19,0.05780059,-1
63057.249056,1681.24,0.04337123,-1
63058.230674,1681.09,0.00000594,1
63058.220068,1681,0.00034437,1
63058.220068,1681.1,0.001,1
63059.135986,1681.13,0.03852495,-1
63059.346519,1681.09,0.09656153,1
63059.346519,1681.09,0.09656152,1
63060.293041,1681.01,0.0147232,-1
63060.568492,1680.64,0.1049393,1
63060.568492,1680.7,0.001,1
63060.568492,1680.8,0.001,1
63060.568492,1680.9,0.001,1
63060.55221,1681,0.00065563,1
63061.218195,1680.61,0.11777866,-1
63062.019036,1680.61,0.04711565,-1
63062.251388,1680.61,0.00010495,-1
63062.500766,1680.6,0.001,1
63062.594194,1680.5,0.001,1
63062.96671,1680.41,0.14799959,-1
63064.808587,1680.11,0.33239061,1
63064.808587,1680.13,0.89278439,1
63064.808587,1680.2,0.001,1
63064.808587,1680.24,0.772825,1
63064.808587,1680.3,0.001,1
63064.807783,1680.33,0.772825,1
63064.807783,1680.4,0.00076268,1
63064.807783,1680.4,0.001,1
63065.025402,1680.1,0.001,1
63065.019431,1680.11,0.02351407,-1
63065.677594,1680,0.001,1
63066.225146,1679.8,0.001,1
63066.182874,1679.9,0.001,1
63066.325081,1679.46,1.19187736,1
63066.325081,1679.5,0.001,1
63066.325081,1679.6,0.001,1
63066.324946,1679.7,0.001,1
63066.60277,1679.4,0.001,1
63068.515526,1679.31,0.00294436,-1
63069.954823,1679.31,0.01064127,-1
63069.954823,1679.31,0.04889508,-1
63070.128237,1679.34,0.61042138,-1
63070.128237,1679.33,0.02249323,-1
63070.128187,1679.33,1.46710047,-1
63070.128187,1679.31,0.02384774,-1
63070.116675,1679.31,0.02522,-1
63070.193539,1679.56,0.19999838,-1
63070.14704,1679.39,0.55139068,-1
63071.609034,1679.6,0.65544772,-1
63071.609034,1679.6,0.001,-1
63072.255304,1679.78,0.02847639,-1
63072.255304,1679.7,0.001,-1
63072.455212,1679.77,0.00289458,-1
63073.214781,1679.75,0.04516579,-1
63073.948778,1679.85,0.00437862,-1
63073.948778,1679.8,0.001,-1
63074.409825,1680.01,0.42340865,-1
63074.406506,1680,0.12444061,-1
63074.40121,1680,0.11876318,-1
63074.397953,1680,0.52682001,-1
63074.397953,1680,0.001,-1
63074.369557,1679.91,0.84734896,-1
63074.369557,1679.9,0.001,-1
63075.384304,1680.1,0.26174037,-1
63075.384304,1680.1,0.001,-1
63078.24142,1680.3,0.05583746,-1
63078.24142,1680.3,0.001,-1
63078.24142,1680.2,0.001,-1
63078.522951,1680.2,0.00426172,-1
63078.522951,1680.2,0.05970901,-1
63079.467082,1680.09,0.34194551,-1
63079.556968,1680.17,0.55115256,-1
63079.789786,1680.3,0.001,-1
63079.789786,1680.3,0.09403414,-1
63079.786536,1680.24,0.57775803,-1
63079.750782,1680.24,0.01693839,-1
63080.597393,1680.36,0.01242442,-1
63081.078956,1681.69,0.28496273,-1
63081.078956,1681.62,1.575,-1
63081.078956,1681.6,0.001,-1
63081.078956,1681.52,2.36023061,-1
63081.078956,1681.5,0.89280666,-1
63081.078956,1681.5,0.001,-1
63081.078956,1681.49,0.384,-1
63081.078956,1681.18,0.5,-1
63081.073498,1681.19,0.89222632,-1
63081.070259,1681.45,1.12171166,-1
63081.070259,1681.4,0.05,-1
63081.070259,1681.4,0.001,-1
63081.070259,1681.39,1.575,-1
63081.070259,1681.36,0.89280666,-1
63081.070259,1681.34,1.10693688,-1
63081.069849,1681.34,0.08494048,-1
63081.069849,1681.12,0.17768,-1
63081.069849,1681.04,0.03745022,-1
63081.069849,1680.98,3.9325508,-1
63081.069849,1680.97,0.89280666,-1
63081.069849,1680.9,0.89280666,-1
63081.067393,1680.95,1.19187736,-1
63081.067029,1681.3,0.001,-1
63081.067029,1681.26,0.89280666,-1
63081.067029,1681.26,3.9325508,-1
63081.067029,1681.22,1.575,-1
63081.067029,1681.09,3.9325508,-1
63081.067029,1681.09,0.58880666,-1
63081.067012,1681.09,0.304,-1
63081.06667,1681.2,0.001,-1
63081.06667,1681.19,1.19187736,-1
63081.06667,1681.19,0.89280666,-1
63081.06667,1681.15,0.192,-1
63081.06667,1681.14,1.12803335,-1
63081.06667,1681.1,0.00113122,-1
63081.06667,1681.1,0.001,-1
63081.06667,1681.05,2.67996435,-1
63081.06667,1681.03,1.19496,-1
63081.06667,1680.89,0.07490044,-1
63081.056688,1681,0.048,-1
63081.056688,1681,0.18519357,-1
63081.056641,1681,9.81480643,-1
63081.056641,1681,10,-1
63081.056641,1681,10,-1
63081.056641,1681,0.05,-1
63081.056641,1681,0.001,-1
63081.056641,1681,1.575,-1
63081.056641,1680.99,4.89801701,-1
63081.056346,1680.99,8.01270499,-1
63081.056346,1680.98,1.10511966,-1
63081.056346,1680.92,0.096,-1
63081.056346,1680.9,0.001,-1
63081.056346,1680.89,3.65019819,-1
63081.056346,1680.83,2.2740686,-1
63081.056346,1680.83,1.575,-1
63081.056346,1680.81,2.58602066,-1
63081.056346,1680.8,10,-1
63081.056346,1680.8,0.05,-1
63081.056346,1680.8,0.001,-1
63081.056346,1680.77,4.10457158,-1
63081.056346,1680.76,3.93668124,-1
63081.056346,1680.76,6.7383191,-1
63081.056346,1680.74,0.981,-1
63081.056346,1680.71,0.1553216,-1
63081.056346,1680.71,0.00089281,-1
63081.056346,1680.7,10,-1
63081.056346,1680.7,0.001,-1
63081.056346,1680.66,1.575,-1
63081.056346,1680.64,5.71035876,-1
63081.056346,1680.64,2.03085837,-1
63081.056346,1680.61,0.89253597,-1
63081.056346,1680.6,0.8763046,-1
63081.056346,1680.6,0.001,-1
63081.056346,1680.6,0.05,-1
63081.056346,1680.57,1.08204743,-1
63081.056346,1680.57,1.26515163,-1
63081.056346,1680.54,1.19060134,-1
63081.056346,1680.5,0.109,-1
63081.056346,1680.5,0.001,-1
63081.056346,1680.48,1.09441944,-1
63081.056346,1680.48,1.16732743,-1
63081.056346,1680.47,0.05970901,-1
63081.056346,1680.4,0.001,-1
63081.056346,1680.36,0.00283272,-1
63081.056346,1680.35,0.29960175,-1
63081.144309,1681.19,0.00182516,-1
63081.143634,1681.19,0.00335693,-1
63081.114443,1681.2,0.884,-1
63081.101368,1681.2,1.27622632,-1
63081.262096,1681.03,0.07464918,1
63081.25124,1681.11,0.12659361,1
63081.25124,1681.11,0.15801625,1
63081.251138,1681.11,0.12028,1
63081.246962,1681.09,0.03462651,1
63081.246962,1681.09,0.03732459,1
63081.246244,1681.11,0.25318722,1
63081.236466,1681.11,0.50637445,1
63081.42307,1680.83,0.36485,-1
63081.338017,1680.82,0.36485,-1
63081.960554,1681.04,0.018,-1
63081.959461,1681.04,0.018,-1
63082.18578,1681.04,1,1
63082.185725,1681.06,1,1
63082.39138,1680.98,0.06131559,1
63084.458488,1680.89,0.1,-1
63084.443726,1680.88,0.65826679,1
63084.443726,1680.9,1,1
63084.956157,1680.89,0.29475514,1
63085.454213,1680.9,0.00147258,-1
63086.088618,1681.5,0.34105418,-1
63086.088618,1681.5,0.001,-1
63086.088618,1681.49,0.00284866,-1
63086.069545,1681.4,0.001,-1
63086.065442,1681.25,0.30185364,-1
63086.064778,1681.25,0.59095302,-1
63086.064015,1681.38,0.05940905,-1
63086.064015,1681.35,0.89280666,-1
63086.064015,1681.32,0.00312039,-1
63086.064015,1681.31,3.85555506,-1
63086.062886,1681.31,0.07699574,-1
63086.061481,1681.32,0.07699574,-1
63086.061477,1681.32,0.17059754,-1
63086.061276,1681.32,0.96560891,-1
63086.061024,1681.32,2.88737263,-1
63086.061024,1681.3,0.001,-1
63086.061024,1681.28,1.12996464,-1
63086.061024,1681.27,0.36945798,-1
63086.060984,1681.27,0.82241938,-1
63086.060984,1681.19,0.3355969,-1
63086.060444,1681.28,0.28741486,-1
63086.060393,1681.28,1.63418712,-1
63086.060393,1681.27,0.89280666,-1
63086.060393,1681.27,0.1553216,-1
63086.060393,1681.2,0.001,-1
63086.059625,1681.15,0.22330984,-1
63086.059581,1681.15,0.41089672,-1
63086.0594,1681.15,0.01489672,-1
63086.059235,1681.15,0.33189672,-1
63086.059067,1681.13,0.654312,-1
63086.059067,1681.11,0.9528034,-1
63086.058833,1681.11,0.1409866,-1
63086.058833,1681.1,0.001,-1
63086.058833,1681.08,0.34113944,-1
63086.058833,1681.07,0.14478857,-1
63086.058602,1681.07,0.37391461,-1
63086.051964,1681.05,1.05853517,-1
63086.051964,1681.05,0.32126523,-1
63086.051892,1681.05,1.1337528,-1
63086.051892,1681.02,0.33546313,-1
63086.051688,1681,0.109,-1
63086.051688,1680.91,0.55087422,-1
63086.051688,1680.9,0.05823643,-1
63086.61447,1681.39,0.21944246,1
63086.61447,1681.4,0.109,1
63086.61447,1681.41,0.89280666,1
63086.61447,1681.42,0.00131527,1
63086.61447,1681.42,1.25180867,1
63086.61447,1681.5,0.89205567,1
63086.61447,1681.5,0.37591461,1
63086.61447,1681.51,0.89280666,1
63086.61447,1681.59,0.36485,1
63087.062023,1681.6,0.001,-1
63087.484755,1681.7,0.001,-1
63087.484755,1681.69,0.14767084,-1
63087.484654,1681.69,0.56736716,-1
63087.484654,1681.68,0.00083844,-1
63087.484654,1681.68,0.05970901,-1
63088.379485,1681.8,0.00000595,-1
63088.483126,1681.8,0.00180333,-1
63088.483126,1681.8,0.00099405,-1
63088.612041,1681.79,0.01472312,-1
63089.273021,1681.79,0.014,1
63089.349727,1681.8,0.05889702,-1
63090.818582,1681.79,0.05267866,-1
63090.81825,1681.79,0.21367293,-1
63090.847004,1681.94,1,-1
63090.847004,1681.9,0.00000001,-1
63090.846102,1681.9,0.48513903,-1
63090.846102,1681.9,0.08747218,-1
63090.846102,1681.9,0.001,-1
63090.933094,1681.99,0.00294581,-1
63091.0167,1681.96,0.02745985,1
63091.0167,1681.98,1,1
63090.985452,1681.99,0.11784269,-1
63091.540563,1681.93,0.14717374,-1
63092.186555,1682.09,0.05970901,-1
63092.18301,1682.01,0.21097159,-1
63092.181879,1682,0.001,-1
63092.179464,1681.93,0.08262773,-1
63094.475774,1682.08,0.00000594,1
63094.732455,1682.08,0.99999406,1
63094.825579,1682.08,0.00115333,-1
63096.491399,1681.92,0.47307188,1
63096.491065,1681.92,7.34855971,1
63096.491065,1681.92,0.50603756,1
63096.490708,1681.97,0.89180866,1
63096.490708,1681.98,0.6,1
63096.489896,1682,11.89202045,1
63096.489896,1682.06,1.18906227,1
63096.489896,1682.06,1,1
63096.48906,1682.08,0.97254015,1
63096.48906,1682.08,0.02745,1
63098.228701,1682.01,1.18911346,1
63098.228701,1682.02,1,1
63098.225283,1682.04,1,1
63099.31456,1681.81,0.3275903,1
63099.31456,1681.82,0.0724097,1
63099.31456,1681.87,0.6,1
63099.309427,1682,1,1
63099.299858,1682.04,0.00076416,1
63099.299858,1682.04,1,1
63099.392704,1681.8,0.23140086,1
63099.392384,1681.8,0.36859914,1
63099.392384,1681.8,0.001,1
63099.392384,1681.81,0.46740086,1
63099.392159,1681.88,1.18907928,1
63099.379949,1681.89,0.00293682,-1
63099.596188,1681.79,1.18700937,1
63100.570484,1681.8,0.94876343,1
63100.570484,1681.82,1,1
63100.923907,1681.8,0.3,-1
63100.923907,1681.79,0.05970901,-1
63101.157473,1681.97,1.14250247,1
63102.355057,1682,0.001,-1
63104.049475,1682.09,0.05885081,-1
63104.049475,1682.09,0.00000594,-1
63105.307816,1682.09,0.04003572,-1
63105.307816,1682.09,0.01773843,-1
63105.29259,1682.08,0.4666739,1
63105.29259,1682.08,0.05123657,1
63106.615087,1682.04,0.01,-1
63107.803063,1682.03,0.00007785,1
63107.802469,1682.03,1.189,1
63108.100095,1681.98,1.18907785,1
63110.186844,1682.07,0.09284599,-1
63110.186844,1682.07,0.05970901,-1
63110.244455,1682.07,0.04,-1
63111.691496,1682.06,1.18913029,1
63111.830246,1681.89,1.189029,1
63111.815331,1681.89,0.00076605,1
63111.81174,1681.9,0.17856371,1
63111.81174,1681.93,1.18902912,1
63111.856957,1681.89,0.00000012,1
63111.856275,1681.89,1.189029,1
63112.64186,1682.07,0.7064361,-1
63112.64186,1682.07,1.575,-1
63112.64186,1682.06,1.18935056,-1
63112.64186,1682.06,0.3,-1
63112.64186,1682.04,0.98,-1
63112.64186,1682,0.109,-1
63112.64186,1681.96,0.89181865,-1
63112.64186,1681.95,1.19187736,-1
63112.64186,1681.95,1.18935056,-1
63112.64186,1681.9,0.109,-1
63112.64186,1681.88,2.95904738,-1
63112.64186,1681.88,1.18935056,-1
63112.64186,1681.81,0.05970901,-1
63112.64186,1681.81,1.08636944,-1
63113.078106,1681.72,0.03620485,1
63113.078106,1681.8,0.001,1
63113.071868,1681.83,1.18902912,1
63114.895947,1681.52,2.63683538,1
63114.895947,1681.53,0.05970901,1
63114.895947,1681.57,0.48067265,1
63114.895947,1681.6,0.6471115,1
63114.895906,1681.6,0.24489186,1
63114.895906,1681.6,0.001,1
63114.895906,1681.66,0.07096151,1
63114.895906,1681.69,0.1448194,1
63114.895906,1681.7,1.18928877,1
63114.895906,1681.7,0.001,1
63114.869584,1681.71,0.08472374,-1
63114.869584,1681.71,0.05970901,-1
63115.678426,1681.51,0.01155344,-1
63116.798135,1681.51,0.56132178,-1
63116.798047,1681.51,0.65060083,-1
63116.798047,1681.51,0.05970901,-1
63116.871212,1681.54,0.62791461,-1
63116.941592,1681.54,0.05200379,-1
63118.348224,1681.61,0.01312,-1
63119.92182,1681.5,1.18939762,1
63119.92182,1681.5,0.001,1
63119.95584,1681.46,1.18939762,1
63119.95584,1681.46,0.03511871,1
63119.944982,1681.47,0.01,-1
63119.978349,1681.4,0.001,1
63120.096094,1681.17,0.06592179,1
63120.096094,1681.18,1,1
63120.096094,1681.2,0.001,1
63120.096094,1681.3,0.001,1
63120.850778,1680.9,0.5,1
63120.850778,1680.9,0.109,1
63120.850778,1680.9,0.001,1
63120.850778,1680.92,1.48720114,1
63120.850778,1680.98,0.00089202,1
63120.850778,1681,0.001,1
63120.850778,1681.01,0.03260971,1
63120.850778,1681.05,0.13184359,1
63120.850778,1681.1,0.001,1
63121.487435,1681.02,0.02650335,-1
63121.812268,1681.11,0.2973341,-1
63121.812173,1681.02,0.99044469,-1
63121.812173,1681.01,0.05970901,-1
63121.926477,1681.2,1.02,-1
63121.879608,1681.2,0.33780788,-1
63121.879608,1681.19,0.4448047,-1
63121.965557,1681.2,0.21124352,-1
63121.958889,1681.2,0.08331,-1
63123.401287,1681.28,0.03666776,-1
63123.735825,1681.3,0.00743937,-1
63123.735825,1681.3,0.001,-1
63123.735825,1681.28,0.02304125,-1
63123.868759,1681.3,0.00000595,-1
63124.910603,1681.3,1.52390542,-1
63124.909452,1681.28,0.05970901,-1
63124.986945,1681.4,0.77748304,-1
63124.986945,1681.4,0.001,-1
63125.903409,1681.75,0.035,-1
63125.903409,1681.7,0.001,-1
63125.903409,1681.7,0.109,-1
63125.903409,1681.6,0.103,-1
63125.903409,1681.6,0.001,-1
63125.903409,1681.5,0.001,-1
63126.201372,1681.2,0.001,1
63126.318132,1680.8,0.001,1
63126.31189,1680.9,0.00085525,1
63126.31189,1680.9,0.001,1
63126.308199,1681,0.001,1
63126.253988,1681.1,0.001,1
63127.365103,1680.71,0.05970901,-1
63127.838956,1680.57,0.07698261,1
63127.835128,1680.57,0.12301378,1
63127.835128,1680.6,0.48608635,1
63127.835128,1680.6,0.001,1
63127.835128,1680.7,0.001,1
63128.168521,1680.51,0.00639408,-1
63128.168521,1680.51,0.11120117,-1
63130.367601,1680.51,0.05924617,-1
63131.21475,1680.51,0.02847579,-1
63131.501604,1680.51,0.00000594,-1
63131.488902,1680.51,0.00588871,-1
63132.354483,1680.51,0.04657036,-1
63132.579186,1680.5,0.00001214,1
63132.77985,1680.5,0.00060696,1
63132.946534,1680.51,0.00058911,-1
63134.587916,1681.37,1.32180093,-1
63134.587916,1681.3,0.001,-1
63134.587916,1681.3,2.67719907,-1
63134.583928,1681.2,0.89222425,-1
63134.583928,1681.2,0.001,-1
63134.583928,1681.19,4.20519357,-1
63134.580193,1681.19,1.82689443,-1
63134.580193,1681.19,1.17310557,-1
63134.579326,1681.19,0.31363126,-1
63134.579326,1681.17,1.575,-1
63134.579326,1681.13,0.1701318,-1
63134.579326,1681.13,0.39460858,-1
63134.579326,1681.13,0.08121265,-1
63134.579326,1681.04,1.48673683,-1
63134.578407,1680.98,0.15469358,-1
63134.578282,1680.87,0.1553216,-1
63134.577677,1681.12,0.82276781,-1
63134.577667,1681.12,0.64669358,-1
63134.577294,1681.12,2.54945288,-1
63134.577294,1681.12,0.05941717,-1
63134.577294,1681.12,0.97892289,-1
63134.577294,1681.11,1.11490064,-1
63134.577194,1681.11,2.81765016,-1
63134.577194,1681.11,1.48673683,-1
63134.577194,1681.11,1.19187736,-1
63134.577194,1681.1,0.001,-1
63134.577194,1681.08,0.096,-1
63134.577194,1681.05,0.1553216,-1
63134.577194,1681,0.001,-1
63134.577194,1680.99,0.63664278,-1
63134.577194,1680.99,0.10618421,-1
63134.577194,1680.82,1.299072,-1
63134.577135,1680.99,0.01651933,-1
63134.577135,1680.91,0.08648067,-1
63134.577104,1680.91,2.91081714,-1
63134.576958,1680.91,0.304,-1
63134.576911,1680.91,0.80348462,-1
63134.576911,1680.9,0.93559699,-1
63134.576106,1680.9,1.51495812,-1
63134.576106,1680.85,0.0749764,-1
63134.576054,1680.85,0.12481714,-1
63134.575901,1680.85,0.66508642,-1
63134.575576,1680.85,0.25269358,-1
63134.575471,1680.85,0.07248759,-1
63134.575471,1680.84,0.08180236,-1
63134.575392,1680.8,0.001,-1
63134.566631,1680.96,4.0388035,-1
63134.566631,1680.96,0.048,-1
63134.566631,1680.95,0.98,-1
63134.566631,1680.94,4.10471387,-1
63134.566631,1680.9,0.001,-1
63134.566631,1680.9,0.103,-1
63134.566631,1680.89,1.575,-1
63134.566631,1680.88,1.89801623,-1
63134.566631,1680.88,3.34061817,-1
63134.566631,1680.85,0.15971052,-1
63134.566631,1680.85,1.19006113,-1
63134.566631,1680.85,1.38058482,-1
63134.566628,1680.85,2.66404302,-1
63134.566628,1680.8,0.001,-1
63134.566628,1680.8,0.103,-1
63134.566628,1680.74,0.88907266,-1
63134.566628,1680.72,0.81152725,-1
63134.566628,1680.72,0.59488315,-1
63134.566628,1680.71,0.17017433,-1
63134.566628,1680.71,0.39470723,-1
63134.566628,1680.71,0.08123296,-1
63134.566628,1680.7,0.103,-1
63134.566628,1680.69,0.89249356,-1
63134.566628,1680.68,1.575,-1
63134.566628,1680.65,0.72796754,-1
63134.566628,1680.65,1.66062367,-1
63134.566628,1680.6,0.103,-1
63134.566628,1680.59,0.05970901,-1
63134.566628,1680.54,0.98471917,-1
63134.566628,1680.51,0.61320075,-1
63134.566628,1680.51,1.0617015,-1
63134.566628,1680.51,0.31067615,-1
63134.640109,1681.5,0.001,-1
63134.640104,1681.4,0.001,-1
63135.065614,1681.49,0.01813272,-1
63135.14115,1681.49,0.34698,1
63135.14115,1681.49,0.54771458,1
63135.282413,1681.25,0.58497007,1
63135.281206,1681.28,0.27385729,1
63135.383085,1681.06,0.63802079,1
63135.383085,1681.08,1,1
63135.383085,1681.09,0.06846432,1
63135.383085,1681.09,0.06846432,1
63135.61746,1681.04,0.36197921,1
63135.61746,1681.06,0.06925302,1
63136.202735,1681.07,0.17401223,-1
63136.187078,1681.07,0.218,-1
63136.527128,1681.3,0.001,-1
63137.163941,1681.3,1,1
63137.545855,1681.28,0.07817082,1
63137.542381,1681.28,0.92182918,1
63137.538763,1681.3,1,1
63137.538763,1681.31,0.06846432,1
63138.206955,1681.4,0.06913529,-1
63138.206955,1681.39,1.17998003,-1
63138.206955,1681.38,0.05970901,-1
63138.206955,1681.21,1.06690167,-1
63138.206955,1681.21,0.00099333,-1
63139.014585,1681.14,1.48690925,1
63139.014585,1681.14,0.0007647,1
63139.014585,1681.14,0.51215621,1
63139.013928,1681.2,1,1
63139.013928,1681.2,0.001,1
63139.001734,1681.24,1,1
63139.094099,1681.13,0.01974042,-1
63139.771079,1681.1,1,1
63139.771079,1681.11,0.04410237,1
63140.524406,1681.13,0.55080213,-1
63140.78873,1681.3,0.00036876,-1
63140.78873,1681.3,0.001,-1
63140.912465,1681.4,0.001,-1
63141.032173,1681.44,0.00098724,-1
63141.028837,1681.41,0.10434175,-1
63141.206707,1681.34,0.17266661,1
63141.206707,1681.39,0.05970901,1
63141.206707,1681.42,3.9325508,1
63141.206707,1681.43,0.89203679,1
63141.206707,1681.49,0.2,1
63141.206707,1681.49,0.1,1
63141.206707,1681.5,1.575,1
63141.206707,1681.51,0.89203679,1
63141.206707,1681.76,2.176,1
63141.163836,1681.7,0.00459072,-1
63141.163836,1681.7,0.001,-1
63141.163836,1681.6,0.001,-1
63141.163836,1681.5,0.001,-1
63141.594541,1681.74,1,1
63141.58463,1681.78,1.49109175,1
63141.58463,1681.78,1,1
63141.658616,1681.62,0.5057134,1
63142.981205,1681.39,0.001,1
63142.96769,1681.5,1.18939831,1
63142.96769,1681.5,0.001,1
63142.967662,1681.51,0.00056554,-1
63142.950347,1681.56,1,1
63142.947397,1681.58,1,1
63142.947397,1681.59,1.18939831,1
63143.497677,1681.42,0.24267228,1
63143.760248,1681.5,1,1
63143.755419,1681.52,1,1
63143.755419,1681.53,1.18939831,1
63144.464874,1681.39,0.03812502,-1
63144.464874,1681.39,0.05970901,-1
63144.807486,1681.39,0.02889462,-1
63145.027173,1681.61,0.68433131,-1
63145.027173,1681.6,0.2889744,-1
63145.024763,1681.61,1.2473298,-1
63145.024763,1681.6,0.33122199,-1
63145.024656,1681.6,0.26355179,-1
63145.024554,1681.6,0.29755179,-1
63145.024207,1681.6,0.29955179,-1
63145.023226,1681.68,0.13357796,-1
63145.023019,1681.68,2.2174454,-1
63145.023019,1681.68,0.76919332,-1
63145.023019,1681.67,0.00038057,-1
63145.023019,1681.63,0.2582283,-1
63145.020144,1681.63,0.93117001,-1
63145.020144,1681.62,0.98,-1
63145.020144,1681.61,1.29535799,-1
63145.020144,1681.61,0.15210849,-1
63145.020097,1681.61,0.73989789,-1
63145.020097,1681.6,0.001,-1
63145.020097,1681.56,1.575,-1
63145.019721,1681.53,0.999378,-1
63145.019721,1681.52,0.53661771,-1
63145.019622,1681.52,2.33853946,-1
63145.019622,1681.51,1.71646883,-1
63145.019622,1681.39,0.05970901,-1
63145.019622,1681.39,0.44870327,-1
63145.019224,1681.39,0.035,-1
63145.032036,1681.7,0.001,-1
63145.079791,1681.8,0.001,-1
63145.079791,1681.79,0.51826211,-1
63145.618255,1681.9,0.00000594,-1
63145.606076,1681.9,0.00001188,-1
63145.59289,1681.9,0.01716266,-1
63145.59289,1681.9,0.001,-1
63145.926254,1681.89,0.08011686,1
63146.249164,1681.89,1.02658187,1
63146.511595,1681.89,0.00574007,-1
63146.495089,1681.89,0.02232012,-1
63146.666984,1681.94,0.07783467,-1
63146.666788,1681.94,0.00638089,-1
63146.666788,1681.94,0.24734438,-1
63146.666788,1681.94,0.06950559,-1
63146.666788,1681.9,0.00068375,-1
63147.077522,1682,0.00201899,-1
63147.077522,1682,0.001,-1
63148.409171,1681.99,0.00346691,-1
63148.633935,1681.96,1,1
63148.633935,1681.97,1.18903378,1
63148.633935,1681.98,1,1
63149.143287,1681.89,0.00588608,-1
63149.680434,1681.99,0.00588655,-1
63150.527175,1681.97,1.18903378,1
63150.854067,1681.8,0.0013248,-1
63151.035951,1681.8,0.00300694,-1
63151.161766,1681.8,0.00147196,-1
63151.760763,1681.8,0.02889566,-1
63151.876547,1681.8,0.00588799,-1
63152.015969,1681.79,0.00866397,-1
63152.136191,1681.8,0.00574007,-1
63152.833769,1681.89,0.00082446,1
63152.833769,1681.89,1.18915697,1
63152.922355,1681.8,0.05299061,-1
63152.89184,1681.8,0.019122,-1
63154.410504,1681.9,0.00882878,-1
63158.533494,1681.89,0.02819658,-1
63160.494422,1682,0.00100065,-1
63160.48471,1682,0.011612,-1
63161.253621,1682,0.01128138,-1
63163.521111,1682,0.32091461,-1
63163.52101,1682,0.42094654,-1
63163.52101,1682,0.001,-1
63163.52101,1682,0.25896807,-1
63163.969098,1682,0.01409745,-1
63164.7037,1682,0.1420557,-1
63164.7037,1682,0.06020667,-1
63165.005095,1681.98,0.95284155,1
63165.574289,1682,0.13000137,-1
63165.637522,1682.09,0.05018864,-1
63166.33147,1682.1,0.001,-1
63166.33147,1682.09,0.08812519,-1
63166.275839,1682.08,0.00000594,1
63166.265914,1682.08,0.00009387,1
63166.265914,1682.08,0.00079193,1
63166.390533,1682.19,0.26394754,-1
63166.389488,1682.19,0.67491461,-1
63166.420851,1682.2,0.001,-1
63166.420851,1682.19,0.06113785,-1
63166.663202,1682.3,0.36889972,-1
63166.663202,1682.3,0.001,-1
63166.839397,1682.5,0.001,-1
63166.816971,1682.4,0.001,-1
63166.901689,1682.6,0.001,-1
63167.117891,1682.5,0.00196076,1
63167.117828,1682.5,0.576,1
63167.115764,1682.59,0.05158905,1
63167.115764,1682.59,0.05158905,1
63167.115764,1682.59,0.10317809,1
63167.935234,1682.33,0.12863706,-1
63168.365797,1682.39,0.00000594,1
63169.537275,1682.47,0.01409661,-1
63169.893667,1682.53,0.24422641,-1
63169.893667,1682.52,0.24488679,-1
63169.893667,1682.52,0.2448868,-1
63170.020325,1682.6,0.14180754,-1
63170.017266,1682.6,0.05803806,-1
63170.017266,1682.6,0.06413473,-1
63170.017266,1682.6,0.001,-1
63169.909417,1682.53,0.30612336,-1
63170.14658,1682.7,0.001,-1
63170.141967,1682.61,0.00900386,-1
63170.141967,1682.61,0.00000153,-1
63170.597684,1682.8,0.00858805,-1
63170.597684,1682.8,0.001,-1
63171.189386,1682.8,0.00573449,-1
63171.189386,1682.8,0.10822321,-1
63171.368446,1682.94,1,-1
63171.368446,1682.9,0.001,-1
63172.133879,1682.76,0.02942925,-1
63172.918199,1682.67,0.04178682,1
63172.918199,1682.67,0.17768,1
63172.918199,1682.68,0.89143233,1
63172.918199,1682.69,0.03174596,1
63172.917856,1682.73,1.485681,1
63172.917856,1682.73,0.05970901,1
63172.916957,1682.75,1.19496,1
63172.916957,1682.75,0.35511319,1
63172.977936,1682.72,0.43955661,-1
63172.977936,1682.7,0.108,-1
63172.977936,1682.65,0.42244339,-1
63173.32575,1682.66,0.21645465,1
63173.325627,1682.66,0.21645466,1
63173.203031,1682.69,0.08826204,-1
63173.615163,1682.64,0.02932174,-1
63173.862226,1682.69,0.01598364,-1
63174.124502,1682.69,0.00588585,-1
63174.47901,1682.68,0.03600948,1
63176.701581,1682.69,0.01706222,-1
63177.532642,1682.76,0.66769473,-1
63177.532642,1682.76,0.00001188,-1
63178.434728,1682.93,0.29718565,-1
63178.434091,1682.9,0.00001188,-1
63178.434091,1682.9,0.001,-1
63178.503933,1683.09,1.18841874,1
63178.503933,1683.09,0.02888945,1
63178.503933,1683.09,0.02888944,1
63178.503933,1683.09,0.05777888,1
63178.503933,1683.09,0.11555776,1
63178.43901,1683.14,1.18825656,-1
63178.438036,1683.21,1.19187736,-1
63178.438036,1683.2,0.05,-1
63178.438036,1683.2,0.001,-1
63178.438036,1683.19,1.18913488,-1
63178.438036,1683.18,0.05970901,-1
63178.437652,1683.1,0.001,-1
63178.437652,1683,0.001,-1
63178.693393,1683.01,0.11,-1
63178.819071,1683,0.01154713,-1
63181.560814,1682.94,0.79887918,1
63181.850952,1682.75,1.18850887,1
63181.850952,1682.8,0.001,1
63182.905623,1682.63,0.86501757,1
63182.905623,1682.65,0.79123585,1
63182.905623,1682.65,0.00101337,1
63182.905623,1682.7,0.001,1
63183.152668,1682.56,0.09982209,1
63183.148194,1682.56,0.69141376,1
63183.148194,1682.59,0.13253037,1
63183.147424,1682.59,11.75094032,1
63183.147424,1682.59,0.01467974,1
63183.147424,1682.6,0.001,1
63183.147424,1682.63,1.18850887,1
63183.147424,1682.64,0.17055776,1
63184.092356,1682.39,1.18882083,1
63184.092356,1682.4,0.001,1
63184.092356,1682.5,0.001,1
63184.261072,1682.4,0.113,-1
63184.244279,1682.36,0.05970901,-1
63184.563131,1682.6,0.113,-1
63184.563131,1682.6,0.001,-1
63184.549401,1682.48,1.575,-1
63184.542391,1682.39,0.46418965,-1
63184.542388,1682.39,0.31091461,-1
63184.54233,1682.39,0.11648449,-1
63184.54233,1682.39,0.05970901,-1
63184.54233,1682.38,0.51472111,-1
63184.581997,1682.6,0.113,-1
63185.23156,1682.7,0.01127126,-1
63186.101237,1682.7,0.46560752,-1
63186.100647,1682.7,0.31691461,-1
63187.525189,1682.59,0.56505802,1
63187.525189,1682.62,0.40591461,1
63187.525189,1682.63,0.40591461,1
63187.525189,1682.64,0.40591461,1
63187.525189,1682.65,0.40591461,1
63187.525189,1682.66,1.1886251,1
63187.525189,1682.66,0.40591461,1
63187.525189,1682.67,0.40591461,1
63187.525189,1682.68,0.40591461,1
63187.525189,1682.69,0.40491461,1
63187.81729,1682.51,0.02888088,-1
63188.211061,1682.5,0.001,1
63188.532658,1682.41,0.00929994,-1
63189.103681,1682.3,1.18857655,1
63189.103681,1682.3,0.001,1
63189.103681,1682.4,0.001,1
63189.596269,1681.96,0.65285104,1
63189.59587,1682,0.01197126,1
63189.59231,1682,1.17692091,1
63189.59231,1682,0.001,1
63189.59231,1682,0.05,1
63189.59231,1682.05,0.65285104,1
63189.59231,1682.1,0.001,1
63189.59231,1682.2,0.001,1
63189.876958,1681.91,0.02987059,-1
63190.276121,1681.91,0.57751471,-1
63190.482991,1681.9,1.18889217,1
63190.482991,1681.9,0.001,1
63191.164713,1681.68,0.65285104,1
63191.164713,1681.7,0.001,1
63191.164713,1681.72,1.18889217,1
63191.164264,1681.77,0.65285104,1
63191.164264,1681.8,0.001,1
63191.426274,1681.61,0.02818468,-1
63192.355923,1681.58,1.18937903,1
63192.355923,1681.6,0.001,1
63193.15163,1681.6,0.00294326,-1
63193.373222,1681.6,0.00588722,-1
63193.741424,1681.59,1.18936127,1
63193.856698,1681.57,0.00294361,-1
63194.386637,1682.07,0.35736729,-1
63194.366549,1682.1,0.001,-1
63194.366549,1682.02,0.05912234,-1
63194.366549,1682.02,0.16140693,-1
63194.366549,1682,0.001,-1
63194.350657,1681.9,0.53810613,-1
63194.3497,1681.89,4.10253117,-1
63194.340485,1681.97,1.19187736,-1
63194.340485,1681.96,1.48587969,-1
63194.340485,1681.94,1.575,-1
63194.340485,1681.93,4.10245102,-1
63194.340485,1681.9,0.001,-1
63194.340485,1681.86,0.3,-1
63194.340227,1681.81,1.18936127,-1
63194.340227,1681.81,0.29708677,-1
63194.340227,1681.8,0.001,-1
63194.339974,1681.68,0.89196978,-1
63194.339661,1681.61,0.3915117,-1
63194.339661,1681.6,1.07270456,-1
63194.339661,1681.6,0.05913712,-1
63194.339661,1681.6,0.16144728,-1
63194.339661,1681.59,0.05970901,-1
63194.339661,1681.58,0.06036207,-1
63194.339661,1681.58,0.06036208,-1
63194.339661,1681.58,0.12072415,-1
63195.248088,1682.2,0.69264058,-1
63195.248088,1682.2,0.001,-1
63195.479009,1682.29,0.23963791,1
63195.479009,1682.29,0.23963792,1
63195.479009,1682.29,0.89164175,1
63195.917527,1682.16,0.42414054,1
63195.917527,1682.18,0.89169211,1
63195.917527,1682.2,0.102,1
63195.917527,1682.24,0.00079622,1
63195.917527,1682.24,0.23963792,1
63198.232734,1682.4,0.001,-1
63198.220953,1682.3,0.001,-1
63198.310352,1682.7,0.00125987,-1
63198.310352,1682.7,0.001,-1
63198.243587,1682.6,0.001,-1
63198.240179,1682.51,0.29717505,-1
63198.240179,1682.5,0.001,-1
63198.370746,1682.8,0.001,-1
63198.520653,1682.89,0.0150102,1
63200.406064,1682.78,0.04,1
63202.317932,1683.15,0.05934594,-1
63202.317932,1683.1,0.001,-1
63202.317932,1683.08,0.12004526,-1
63202.317932,1683.08,0.15005657,-1
63202.317932,1683.07,0.24009051,-1
63202.317932,1683.07,0.06002263,-1
63202.311439,1683.09,1.18900382,-1
63202.309831,1683.09,2.91050527,-1
63202.309831,1683.08,1.41950645,-1
63202.309602,1683.08,0.08076597,-1
63202.308741,1683.08,2.43227838,-1
63202.308741,1683.07,1.575,-1
63202.308741,1683.06,0.23508065,-1
63202.308508,1683.06,0.65661146,-1
63202.308508,1683.02,0.30031283,-1
63202.308505,1683.02,0.13960871,-1
63202.308459,1683.02,0.75195582,-1
63202.308459,1683,0.001,-1
63202.308459,1682.91,0.30678381,-1
63202.308459,1682.9,0.55068037,-1
63202.308459,1682.9,0.001,-1
63202.307839,1682.87,0.16139979,-1
63202.307711,1682.87,1.41360021,-1
63202.307711,1682.85,1.18846275,-1
63202.307711,1682.81,0.89137039,-1
63202.307496,1682.79,0.05970901,-1
63202.365074,1683.3,1.575,-1
63202.365074,1683.3,0.001,-1
63202.332012,1683.2,0.039,-1
63202.332012,1683.2,0.001,-1
63202.608945,1683.4,0.00024355,-1
63202.608945,1683.4,0.001,-1
63203.026624,1683.61,1.0169775,-1
63203.01377,1683.61,0.21821727,-1
63203.001236,1683.6,0.001,-1
63203.001236,1683.5,0.001,-1
63203.146414,1683.61,0.2078502,-1
63203.14322,1683.61,0.1791291,-1
63203.888318,1683.76,0.19153677,-1
63203.877737,1683.9,0.001,-1
63203.877737,1683.8,0.092,-1
63203.877737,1683.8,0.001,-1
63203.862142,1683.74,0.64391461,-1
63203.861903,1683.74,0.33006653,-1
63203.861903,1683.7,0.001,-1
63203.861903,1683.65,0.02684808,-1
63203.861603,1683.6,0.05970901,-1
63203.861603,1683.58,0.0002554,-1
63203.899752,1683.76,0.093,-1
63204.431741,1683.76,0.63791461,-1
63204.43164,1683.76,0.12263417,-1
63204.43164,1683.76,0.24128044,-1
63204.450408,1683.76,0.23945122,-1
63205.792993,1683.93,0.05774838,-1
63206.4456,1683.57,0.6,1
63206.4456,1683.6,0.001,1
63206.4456,1683.7,0.001,1
63206.762215,1683.5,0.001,1
63207.602809,1683.65,1.18800451,-1
63207.602517,1683.6,0.06767705,-1
63207.600766,1683.48,0.05970901,-1
63207.591674,1683.42,0.0888,-1
63207.591624,1683.41,1.08155082,-1
63207.591624,1683.41,0.08309968,-1
63207.591624,1683.41,0.08309968,-1
63207.686257,1683.69,0.09691881,1
63207.686257,1683.69,0.4199815,1
63207.62625,1683.8,0.17525834,-1
63207.62625,1683.7,0.001,-1
63208.107896,1683.41,0.0588515,-1
63209.156622,1683.5,0.38222122,-1
63209.477459,1683.38,1.06317804,1
63209.477459,1683.4,0.001,1
63209.428682,1683.52,0.00082502,1
63209.914023,1683.17,0.38466007,1
63209.914023,1683.18,0.89169211,1
63209.914023,1683.2,0.001,1
63209.914023,1683.3,0.37991461,1
63209.914023,1683.3,0.001,1
63210.258898,1683.2,0.00587952,-1
63210.48048,1683.18,0.11542749,-1
63210.81266,1683.27,0.00115239,-1
63212.394342,1683.18,0.00000594,-1
63212.394342,1683.17,0.05970901,-1
63212.360803,1683.1,0.00000594,1
63212.582077,1683.53,0.34097745,-1
63212.581812,1683.53,0.23317329,-1
63212.581812,1683.52,0.0500623,-1
63212.581812,1683.52,0.09067902,-1
63212.57156,1683.52,0.00089106,-1
63212.571328,1683.52,0.00089106,-1
63212.571212,1683.52,0.00089106,-1
63212.571065,1683.52,0.00089106,-1
63212.570919,1683.52,0.00089106,-1
63212.570757,1683.52,0.00089106,-1
63212.570653,1683.52,0.00089106,-1
63212.570509,1683.52,0.00089106,-1
63212.569994,1683.52,0.00089106,-1
63212.569878,1683.52,0.00067318,-1
63212.569878,1683.5,0.00021788,-1
63212.569729,1683.5,0.00078212,-1
63212.569729,1683.4,0.00010894,-1
63212.569627,1683.4,0.00089106,-1
63212.561141,1683.3,0.4252618,-1
63212.557374,1683.3,0.104,-1
63212.942885,1683.6,0.001,-1
63213.508487,1683.7,0.05970901,-1
63213.508487,1683.7,0.001,-1
63213.508487,1683.7,0.00000593,-1
63213.606503,1683.79,0.03237829,1
63213.606503,1683.79,0.0323783,1
63213.606503,1683.79,0.06475658,1
63213.606503,1683.79,0.12951318,1
63214.066307,1683.41,0.0294046,-1
63215.342811,1683.55,0.0317443,-1
63215.712855,1683.55,0.0563451,-1
63216.260546,1683.69,0.0148252,-1
63216.260323,1683.69,0.1910447,-1
63216.260323,1683.69,0.20586991,-1
63217.118364,1683.8,0.08154175,-1
63217.118364,1683.8,0.001,-1
63217.034705,1683.7,0.001,-1
63217.428834,1683.9,0.001,-1
63217.772889,1683.79,0.1248205,-1
63218.230228,1683.86,0.00000593,1
63218.220597,1683.86,0.00739372,1
63219.27081,1683.87,0.37042051,-1
63219.33028,1683.94,0.02885344,-1
63220.019039,1683.79,1.18766314,1
63220.530089,1683.71,0.18332135,-1
63222.887249,1683.96,0.00883073,-1
63223.856547,1684.1,0.00873904,-1
63223.856547,1684.1,0.001,-1
63223.856547,1684,0.00165676,-1
63223.856547,1684,0.001,-1
63224.010034,1684.2,0.079,-1
63223.999344,1684.4,0.001,-1
63223.999344,1684.38,1.575,-1
63223.999344,1684.35,0.979,-1
63223.999344,1684.32,4.09636981,-1
63223.999344,1684.3,0.001,-1
63223.999344,1684.22,0.21896179,-1
63223.999344,1684.21,1.18790985,-1
63223.999344,1684.2,0.001,-1
63223.999344,1684.2,0.00147219,-1
63223.996148,1684.19,0.015,-1
63223.995757,1684.15,0.03476107,-1
63223.987077,1684.14,0.89066693,-1
63223.986721,1684.1,0.07026096,-1
63223.986721,1684.08,0.4064127,-1
63223.986625,1684.08,1.1685873,-1
63223.986625,1684.08,0.13904429,-1
63223.986625,1684.08,0.05970901,-1
63224.055667,1684.2,0.238602,-1
63224.055667,1684.2,0.077242,-1
63224.055667,1684.2,0.077199,-1
63224.055616,1684.2,0.393043,-1
63224.018967,1684.2,0.079,-1
63224.293287,1683.98,0.90193899,1
63224.293287,1683.99,0.0223208,1
63224.293287,1683.99,0.55535838,1
63224.237915,1684.2,0.41721169,-1
63224.237915,1684.1,0.079,-1
63224.237915,1684.07,0.0111604,-1
63224.237915,1684.07,0.0111604,-1
63224.237915,1684.07,0.02232081,-1
63224.237915,1684,1.31446,-1
63224.237915,1684,0.5684679,-1
63224.386587,1683.96,1.03944417,1
63224.386587,1683.96,0.00088704,1
63224.386587,1683.96,0.6,1
63224.467225,1683.88,0.28852385,-1
63224.85414,1683.81,0.11150307,-1
63225.020709,1683.8,0.001,1
63225.259859,1683.7,0.001,1
63225.449258,1683.5,0.001,1
63225.445246,1683.6,0.001,1
63226.051186,1683.41,0.00014567,-1
63226.231988,1683.4,0.00099798,1
63226.166197,1683.41,0.05771409,-1
63226.342039,1683.38,0.20993058,1
63226.327408,1683.38,0.00000594,1
63226.317818,1683.38,0.00264943,1
63226.245243,1683.4,0.33591398,1
63226.245243,1683.4,0.00000202,1
63226.841099,1683.69,0.33277196,-1
63228.204384,1683.6,0.04337156,-1
63228.204384,1683.5,0.079,-1
63228.204384,1683.49,0.16638598,-1
63228.249304,1683.53,0.00000593,1
63228.239009,1683.51,0.00573801,1
63228.459551,1683.59,0.06114772,-1
63229.075548,1683.7,0.001,-1
63229.421391,1683.8,0.001,-1
63229.716241,1683.93,0.54989221,-1
63229.716241,1683.93,0.0169742,-1
63229.701358,1683.93,0.53691461,-1
63229.701358,1683.9,0.001,-1
63229.810817,1684,0.001,-1
63230.803881,1684.05,0.27225593,1
63230.803881,1684.05,0.27225593,1
63231.763132,1683.81,0.00588047,-1
63234.037482,1683.71,0.76005196,1
63234.037482,1683.71,0.89169211,1
63234.037482,1683.8,0.075,1
63234.037482,1683.8,0.001,1
63234.037482,1683.81,0.27225593,1
63234.414934,1683.71,0.00832541,1
63234.680826,1683.71,0.02359292,1
63235.33351,1683.71,0.07503795,-1
63236.365976,1683.7,0.00000593,1
63236.895894,1683.59,1.15816509,1
63236.895894,1683.6,0.49734533,1
63236.895894,1683.6,0.001,1
63236.895894,1683.7,0.0007623,1
63236.895894,1683.7,0.00099407,1
63239.110535,1682.9,0.062357,1
63239.110535,1682.9,0.001,1
63239.089683,1682.93,0.062857,1
63239.072057,1682.95,0.07884389,1
63239.072057,1682.95,0.03942194,1
63239.059501,1683,0.001,1
63239.059407,1683.04,0.07884389,1
63239.055315,1683.04,1.99992138,1
63239.055315,1683.1,0.89169211,1
63239.055315,1683.11,1.19187736,1
63239.054782,1683.13,5.87090121,1
63239.05196,1683.17,0.89169211,1
63239.05076,1682.94,0.75143062,1
63239.05076,1682.95,1.19187736,1
63239.05076,1682.95,0.1553216,1
63239.05076,1682.96,0.89169211,1
63239.05076,1682.98,0.89127166,1
63239.05076,1683,0.05,1
63239.05076,1683,0.001,1
63239.05076,1683.02,3.9325508,1
63239.05076,1683.03,0.05970901,1
63239.05076,1683.03,1.82642434,1
63239.050664,1683.03,1.08409568,1
63239.050664,1683.03,0.89169211,1
63239.050664,1683.07,0.0314285,1
63239.050664,1683.1,0.89169211,1
63239.050664,1683.1,0.001,1
63239.050664,1683.1,0.00099406,1
63239.050664,1683.15,0.1,1
63239.050664,1683.16,0.2,1
63239.050664,1683.2,0.17768,1
63239.050664,1683.2,0.001,1
63239.050664,1683.2,0.05,1
63239.050128,1683.29,10.71317274,1
63239.050128,1683.3,0.001,1
63239.050128,1683.36,0.49734533,1
63239.050128,1683.4,0.001,1
63239.050128,1683.5,0.001,1
63239.050128,1683.51,0.00020364,1
63239.110738,1682.9,0.06335699,1
63240.168504,1682.7,0.001,1
63240.168504,1682.8,0.001,1
63241.109311,1682.4,0.05626998,1
63241.109215,1682.4,0.05626998,1
63241.032535,1682.4,0.08746,1
63241.032535,1682.4,0.001,1
63241.027256,1682.5,0.001,1
63241.023816,1682.6,0.001,1
63241.150284,1682.3,0.001,1
63241.715013,1682.21,0.57723342,-1
63242.036944,1682.2,0.00006307,1
63242.157229,1682.1,0.001,1
63242.157229,1682.2,0.00093693,1
63242.497093,1682,0.001,1
63242.542646,1681.9,0.001,1
63243.241282,1681.7,0.001,1
63243.241282,1681.8,0.001,1
63243.559439,1681.4,0.001,1
63243.559439,1681.5,0.001,1
63243.55273,1681.6,0.001,1
63245.757992,1681.32,0.11761072,-1
63246.39466,1681.31,0.01470134,-1
63246.527979,1681.32,0.21100757,-1
63246.527979,1681.31,0.39979298,-1
63246.527979,1681.31,0.02333455,-1
63246.523107,1681.31,0.03637446,-1
63246.523107,1681.31,0.59723815,-1
63246.532051,1681.32,0.40094018,-1
63247.470089,1681.31,0.10940665,-1
63247.470089,1681.31,0.05970901,-1
63247.894647,1681.26,1,1
63247.856667,1681.3,0.5005,1
63247.856178,1681.3,0.4995,1
63247.856178,1681.3,0.001,1
63248.573064,1681.25,0.005454,-1
63249.417044,1680.78,0.81719562,1
63249.40198,1680.8,0.001,1
63249.40198,1680.8,0.05,1
63249.40198,1680.87,0.5,1
63249.40198,1680.89,0.00089186,1
63249.40198,1680.9,0.001,1
63249.40198,1680.92,0.01508316,1
63249.40198,1681.02,0.03016632,1
63249.392166,1681.11,0.222,1
63249.391915,1681.11,0.222,1
63249.390995,1681,0.001,1
63249.390995,1681,0.05,1
63249.390995,1681,0.19999964,1
63249.390995,1681.01,0.35304419,1
63249.390709,1681.01,6.7637926,1
63249.390364,1681.1,0.001,1
63249.390364,1681.11,0.12066527,1
63249.388829,1681.24,1.088,1
63249.388384,1681.24,1.088,1
63249.381943,1681.13,0.09999902,1
63249.381943,1681.19,0.19999998,1
63249.381943,1681.2,0.001,1
63249.381943,1681.22,0.8495005,1
63249.381939,1681.22,0.1504995,1
63249.381939,1681.24,1,1
63249.425177,1680.7,0.001,1
63249.425177,1680.78,0.54160876,1
63249.417434,1680.78,0.81719562,1
63249.823926,1680.82,0.04555889,1
63249.823926,1680.82,1.575,1
63249.823926,1680.83,0.01885395,1
63249.823926,1680.83,0.01885395,1
63250.250774,1681,0.001,-1
63251.631735,1681.01,0.21761322,-1
63251.631716,1681,0.29522308,-1
63251.631716,1681,0.05970901,-1
63251.723407,1681.31,0.62626374,-1
63251.723407,1681.3,0.001,-1
63251.715742,1681.25,0.18358959,-1
63251.686766,1681.23,0.6,-1
63251.678259,1681.2,0.001,-1
63251.675292,1681.16,0.048,-1
63251.643766,1681.13,0.73961312,-1
63251.643027,1681.14,1.18988294,-1
63252.566531,1681.48,0.00091405,1
63252.566531,1681.48,1,1
63252.566531,1681.49,0.01885395,1
63253.83137,1681.44,0.00247272,1
63254.069166,1681.44,0.0201,1
63254.137153,1681.45,0.01177494,-1
63255.129159,1681.71,0.89169211,-1
63255.105273,1681.84,0.07181568,-1
63255.105273,1681.82,0.048,-1
63255.105273,1681.8,0.001,-1
63255.105273,1681.79,0.89191101,-1
63255.105273,1681.77,1.19187736,-1
63255.105273,1681.76,1.30312466,-1
63255.105273,1681.75,0.89169211,-1
63255.105273,1681.73,1.18942484,-1
63255.105273,1681.7,0.001,-1
63255.105273,1681.68,0.41015434,-1
63255.105217,1681.68,2.53886515,-1
63255.105217,1681.67,2.29290483,-1
63255.105217,1681.64,0.18176679,-1
63255.105217,1681.6,0.001,-1
63255.105217,1681.55,0.0459621,-1
63255.105217,1681.55,0.08002545,-1
63255.098816,1681.5,0.001,-1
63255.09481,1681.45,0.55070326,-1
63255.09481,1681.45,0.01096082,-1
63255.07979,1681.45,0.1963668,-1
63255.149795,1681.73,1.18942484,-1
63256.281051,1681.4,0.14706648,1
63256.277947,1681.4,0.85293352,1
63256.277327,1681.42,0.5,1
63256.277206,1681.42,0.5,1
63257.005497,1681.25,0.02083236,-1
63258.343925,1681.5,0.00000594,-1
63258.343925,1681.5,0.001,-1
63260.302785,1681.3,0.84871279,1
63260.302785,1681.3,0.001,1
63260.302785,1681.3,0.086,1
63260.302785,1681.36,1.18933926,1
63260.302785,1681.39,0.5,1
63260.302785,1681.43,0.05970901,1
63260.302785,1681.45,0.14866794,1
63260.302785,1681.56,1,1
63260.30255,1681.58,1,1
63261.676692,1681.36,0.5,1
63261.676432,1681.36,0.5,1
63261.778151,1681.32,0.5,1
63261.777651,1681.32,0.5,1
63262.461874,1681.2,0.00011234,1
63263.822113,1681.18,1,1
63263.822113,1681.2,1,1
63263.822113,1681.2,0.00088766,1
63264.199177,1681.08,0.65726679,1
63264.199177,1681.1,1,1
63264.199177,1681.1,0.001,1
63264.981855,1681.69,0.096,-1
63264.981855,1681.68,0.048,-1
63264.981855,1681.6,0.001,-1
63264.966091,1681.51,0.5256729,-1
63264.966091,1681.5,0.001,-1
63264.964189,1681.42,0.29007842,-1
63264.964189,1681.42,0.0725196,-1
63264.960661,1681.41,0.13975604,-1
63264.960604,1681.41,0.19775604,-1
63264.959631,1681.41,0.44375604,-1
63264.959586,1681.37,0.14503921,-1
63264.958729,1681.32,0.29007842,-1
63264.958377,1681.43,0.21751892,-1
63264.958377,1681.29,0.11412132,-1
63264.958279,1681.29,1.07775604,-1
63264.95815,1681.43,0.07277263,-1
63264.95815,1681.35,0.7729825,-1
63264.957804,1681.35,0.41647416,-1
63264.955436,1681.43,0.09,-1
63264.954628,1681.43,0.4666669,-1
63264.954336,1681.43,0.34491891,-1
63264.954336,1681.41,0.98,-1
63264.954336,1681.4,0.001,-1
63264.954336,1681.38,1.575,-1
63264.954043,1681.36,1.577274,-1
63264.954043,1681.33,0.29739777,-1
63264.9538,1681.3,0.001,-1
63264.9538,1681.29,0.20249996,-1
63264.9538,1681.17,0.06176615,-1
63264.953745,1681.17,1.12767466,-1
63264.953701,1681.14,0.89225619,-1
63264.953701,1681.12,1.29650311,-1
63264.953701,1681.09,0.05970901,-1
63264.953701,1681.09,0.8074761,-1
63265.076309,1681.9,0.001,-1
63265.065761,1681.8,0.001,-1
63265.018325,1681.7,0.001,-1
63265.007646,1681.65,0.29459871,-1
63265.006443,1681.65,0.20540129,-1
63265.908946,1681.7,0.000095,-1
63267.254649,1681.41,2.14566577,1
63267.254649,1681.42,1.18945666,1
63267.254649,1681.44,0.89208876,1
63267.254649,1681.44,1.19187736,1
63267.254649,1681.49,3.9325508,1
63267.254649,1681.5,0.001,1
63267.254649,1681.5,3.05928361,1
63267.254649,1681.5,0.09,1
63267.254649,1681.56,0.14866794,1
63267.254649,1681.56,1.18945666,1
63267.254649,1681.57,1.575,1
63267.254649,1681.58,1.19187736,1
63267.254649,1681.6,0.05970901,1
63267.254649,1681.6,0.001,1
63267.254649,1681.6,0.09,1
63267.254649,1681.6,0.6,1
63267.254649,1681.61,3.9325508,1
63267.254649,1681.63,0.8919254,1
63267.254649,1681.7,1.48659094,1
63267.254649,1681.7,0.00085582,1
63267.254649,1681.7,0.8919254,1
63267.254649,1681.74,1.18909264,1
63267.254649,1681.8,0.38291461,1
63267.254649,1681.83,0.38291461,1
63267.254649,1681.84,0.38291461,1
63267.254649,1681.85,0.38291461,1
63267.254649,1681.86,1,1
63267.254649,1681.86,0.38291461,1
63267.254649,1681.87,0.38191461,1
63267.254649,1681.88,1,1
63269.118471,1681.84,1,1
63269.107182,1681.85,0.20935049,1
63269.106852,1681.85,0.20935049,1
63269.19815,1681.8,1,1
63269.724544,1681.85,0.02820345,-1
63270.058573,1681.84,0.04231157,-1
63270.920465,1681.92,0.18617413,-1
63270.920465,1681.9,0.06206076,-1
63270.920465,1681.9,0.001,-1
63270.920465,1681.89,0.02068506,-1
63270.900899,1681.86,0.1756544,-1
63270.900813,1681.86,0.37491461,-1
63270.928693,1682.05,0.36232524,-1
63270.928693,1682.04,0.05970901,-1
63270.928693,1682,0.001,-1
63271.091719,1682.1,0.001,-1
63271.504527,1681.99,0.07052206,-1
63272.071852,1682.08,0.00573908,-1
63272.015495,1682.08,0.00279613,-1
63272.155775,1682.07,0.057781,-1
63273.382275,1682.07,0.00294317,-1
63273.981541,1682.24,0.0029372,-1
63273.981541,1682.15,0.00000594,-1
63273.967179,1682.26,0.78982551,-1
63273.967179,1682.25,0.05970901,-1
63273.967179,1682.2,0.09,-1
63273.967179,1682.2,0.001,-1
63273.967179,1682.15,0.04888194,-1
63273.967179,1682.15,0.04245084,-1
63273.967179,1682.15,0.06458052,-1
63273.967179,1682.07,0.05911132,-1
63274.084474,1682.2,0.01471655,-1
63274.079257,1682.2,0.00279614,-1
63274.23129,1682.26,0.026,-1
63274.230829,1682.24,0.01769032,-1
63274.230782,1682.24,0.04201869,-1
63274.230782,1682.22,0.34089592,-1
63274.246291,1682.4,0.17044796,-1
63274.246291,1682.4,0.001,-1
63274.23353,1682.32,0.98,-1
63274.23353,1682.3,0.001,-1
63274.23353,1682.27,0.8916544,-1
63274.23353,1682.27,1.18908894,-1
63274.447112,1682.39,0.01444508,-1
63274.541669,1682.19,1.48626837,1
63274.541539,1682.26,1.48626837,1
63274.541349,1682.29,0.14864495,1
63274.540811,1682.38,1,1
63275.076754,1682.2,0.00294317,-1
63275.172528,1682.2,0.08666893,-1
63275.267436,1682.2,0.00844203,-1
63275.267436,1682.2,0.0003879,-1
63275.510677,1682.2,0.00772459,-1
63275.447289,1682.2,0.01471559,-1
63275.602335,1682.2,0.01471568,-1
63276.610496,1682.16,0.70059596,1
63276.610194,1682.16,0.29940404,1
63276.610194,1682.18,1,1
63277.182331,1681.96,0.5,1
63277.182315,1681.96,0.5,1
63277.168987,1682,1,1
63277.168987,1682,1,1
63277.429251,1681.75,0.16369443,1
63277.429205,1681.8,0.001,1
63277.426111,1681.84,0.16369443,1
63277.425711,1681.9,0.001,1
63277.70271,1681.71,0.01444645,-1
63277.824026,1681.7,0.65726679,1
63277.824026,1681.7,0.001,1
63277.824026,1681.72,1,1
63278.653446,1681.79,0.02889016,-1
63278.908085,1681.74,0.02098947,1
63278.908085,1681.74,0.34274,1
63278.898126,1681.76,0.63627053,1
63278.894348,1681.78,0.00076169,1
63278.894348,1681.78,1,1
63281.139,1681.63,0.43862957,-1
63281.234823,1681.59,0.14865114,1
63281.234823,1681.6,1,1
63281.234823,1681.6,0.001,1
63281.234725,1681.62,1,1
63281.422858,1681.51,0.1409681,-1
63283.401772,1681.54,0.09558095,1
63284.098592,1681.8,0.001,-1
63284.001237,1681.63,0.22041796,-1
63284.001187,1681.63,0.35091461,-1
63284.155519,1681.9,0.20498487,-1
63284.155409,1681.9,0.34891461,-1
63284.155409,1681.9,0.001,-1
63284.8819,1682,0.02789411,-1
63284.8819,1682,0.001,-1
63286.184543,1681.99,0.05962501,-1
63286.723681,1681.99,0.12714197,-1
63288.964639,1682,0.91070749,-1
63289.11352,1682.1,0.08376726,-1
63289.112764,1682.1,0.46674103,-1
63289.112764,1682.1,0.001,-1
63289.71698,1682.2,0.001,-1
63289.908218,1682.3,0.001,-1
63290.003343,1682.4,0.001,-1
63290.175852,1682.59,0.08290493,-1
63290.175852,1682.58,0.05936296,-1
63290.175852,1682.5,0.00117087,-1
63290.175852,1682.5,0.001,-1
63290.870145,1682.57,0.39491461,1
63291.720978,1682.54,0.00076527,1
63291.720978,1682.54,1,1
63291.720978,1682.56,1,1
63292.235368,1682.39,0.016784,-1
63292.269276,1682.4,0.01496621,-1
63292.269276,1682.39,0.00820779,-1
63292.26085,1682.39,0.00018421,-1
63292.26085,1682.39,0.20145444,-1
63293.92615,1682.55,0.01342401,-1
63293.92615,1682.5,0.105,-1
63294.630362,1682.5,0.381,1
63294.63009,1682.5,0.619,1
63294.629627,1682.52,0.432,1
63294.629485,1682.52,0.568,1
63294.941859,1682.28,0.24975,1
63294.940544,1682.28,0.75025,1
63294.937805,1682.3,0.5005,1
63294.93766,1682.3,0.4995,1
63294.93766,1682.3,0.001,1
63295.089957,1682.2,0.001,1
63295.354381,1682.08,1,1
63295.354381,1682.1,1,1
63295.354381,1682.1,0.001,1
63295.727438,1681.99,0.00140671,1
63295.727438,1682,1,1
63295.727438,1682,0.001,1
63297.126261,1682.12,0.01624046,-1
63297.671263,1682.11,0.18387361,-1
63297.671263,1682.11,0.10492322,-1
63299.098569,1681.63,0.98,1
63299.098569,1681.66,0.14863346,1
63299.098569,1681.7,0.001,1
63299.098569,1681.75,0.11576087,1
63299.098467,1681.75,0.03287259,1
63299.097532,1681.72,0.1553216,1
63299.097532,1681.74,0.0316285,1
63299.091733,1681.77,0.05936296,1
63299.091733,1681.78,2.60067191,1
63299.091638,1681.78,0.77158871,1
63299.091638,1681.8,0.105,1
63299.091638,1681.8,0.05,1
63299.091638,1681.8,0.001,1
63299.091638,1681.81,1.575,1
63299.091638,1681.85,0.2,1
63299.091638,1681.85,0.1,1
63299.091638,1681.87,0.89186337,1
63299.091638,1681.9,0.105,1
63299.091638,1681.9,0.001,1
63299.091638,1681.91,1.48640533,1
63299.091638,1681.98,1.18896269,1
63299.091638,1682,0.105,1
63299.091638,1682.08,1,1
63299.091638,1682.1,1,1
63299.151929,1681.39,0.00089186,1
63299.151929,1681.4,0.05,1
63299.151929,1681.4,0.001,1
63299.151929,1681.45,0.5,1
63299.151929,1681.46,0.54753838,1
63299.134938,1681.5,0.001,1
63299.134938,1681.6,0.001,1
63299.238611,1681.3,0.00094299,1
63299.238611,1681.32,0.06325701,1
63299.450812,1681.01,0.5255,1
63299.447165,1681,0.526,1
63299.447114,1681,0.474,1
63299.447114,1681,0.05,1
63299.447114,1681,0.001,1
63299.447114,1681.1,0.001,1
63299.441866,1681.2,0.001,1
63299.440409,1681.21,0.17269735,1
63299.440409,1681.3,0.00005701,1
63300.729729,1681.03,0.01791926,1
63301.99114,1681,0.00020242,-1
63302.086395,1681.05,0.01942411,-1
63302.399946,1681.05,0.07167268,-1
63302.399518,1681.05,0.07167269,-1
63302.344407,1681.05,0.00405509,-1
63305.122196,1681.13,0.01869812,-1
63305.5622,1681.1,0.00082606,1
63305.885089,1680.4,0.001,1
63305.885089,1680.4,0.01499517,1
63305.874056,1680.5,0.001,1
63305.874056,1680.5,0.0003809,1
63305.874056,1680.51,0.04515817,1
63305.869099,1680.6,0.05,1
63305.869099,1680.6,0.001,1
63305.865555,1680.7,0.001,1
63305.864892,1680.8,0.001,1
63305.861685,1680.9,0.001,1
63306.090412,1680.31,0.036,1
63306.039482,1680.35,0.05874727,-1
63306.125637,1680.2,0.0008927,1
63306.125337,1680.2,0.0008927,1
63306.125201,1680.2,0.0008927,1
63306.125051,1680.2,0.0008927,1
63306.124877,1680.2,0.0006781,1
63306.124877,1680.2,0.0002146,1
63306.124685,1680.2,0.0007854,1
63306.124685,1680.3,0.0001073,1
63306.124653,1680.3,0.0008927,1
63306.38599,1680.14,0.72048883,-1
63306.385918,1680.14,0.18442022,-1
63306.382945,1680.14,0.09509095,-1
63306.382945,1680.12,1,-1
63306.382945,1680.11,0.05936296,-1
63306.382945,1680.11,1.19029393,-1
63307.483293,1680.22,0.05885465,-1
63307.452842,1680.15,1.00932927,-1
63307.45095,1680.14,1,-1
63307.45095,1680.12,1,-1
63307.45095,1680.11,0.05936296,-1
63307.45095,1680.11,0.15839026,-1
63307.45095,1680.11,0.15839026,-1
63308.584578,1680.11,0.00001193,-1
63309.113518,1680.11,0.00835054,-1
63309.113518,1680.11,0.05936296,-1
63309.152874,1680.01,0.40262788,1
63309.152874,1680.07,1,1
63309.152874,1680.1,0.001,1
63309.572855,1680,0.001,1
63309.502146,1680.01,0.40227242,1
63309.484582,1680.01,0.5420499,1
63309.48457,1680.01,4.6350499,1
63310.166223,1680,0.2464423,-1
63310.598867,1679.99,0.03478907,1
63310.598867,1679.99,0.20001416,1
63311.721288,1679.91,0.00482151,-1
63312.761737,1679.91,0.05642151,-1
63313.013346,1679.9,13,1
63313.013346,1679.9,0.001,1
63313.373091,1679.84,0.07912804,-1
63313.369896,1679.84,0.16731196,-1
63313.369896,1679.84,0.7535577,-1
63313.369896,1679.82,0.05936296,-1
63313.369896,1679.82,1,-1
63313.369896,1679.81,0.03959608,-1
63313.369896,1679.81,0.03959607,-1
63313.369896,1679.81,0.07072467,-1
63313.35659,1679.81,0.00846748,-1
63313.601059,1680,0.0646645,-1
63313.601059,1679.98,0.14879535,-1
63313.601059,1679.96,0.34618256,-1
63313.601059,1679.91,0.0347147,-1
63314.683114,1679.98,0.14718272,1
63315.206963,1679.99,0.01297882,-1
63315.149916,1679.99,0.03866994,-1
63315.149916,1679.99,0.07919215,-1
63318.158527,1679.82,0.02140006,-1
63319.061781,1679.81,0.03865332,-1
63321.136051,1679.86,1,-1
63321.1248,1679.82,0.0214,-1
63321.1248,1679.82,0.97859994,-1
63322.062504,1679.98,0.19857218,-1
63322.062504,1679.97,0.0393524,-1
63322.676638,1679.98,0.00294645,-1
63323.192965,1679.9,0.62693058,1
63323.192965,1679.97,0.1777628,1
63323.192965,1679.97,0.00101062,1
63325.068305,1679.7,0.001,1
63325.064336,1679.74,0.14882636,1
63325.064336,1679.8,0.001,1
63325.540209,1679.6,0.02404383,1
63325.540209,1679.6,0.001,1
63325.659205,1679.51,0.00621137,-1
63326.614586,1679.51,0.05952926,-1
63326.664038,1679.51,0.02822813,-1
63328.63107,1679.54,1,-1
63328.630367,1679.52,1,-1
63328.630367,1679.51,0.04022006,-1
63330.522517,1679.69,0.17825842,1
63332.357665,1679.49,0.15583972,1
63332.357665,1679.5,0.08851384,1
63332.357662,1679.5,0.08500351,1
63332.357662,1679.5,0.14706757,1
63332.357662,1679.5,1,1
63332.357662,1679.5,0.001,1
63334.213934,1679.41,0.00058939,-1
63334.635303,1679.4,0.00000595,1
63335.592714,1679.41,0.02298745,-1
63336.004616,1679.32,1,1
63336.004616,1679.34,0.893208,1
63336.00073,1679.36,0.14883787,1
63336.00073,1679.4,0.18271477,1
63336.00073,1679.4,0.00076428,1
63336.00073,1679.4,0.00099405,1
63337.162195,1679.41,0.86507166,-1
63337.162195,1679.41,1.2383456,-1
63338.011616,1679.54,0.01768478,-1
63339.206254,1679.6,0.00312574,-1
63339.206254,1679.6,0.001,-1
63339.898448,1679.6,0.17118956,-1
63339.898448,1679.6,0.48510359,-1
63339.898448,1679.6,1.44688616,-1
63340.195706,1679.8,0.00929009,-1
63340.195706,1679.8,0.001,-1
63340.195706,1679.7,0.001,-1
63340.195706,1679.67,0.02997194,-1
63341.38142,1679.81,0.11788389,-1
63342.34227,1679.81,0.001268,-1
63342.34227,1679.81,0.00254195,-1
63342.34227,1679.81,0.75572681,-1
63342.929353,1680.5,0.001,-1
63342.929353,1680.44,0.56531004,-1
63342.889135,1680.41,1.0795147,-1
63342.888434,1680.41,2.47920432,-1
63342.888434,1680.41,0.89179284,-1
63342.888434,1680.41,0.096,-1
63342.888434,1680.4,0.05,-1
63342.888434,1680.4,0.001,-1
63342.888356,1680.32,1.27455576,-1
63342.888356,1680.32,0.88591873,-1
63342.888266,1680.32,0.68908127,-1
63342.888266,1680.3,0.001,-1
63342.888266,1680.28,0.981,-1
63342.888266,1680.24,0.05936296,-1
63342.888266,1680.24,2.86981134,-1
63342.888266,1680.24,1.72716038,-1
63342.887821,1680.24,0.26637203,-1
63342.887821,1680.2,0.05,-1
63342.887821,1680.2,0.001,-1
63342.887821,1680.19,0.14432029,-1
63342.88768,1680.19,0.15337141,-1
63342.88768,1680.17,1.19062859,-1
63342.88768,1680.1,0.001,-1
63342.887493,1680,0.001,-1
63342.887493,1679.9,0.00260134,-1
63342.887493,1679.9,0.001,-1
63343.034906,1680.49,0.00571352,-1
63343.033961,1680.49,0.00571351,-1
63342.979506,1680.6,0.001,-1
63343.816051,1680.56,0.50967534,-1
63344.614538,1680.7,0.001,-1
63345.453291,1680.78,0.89244279,1
63345.453291,1680.79,0.03467544,1
63346.466498,1680.79,0.53077668,-1
63346.466498,1680.79,0.00571351,-1
63349.071916,1680.8,0.00480723,-1
63349.071916,1680.8,0.001,-1
63349.065852,1680.79,0.16826611,-1
63349.681199,1681,0.00978782,-1
63349.681199,1681,0.001,-1
63349.681199,1680.9,0.001,-1
63350.71569,1680.98,0.00279942,-1
63351.093989,1680.96,1,1
63351.093989,1680.97,0.18742404,1
63351.093989,1680.97,0.00091957,1
63351.093989,1680.97,0.89234192,1
63353.590889,1680.86,1,1
63353.590889,1680.86,0.89240011,1
63353.590889,1680.88,0.17399879,1
63353.590889,1680.88,1,1
63353.667861,1680.62,0.03547932,1
63353.667861,1680.7,0.001,1
63354.194393,1680.65,0.00441757,-1
63354.700574,1680.63,0.14109868,-1
63354.754859,1680.6,1,1
63354.754859,1680.6,0.001,1
63354.754859,1680.62,1,1
63355.069832,1680.48,1,1
63355.069832,1680.5,1,1
63355.069832,1680.5,0.001,1
63355.610767,1680.59,0.08834605,-1
63355.579292,1680.51,0.55323681,-1
63355.577906,1680.47,0.05936296,-1
63355.975534,1680.54,0.03605254,1
63356.284179,1680.54,0.2253284,1
63356.347265,1680.54,0.02076793,1
63356.772586,1680.55,0.25771324,-1
63357.087551,1680.77,0.00000594,-1
63357.0758,1680.78,0.0001776,-1
63357.0758,1680.7,0.001,-1
63360.940902,1680.8,0.001,-1
63361.927096,1681,0.05575431,-1
63361.927096,1681,0.001,-1
63361.927096,1680.98,0.19384777,-1
63361.927096,1680.97,0.05936296,-1
63361.927096,1680.9,0.57245376,-1
63361.927096,1680.9,0.001,-1
63361.958922,1680.98,0.55085723,-1
63361.958764,1680.98,1.18995542,-1
63362.120911,1681.2,0.001,-1
63362.109406,1681.1,0.001,-1
63362.701659,1681.27,0.003868,-1
63363.11262,1681.26,0.892188,1
63363.11262,1681.26,0.18523226,1
63363.11262,1681.26,0.0007626,1
63363.11262,1681.26,1,1
63363.861028,1681.19,0.00745103,-1
63363.861028,1681.19,0.00142838,-1
63366.101198,1681.19,0.18359614,-1
63367.468063,1681.3,0.00318034,-1
63367.468063,1681.3,0.001,-1
63368.78078,1681.5,0.0029627,-1
63368.77126,1681.5,0.01944606,-1
63368.77126,1681.5,0.001,-1
63368.77126,1681.4,0.001,-1
63368.727931,1681.3,0.00340807,-1
63368.727931,1681.3,0.00600725,-1
63368.727931,1681.3,0.03566339,-1
63368.726704,1681.3,0.51191461,-1
63369.471562,1681.6,0.5517959,-1
63369.471562,1681.6,0.001,-1
63369.724944,1681.73,0.03340289,-1
63369.715655,1681.7,0.001,-1
63370.195586,1682.33,0.10997789,-1
63370.183142,1682.48,4.19162904,-1
63370.183142,1682.41,0.05937096,-1
63370.183142,1682.4,0.001,-1
63370.183142,1682.39,0.048,-1
63370.183142,1682.32,0.5,-1
63370.181729,1682.33,0.00160693,-1
63370.171387,1682.34,1.92571176,-1
63370.171387,1682.31,0.89179284,-1
63370.171387,1682.3,0.001,-1
63370.171387,1682.28,0.05210139,-1
63370.171387,1682.19,0.06182533,-1
63370.171117,1682.19,0.82996751,-1
63370.169747,1682.26,0.981,-1
63370.169747,1682.26,0.096,-1
63370.169747,1682.2,0.001,-1
63370.169747,1682.2,0.05,-1
63370.169747,1682.19,0.8807269,-1
63370.169747,1682.18,1.575,-1
63370.169319,1682.15,0.03339455,-1
63370.169319,1682.12,4.10152236,-1
63370.169319,1682.11,0.00089281,-1
63370.169319,1682.1,8.31425421,-1
63370.169193,1682.1,1.68574579,-1
63370.169193,1682.1,0.001,-1
63370.169193,1682.09,0.05936296,-1
63370.168523,1682,0.3234213,-1
63370.168523,1682,0.001,-1
63370.168523,1681.9,0.001,-1
63370.168523,1681.86,0.04584122,-1
63370.168408,1681.86,0.00627319,-1
63370.168408,1681.8,0.001,-1
63370.218965,1682.23,0.5,-1
63370.206111,1682.32,0.60837096,-1
63370.52228,1682.3,0.00089173,-1
63370.522092,1682.3,0.00089173,-1
63370.521898,1682.3,0.00089173,-1
63370.521739,1682.3,0.00089173,-1
63370.521497,1682.3,0.00089173,-1
63370.521295,1682.3,0.00089173,-1
63370.521052,1682.3,0.00089173,-1
63370.520289,1682.3,0.00089173,-1
63370.520194,1682.3,0.00089173,-1
63370.520097,1682.3,0.00089173,-1
63370.519929,1682.3,0.00089173,-1
63370.519876,1682.3,0.00089173,-1
63370.519673,1682.3,0.00089173,-1
63370.519644,1682.3,0.00089173,-1
63370.519554,1682.3,0.00089173,-1
63370.519448,1682.3,0.00089173,-1
63370.519399,1682.3,0.00007729,-1
63370.519399,1682.13,0.00081444,-1
63370.519256,1682.13,0.00089173,-1
63370.620431,1682.39,1.575,-1
63370.636892,1682.5,0.001,-1
63372.759954,1682.61,0.05687606,-1
63372.759954,1682.6,0.001,-1
63372.759954,1682.5,0.001,-1
63373.582077,1682.62,1,1
63373.58193,1682.64,1,1
63373.58193,1682.65,0.59866089,1
63373.696102,1682.5,1.575,-1
63373.696102,1682.5,0.109,-1
63373.696102,1682.5,1.00241242,-1
63373.696102,1682.49,0.30066955,-1
63373.826712,1682.53,1.06546116,-1
63373.826712,1682.52,0.15033477,-1
63373.928024,1682.55,0.07516739,-1
63374.716951,1682.66,0.17616844,-1
63374.716951,1682.66,0.16230848,-1
63375.172716,1682.66,0.00000594,-1
63375.172716,1682.66,0.99747724,-1
63375.15056,1682.66,0.00058835,-1
63375.628386,1682.66,0.599,-1
63375.628386,1682.66,1.575,-1
63375.628386,1682.66,0.03758369,-1
63375.628386,1682.65,0.599,-1
63375.628386,1682.65,2.176,-1
63375.628386,1682.65,1.31446,-1
63375.626725,1682.64,0.4058,1
63375.617608,1682.68,0.00076292,1
63375.617608,1682.68,1,1
63375.703289,1682.64,0.5942,1
63375.634939,1682.66,1.84848095,1
63375.87379,1682.49,0.00000594,-1
63376.848656,1682.6,0.40580792,1
63376.848656,1682.62,0.91909117,1
63376.846527,1682.62,0.08090883,1
63376.846527,1682.64,1,1
63377.335733,1682.3,0.001,1
63377.335733,1682.3,0.03307965,1
63377.335733,1682.32,0.40580792,1
63377.335172,1682.4,0.001,1
63377.335109,1682.42,1,1
63377.335109,1682.44,1,1
63377.626352,1682.21,0.1471209,-1
63377.652994,1682.18,0.03570171,1
63377.649933,1682.18,0.96429829,1
63377.649933,1682.2,0.0639094,1
63377.646017,1682.2,0.8029206,1
63377.643852,1682.2,0.13317,1
63377.643852,1682.2,0.001,1
63379.29645,1682.11,0.03046607,-1
63380.069395,1682.1,0.00320171,1
63380.069395,1682.1,0.001,1
63380.81161,1682.08,1,1
63380.81161,1682.1,0.0032,1
63380.81161,1682.1,0.99679829,1
63382.51292,1682.01,0.05936539,-1
63382.51292,1682.01,0.62870613,-1
63382.613215,1682.09,1.3699093,-1
63382.613215,1682.09,0.71150033,-1
63382.613215,1682.07,1.18896761,-1
63382.612462,1682.03,0.89177957,-1
63382.663933,1682.24,0.05884845,-1
63383.828657,1682.26,0.08128581,1
63383.828657,1682.28,1,1
63385.208617,1682.22,0.08128,1
63385.208617,1682.22,0.91871419,1
63386.502403,1682.1,1,1
63386.472218,1682.14,1,1
63387.584604,1682.17,0.5559818,-1
63387.584604,1682.16,0.05936539,-1
63387.584604,1682.15,0.00151591,-1
63387.584604,1682.01,0.00075504,-1
63388.516217,1682.18,0.13430647,-1
63388.515907,1682.18,0.42429011,-1
63388.515907,1682.17,0.03170989,-1
63389.14794,1682.15,0.03134251,1
63389.14794,1682.2,0.71034759,1
63389.143903,1682.2,0.28965241,1
63389.143903,1682.22,0.25190534,1
63389.096903,1682.22,0.74809466,1
63389.096903,1682.22,0.00079493,1
63389.457792,1682.03,0.03665749,-1
63389.457792,1682.03,0.01879184,-1
63389.77626,1682.08,0.00322781,1
63391.883341,1682.08,1,1
63391.938094,1682.04,1,1
63392.246131,1682,0.11381083,1
63392.246131,1682,0.001,1
63393.170621,1682.04,0.18167849,1
63394.222381,1682.02,0.11381,1
63394.222381,1682.02,0.31554634,1
63394.218979,1682.02,0.57064366,1
63394.218979,1682.04,0.18167,1
63394.218979,1682.04,0.11381,1
63394.218979,1682.04,0.11381,1
63394.218979,1682.04,0.59070068,1
63394.184662,1682.05,0.58899016,1
63394.282034,1681.82,0.00000594,1
63394.272096,1681.8,0.0031135,1
63394.272096,1681.8,0.001,1
63394.272096,1681.9,0.001,1
63395.120058,1681.92,0.00294277,-1
63399.93795,1681.91,0.02888621,-1
63400.167603,1681.91,0.001888,-1
63400.434956,1681.91,0.00588568,-1
63401.79057,1681.9,0.02402045,1
63403.501459,1681.91,0.00289011,-1
63411.449294,1681.84,11.186,1
63411.449294,1681.86,0.2479982,1
63411.448176,1681.88,0.19071185,1
63411.448176,1681.88,1,1
63411.448176,1681.9,0.06673695,1
63411.447566,1681.9,0.08179298,1
63411.447566,1681.9,0.02402,1
63411.447566,1681.9,0.00076186,1
63411.447566,1681.9,0.97597955,1
63412.786872,1681.7,0.001,1
63412.779895,1681.76,0.0654977,1
63412.869352,1681.6,0.93425122,1
63412.869352,1681.6,0.001,1
63412.869352,1681.62,1,1
63414.36499,1681.6,2.06606183,-1
63414.36499,1681.59,0.00302689,-1
63414.36499,1681.59,0.05936539,-1
63414.485525,1681.75,0.03926729,-1
63414.416204,1681.71,0.38070895,-1
63414.415839,1681.71,0.30491461,-1
63414.367673,1681.61,0.58816969,-1
63414.367673,1681.61,0.10674492,-1
63414.367659,1681.61,0.30691461,-1
63414.561196,1681.78,0.00573901,-1
63415.644606,1681.72,0.05931427,-1
63415.831144,1681.75,0.0577786,-1
63417.555943,1681.76,0.05342531,-1
63417.555943,1681.74,0.05936539,-1
63418.384249,1681.77,0.01353229,-1
63421.610052,1681.38,0.22080234,1
63421.610052,1681.4,0.001,1
63421.610052,1681.5,0.00112667,1
63421.610052,1681.5,0.001,1
63421.908164,1681.11,0.00293752,-1
63421.860327,1681.12,1.575,1
63421.860327,1681.19,0.06418775,1
63421.860327,1681.2,0.001,1
63421.860327,1681.3,0.001,1
63422.306083,1681.11,0.11281117,-1
63422.841445,1681.11,0.40437403,-1
63422.841323,1681.11,0.31191461,-1
63425.320821,1681.31,0.31791461,-1
63425.320449,1681.31,0.15709968,-1
63425.320449,1681.3,0.02544262,-1
63425.320449,1681.3,0.02776549,-1
63425.319663,1681.29,0.89217457,-1
63425.319663,1681.29,2.12727233,-1
63425.319242,1681.29,0.49,-1
63425.31921,1681.29,0.35663461,-1
63425.31921,1681.28,0.05936539,-1
63426.134155,1681.4,0.001,-1
63426.206992,1681.57,0.05540038,-1
63426.206992,1681.5,0.001,-1
63426.684183,1681.5,0.06127469,-1
63427.517507,1681.6,0.001,-1
63427.498369,1681.51,0.05936539,-1
63427.498369,1681.51,0.54939928,-1
63427.49758,1681.51,0.31991461,-1
63427.702888,1681.3,0.001,1
63430.770224,1681.3,1.18958696,-1
63430.770224,1681.3,2.34576847,-1
63430.770224,1681.29,0.1324338,-1
63430.770153,1681.29,0.6009501,-1
63430.770124,1681.29,0.33496492,-1
63430.770124,1681.29,2.59741943,-1
63430.768968,1681.21,0.55148375,-1
63430.768968,1681.21,0.00209373,-1
63430.839654,1681.6,0.001,-1
63430.839654,1681.6,0.126,-1
63430.839654,1681.53,0.02043659,-1
63430.839654,1681.53,0.02533083,-1
63430.839654,1681.5,0.126,-1
63430.839654,1681.5,0.001,-1
63430.839654,1681.49,0.59926691,-1
63431.773863,1681.64,0.00074926,-1
63431.997285,1682.08,3.57445758,-1
63431.997285,1682.08,14.62331735,-1
63431.997285,1682.07,0.89179284,-1
63431.997285,1682.05,1.19187736,-1
63431.997285,1682,0.98,-1
63431.997285,1682,1.30126311,-1
63431.997285,1682,0.05,-1
63431.997285,1682,0.001,-1
63431.997285,1682,0.12,-1
63431.997285,1681.95,0.89182636,-1
63431.997285,1681.95,0.89179284,-1
63431.997285,1681.95,0.02043148,-1
63431.997285,1681.95,0.02532449,-1
63431.997285,1681.93,1.19187736,-1
63431.997285,1681.92,1.18926231,-1
63431.997285,1681.92,1.95841442,-1
63431.997285,1681.91,0.29740485,-1
63431.997285,1681.9,0.126,-1
63431.997285,1681.9,0.001,-1
63431.997285,1681.86,0.05936539,-1
63431.997285,1681.86,0.96335929,-1
63431.997285,1681.8,0.001,-1
63431.997285,1681.71,0.03155709,-1
63431.997285,1681.7,0.001,-1
63433.755353,1681.7,0.02124024,-1
63435.278147,1681.64,0.054586,-1
63436.087177,1681.63,0.04906507,1
63436.402693,1681.73,0.0846253,-1
63436.501914,1681.68,0.02833663,1
63437.970163,1681.63,2.37167316,1
63437.970163,1681.63,0.72672248,1
63437.966972,1681.63,0.57294652,1
63437.966972,1681.63,0.00107022,1
63437.966972,1681.64,1.48664399,1
63440.890817,1681.61,0.10151582,-1
63444.092988,1681.61,0.10412008,-1
63444.092988,1681.61,0.0086894,-1
63446.275982,1681.65,0.00563978,-1
63446.348576,1681.65,0.01691905,-1
63448.396843,1681.4,0.05,1
63448.396843,1681.4,0.001,1
63448.396843,1681.5,0.001,1
63448.396843,1681.6,0.001,1
63448.471512,1681.2,0.05,1
63448.471512,1681.2,0.36774619,1
63448.471512,1681.2,0.001,1
63448.471512,1681.21,0.27001718,1
63448.471512,1681.3,0.001,1
63448.471512,1681.4,0.001,1
63448.549256,1681.12,0.5,1
63448.549256,1681.14,2,1
63448.549256,1681.15,0.4867522,1
63449.206785,1681.26,0.08915598,-1
63449.177908,1681.2,0.25462199,-1
63449.177908,1681.19,0.05937801,-1
63449.177208,1681.15,0.35662389,-1
63449.108349,1681.19,0.04120708,-1
63449.240801,1681.32,0.50825666,-1
63449.834914,1681.32,0.00587633,-1
63450.39093,1681.19,0.00000594,1
63450.506461,1681.2,0.09257807,-1
63450.504172,1681.2,0.47846047,-1
63450.55365,1681.32,0.58735869,-1
63451.257484,1681.4,0.11181082,-1
63451.257484,1681.4,0.001,-1
63451.423043,1681.4,0.01973889,-1
63452.465342,1681.57,0.0359038,-1
63452.465342,1681.5,0.108,-1
63452.465342,1681.5,0.001,-1
63452.465342,1681.4,0.0520235,-1
63453.743096,1681.39,0.04185328,1
63454.20604,1681.54,0.05640407,-1
63454.93125,1681.53,0.0112799,-1
63456.134622,1681.28,3.55443712,1
63456.134622,1681.3,1.48694462,1
63456.134622,1681.3,0.001,1
63456.134622,1681.3,0.108,1
63456.134622,1681.35,0.95275782,1
63456.134622,1681.44,0.37491461,1
63456.134622,1681.45,0.22494504,1
63456.134622,1681.45,0.22494504,1
63457.850409,1681.24,0.00058874,-1
63458.772078,1681.27,0.00941999,-1
63460.011796,1681.21,0.01471996,-1
63463.329266,1681.21,0.02060783,-1
63463.53922,1681.21,0.0017663,-1
63464.07124,1681.21,0.07357269,-1
63465.0579,1681.05,0.15314596,1
63465.051123,1681.09,4.84769109,1
63465.050927,1681.1,1.48712152,1
63465.050927,1681.1,0.001,1
63465.050927,1681.16,0.21003393,1
63465.050927,1681.2,0.00128567,1
63465.050927,1681.2,0.001,1
63465.479479,1680.8,0.001,1
63465.479479,1680.8,0.05,1
63465.479479,1680.9,0.001,1
63465.479479,1681,0.001,1
63466.145554,1680.71,0.03679799,-1
63466.143584,1680.71,0.51462968,-1
63466.143584,1680.71,0.05937801,-1
63466.143584,1680.71,0.10708492,-1
63466.143545,1680.71,0.07161059,-1
63466.143545,1680.71,0.08934777,-1
63466.143545,1680.71,0.08934777,-1
63466.299501,1681.01,0.00017767,-1
63466.299501,1681,0.001,-1
63468.402602,1680.88,0.01177506,-1
63470.718326,1680.86,0.05359818,-1
63471.465868,1680.88,0.53959684,-1
63471.465868,1680.86,0.00577983,-1
63471.703335,1681.21,0.05580953,-1
63471.703335,1681.2,0.001,-1
63471.703335,1681.1,0.001,-1
63471.653335,1681.02,0.10676825,-1
63471.653141,1681.02,1.65776104,-1
63471.652996,1681.02,0.47491461,-1
63471.873964,1681.21,0.02538582,-1
63473.798464,1681.21,0.07657478,-1
63474.105667,1681.21,0.55079377,-1
63474.105667,1681.21,0.02582382,-1
63474.678744,1681.3,0.001,-1
63474.678744,1681.3,0.47223493,-1
63474.676032,1681.3,0.00370143,-1
63474.676032,1681.27,0.02529857,-1
63475.340451,1681.2,0.08430218,1
63475.340451,1681.23,1.18946851,1
63475.340451,1681.24,1.24251303,1
63475.340451,1681.25,0.05937801,1
63475.340451,1681.29,0.00094579,1
63475.340451,1681.3,0.42130446,1
63480.080405,1681.39,0.01577173,-1
63480.080405,1681.3,0.102,-1
63480.381743,1681.11,0.12619855,-1
63480.605174,1681,0.14860945,1
63480.605174,1681,0.001,1
63480.605174,1681.1,0.001,1
63480.749945,1680.91,0.05937801,-1
63480.6642,1680.91,0.02820647,-1
63481.02835,1680.95,0.02820647,-1
63482.071112,1680.76,8.44431806,1
63482.07088,1680.79,0.17123413,1
63482.07088,1680.8,0.53928986,1
63482.07088,1680.8,0.001,1
63482.07088,1680.9,0.001,1
63483.436025,1680.71,0.004766,-1
63484.586158,1680.78,0.55645547,-1
63484.586158,1680.77,0.37524453,-1
63485.545891,1680.7,0.001,1
63486.675162,1680.61,0.02820328,-1
63487.387138,1680.4,0.01502901,1
63487.387138,1680.4,0.001,1
63487.387138,1680.5,0.001,1
63487.387138,1680.6,0.001,1
63489.454495,1680.31,0.000175,-1
63490.293693,1680.15,0.00440968,1
63490.293693,1680.2,0.001,1
63490.271887,1680.26,0.01783826,-1
63490.271887,1680.26,0.89271898,-1
63490.271887,1680.26,0.09381113,-1
63490.254888,1680.26,0.14867526,1
63490.254888,1680.3,0.00082474,1
63490.254888,1680.3,0.001,1
63490.363056,1680.19,0.007055,-1
63490.611075,1680.19,0.08245534,-1
63491.086062,1679.52,1.12535613,1
63491.086062,1679.6,0.001,1
63491.086062,1679.6,0.05,1
63491.086062,1679.64,0.5,1
63491.084922,1679.65,0.05943041,1
63491.084922,1679.71,0.0315024,1
63491.084922,1679.74,0.06300481,1
63491.080781,1679.81,0.0157512,1
63491.078473,1679.66,0.05943006,1
63491.078473,1679.68,1.19187736,1
63491.078473,1679.75,0.89179284,1
63491.078049,1679.85,0.12600962,1
63491.074323,1679.69,0.4,1
63491.074323,1679.69,0.2,1
63491.074323,1679.69,0.1,1
63491.074323,1679.69,0.11433996,1
63491.074323,1679.7,0.17768,1
63491.074323,1679.7,0.001,1
63491.074323,1679.8,0.5,1
63491.074323,1679.83,1.575,1
63491.073052,1679.72,1.0955574,1
63491.073052,1679.73,0.12580799,1
63491.072798,1679.77,0.062904,1
63491.072798,1679.79,0.05937801,1
63491.072798,1679.79,8.09975898,1
63491.072798,1679.8,0.001,1
63491.072798,1679.8,0.05,1
63491.072798,1679.8,0.24010204,1
63491.072798,1679.8,0.50168336,1
63491.072798,1679.82,4.3667034,1
63491.072798,1679.84,0.2,1
63491.072798,1679.84,0.1,1
63491.071757,1679.9,1.78433062,1
63491.071757,1679.9,0.001,1
63491.071642,1679.93,0.14877764,1
63491.071642,1679.98,0.89286736,1
63491.071642,1679.99,0.00089256,1
63491.071642,1680,0.57510506,1
63491.071642,1680.01,0.25201923,1
63491.07136,1680,6.15139055,1
63491.071357,1680,1.33877077,1
63491.071357,1680,0.0297619,1
63491.071357,1680,0.4,1
63491.071357,1680,0.001,1
63491.071357,1680.02,0.50403846,1
63491.071357,1680.02,0.14877764,1
63491.066518,1680.01,0.50127205,1
63491.066518,1680.08,0.1553216,1
63491.066518,1680.1,0.001,1
63491.066518,1680.12,0.031452,1
63491.981999,1679.5,1.06225654,1
63491.981999,1679.5,0.001,1
63492.090852,1679.41,0.00564331,-1
63492.388986,1679.41,0.00578572,-1
63493.287786,1679.41,0.02891681,-1
63496.686142,1679.41,0.06562921,-1
63496.686142,1679.41,0.05937801,-1
63496.686142,1679.41,0.16960731,-1
63497.423512,1679.41,0.00137374,-1
63497.423512,1679.41,0.05937801,-1
63497.423512,1679.41,0.60129028,-1
63497.423512,1679.41,0.61290572,-1
63497.423512,1679.41,0.60623075,-1
63497.423512,1679.41,0.18380264,-1
63497.423512,1679.41,1.19094352,-1
63497.423512,1679.41,0.6498542,-1
63497.877991,1679.42,0.003705,-1
63498.067502,1679.42,0.24533469,-1
63498.067502,1679.42,0.996295,-1
63498.398011,1679.52,1,-1
63498.398011,1679.5,1,-1
63498.824911,1679.69,0.00274455,-1
63498.94301,1679.7,1,-1
63498.94301,1679.7,0.001,-1
63499.452363,1679.75,0.05121567,1
63502.995155,1679.62,0.14809897,-1
63503.385178,1679.62,0.00056591,-1
63504.193189,1679.44,0.09886686,1
63504.193189,1679.44,0.00052871,1
63504.192839,1679.44,0.09750823,1
63504.192839,1679.5,0.00088734,1
63504.192839,1679.5,0.001,1
63504.262861,1679.43,0.03019784,-1
63504.262861,1679.41,0.05944704,-1
63504.262861,1679.41,0.59212438,-1
63504.262861,1679.41,1.19077074,-1
63504.262861,1679.41,1.813,-1
63504.262861,1679.41,1.31446,-1
63504.913111,1679.41,0.9188981,-1
63508.916312,1679.41,0.00449689,-1
63510.143734,1679.19,0.16622312,1
63510.143734,1679.2,0.001,1
63510.143734,1679.2,0.05,1
63510.143734,1679.3,0.001,1
63510.143734,1679.4,0.00039859,1
63510.102859,1679.4,0.00060141,1
63511.912157,1679.21,0.01157174,-1
63512.158388,1679.21,0.29752519,-1
63512.158388,1679.21,0.13645936,-1
63512.596668,1679.21,0.001495,-1
63513.113306,1679.21,0.00294746,-1
63513.441509,1679.22,1,-1
63513.441509,1679.22,0.73808673,-1
63515.498679,1679.03,1.53799645,1
63515.498679,1679.04,0.17578039,1
63515.498679,1679.04,2.23858636,1
63515.498679,1679.04,0.00133612,1
63515.498679,1679.04,1.13131467,1
63515.498679,1679.05,0.89179284,1
63515.498679,1679.07,1,1
63515.498679,1679.1,1.12940033,1
63515.498679,1679.1,0.001,1
63515.498679,1679.13,0.89179284,1
63515.498679,1679.2,0.001,1
63515.458165,1679.23,0.89326611,1
63515.619529,1679,0.001,1
63515.619529,1679.01,0.07449972,1
63515.619431,1679.01,0.07549973,1
63516.100847,1678.8,0.001,1
63516.097633,1678.82,1,1
63516.097633,1678.9,0.00076448,1
63516.097633,1678.9,0.001,1
63516.528252,1678.74,0.00688927,-1
63516.528252,1678.74,0.11102332,-1
63517.026649,1678.74,0.07992094,-1
63517.026649,1678.74,0.10413406,-1
63517.328499,1678.76,1,-1
63517.326777,1678.74,0.18386408,-1
63517.326777,1678.74,0.92007906,-1
63519.198815,1678.74,1,-1
63519.198815,1678.72,1,-1
63520.385907,1678.73,0.03243504,-1
63520.727533,1678.74,1,-1
63521.178224,1678.81,0.0589728,-1
63522.765005,1678.63,0.26869643,1
63522.764636,1678.63,0.03096561,1
63522.764636,1678.63,0.23673083,1
63522.764636,1678.7,0.001,1
63522.879204,1678.61,0.95309861,-1
63523.072615,1678.61,0.03897601,-1
63523.416422,1678.61,0.00058968,-1
63523.696744,1678.61,0.003391,-1
63524.013911,1678.52,0.00380852,1
63524.013911,1678.6,0.001,1
63524.507527,1678.52,1,-1
63524.444463,1678.51,0.02129312,1
63524.818056,1678.6,1,-1
63524.747033,1678.58,0.00589728,-1
63524.970122,1678.61,0.00280104,-1
63525.318786,1678.69,0.4320895,-1
63525.318786,1678.64,1,-1
63525.318786,1678.62,1,-1
63525.318786,1678.61,0.26039291,-1
63526.387185,1678.71,0.01412424,-1
63526.554604,1678.71,0.23582518,-1
63526.783038,1678.71,0.00574951,-1
63529.12448,1679.07,0.46534823,1
63529.124477,1679.07,0.46534823,1
63529.121448,1679.07,0.20646498,1
63529.12106,1679.07,0.20646498,1
63529.117999,1679.07,0.10228358,1
63529.117758,1679.03,0.10228358,1
63529.113851,1679.07,0.577885,1
63529.113848,1679.07,1.235115,1
63529.110942,1679.07,0.65723,1
63529.110551,1679.07,0.65723,1
63529.105917,1679.02,0.65723,1
63529.105512,1679.02,0.65723,1
63529.101544,1679.02,0.13007928,1
63529.101171,1679.03,0.81941058,-1
63529.101171,1679.02,0.13007928,-1
63529.101171,1678.99,0.05944704,-1
63529.098551,1679,0.04490768,-1
63529.095819,1679,0.42198981,-1
63529.095406,1679,1.03254343,-1
63529.095068,1679,1.24112264,-1
63529.095068,1679,0.001,-1
63529.095068,1678.95,1.19187736,-1
63529.092155,1678.91,0.73823492,-1
63529.092155,1678.9,0.001,-1
63529.092155,1678.9,0.89320601,-1
63529.092017,1678.89,0.10198749,-1
63529.092002,1678.89,2.20235662,-1
63529.092002,1678.81,0.28695804,-1
63529.092002,1678.8,0.001,-1
63529.087606,1678.74,1,-1
63529.087606,1678.72,1,-1
63529.087606,1678.71,0.85031699,-1
63529.1993,1679.09,2.26384008,-1
63529.1993,1679.07,1.19139445,-1
63529.1993,1679.07,0.10562941,-1
63530.096187,1678.85,0.81961103,1
63530.096187,1678.86,0.41038897,1
63530.087496,1678.93,0.13679632,1
63530.086876,1678.93,0.13679632,1
63531.462944,1678.71,0.031045,-1
63531.724511,1678.57,5,1
63531.724511,1678.6,0.001,1
63531.720586,1678.7,0.00091943,1
63531.720586,1678.7,0.001,1
63532.030234,1678.41,0.04226318,-1
63532.023445,1678.49,0.04042586,1
63532.023445,1678.5,0.001,1
63532.34068,1678.41,0.11792896,-1
63532.950659,1678.41,0.00431376,-1
63533.489577,1678.4,0.05397014,1
63533.489577,1678.4,0.001,1
63533.855676,1678.4,0.00147046,1
63535.98829,1678.49,1.19161868,-1
63535.984621,1678.36,0.05944704,-1
63535.984621,1678.36,1,-1
63535.984621,1678.34,0.79788362,-1
63535.984621,1678.34,1,-1
63536.105879,1678.6,0.001,-1
63536.084724,1678.57,0.981,-1
63536.084724,1678.54,1.19161868,-1
63536.006972,1678.54,0.19775703,-1
63536.15829,1678.66,0.3579818,-1
63536.129121,1678.66,0.47576654,-1
63536.127709,1678.66,0.47576654,-1
63537.735903,1678.51,0.00574927,-1
63537.750282,1678.52,1,-1
63537.750282,1678.51,0.28182733,-1
63537.750282,1678.51,0.38905623,-1
63538.705677,1678.52,0.04237861,-1
63538.861158,1678.52,0.00000595,-1
63538.849117,1678.52,0.00117913,-1
63539.327236,1678.56,1,-1
63539.305944,1678.52,0.55167647,-1
63539.305944,1678.52,1,-1
63539.617103,1679.12,1.22596589,-1
63539.617103,1679.11,0.00089364,-1
63539.617103,1679.11,0.88547435,-1
63539.617103,1679.1,0.05944704,-1
63539.617103,1679.1,0.001,-1
63539.617103,1679.01,1.00439514,-1
63539.617075,1679.01,0.18684428,-1
63539.617075,1679,0.05,-1
63539.617075,1679,0.001,-1
63539.617075,1678.9,0.001,-1
63539.617075,1678.8,0.001,-1
63539.616555,1678.7,0.001,-1
63539.661122,1679.32,0.5,-1
63539.661122,1679.3,0.001,-1
63539.647109,1679.25,0.048,-1
63539.641583,1679.2,0.001,-1
63539.641583,1679.18,1,-1
63539.641583,1679.16,0.49855191,-1
63539.638089,1679.16,0.50144809,-1
63539.633746,1679.15,0.08781046,-1
63539.677951,1679.37,0.09599999,-1
63539.857365,1679.54,1.575,-1
63539.857365,1679.5,0.001,-1
63539.857365,1679.4,0.001,-1
63540.131973,1679.6,0.00347106,-1
63540.131973,1679.6,0.001,-1
63540.234681,1679.69,0.14681894,1
63540.889084,1679.7,0.00146103,-1
63540.889084,1679.7,0.001,-1
63541.482893,1679.7,0.00097636,-1
63541.482893,1679.7,0.11376787,-1
63543.305207,1679.8,0.07648529,-1
63543.305207,1679.8,0.00000595,-1
63543.305207,1679.8,0.001,-1
63543.99909,1679.89,0.11797371,-1
63545.309386,1679.88,0.00503787,1
63545.422408,1679.88,0.02512486,1
63546.812413,1679.6,0.4322377,1
63546.812413,1679.6,0.001,1
63546.762464,1679.8,0.46181308,1
63546.762464,1679.81,1.48826355,1
63546.762464,1679.81,0.69242337,1
63546.759744,1679.82,0.46191461,1
63546.755814,1679.88,0.11111209,1
63546.755814,1679.88,0.00088791,1
63546.912475,1679.39,0.5,1
63546.912475,1679.4,0.001,1
63546.829117,1679.5,0.001,1
63546.829117,1679.6,0.10443428,1
63547.723465,1679.3,0.001,1
63548.226492,1679.13,0.19625007,1
63548.226492,1679.2,0.118,1
63548.226492,1679.2,0.001,1
63548.575903,1679.24,0.09054052,1
63548.71225,1679.21,0.11896257,1
63551.623878,1679.06,0.27618982,1
63551.623878,1679.1,0.001,1
63552.154135,1679.28,0.85883545,-1
63552.154135,1679.27,0.89179284,-1
63552.154135,1679.26,1.47267533,-1
63552.154135,1679.2,0.118,-1
63552.154135,1679.19,0.3026109,-1
63552.154135,1679.19,0.89179284,-1
63552.154135,1679.13,0.60284633,-1
63552.154135,1679.11,0.98769586,-1
63552.154135,1679.08,1.1910721,-1
63552.154135,1679.04,0.89336848,-1
63552.154135,1679.03,1.47982447,-1
63552.154135,1679.01,0.05944704,-1
63552.154135,1679.01,1.813,-1
63552.580672,1679.01,0.01693718,-1
63552.935927,1679.01,0.01975881,-1
63553.296784,1678.91,0.01387859,-1
63553.236194,1678.96,0.27618982,1
63553.236194,1679,0.001,1
63554.728196,1679.28,0.05100995,-1
63554.716581,1679.2,0.001,-1
63554.738875,1679.4,0.001,-1
63554.738875,1679.37,0.57227059,-1
63554.738875,1679.36,0.05944704,-1
63554.738875,1679.3,0.001,-1
63556.195067,1679.5,0.34710769,-1
63556.056289,1679.5,0.0238539,-1
63556.056289,1679.5,0.001,-1
63556.334132,1679.6,0.001,-1
63556.88188,1679.7,0.00098231,-1
63556.88188,1679.7,0.001,-1
63557.461758,1679.67,0.00578851,-1
63558.522195,1679.71,0.04641963,1
63561.114659,1679.76,0.29158454,-1
63561.114659,1679.75,0.52934786,-1
63561.114659,1679.74,0.17944794,-1
63561.262321,1679.69,0.0011125,1
63562.048254,1679.8,0.30812001,-1
63562.048254,1679.8,0.001,-1
63562.368224,1679.89,0.03006328,1
63563.006837,1680.43,1.575,-1
63563.006837,1680.42,0.99124045,-1
63563.006837,1680.42,0.997587,-1
63563.006837,1680.4,0.001,-1
63563.006837,1680.38,0.89300332,-1
63563.006837,1680.35,0.05944704,-1
63563.006837,1680.35,0.048,-1
63563.006837,1680.3,0.112,-1
63563.006837,1680.3,0.001,-1
63563.006837,1680.2,0.001,-1
63563.006837,1680.1,0.001,-1
63562.940372,1680,0.001,-1
63562.935643,1679.9,0.001,-1
63565.119506,1680.26,0.00012631,1
63565.213628,1680.29,0.77238452,-1
63565.385761,1680.45,0.00057753,-1
63567.343318,1680.38,0.01473679,-1
63569.140817,1680.21,0.06776808,-1
63569.140817,1680.21,0.04517169,-1
63569.279995,1680.21,0.49364826,-1
63569.279995,1680.21,1.0843158,-1
63569.279995,1680.21,0.52241546,-1
63569.279995,1680.21,0.46192048,-1
63570.275577,1680.14,0.00000595,1
63570.263148,1680.12,0.00299432,1
63570.263148,1680.2,0.00137423,1
63570.263148,1680.2,0.001,1
63570.457978,1680.03,0.24143711,1
63570.457978,1680.1,0.001,1
63570.851697,1679.93,0.24143711,1
63570.851697,1680,0.001,1
63570.984764,1679.8,0.001,1
63570.984764,1679.8,0.05,1
63570.984764,1679.9,0.001,1
63571.967686,1679.71,0.1694076,-1
63574.099986,1679.61,0.15804194,1
63574.099935,1679.61,4.29104194,1
63574.099629,1679.62,1.4884319,1
63574.099629,1679.7,0.001,1
63574.80384,1679.21,0.3176796,1
63574.80384,1679.23,0.20489767,1
63574.803641,1679.23,0.68810565,1
63574.803641,1679.29,0.22195007,1
63574.803641,1679.29,0.06234072,1
63574.803641,1679.3,0.001,1
63574.803641,1679.33,1.48868894,1
63574.803641,1679.33,0.00089292,1
63574.803641,1679.34,1.05959897,1
63574.803549,1679.37,0.89300332,1
63574.80245,1679.4,0.05,1
63574.80245,1679.4,0.001,1
63574.80245,1679.41,0.63043398,1
63574.80245,1679.5,0.001,1
63574.80245,1679.6,0.001,1
63575.909264,1679.32,0.00903214,-1
63577.537722,1679.22,0.01171958,1
63577.768358,1679.22,0.07,1
63577.970712,1679,2,1
63577.970712,1679,0.05,1
63577.970712,1679,0.001,1
63577.970712,1679.1,0.001,1
63577.970712,1679.14,0.08730053,1
63577.964885,1679.2,0.001,1
63578.095849,1678.94,0.0677605,-1
63580.707329,1678.97,0.31049981,-1
63580.707138,1678.97,0.43574342,-1
63580.707138,1678.97,0.19472057,-1
63580.707138,1678.95,0.05945062,-1
63581.6043,1679.09,0.03608987,1
63582.316734,1679.08,0.06016196,1
63582.526697,1679.1,0.411,-1
63582.526643,1679.1,0.596,-1
63582.526557,1679.1,0.07754938,-1
63582.526557,1679.09,0.05945062,-1
63582.576685,1679.3,0.001,-1
63582.546635,1679.23,0.08587269,-1
63582.546589,1679.21,0.19469274,-1
63582.546589,1679.2,0.001,-1
63583.31846,1679.3,0.001,-1
63583.31846,1679.3,1.575,-1
63583.31846,1679.28,0.77124283,-1
63583.31515,1679.15,1.19086404,-1
63583.31515,1679.14,0.77124283,-1
63583.314594,1679.1,0.05945062,-1
63583.314594,1679.09,0.89334103,-1
63583.485297,1679.39,0.00294824,-1
63584.677848,1679.4,0.01374118,-1
63584.677848,1679.4,0.001,-1
63585.973348,1679.4,0.0005896,-1
63586.154856,1679.5,0.001,-1
63586.076598,1679.4,0.40186921,-1
63586.020244,1679.4,0.35635981,-1
63586.563572,1679.4,0.00847323,-1
63587.344812,1679.49,0.00000595,-1
63587.405073,1679.66,0.02793989,-1
63587.405073,1679.6,0.001,-1
63588.422941,1679.67,0.00114585,-1
63588.422941,1679.66,0.00000595,-1
63588.422941,1679.66,0.02778068,-1
63588.356411,1679.66,0.00436182,-1
63588.356411,1679.66,0.01037822,-1
63588.94507,1679.66,0.01446994,-1
63589.039461,1679.66,0.14245909,-1
63589.039461,1679.66,0.05945062,-1
63589.039461,1679.66,0.08053205,-1
63589.224657,1679.66,0.00574868,-1
63590.979426,1679.41,0.006744,-1
63591.177168,1679.4,0.001,1
63593.162214,1679.3,0.00187263,1
63593.162214,1679.3,0.001,1
63594.426678,1679.31,0.38264524,-1
63594.426678,1679.31,0.05945062,-1
63594.813327,1679.2,0.00153305,1
63594.813327,1679.2,0.001,1
63596.014129,1679.1,0.001,1
63596.297665,1678.8,0.05,1
63596.297665,1678.8,0.001,1
63596.297665,1678.9,0.001,1
63596.297665,1678.96,0.00009956,1
63596.280751,1678.96,0.1155,1
63596.280751,1679,0.001,1
63596.413652,1678.5,0.00096603,1
63596.413652,1678.6,0.001,1
63596.413652,1678.6,0.05,1
63596.413652,1678.7,0.001,1
63596.413652,1678.75,0.00003397,1
63596.407473,1678.76,0.00000595,-1
63596.395682,1678.76,0.00179822,-1
63596.389122,1678.75,0.5597,1
63596.502157,1678.1,0.061,1
63596.502157,1678.1,0.001,1
63596.495188,1678.2,0.001,1
63596.493681,1678.29,0.00004582,1
63596.492579,1678.29,0.1156,1
63596.481888,1678.3,0.0006013,1
63596.481888,1678.3,0.001,1
63596.481888,1678.32,1,1
63596.481124,1678.4,0.05,1
63596.481124,1678.4,0.001,1
63596.481124,1678.41,0.14883878,1
63596.481124,1678.48,0.0005922,1
63596.481124,1678.5,0.00003397,1
63596.819143,1678.44,0.18389695,-1
63597.174896,1678.7,0.001,-1
63597.313384,1678.56,9.71097775,1
63597.313384,1678.73,0.06996675,1
63597.313384,1678.77,1.9507555,1
63597.311356,1678.77,0.08862225,1
63597.311351,1678.77,0.924,1
63597.311207,1678.77,4.29,1
63597.311068,1678.77,0.92862225,1
63597.310816,1678.65,2.92162225,1
63597.309995,1678.72,0.89353604,1
63597.306738,1678.82,0.27986698,1
63598.585368,1678.26,0.39982066,1
63598.585368,1678.27,0.39991461,1
63598.585368,1678.28,0.39991461,1
63598.585368,1678.29,0.10495012,1
63599.226624,1678.39,0.05899143,-1
63599.009335,1678.29,0.85682085,-1
63599.009269,1678.29,0.03694823,-1
63599.009269,1678.28,0.05945062,-1
63599.009059,1678.23,1.19179351,-1
63599.009059,1678.22,0.51,-1
63599.008893,1678.22,0.49,-1
63599.008893,1678.2,1,-1
63600.928437,1678.32,0.00617298,-1
63601.348239,1678.3,0.66991461,-1
63601.335725,1678.3,0.10806768,-1
63601.335725,1678.3,0.56184693,-1
63601.335661,1678.3,0.33191461,-1
63601.458423,1678.3,0.05945062,-1
63601.458423,1678.3,0.22201771,-1
63601.691383,1678.4,0.001,-1
63601.688425,1678.39,0.73560972,-1
63601.688425,1678.39,0.18918688,-1
63601.68791,1678.34,0.99383,-1
63601.68791,1678.34,0.00617,-1
63601.687764,1678.32,0.05945062,-1
63601.687764,1678.32,0.10378831,-1
63601.687764,1678.32,0.0928539,-1
63601.687764,1678.32,1.15342026,-1
63601.687764,1678.32,0.55176009,-1
63602.101118,1678.5,0.001,-1
63602.480429,1678.6,0.00010127,-1
63602.596888,1678.59,0.27126056,1
63603.86839,1678.74,0.06539236,-1
63603.86839,1678.7,0.096,-1
63603.86839,1678.7,0.001,-1
63603.86839,1678.64,0.00618717,-1
63603.86839,1678.6,0.00089873,-1
63604.304927,1678.47,1.19148884,-1
63606.6293,1678.43,0.01347862,1
63607.545115,1678.63,0.01412693,-1
63608.118969,1678.65,0.22604859,-1
63609.093526,1678.78,0.03215006,-1
63609.093526,1678.77,0.14897091,-1
63609.093526,1678.76,0.01147844,-1
63609.093526,1678.7,0.001,-1
63609.093526,1678.65,0.39330029,-1
63609.85727,1678.65,0.00091926,1
63609.85727,1678.65,0.89357519,1
63609.85727,1678.66,0.04573575,1
63610.536167,1678.51,0.37152993,-1
63611.382296,1678.4,0.001,1
63611.382296,1678.5,0.001,1
63612.526086,1678.39,0.01130013,-1
63614.495445,1678.31,0.01525817,-1
63614.491956,1678.38,0.29433143,1
63614.802516,1678.31,0.009123,-1
63615.179999,1678.39,0.00000595,-1
63615.179999,1678.31,0.52921084,-1
63615.179792,1678.31,0.22901022,-1
63615.179792,1678.31,0.05945062,-1
63617.633033,1678.43,0.01299939,-1
63617.953025,1678.4,0.02654329,-1
63618.11653,1678.36,0.0029494,-1
63618.464197,1678.43,0.05945062,-1
63618.453768,1678.43,0.00000595,-1
63618.443046,1678.35,0.00294814,-1
63618.639653,1678.59,0.00893205,-1
63619.451538,1678.38,0.00589756,-1
63619.593489,1678.3,0.001,1
63619.570609,1678.37,0.815963,1
63619.570494,1678.37,0.11334,1
63619.559779,1678.37,0.883697,1
63619.712462,1678.07,1,1
63619.712462,1678.1,0.001,1
63619.712462,1678.15,0.28806547,1
63619.712462,1678.15,0.02113286,1
63619.712462,1678.2,0.001,1
63619.951037,1677.82,0.12741676,1
63619.951037,1677.9,0.001,1
63619.951037,1677.91,0.02207398,1
63619.951037,1677.91,0.00944628,1
63619.951037,1678,0.001,1
63622.58946,1677.82,0.00076755,1
63622.58946,1677.82,0.872584,1
63622.71864,1677.7,0.001,1
63622.713756,1677.8,0.001,1
63623.012416,1677.61,0.05945062,-1
63623.012416,1677.61,1.19216838,-1
63623.012416,1677.61,0.54699423,-1
63623.012416,1677.61,1.06708105,-1
63623.012297,1677.61,0.50791895,-1
63625.799073,1677.6,0.924,1
63625.798736,1677.6,0.076,1
63625.798736,1677.6,0.001,1
63625.795245,1677.62,1,1
63625.887177,1677.51,0.02950626,-1
63626.19005,1677.51,0.11902318,-1
63626.899886,1677.5,0.15350377,1
63626.899886,1677.5,0.001,1
63626.944051,1677.48,1,1
63626.944051,1677.5,0.84649623,1
63626.972717,1677.32,1,1
63626.972717,1677.4,0.001,1
63627.15035,1677.3,0.001,1
63627.696948,1677.26,1,1
63627.696948,1677.26,0.20013167,1
63627.696948,1677.26,0.19999987,1
63627.696948,1677.26,0.14999925,1
63628.149217,1677.24,0.20013165,1
63628.149217,1677.24,0.20013186,1
63628.149217,1677.24,0.20035584,1
63628.149217,1677.24,0.20246152,1
63628.767359,1677.2,0.001,1
63628.853609,1677.11,0.05900443,-1
63629.496531,1677.29,0.05945062,-1
63629.469758,1677.11,0.61755639,-1
63629.961543,1677.4,0.75761893,-1
63629.961543,1677.4,0.001,-1
63630.227326,1677.5,0.001,-1
63630.307849,1678.61,0.47488595,-1
63630.307354,1678.61,1.5687,-1
63630.306024,1678.61,0.84158262,-1
63630.306024,1678.6,0.74881738,-1
63630.295858,1678.42,0.5,-1
63630.295858,1678.4,0.12620445,-1
63630.295815,1678.4,0.01018594,-1
63630.294949,1678.4,0.02518594,-1
63630.292975,1678.4,0.72891461,-1
63630.290294,1678.4,0.00845062,-1
63630.289305,1678.6,0.14418594,-1
63630.286957,1678.61,0.78245062,-1
63630.285169,1678.61,0.22486286,-1
63630.285169,1678.61,0.00089392,-1
63630.285169,1678.6,0.05,-1
63630.285169,1678.6,0.001,-1
63630.284001,1678.52,3.9325508,-1
63630.28292,1678.5,1.10725785,-1
63630.282776,1678.5,0.08461951,-1
63630.282776,1678.5,0.001,-1
63630.282776,1678.49,0.50783111,-1
63630.281501,1678.49,3.08517248,-1
63630.281501,1678.46,0.66074094,-1
63630.278434,1678.46,0.02715495,-1
63630.269913,1678.41,0.8418301,-1
63630.267977,1678.41,0.72691461,-1
63630.266184,1678.41,2.36380609,-1
63630.266184,1678.4,2.75840667,-1
63630.266184,1678.4,10,-1
63630.266184,1678.4,0.001,-1
63630.266184,1678.4,0.05,-1
63630.266184,1678.37,1.08132736,-1
63630.264133,1678.37,0.11055,-1
63630.263731,1678.35,6.5859914,-1
63630.263723,1678.35,0.06342,-1
63630.263636,1678.35,9.37030344,-1
63630.263298,1678.35,0.09517,-1
63630.263285,1678.35,0.16314,-1
63630.262707,1678.35,1.39232019,-1
63630.262707,1678.35,2.21539577,-1
63630.262707,1678.34,0.2,-1
63630.262707,1678.33,0.91331503,-1
63630.262477,1678.33,0.20944,-1
63630.262477,1678.3,0.001,-1
63630.262238,1678.25,2.68079355,-1
63630.262238,1678.25,0.05951831,-1
63630.262238,1678.25,3.9325508,-1
63630.261464,1678.24,0.05674,-1
63630.260818,1678.13,2.31080311,-1
63630.259013,1678.24,0.10269,-1
63630.257727,1678.24,0.11073739,-1
63630.257727,1678.24,0.31951487,-1
63630.257218,1678.24,1.8434908,-1
63630.257218,1678.24,1.19187736,-1
63630.257218,1678.2,0.001,-1
63630.257218,1678.18,0.19507339,-1
63630.256853,1678.18,0.08203099,-1
63630.256665,1678.18,0.58803099,-1
63630.256342,1678.18,0.77256,-1
63630.256263,1678.18,0.08925226,-1
63630.256086,1678.18,0.07064919,-1
63630.256086,1678.18,0.0763818,-1
63630.255841,1678.18,0.1156182,-1
63630.255841,1678.17,1.3639918,-1
63630.255763,1678.17,0.62310729,-1
63630.255763,1678.15,0.1,-1
63630.255763,1678.15,0.4,-1
63630.255763,1678.15,0.2,-1
63630.255763,1678.13,0.7657923,-1
63630.255686,1678.13,0.17403099,-1
63630.253654,1678.14,3.8148222,-1
63630.253648,1678.14,0.1177286,-1
63630.253648,1678.13,0.0924514,-1
63630.253524,1678.13,1.52639218,-1
63630.253524,1678.08,0.82214,-1
63630.253287,1678.08,0.10337,-1
63630.252319,1678.08,0.05549,-1
63630.249219,1678.13,0.72888925,-1
63630.249219,1678.11,0.00089414,-1
63630.249219,1678.1,0.00113122,-1
63630.249219,1678.1,0.001,-1
63630.249106,1678,0.05,-1
63630.249106,1678,0.001,-1
63630.249064,1677.97,0.89394037,-1
63630.249064,1677.95,0.096,-1
63630.248807,1677.9,0.001,-1
63630.248807,1677.84,0.048,-1
63630.2487,1677.8,0.001,-1
63630.248609,1677.76,0.05945062,-1
63630.248396,1677.7,0.001,-1
63630.245003,1677.64,0.44435039,-1
63630.245003,1677.63,0.55862428,-1
63630.227326,1677.63,0.05466351,-1
63630.227326,1677.6,0.001,-1
63630.397384,1678.84,0.39498891,-1
63630.394515,1678.84,0.34641111,-1
63630.38931,1678.85,1.65980864,-1
63630.38931,1678.85,1.1441984,-1
63630.38931,1678.84,0.5,-1
63630.38931,1678.73,0.38319922,-1
63630.387928,1678.73,0.51794988,-1
63630.366063,1678.6,0.106,1
63630.366063,1678.6,10,1
63630.366063,1678.68,1.702,1
63630.366063,1678.68,0.49976137,1
63630.366063,1678.69,0.42,1
63630.364844,1678.7,1.06635593,-1
63630.360832,1678.7,0.42354068,-1
63630.355768,1678.69,0.32729873,-1
63630.350228,1678.69,0.4167,-1
63630.341442,1678.68,1.07523863,1
63630.332043,1678.85,0.72691461,-1
63630.329995,1678.85,2.89040904,-1
63630.329995,1678.84,1.19187736,-1
63630.329995,1678.83,3.97436226,-1
63630.329995,1678.82,6.71486873,-1
63630.329995,1678.8,0.001,-1
63630.329995,1678.78,0.89300332,-1
63630.329995,1678.75,0.384,-1
63630.329995,1678.74,0.192,-1
63630.329995,1678.74,0.41682423,-1
63630.328826,1678.74,3.51572657,-1
63630.328826,1678.73,0.68789589,-1
63630.328826,1678.73,0.32323153,-1
63630.328201,1678.73,3.75759428,-1
63630.328201,1678.71,1.19187736,-1
63630.328201,1678.7,0.001,-1
63630.327672,1678.69,0.15093225,-1
63630.327672,1678.6,0.5,-1
63630.327672,1678.57,0.57792525,-1
63630.326668,1678.57,0.31507807,-1
63630.320408,1678.69,0.47351356,-1
63630.320318,1678.57,1.575,1
63630.320318,1678.59,0.317,1
63630.320133,1678.69,0.10651356,-1
63630.318587,1678.59,1.496,1
63630.317981,1678.63,1.09760565,-1
63630.317981,1678.63,3.9325508,-1
63630.317981,1678.62,0.76199937,-1
63630.31618,1678.62,0.72791461,-1
63630.441983,1679.44,0.21706029,-1
63630.441983,1679.44,1.1999897,-1
63630.441983,1679.4,0.05,-1
63630.441983,1679.4,0.001,-1
63630.441983,1679.37,1.575,-1
63630.441983,1679.36,0.68603662,-1
63630.439866,1679.36,0.28468538,-1
63630.439866,1679.3,0.001,-1
63630.439866,1679.2,0.001,-1
63630.439866,1679.2,0.05,-1
63630.439866,1679.13,2.26181862,-1
63630.439866,1679.13,0.096,-1
63630.439866,1679.11,0.00089366,-1
63630.439866,1679.1,0.001,-1
63630.430132,1679.03,0.048,-1
63630.430132,1679,0.001,-1
63630.426722,1678.9,0.001,-1
63630.415911,1678.84,0.06837428,-1
63630.415911,1678.73,0.13674856,-1
63630.415911,1678.71,1.00413222,-1
63630.414085,1678.71,0.70463178,-1
63630.401356,1678.72,0.16775039,-1
63630.558116,1679.31,0.106,1
63630.763336,1678.62,1.575,1
63630.724569,1678.9,0.001,1
63630.704593,1679.1,0.053,1
63630.704593,1679.1,0.3230643,1
63630.683797,1679.1,0.106,1
63631.000116,1678.68,2.41641473,-1
63631.000116,1678.62,0.89359606,-1
63631.000116,1678.6,0.106,-1
63631.000116,1678.55,1.19478292,-1
63631.314319,1678.83,0.30491461,-1
63631.314094,1678.83,0.69691461,-1
63631.283708,1678.83,0.30491461,-1
63631.273667,1678.83,0.30491461,-1
63631.2734,1678.83,0.69691461,-1
63631.261325,1678.8,0.30491461,-1
63631.26103,1678.8,0.69691461,-1
63631.25093,1678.69,0.20598393,-1
63631.25093,1678.68,0.05945062,-1
63631.25093,1678.68,0.10805323,-1
63631.24953,1678.68,0.30391461,-1
63631.42361,1678.78,0.05359,1
63631.422368,1678.78,0.0507,1
63631.418855,1678.78,0.14024,1
63631.416142,1678.79,0.27812461,1
63631.415794,1678.79,0.14079,1
63631.410242,1678.8,0.37660539,1
63631.410242,1678.81,0.41791461,1
63631.385074,1678.82,0.30491461,-1
63631.385072,1678.82,0.59024461,-1
63631.385072,1678.82,0.10667,-1
63631.37431,1678.83,0.30491461,-1
63631.374289,1678.83,0.69691461,-1
63631.365341,1678.83,1.19531931,-1
63631.361507,1678.83,0.37968069,-1
63631.361507,1678.83,0.31723392,-1
63631.361352,1678.83,0.30491461,-1
63631.343813,1678.83,0.69691461,-1
63631.342904,1678.83,0.30491461,-1
63631.503921,1678.48,0.15880786,1
63631.503921,1678.51,0.03878651,1
63631.503921,1678.51,0.1619878,1
63631.45944,1678.58,0.89300332,1
63631.456309,1678.68,0.0809939,1
63631.456229,1678.7,0.04049695,1
63631.437445,1678.78,0.174384,1
63631.912547,1678.44,0.03766216,1
63631.969465,1678.37,0.075324,1
63632.100423,1678.1,1.04345062,1
63632.100024,1678.1,0.53154938,1
63632.100024,1678.1,0.001,1
63632.038167,1678.11,0.05945062,1
63632.035584,1678.21,0.85040337,1
63632.035584,1678.22,0.03728554,1
63632.035584,1678.22,0.6,1
63632.035584,1678.24,0.15064866,1
63632.035584,1678.37,0.00000033,1
63632.135735,1678,1.575,1
63632.596158,1678.11,0.29691461,-1
63632.596141,1678.11,0.70491461,-1
63632.589011,1678.23,2.57139836,-1
63632.589011,1678.21,0.89381167,-1
63632.589011,1678.21,2.66718396,-1
63632.589011,1678.2,0.981,-1
63632.589011,1678.2,0.106,-1
63632.589011,1678.17,0.89366038,-1
63632.589011,1678.17,0.89300332,-1
63632.589011,1678.1,0.106,-1
63632.589011,1678.06,0.07724397,-1
63632.589011,1678.04,1.813,-1
63632.568253,1678.03,0.70491461,-1
63632.567736,1678.03,0.29691461,-1
63632.751463,1678.19,0.68508539,-1
63632.751162,1678.19,0.29591461,-1
63633.41194,1677.94,0.707914,1
63633.392482,1677.94,0.03465296,1
63633.611826,1677.95,0.00117405,-1
63633.815389,1677.9,0.001,1
63633.884662,1677.76,0.05945062,-1
63633.838936,1677.71,0.06436998,-1
63633.831918,1677.79,0.14905795,1
63634.872951,1677.84,0.29811591,-1
63634.86316,1677.77,0.55191116,-1
63634.86316,1677.77,0.05945062,-1
63634.990777,1677.91,0.71591461,-1
63634.980251,1677.88,0.71691461,-1
63635.11293,1678.01,0.65646399,-1
63635.11293,1678.01,0.05945062,-1
63635.035052,1678,0.001,-1
63635.230486,1678.01,0.56781501,1
63636.373437,1678.01,0.29012878,-1
63637.699307,1678,0.00076668,1
63638.076422,1677.95,0.05945062,-1
63638.076422,1677.95,0.18362929,-1
63638.78059,1678,0.63940056,-1
63638.78059,1677.98,0.08551405,-1
63638.770823,1677.99,0.4818772,-1
63638.770823,1677.93,0.05945062,-1
63638.770823,1677.93,0.18358679,-1
63638.871301,1678.07,0.25573823,-1
63638.871301,1678,0.46817638,-1
63638.85627,1678,0.72391461,-1
63641.925763,1677.82,0.72591461,-1
63641.890699,1677.82,0.20028761,-1
63641.890699,1677.82,0.05945062,-1
63641.890699,1677.82,0.46617638,-1
63641.847882,1677.82,0.72591461,-1
63641.962317,1678.02,0.55217458,-1
63641.94082,1677.91,0.72591461,-1
63642.300323,1678.03,0.1978466,-1
63642.372761,1678.03,0.02543408,-1
63642.800537,1678.07,0.72591461,-1
63642.788025,1678.07,0.66265,-1
63642.788025,1678.03,0.00381399,-1
63642.788025,1678.03,0.05945062,-1
63643.716659,1677.8,0.001,1
63643.652713,1677.81,0.47172892,1
63643.758363,1677.71,0.33079269,1
63643.758363,1677.71,0.02832142,1
63644.426474,1677.73,0.73991461,-1
63644.412958,1677.71,0.68046399,-1
63644.412958,1677.71,0.05945062,-1
63644.402301,1677.71,0.73891461,-1
63644.391543,1677.71,0.37477907,-1
63644.391543,1677.71,0.36413554,-1
63646.120838,1677.71,0.15826832,-1
63646.787153,1677.71,0.02027139,-1
63646.753171,1677.71,0.001823,-1
63647.043399,1677.7,0.001,1
63647.360538,1677.61,0.00590051,-1
63647.983809,1677.6,0.43931738,1
63647.983809,1677.6,0.112,1
63647.983809,1677.6,0.00076801,1
63647.983809,1677.6,0.44691461,1
63647.983809,1677.6,0.001,1
63647.964844,1677.61,0.00176994,-1
63648.022648,1677.61,0.01737701,-1
63648.923395,1677.71,0.4442107,-1
63648.911726,1677.71,0.74791461,-1
63648.891017,1677.66,0.74791461,-1
63648.867013,1677.66,0.02896162,-1
63648.860293,1677.61,0.04030367,-1
63649.982286,1677.82,0.00590027,-1
63650.605793,1677.61,0.28271039,-1
63650.599009,1677.6,0.199914,1
63650.583268,1677.6,0.249,1
63650.583268,1677.6,0.001,1
63651.960929,1677.62,0.42380434,-1
63652.312691,1677.52,0.55199341,-1
63652.543626,1677.64,0.01475225,-1
63653.433544,1677.66,0.00200643,-1
63655.233897,1677.71,0.05945062,-1
63656.304526,1677.93,0.59731461,-1
63656.304526,1677.92,0.1536,-1
63656.293967,1677.92,0.75191461,-1
63656.274613,1677.9,0.75091461,-1
63656.274613,1677.9,0.001,-1
63656.261896,1677.89,0.75191461,-1
63656.249849,1677.89,0.75000746,-1
63656.249849,1677.89,0.00190715,-1
63656.23898,1677.86,0.75191461,-1
63656.227419,1677.82,0.00452812,-1
63656.227419,1677.82,0.55254437,-1
63656.227419,1677.8,0.19584212,-1
63656.205369,1677.8,0.69246399,-1
63656.205369,1677.8,0.05945062,-1
63656.205369,1677.8,0.001,-1
63656.401382,1678,0.01347986,-1
63656.401382,1678,0.001,-1
63657.686586,1678,0.34084989,-1
63657.686586,1678,0.41406472,-1
63657.674759,1678,0.57245542,-1
63657.674759,1677.98,0.18145919,-1
63657.668753,1677.98,0.00565269,-1
63657.664861,1677.98,0.69346399,-1
63657.664861,1677.96,0.05945062,-1
63657.771086,1678.11,0.00089414,-1
63657.759815,1678.1,0.001,-1
63658.244199,1678.2,0.69046399,-1
63658.244199,1678.2,0.05945062,-1
63658.244199,1678.2,0.001,-1
63658.727136,1678.19,0.41793223,1
63660.121775,1678.08,0.75291461,-1
63660.025731,1677.93,0.55189429,-1
63660.13099,1678.14,0.69346399,-1
63660.13099,1678.08,0.05945062,-1
63660.90276,1678.19,0.02373778,1
63661.419758,1678.09,0.00082783,1
63662.672116,1677.9,0.001,1
63662.905422,1677.81,0.28956615,-1
63662.952274,1677.61,0.00294466,1
63662.952274,1677.7,0.001,1
63662.952274,1677.8,0.001,1
63664.215125,1677.61,0.03188693,-1
63664.215125,1677.61,0.00056628,-1
63665.565111,1677.63,0.18617849,-1
63665.565111,1677.61,0.55217243,-1
63665.565111,1677.61,0.02756369,-1
63665.657676,1677.72,0.76691461,-1
63665.800305,1677.9,0.001,-1
63666.11364,1677.96,0.00113232,-1
63666.251562,1678,0.001,-1
63667.374349,1678.09,0.00208861,1
63667.476902,1678.1,0.00335498,-1
63667.476902,1678.1,0.001,-1
63667.476902,1678.1,0.0022585,-1
63667.624647,1678.2,0.001,-1
63667.86064,1678.32,0.69146399,-1
63667.86064,1678.31,0.05945062,-1
63667.86064,1678.3,0.001,-1
63668.521327,1678.32,0.01475313,-1
63669.070667,1678.32,0.0033605,-1
63669.070667,1678.32,0.49376354,-1
63669.95666,1678.56,0.16034938,-1
63669.95666,1678.55,0.1536,-1
63669.95666,1678.54,0.05945062,-1
63669.95666,1678.5,0.001,-1
63669.95666,1678.4,0.001,-1
63670.519077,1678.52,0.5497045,-1
63670.778906,1678.6,0.001,-1
63671.251097,1678.79,0.01880178,-1
63671.251097,1678.7,0.00000595,-1
63671.251097,1678.7,0.001,-1
63671.981088,1678.41,0.02740579,1
63671.981088,1678.5,0.001,1
63672.406286,1678.5,0.00974084,-1
63674.598667,1678.45,1.19153539,1
63674.598667,1678.45,0.33691461,1
63674.552262,1677.51,13.90553104,1
63674.552262,1677.52,3.5746415,1
63674.552262,1677.53,0.89366038,1
63674.552262,1677.57,2.36608073,1
63674.552262,1677.57,1.48986446,1
63674.552262,1677.58,4.9695755,1
63674.552262,1677.58,1.69443881,1
63674.552262,1677.6,10,1
63674.552262,1677.6,0.05,1
63674.552262,1677.6,0.001,1
63674.552262,1677.61,0.91406821,1
63674.552262,1677.63,0.27445142,1
63674.552262,1677.64,1.48986446,1
63674.552262,1677.66,3.5746415,1
63674.552262,1677.67,9.78725298,1
63674.552262,1677.7,10,1
63674.552262,1677.7,1.19032008,1
63674.552262,1677.7,0.001,1
63674.552262,1677.7,0.117,1
63674.552262,1677.71,1.48986446,1
63674.552262,1677.72,1.19153568,1
63674.552262,1677.72,1.575,1
63674.552262,1677.74,0.89366038,1
63674.552262,1677.76,4.03321221,1
63674.552262,1677.77,3.5746415,1
63674.552262,1677.78,1.11280266,1
63674.552262,1677.8,10,1
63674.552262,1677.8,0.05,1
63674.552262,1677.8,0.001,1
63674.552262,1677.8,1.48986446,1
63674.552262,1677.8,0.117,1
63674.552262,1677.81,5.48569258,1
63674.552262,1677.81,3.78814925,1
63674.552262,1677.82,1.48899606,1
63674.552262,1677.83,0.00089374,1
63674.552262,1677.85,2.68256324,1
63674.552262,1677.86,0.89366038,1
63674.552262,1677.88,1.48986446,1
63674.552262,1677.89,1.575,1
63674.552262,1677.9,0.001,1
63674.552262,1677.9,0.117,1
63674.552262,1677.92,1.29034838,1
63674.552262,1677.92,2.43368533,1
63674.552262,1677.93,0.05959725,1
63674.552262,1677.93,3.5746415,1
63674.552262,1677.95,0.05949123,1
63674.552262,1677.95,0.17768,1
63674.552262,1677.96,1.48986446,1
63674.552262,1677.98,1.09312067,1
63674.552262,1677.98,0.03430643,1
63674.552262,1677.99,3.13076298,1
63674.552262,1677.99,0.1,1
63674.552262,1677.99,0.2,1
63674.552262,1678,0.05,1
63674.552262,1678,0.001,1
63674.552262,1678,0.117,1
63674.552262,1678.01,0.89366038,1
63674.552262,1678.03,0.981,1
63674.552262,1678.03,1.48986446,1
63674.552262,1678.04,3.5746415,1
63674.552262,1678.05,0.1553216,1
63674.552262,1678.07,4.3357053,1
63674.552262,1678.1,0.001,1
63674.552262,1678.1,0.117,1
63674.552262,1678.11,1.575,1
63674.552262,1678.12,4.10938561,1
63674.552262,1678.15,3.5746415,1
63674.552262,1678.15,1.48986446,1
63674.552262,1678.16,1.93753472,1
63674.552262,1678.16,4.03423106,1
63674.552262,1678.17,0.89366038,1
63674.552262,1678.18,0.13722571,1
63674.552262,1678.2,0.05,1
63674.552262,1678.2,0.001,1
63674.552262,1678.22,1.48986446,1
63674.552262,1678.23,1.5708271,1
63674.552262,1678.27,0.5413224,1
63674.552262,1678.3,9.01902092,1
63674.552262,1678.3,0.06861286,1
63674.552262,1678.3,0.001,1
63674.552262,1678.3,0.117,1
63674.552262,1678.31,6.91879594,1
63674.552262,1678.32,0.89366038,1
63674.552262,1678.35,0.05945062,1
63674.552262,1678.35,1.48986446,1
63674.552262,1678.36,0.9249411,1
63674.552262,1678.4,0.111,1
63674.552262,1678.4,0.001,1
63674.552262,1678.43,0.00076402,1
63674.552262,1678.47,10.21952207,1
63674.552262,1678.48,1.48986446,1
63674.552262,1678.48,7.05782388,1
63674.552262,1678.54,0.89363088,1
63674.552262,1678.55,1.42294672,1
63674.552262,1678.56,1.19153568,1
63674.552262,1678.56,1.575,1
63674.552262,1678.56,0.43791461,1
63674.701848,1678.11,0.52528322,1
63674.692611,1678.17,0.52528322,1
63674.687515,1678.17,0.255,1
63674.687515,1678.2,0.1,1
63674.687515,1678.2,0.2,1
63674.685422,1678.1,2.12979507,1
63674.685422,1678.16,0.55507901,1
63674.684145,1678.16,0.42454938,1
63674.683927,1678.16,0.00137161,1
63674.683927,1678.24,0.55617777,1
63674.683108,1678.24,1.01882223,1
63674.683108,1678.3,0.05198045,1
63674.683108,1678.3,0.001,1
63674.683108,1678.32,0.8937467,1
63674.682968,1678.41,0.5559863,1
63674.682813,1678.41,0.63554938,1
63674.661433,1678.41,0.43791432,1
63674.661433,1678.41,1.19153568,1
63674.807072,1678.01,0.036753,-1
63674.751623,1677.97,0.02135186,1
63674.751623,1677.97,0.53835186,1
63675.474961,1678.02,1,-1
63675.474961,1678.01,0.05945062,-1
63675.541454,1678.06,1,-1
63677.201003,1678.5,0.001,-1
63677.05504,1678.3,0.07148042,-1
63677.052502,1678.3,0.92851958,-1
63677.052502,1678.3,0.001,-1
63677.051221,1678.29,0.05945062,-1
63677.051221,1678.28,1,-1
63677.42154,1678.58,0.17128861,-1
63677.42154,1678.57,0.553626,-1
63678.39761,1678.54,0.03178866,-1
63678.39761,1678.54,0.17128,-1
63678.39761,1678.53,0.49984595,-1
63678.341229,1678.57,1.19149192,1
63678.341229,1678.57,0.20030808,1
63678.703609,1678.6,0.001,-1
63678.689775,1678.58,0.00000595,-1
63678.689775,1678.54,0.21152746,-1
63678.689772,1678.54,0.15755519,-1
63678.689772,1678.52,0.0792,-1
63678.689772,1678.52,0.77704055,-1
63678.64263,1678.52,0.0792,-1
63678.601764,1678.52,0.14081,-1
63678.588223,1678.52,0.00294945,-1
63678.580233,1678.5,0.79692273,-1
63678.808119,1678.82,0.048,-1
63678.713658,1678.8,0.001,-1
63678.713658,1678.7,0.001,-1
63679.171269,1678.9,0.00194945,-1
63679.171269,1678.9,0.001,-1
63682.125711,1678.8,0.47191172,-1
63682.514651,1678.87,0.55155551,-1
63682.504503,1678.82,0.00194,-1
63682.504503,1678.82,0.99805055,-1
63682.504503,1678.8,0.47191,-1
63682.504503,1678.8,0.00194,-1
63682.504503,1678.8,0.52614828,-1
63682.613656,1679,0.0045265,-1
63682.613656,1679,0.001,-1
63683.250735,1679.09,0.0289473,-1
63683.419082,1679.1,0.04617555,-1
63683.419082,1679.1,0.001,-1
63683.419082,1679.09,0.01447365,-1
63683.419082,1679.09,0.22097567,-1
63684.234568,1678.92,0.03108129,-1
63685.118743,1678.88,0.62191461,-1
63685.218194,1678.87,0.22445973,1
63685.817737,1678.87,0.0237477,1
63685.910825,1678.92,0.55153312,-1
63685.907368,1678.9,0.943,-1
63685.906959,1678.9,0.057,-1
63685.906901,1678.88,0.44419211,-1
63685.906833,1678.88,0.17771789,-1
63685.906833,1678.88,0.37808539,-1
63688.078777,1679.04,0.00075638,-1
63688.078777,1679.04,1,-1
63688.632081,1679.2,0.02079168,-1
63688.632081,1679.2,0.001,-1
63688.632081,1679.1,0.001,-1
63688.632081,1679.1,0.00614614,-1
63689.115638,1679.2,0.07260666,-1
63689.115638,1679.19,0.00038113,-1
63689.115638,1679.19,0.10218402,-1
63690.223261,1679.3,0.19673063,-1
63690.222772,1679.3,0.35483847,-1
63690.222772,1679.3,0.001,-1
63690.846534,1679.66,0.02663386,-1
63690.846534,1679.6,0.001,-1
63690.846534,1679.5,0.001,-1
63690.846534,1679.48,0.02824764,-1
63690.846534,1679.4,0.001,-1
63691.091705,1679.58,0.01110545,1
63692.877443,1679.59,0.00738868,-1
63698.079922,1679.56,1.19067333,1
63698.079922,1679.56,0.00012491,1
63698.041338,1679.56,0.99987509,1
63698.041338,1679.57,0.597,1
63698.041338,1679.58,0.00012491,1
63698.040856,1679.58,0.00112933,1
63698.040856,1679.58,1,1
63698.040856,1679.58,0.27827067,1
63698.039818,1679.58,0.9126,1
63699.685899,1679.59,0.06127685,-1
63699.685899,1679.59,0.17643594,-1
63700.304956,1679.68,1,1
63701.543494,1679.7,0.09246878,-1
63701.540221,1679.7,0.72691461,-1
63701.54001,1679.7,0.28317063,-1
63701.54001,1679.7,0.001,-1
63701.910675,1679.79,0.27445399,1
63701.910675,1679.79,0.13722699,1
63701.910675,1679.79,0.137227,1
63701.910675,1679.79,1.19080301,1
63703.895937,1679.79,0.02877595,-1
63704.273105,1679.79,0.06776672,-1
63705.555406,1679.79,0.03241785,-1
63706.558906,1679.78,0.00426868,1
63706.816458,1679.73,0.0455578,1
63706.816458,1679.76,1,1
63706.816458,1679.77,0.4854422,1
63706.816225,1679.77,0.70508718,1
63706.816225,1679.78,0.99573132,1
63706.884677,1679.55,0.981,1
63706.881305,1679.56,0.62114902,1
63706.880824,1679.62,1.19052938,1
63707.667574,1679.33,0.1663375,1
63707.667574,1679.4,0.001,1
63707.667574,1679.5,0.00076301,1
63707.667574,1679.5,0.001,1
63708.212874,1679.36,0.01156912,-1
63708.497693,1679.36,0.00398634,-1
63708.625887,1679.35,0.04107246,-1
63710.108065,1679.6,0.001,-1
63710.14282,1679.65,0.05945062,-1
63711.178204,1679.64,0.07192789,1
63711.178201,1679.64,0.07692948,1
63711.178201,1679.69,0.07187052,1
63711.177151,1679.69,0.3428,1
63711.173295,1679.69,0.77601529,1
63711.173295,1679.69,0.13722699,1
63711.173295,1679.69,0.137227,1
63711.311412,1679.53,0.04008629,-1
63712.178499,1679.49,0.07366465,-1
63714.187796,1679,3.8844328,1
63714.187796,1679,0.05,1
63714.187796,1679,0.001,1
63714.187796,1679.1,0.05955572,1
63714.187796,1679.1,0.001,1
63714.18641,1679.2,0.03032851,1
63714.186368,1679.2,0.03032851,1
63714.186358,1679.2,0.06065702,1
63714.178139,1679.28,0.03032852,1
63714.176853,1679.28,0.03032851,1
63714.173902,1679.2,0.24702572,1
63714.173902,1679.24,0.04852561,1
63714.173902,1679.24,0.02426281,1
63714.173902,1679.28,4.46730381,1
63714.167036,1679.19,1.04873401,1
63714.167036,1679.2,1.19125973,1
63714.167036,1679.2,4.46730381,1
63714.167036,1679.2,13.02584719,1
63714.167036,1679.2,0.05,1
63714.167036,1679.2,0.001,1
63714.167036,1679.23,0.981,1
63714.1666,1679.27,0.685953,1
63714.1666,1679.3,0.001,1
63714.1666,1679.31,0.14885737,1
63714.1666,1679.34,0.05945062,1
63714.166326,1679.4,0.001,1
63714.166326,1679.44,0.60665341,1
63714.161825,1679.6,0.44391461,1
63714.161825,1679.6,0.122,1
63714.161825,1679.61,0.44291461,1
63714.161695,1679.62,0.44291461,1
63714.161695,1679.63,0.44291461,1
63714.161695,1679.64,0.44291461,1
63714.161695,1679.65,0.44291461,1
63714.161695,1679.66,0.44291461,1
63714.161695,1679.67,1.19068581,1
63714.161695,1679.67,0.44291461,1
63714.161695,1679.68,0.44291461,1
63714.161695,1679.69,0.19410247,1
63714.161695,1679.69,0.44291461,1
63714.454963,1679.03,0.02472872,1
63714.724731,1678.91,0.05945062,-1
63714.724731,1678.91,0.56967148,-1
63714.843648,1678.92,0.69691461,-1
63715.168299,1678.91,0.01473644,-1
63716.004806,1678.91,0.00574625,-1
63716.248945,1678.9,0.00000595,1
63716.23649,1678.9,0.00117404,1
63716.23649,1678.9,0.001,1
63717.711905,1679.1,1.55059233,-1
63717.711905,1679.09,1.19125973,-1
63717.711905,1679.08,0.15414212,-1
63717.711905,1679.07,1.19126815,-1
63717.711905,1679.06,0.981,-1
63717.711905,1679.03,3.27592523,-1
63717.709382,1678.92,0.15414212,-1
63717.709382,1678.91,0.27577416,-1
63717.709382,1678.84,0.44620133,-1
63717.709188,1678.84,0.55379867,-1
63717.709058,1678.82,0.05945062,-1
63717.709058,1678.82,0.05228672,-1
63717.708964,1678.82,0.44779867,-1
63717.708792,1678.82,0.49991461,-1
63718.61477,1679.06,0.00771708,-1
63718.601746,1679.06,0.57874213,-1
63720.506341,1678.67,0.02823536,-1
63720.448535,1678.7,0.0758157,1
63720.448382,1678.7,0.07305053,1
63720.448382,1678.7,0.001,1
63720.448382,1678.8,0.00076517,1
63720.448382,1678.8,0.001,1
63721.10228,1678.6,0.001,1
63721.091624,1678.66,0.10090657,1
63721.13453,1678.5,0.001,1
63721.864237,1678.4,0.001,1
63721.977389,1678.2,0.001,1
63721.974047,1678.23,0.01082732,1
63721.974047,1678.23,0.10275521,1
63721.974047,1678.3,0.001,1
63723.923608,1678.11,0.0999999,-1
63723.990766,1678.1,0.00050621,1
63724.731909,1678.11,0.01129615,-1
63724.967889,1678,0.001,1
63724.96375,1678.1,0.00049379,1
63725.177687,1677.71,0.41351052,1
63725.177687,1677.8,0.149,1
63725.177687,1677.8,0.001,1
63725.177687,1677.9,0.001,1
63725.320465,1677.89,0.676,-1
63725.320465,1677.84,0.026,-1
63725.320413,1677.84,0.681,-1
63725.320162,1677.84,0.293,-1
63725.319059,1677.82,0.05945062,-1
63725.319059,1677.82,1,-1
63725.319059,1677.82,1.39837408,-1
63725.530719,1678.11,0.16946918,-1
63725.694459,1678.11,0.42059885,-1
63725.671004,1678.11,0.27142372,-1
63725.671004,1678.11,0.53049089,-1
63726.061379,1678.22,0.60382922,-1
63726.061379,1678.2,0.19908539,-1
63726.051094,1678.2,0.80091461,-1
63726.051094,1678.2,0.001,-1
63726.602097,1678.4,0.0148208,-1
63726.602097,1678.4,0.001,-1
63726.86653,1678.4,0.01765967,-1
63727.187527,1678.42,0.08818001,-1
63727.187527,1678.4,0.4727346,-1
63727.171944,1678.4,0.5272654,-1
63727.171944,1678.4,0.27964921,-1
63727.154378,1678.4,0.74546399,-1
63727.154378,1678.4,0.05945062,-1
63728.102723,1678.41,0.17877254,1
63730.698148,1678.42,0.07062288,-1
63731.094052,1678.42,0.00280259,-1
63732.580425,1678.17,0.14889549,1
63732.580425,1678.18,0.5,1
63732.580425,1678.2,0.001,1
63732.580425,1678.24,0.21671324,1
63732.580425,1678.25,0.05945062,1
63732.578151,1678.27,1.19170934,1
63732.578151,1678.27,0.89377528,1
63732.679822,1678.1,1.19170934,1
63732.679822,1678.1,0.001,1
63732.636593,1678.11,0.0723242,-1
63734.877426,1678.01,0.02099827,-1
63734.877426,1678.01,0.00000595,-1
63737.036991,1678.01,0.01412676,-1
63737.366409,1678.02,0.02894937,-1
63737.511401,1678.02,0.82191461,-1
63738.267354,1678.02,0.00579365,-1
63738.861997,1678.02,0.68157224,-1
63738.861997,1678.02,0.14334237,-1
63739.673412,1678.02,0.01179969,-1
63739.865064,1678.01,0.00440478,1
63739.865064,1678.01,0.00101251,1
63742.114338,1678.04,0.17095011,-1
63742.11314,1678.04,0.82904989,-1
63742.11314,1678.02,0.0118,-1
63742.11314,1678.02,0.15928346,-1
63742.103116,1678.02,0.66563654,-1
63742.103116,1678.02,0.00579,-1
63742.103116,1678.02,0.15748807,-1
63743.709118,1678.3,0.001,-1
63747.141418,1678.39,0.81191461,-1
63748.715809,1678.42,0.02794977,-1
63748.715809,1678.4,0.001,-1
63750.037107,1678.29,0.00678478,-1
63750.907664,1678.2,0.001,1
63751.437455,1678.11,0.13848708,-1
63752.451283,1678.11,0.12928962,1
63755.934919,1678.42,0.14213639,-1
63755.885658,1678.42,0.34856032,-1
63755.885658,1678.42,0.13190367,-1
63755.885658,1678.4,0.05945062,-1
63755.885658,1678.4,0.001,-1
63755.994403,1678.42,0.09999285,-1
63756.090214,1678.42,0.20982233,-1
63756.090214,1678.42,0.03878339,-1
63756.138219,1678.6,0.18014362,-1
63756.138219,1678.6,0.001,-1
63756.138219,1678.5,0.001,-1
63757.799435,1678.59,0.05975241,-1
63758.211714,1678.59,0.00760263,-1
63758.501529,1678.59,0.02894592,-1
63759.795923,1678.6,0.28118772,-1
63759.795923,1678.57,0.29793768,-1
63760.085177,1678.59,0.00289577,-1
63760.972585,1678.58,0.00137824,1
63761.38374,1678.41,1.0025523,-1
63761.518871,1678.48,0.17524508,-1
63761.518871,1678.43,1.19159358,-1
63761.518871,1678.43,0.89369559,-1
63761.518871,1678.42,2.68001513,-1
63761.518871,1678.41,0.05945062,-1
63761.601142,1678.12,0.09971596,1
63761.601142,1678.12,0.2,1
63761.601142,1678.16,2.68001513,1
63761.601142,1678.17,1.19159358,1
63761.601142,1678.2,0.05,1
63761.601142,1678.2,0.001,1
63761.601142,1678.23,1.575,1
63761.601142,1678.24,2.18724551,1
63761.601142,1678.24,0.970722,1
63761.601142,1678.27,0.89377241,1
63761.601142,1678.3,0.14893541,1
63761.601142,1678.3,0.001,1
63761.601142,1678.4,0.001,1
63767.969202,1678.5,0.0103002,-1
63767.969202,1678.5,0.001,-1
63768.014893,1678.5,0.02894816,-1
63768.170144,1678.5,0.01769342,-1
63770.247399,1678.55,0.02894799,-1
63770.435129,1678.57,0.00589786,-1
63771.055038,1678.55,0.01157802,-1
63773.633196,1678.53,0.00868204,-1
63773.890928,1678.59,1.00592932,-1
63773.890928,1678.57,0.05945062,-1
63773.890928,1678.56,0.12430902,-1
63774.269027,1678.58,0.01157802,-1
63774.391603,1678.58,0.01157802,-1
63775.281104,1678.34,0.00565013,-1
63778.656788,1678.44,0.1259,1
63780.090097,1678.31,0.06044094,-1
63780.164658,1678.31,0.0557,1
63781.746144,1678.07,0.08605389,1
63781.746144,1678.1,0.001,1
63781.746144,1678.14,0.15675646,1
63781.746144,1678.2,0.001,1
63781.746144,1678.3,0.00131776,1
63781.746144,1678.3,0.001,1
63781.878701,1678.08,0.12905047,-1
63781.878701,1678.02,0.00677068,-1
63781.878701,1678.02,0.02031205,-1
63781.878701,1678.02,0.08124822,-1
63782.131145,1678.07,0.00148294,-1
63782.180752,1678.08,0.05959349,-1
63782.180752,1678.07,0.00074147,-1
63782.180752,1678.07,0.05268254,-1
63782.807294,1678.01,0.1083168,1
63783.476797,1678.09,0.28127811,-1
63783.893466,1678.15,0.20864225,-1
63783.893466,1678.15,0.0404352,-1
63783.893466,1678.15,0.04043521,-1
63785.406852,1678.04,0.001614,1
63785.991083,1678.2,0.00421225,1
63786.275442,1678.21,0.00000595,-1
63786.275442,1678.21,2.97935895,-1
63788.604198,1678.07,1.19183349,1
63788.710377,1678,0.001,1
63788.710377,1678.03,0.01034416,1
63788.710377,1678.03,0.08840838,1
63788.710377,1678.03,0.14800949,1
63791.651482,1678.03,0.30893015,1
63791.853002,1678.1,0.01447356,-1
63793.296404,1678.27,0.05690322,-1
63793.296404,1678.2,0.001,-1
63796.676248,1678.14,0.05404,-1
63798.00915,1678.09,0.00139667,-1
63798.332735,1678.1,0.10509229,-1
63798.332735,1678.09,0.00069834,-1
63798.332735,1678.09,0.18917995,-1
63798.810788,1678.1,0.01111119,-1
63800.014593,1678.09,0.02825875,-1
63802.882786,1678.14,0.00058994,-1
63803.621961,1678.19,1.01849276,-1
63803.621961,1678.18,0.05945062,-1
63803.621961,1678.14,0.08021982,-1
63804.90779,1678.3,2.97920514,-1
63804.90779,1678.3,0.001,-1
63806.380123,1678.4,0.0157437,-1
63806.380123,1678.4,0.001,-1
63807.445552,1678.39,0.00114534,1
63807.499004,1678.4,0.5327453,-1
63809.459732,1678.38,0.00146125,-1
63810.512475,1678.39,0.12397035,1
63811.330481,1678.4,0.78508658,-1
63811.330309,1678.4,1.64545206,-1
63811.375092,1678.8,0.13653706,-1
63811.375092,1678.8,0.001,-1
63811.375092,1678.7,0.149,-1
63811.375092,1678.7,0.001,-1
63811.375092,1678.6,0.001,-1
63811.375092,1678.5,0.001,-1
63812.356595,1678.51,0.03244296,-1
63813.597467,1678.21,0.22261253,1
63813.597467,1678.23,0.00189875,1
63813.597467,1678.3,0.001,1
63813.597467,1678.33,0.00210724,1
63814.23686,1678.21,0.068377,-1
63816.544125,1678.21,0.80890039,-1
63816.544125,1678.21,0.05945062,-1
63817.459089,1678.14,2.19250967,1
63817.459089,1678.14,0.2514489,1
63817.459089,1678.15,1.48973572,1
63817.459089,1678.2,0.001,1
63818.939134,1678.23,0.11581197,-1
63819.618225,1678.22,0.18055701,1
63820.634814,1678.18,0.02895299,-1
63820.675669,1678.18,0.03322565,-1
63820.675669,1678.18,0.0847783,-1
63825.288238,1678.39,0.01973333,1
63825.813049,1678.5,0.0246878,-1
63825.813049,1678.5,0.147,-1
63825.813049,1678.5,0.001,-1
63825.813049,1678.4,0.001,-1
63826.228852,1678.43,0.02949536,-1
63828.536052,1678.51,0.00719179,-1
63828.536052,1678.5,0.001,-1
63832.114572,1678.51,0.02364632,-1
63832.06787,1678.51,0.02948738,-1
63832.451159,1678.49,0.00575064,-1
63833.196141,1678.4,0.00294906,-1
63833.584239,1678.51,2.65427278,-1
63833.576643,1678.48,0.48115827,-1
63833.576643,1678.48,0.05945062,-1
63833.576643,1678.46,0.02769555,-1
63833.576643,1678.46,0.02769556,-1
63834.236955,1678.51,0.00058981,-1
63835.333671,1678.51,0.01474522,-1
63835.527655,1678.51,0.01474523,-1
63835.843738,1678.5,0.07976702,1
63836.531366,1678.5,0.05341573,1
63837.201958,1678.5,0.0414718,1
63841.492732,1678.51,0.23415388,-1
63841.625308,1678.92,0.096,-1
63841.625308,1678.9,0.001,-1
63841.625041,1678.83,0.048,-1
63841.625041,1678.8,0.001,-1
63841.57915,1678.7,0.001,-1
63841.543864,1678.6,2.97866674,-1
63841.543864,1678.6,0.001,-1
63841.987308,1679,0.001,-1
63845.80458,1679.06,0.02825184,-1
63847.287608,1679.06,0.02260147,-1
63847.659403,1679.06,0.0010147,-1
63847.655968,1679.05,0.0017336,1
63847.826357,1679.53,0.62398539,-1
63847.826357,1679.5,0.001,-1
63847.826357,1679.46,0.048,-1
63847.826357,1679.4,0.001,-1
63847.825136,1679.38,0.90524479,-1
63847.824929,1679.3,0.001,-1
63847.824929,1679.25,0.05945062,-1
63847.822636,1679.2,0.147,-1
63847.822636,1679.2,0.001,-1
63847.816482,1679.1,0.147,-1
63847.816482,1679.1,0.001,-1
63847.816482,1679.06,0.9749863,-1
63847.864475,1680,0.05,-1
63847.864475,1680,0.001,-1
63847.861284,1679.9,0.001,-1
63847.859009,1679.86,0.192,-1
63847.859009,1679.8,0.05,-1
63847.859009,1679.8,0.001,-1
63847.842594,1679.65,0.12604712,-1
63847.840543,1679.74,1.19125973,-1
63847.837019,1679.72,0.05946735,-1
63847.837019,1679.72,1.575,-1
63847.836673,1679.7,0.00113122,-1
63847.836673,1679.7,0.00010672,-1
63847.835004,1679.7,0.00089328,-1
63847.834961,1679.66,2.9783385,-1
63847.833846,1679.66,0.00089328,-1
63847.833445,1679.63,2.47386248,-1
63847.832745,1679.63,1.56399752,-1
63847.832745,1679.63,0.15353504,-1
63847.832661,1679.63,0.00089328,-1
63847.832398,1679.63,0.00089328,-1
63847.832096,1679.6,0.05,-1
63847.832096,1679.6,0.001,-1
63847.832096,1679.58,2.34480032,-1
63847.832096,1679.57,0.981,-1
63847.832096,1679.57,0.096,-1
63847.832096,1679.37,0.88873067,-1
63847.831848,1679.37,0.00089329,-1
63847.831656,1679.37,0.00089329,-1
63847.831616,1679.37,0.00089329,-1
63847.831266,1679.37,0.00089329,-1
63847.831078,1679.37,0.00089329,-1
63847.829685,1679.38,1.26668477,-1
63847.829565,1679.38,1.71060446,-1
63847.991238,1680.31,0.096,-1
63847.979631,1680.3,0.00113122,-1
63847.979631,1680.3,0.001,-1
63847.979631,1680.28,0.01798922,-1
63847.966671,1680.2,1.10416912,-1
63847.966671,1680.2,0.001,-1
63847.966671,1680.2,0.05,-1
63847.966671,1680.1,0.001,-1
63847.933375,1680.07,0.048,-1
63847.933375,1680.07,0.12601562,-1
63847.933375,1679.93,0.5,-1
63848.001427,1680.4,0.001,-1
63848.001427,1680.4,0.05,-1
63848.092303,1680.5,0.001,-1
63848.431675,1679.74,0.93384103,1
63848.428834,1679.8,0.0141154,-1
63848.371648,1679.74,1.278,1
63848.371648,1679.79,1.575,1
63848.371648,1679.8,0.147,1
63848.327384,1680.21,0.051,-1
63848.320725,1680.06,0.07176093,1
63848.320725,1680.06,0.03588046,1
63848.320725,1680.07,0.05945062,1
63848.320725,1680.09,0.28615221,1
63848.320725,1680.09,0.28615222,1
63848.320725,1680.09,0.8267333,1
63848.315659,1680.09,0.7482667,1
63848.448985,1679.74,1.82601897,1
63848.575336,1679.4,0.05,1
63848.575242,1679.5,0.001,1
63848.565017,1679.61,0.46091461,1
63848.565017,1679.62,0.32280416,1
63848.564755,1679.62,0.13811045,1
63848.564755,1679.64,0.45991461,1
63848.564755,1679.65,0.45991461,1
63848.86471,1679.82,0.28615222,1
63849.213293,1679.72,0.03761748,-1
63849.247954,1679.71,0.332872,1
63850.211278,1679.68,0.52574709,1
63850.207441,1679.68,0.47425291,1
63850.207441,1679.7,1,1
63850.207441,1679.7,0.03480405,1
63850.368577,1679.59,0.00000595,1
63850.770678,1679.7,0.05425349,-1
63850.770678,1679.6,1.12484035,-1
63851.028125,1679.65,0.05,-1
63851.465007,1679.63,0.0737261,-1
63854.059606,1679.75,0.00294694,-1
63855.16256,1679.75,0.00479215,-1
63855.555929,1679.75,0.01771379,-1
63856.077572,1679.8,0.001,-1
63856.206795,1679.9,0.001,-1
63856.206795,1679.9,0.18648133,-1
63856.433231,1680,0.001,-1
63856.66872,1680.2,0.05796156,-1
63856.66872,1680.1,0.001,-1
63856.945034,1680.2,0.001,-1
63857.161322,1680.3,0.001,-1
63857.511005,1680.08,1,1
63857.46891,1680.09,0.39506083,-1
63858.262737,1680.03,0.11293842,-1
63859.14682,1680.02,0.00266667,1
63859.14682,1680.02,0.06891202,1
63859.353848,1679.84,0.03445601,1
63859.353848,1679.9,0.001,1
63859.487953,1679.81,0.02892645,-1
63860.644995,1679.81,0.00038303,-1
63860.922568,1679.8,0.00001214,1
63861.070939,1679.81,0.00294638,-1
63863.004578,1679.81,0.55127067,-1
63867.240529,1679.91,0.57705851,-1
63867.239122,1679.86,0.24396367,-1
63867.239096,1679.86,0.14005851,-1
63867.238957,1679.86,0.591,-1
63867.238908,1679.86,0.02030063,-1
63867.238908,1679.82,0.70175788,-1
63867.238884,1679.82,0.19119516,-1
63867.238884,1679.81,0.14448851,-1
63867.238884,1679.81,0.05945062,-1
63867.238884,1679.81,0.02448321,-1
63867.238884,1679.81,0.07344964,-1
63867.238884,1679.81,0.09793286,-1
63867.520671,1679.81,0.11291691,-1
63867.769571,1679.81,0.018,-1
63867.769105,1679.81,0.018,-1
63868.734283,1679.92,0.02892352,-1
63870.442069,1679.94,0.00119261,1
63871.7827,1680.02,0.00082717,1
63871.7827,1680.02,0.25073542,1
63871.7827,1680.02,0.25073541,1
63872.678192,1679.8,0.00099914,1
63872.678192,1679.8,0.00098786,1
63872.873273,1679.81,0.1129317,-1
63873.304157,1679.81,0.01446081,-1
63873.551328,1679.81,0.02378292,-1
63874.762382,1679.7,0.00089297,1
63874.761979,1679.74,0.00089297,1
63874.761817,1679.74,0.00089211,1
63874.761817,1679.8,0.00000086,1
63875.870087,1679.71,0.05784429,-1
63878.151465,1679.71,0.01524573,-1
63879.292384,1679.7,0.00010703,1
63879.813282,1679.67,0.269857,1
63880.962657,1679.71,0.0029466,-1
63881.141198,1679.69,0.136402,1
63881.31693,1679.7,0.139,1
63881.265449,1679.66,0.115,-1
63881.368506,1679.68,0.01156968,-1
63881.680763,1679.75,0.56799544,-1
63881.680736,1679.75,0.56799545,-1
63881.677292,1679.75,0.32066358,-1
63881.677039,1679.75,0.32066358,-1
63881.91292,1679.86,0.02955927,1
63881.83921,1679.89,1.19055908,1
63881.83921,1679.89,0.03287148,1
63881.83921,1679.89,0.09861444,1
63883.324372,1680.05,0.588322,-1
63883.324372,1680.03,0.12345612,-1
63883.301923,1680.02,0.00062499,-1
63883.301923,1680,0.001,-1
63883.095513,1679.9,0.001,-1
63883.583512,1680.1,0.001,-1
63883.748098,1680.19,1.19038104,1
63883.748098,1680.19,0.06574296,1
63884.420865,1680.16,0.1072857,-1
63884.971316,1680.12,0.460914,1
63885.964629,1680.11,0.00085585,1
63885.964629,1680.11,1.19038163,1
63886.101927,1679.8,0.5,1
63886.101927,1679.8,0.001,1
63886.100663,1679.85,0.03342233,1
63886.100663,1679.9,0.001,1
63886.182952,1679.7,0.46691439,1
63886.182952,1679.7,0.00000061,1
63886.155558,1679.7,0.467914,1
63886.155558,1679.7,0.001,1
63886.38241,1679.62,0.05945062,-1
63887.063381,1679.72,0.04479611,-1
63887.17491,1679.72,0.05945062,-1
63887.48638,1680,0.28495502,-1
63887.48638,1680,0.001,-1
63887.48638,1680,0.139,-1
63887.48638,1679.96,0.89288254,-1
63887.48638,1679.94,3.27425779,-1
63887.48638,1679.93,2.6068548,-1
63887.48638,1679.92,0.05945062,-1
63887.48638,1679.9,0.139,-1
63887.468974,1679.89,0.462914,1
63887.737844,1680.01,0.03719652,-1
63888.728042,1679.98,0.45791447,1
63888.728042,1679.98,0.05526953,1
63889.769636,1679.87,0.456914,1
63890.269411,1679.87,0.435838,1
63890.256219,1679.87,0.01907569,1
63890.256219,1679.87,0.00000061,1
63890.814273,1679.88,0.21722708,-1
63890.918713,1680.06,1.190532,1
63891.263516,1680,0.57236522,-1
63891.494099,1680.1,0.35991461,-1
63891.494099,1680.1,0.001,-1
63891.480896,1680.07,0.4419391,-1
63891.480652,1680.07,0.11092476,-1
63891.480652,1680.07,0.02572865,-1
63891.480652,1680.07,0.3052857,-1
63891.797958,1680.1,0.40819274,-1
63891.797793,1680.1,0.40819275,-1
63891.794437,1680.1,0.19934995,-1
63891.79393,1680.1,0.19934995,-1
63891.968939,1680.16,0.00089278,-1
63891.968133,1680.16,0.00089278,-1
63891.968014,1680.16,0.00089278,-1
63891.967848,1680.16,0.00089278,-1
63891.967727,1680.16,0.00089278,-1
63891.967585,1680.16,0.00089278,-1
63892.241647,1679.96,0.00000595,1
63892.231826,1679.98,0.03814926,1
63892.330431,1680.09,0.00058933,-1
63893.642908,1680.09,0.00058933,-1
63894.040407,1680.08,0.04235313,-1
63894.508321,1680.02,0.316211,1
63894.688962,1680.03,0.00294645,-1
63895.235021,1680.05,0.00169109,-1
63895.795185,1679.8,0.001,1
63895.795185,1679.9,0.001,1
63897.877005,1679.6,1.48844963,1
63897.877005,1679.6,0.001,1
63897.872941,1679.65,1.48840532,1
63897.872941,1679.7,0.001,1
63897.950677,1679.51,0.00294615,-1
63898.041527,1679.5,0.000764,1
63898.041527,1679.5,0.001,1
63898.229075,1679.41,0.0388889,-1
63898.611985,1679.4,0.00000595,1
63899.220602,1679.4,0.03308795,1
63899.220602,1679.4,0.00099405,1
63899.611643,1679.39,0.29294224,1
63899.676112,1679.31,0.1767773,-1
63900.024957,1679.31,0.01156699,-1
63900.673684,1679.2,0.001,1
63900.669694,1679.3,0.001,1
63900.774731,1678.86,1.19104624,1
63900.774731,1678.88,1,1
63900.772227,1678.9,1,1
63900.772227,1678.9,0.001,1
63900.772227,1678.94,0.03275723,1
63900.772227,1679,0.001,1
63900.771758,1679.1,0.001,1
63901.206753,1678.81,0.00279884,-1
63902.782467,1678.92,0.00095871,-1
63902.854483,1678.88,0.023728,-1
63903.405508,1678.87,0.01804216,1
63905.722793,1678.88,0.358,-1
63905.852162,1678.88,0.29728874,-1
63905.848823,1678.88,0.52013716,-1
63905.848823,1678.88,0.675081,-1
63905.848823,1678.88,0.01262208,-1
63909.123441,1678.96,0.02998052,-1
63909.722182,1678.95,0.1179144,-1
63910.230425,1678.95,0.05880777,-1
63910.280805,1678.95,0.05,-1
63912.300359,1678.87,11.91206514,1
63912.300359,1678.88,1.1911466,1
63912.300359,1678.91,0.29835344,1
63912.376968,1678.8,0.001,1
63912.693572,1678.7,0.000858,1
63912.693572,1678.7,0.001,1
63913.223324,1678.5,1.19157752,1
63913.223324,1678.5,0.001,1
63913.223324,1678.52,0.03242965,1
63913.223324,1678.6,0.001,1
63913.02665,1678.61,0.00000595,-1
63913.015334,1678.61,0.00591919,-1
63914.628486,1678.41,0.32148936,-1
63914.628486,1678.41,0.05945062,-1
63914.628486,1678.41,0.33797463,-1
63914.758707,1678.41,0.72291461,-1
63915.021812,1678.41,0.4084234,-1
63915.198967,1678.69,0.43591428,1
63915.198967,1678.69,0.05594127,1
63915.198967,1678.69,0.01864709,1
63915.198967,1678.69,0.07458836,1
63917.514672,1678.66,0.72204878,-1
63917.514672,1678.66,0.04986583,-1
63917.510644,1678.66,0.00958479,-1
63917.726901,1678.7,0.001,-1
63917.726901,1678.66,0.13498052,-1
63917.726901,1678.66,0.40173447,-1
63918.117477,1678.75,0.464914,1
63918.371703,1678.68,0.00000595,1
63919.008627,1678.65,13,1
63921.008341,1678.51,0.00058976,-1
63921.86341,1678.51,0.01157928,-1
63922.027128,1678.5,0.00001216,1
63922.340918,1678.5,0.00098784,1
63922.366815,1678.4,0.00083852,1
63923.305854,1678.41,0.05095312,-1
63925.146814,1678.41,0.04934334,-1
63925.146814,1678.41,0.0084975,-1
63926.072247,1678.41,0.28757109,-1
63926.402238,1678.23,8.5084147,1
63926.402238,1678.24,1.48965582,1
63926.402238,1678.3,0.001,1
63926.402238,1678.4,0.000768,1
63926.402238,1678.4,0.00016148,1
63926.55392,1678.25,0.09868033,-1
63926.55327,1678.25,0.09868034,-1
63926.543177,1678.25,0.86691461,-1
63927.276455,1678.38,0.0016894,1
63927.457136,1678.28,0.01050324,1
63927.457136,1678.29,0.07374366,1
63928.376092,1678.31,0.00000595,1
63930.186042,1678.22,0.00998677,-1
63930.748887,1678.22,0.054142,-1
63931.204921,1678.22,0.01447477,-1
63932.681016,1678.21,0.01474645,-1
63933.905571,1678.21,0.279,-1
63935.901449,1678.23,0.53040037,-1
63935.901449,1678.21,0.05945062,-1
63936.243997,1678.38,0.052,-1
63936.425315,1678.48,0.37953696,1
63936.347502,1678.41,0.01180584,-1
63936.347502,1678.41,0.31528053,-1
63936.347502,1678.41,0.21479224,-1
63936.347198,1678.38,0.42669374,-1
63937.308854,1678.47,0.00565138,-1
63938.573498,1678.43,0.02124659,1
63941.433299,1678.37,0.21152642,1
63941.433299,1678.4,1.19154701,1
63941.433299,1678.41,0.00098077,1
63941.433299,1678.41,1.575,1
63941.669114,1678.32,0.00102109,1
63945.011669,1678.44,0.00349025,1
63945.011669,1678.44,0.2,1
63945.011669,1678.44,0.1,1
63946.471978,1678.3,2.35397592,1
63946.471978,1678.3,3.29664832,1
63946.471978,1678.31,0.53170414,1
63946.471978,1678.38,0.15742818,1
63946.471978,1678.42,0.89369643,1
63946.471978,1678.45,1.19154701,1
63946.471978,1678.46,1.575,1
63946.580553,1678.46,0.00079555,-1
63947.766174,1678.39,0.085749,1
63949.290129,1678.35,0.11302186,-1
63949.607822,1678.4,0.02894868,-1
63950.901847,1678.48,0.17287665,-1
63952.135946,1678.49,0.01129973,-1
63952.395867,1678.48,0.00200788,1
63954.080019,1678.49,0.03003686,-1
63954.53244,1678.48,0.00071602,1
63954.726279,1678.49,0.00063198,-1
63954.653597,1678.49,0.00579199,-1
63955.341611,1678.49,0.14746011,-1
63956.229822,1678.48,0.00010831,1
63956.518628,1678.49,0.30233091,-1
63957.288143,1678.49,0.03243987,-1
63958.199797,1678.5,0.001,-1
63958.199797,1678.49,1.12503181,-1
63958.370681,1678.6,0.05551026,-1
63958.370681,1678.6,0.001,-1
63959.001818,1678.59,0.01447408,-1
63959.501987,1678.51,0.00000255,1
63960.324006,1678.57,0.05898158,-1
63960.459646,1678.35,0.68789589,1
63960.459646,1678.37,6.2639572,1
63960.459646,1678.37,2.45522048,1
63960.459646,1678.39,0.19038025,1
63960.459273,1678.39,0.15405094,1
63960.458791,1678.39,0.21181998,1
63960.458724,1678.39,0.42774883,1
63960.458724,1678.44,0.17935496,1
63960.458724,1678.47,0.89366902,1
63960.458724,1678.48,0.64059532,1
63960.458346,1678.56,0.05948985,1
63960.458346,1678.56,1.19145473,1
63961.210088,1678.31,0.00005898,-1
63961.373485,1678.31,0.00589816,-1
63961.496675,1678.31,0.00065708,-1
63962.230119,1678.36,0.02707535,-1
63962.17247,1678.36,0.01695131,-1
63962.92202,1678.31,0.02949079,-1
63963.206545,1678.2,1.14408187,1
63963.20284,1678.2,0.04588356,1
63963.20284,1678.2,0.001,1
63963.20284,1678.23,0.06421071,1
63963.20284,1678.25,1.19142164,1
63963.201593,1678.26,0.1,1
63963.201593,1678.26,0.2,1
63963.201593,1678.26,0.17935496,1
63963.201593,1678.3,0.00125658,1
63963.201593,1678.3,0.001,1
63963.300379,1678.09,1.19142164,1
63963.300379,1678.09,0.03210536,1
63963.300379,1678.1,0.001,1
63963.300379,1678.13,0.1422953,1
63963.297171,1678.14,0.01157809,-1
63966.126851,1678.04,1,-1
63966.126851,1678.02,1.21710451,-1
63966.126756,1678.02,1.70706206,-1
63966.126756,1678.02,1,-1
63968.076961,1678.21,0.00083871,1
63968.201546,1678.3,0.51611538,-1
63968.193385,1678.3,0.01289016,-1
63968.193385,1678.3,0.001,-1
63968.139529,1678.22,0.984375,-1
63969.065192,1678.37,0.02542969,-1
63971.176091,1678.18,0.06192146,1
63971.176091,1678.18,0.00487608,1
63971.701934,1678.06,0.28060204,1
63971.701934,1678.1,0.001,1
63971.94278,1678.01,0.42845891,-1
63972.117828,1678.01,0.63634367,-1
63972.117828,1678.01,1.38454109,-1
63972.17305,1678,0.001,1
63972.914932,1677.91,0.20006886,1
63973.283058,1677.91,0.10468473,1
63977.09938,1678,0.86855449,-1
63978.644097,1677.99,0.17717747,1
63978.644097,1677.99,0.0008572,1
63978.7911,1678,0.02969197,-1
63980.331127,1677.86,0.25030222,1
63980.331127,1677.9,0.001,1
63980.281461,1677.91,0.01582415,-1
63980.49956,1677.7,0.01479909,1
63980.49956,1677.7,0.001,1
63980.432308,1677.8,0.001,1
63981.712616,1677.61,0.00059002,-1
63982.375899,1677.61,0.01413021,-1
63985.451311,1677.61,0.05948985,-1
63985.451311,1677.61,0.16488163,-1
63985.450801,1677.61,0.64896367,-1
63988.713829,1677.79,1.38641663,-1
63988.713829,1677.77,0.05948985,-1
63988.713829,1677.75,0.53591461,-1
63988.713829,1677.74,0.53591461,-1
63988.713829,1677.74,0.43158991,-1
63991.298108,1677.7,0.05959422,1
63994.829565,1677.68,0.03390737,1
63994.929642,1677.69,0.00457265,-1
63996.077633,1677.61,0.03747684,-1
63997.55163,1677.76,0.00083901,1
63997.711088,1677.79,0.11584924,-1
64001.216735,1677.82,1.68835155,-1
64001.132006,1677.73,0.05948985,-1
64001.294769,1678,0.001,-1
64001.294769,1678,3.62921253,-1
64001.29466,1678,1.1351415,-1
64001.294571,1678,1.51352201,-1
64001.293356,1678,2.76733929,-1
64001.257481,1678,0.05553821,-1
64001.257481,1677.9,0.001,-1
64002.711422,1677.99,0.02038256,-1
64004.292963,1677.99,0.05948985,-1
64004.292963,1677.99,1.55948723,-1
64004.292744,1677.99,1.39988575,-1
64005.32428,1678.1,0.01080173,-1
64005.32428,1678.1,0.001,-1
64005.366888,1678.1,0.01008182,-1
64005.363308,1678.1,1.14318295,-1
64007.970201,1678.2,0.001,-1
64009.954268,1678.24,0.01352011,-1
64009.954268,1678.24,0.00000595,-1
64009.954268,1678.24,0.19990307,-1
64010.102994,1678.35,0.18318519,-1
64010.102994,1678.3,0.55174879,-1
64010.102994,1678.3,0.001,-1
64011.0721,1678.43,0.19994282,-1
64011.0721,1678.4,0.00000595,-1
64011.0721,1678.4,0.001,-1
64011.309948,1678.6,0.05699039,-1
64011.309948,1678.6,0.001,-1
64011.309948,1678.5,0.001,-1
64013.34351,1678.59,0.02543077,-1
64016.514973,1678.57,0.08866475,-1
64018.76863,1678.56,0.00280149,-1
64018.90543,1678.57,0.02026511,-1
64019.329652,1678.59,0.55165942,-1
64019.329652,1678.57,0.03924314,-1
64019.436315,1678.62,0.55163169,-1
64019.436315,1678.62,0.00117896,-1
64019.436315,1678.62,0.19999678,-1
64019.436315,1678.62,0.71693904,-1
64019.680795,1678.75,0.04026205,-1
64019.677328,1678.7,0.001,-1
64019.826584,1678.8,0.001,-1
64020.2071,1679.1,0.0114733,-1
64020.2071,1679.1,0.001,-1
64020.2071,1679,0.001,-1
64020.2071,1678.9,0.001,-1
64020.520502,1679.02,0.05959813,1
64020.622747,1678.76,0.51938561,1
64020.603586,1678.9,0.00263435,1
64020.594452,1678.91,0.00589788,-1
64020.585693,1678.98,0.30339701,1
64021.166934,1678.47,1.6741776,1
64021.166934,1678.5,0.159,1
64021.166934,1678.52,0.0311422,1
64021.166934,1678.6,0.001,1
64021.509922,1678.59,0.01412533,-1
64022.246731,1678.59,0.00575036,-1
64023.071484,1678.59,0.00589788,-1
64023.834905,1678.76,0.00589784,-1
64025.493477,1678.77,0.14220386,1
64025.493477,1678.77,0.48848358,1
64027.236747,1678.64,1.36923249,1
64027.236747,1678.65,3.27425779,1
64027.236747,1678.66,1.9547319,1
64027.236747,1678.68,0.1,1
64027.236747,1678.68,0.2,1
64027.236747,1678.7,0.151,1
64027.236747,1678.72,0.89353603,1
64027.236747,1678.78,1.813,1
64027.236747,1678.78,0.24424179,1
64028.686933,1678.75,0.03322157,1
64028.863306,1678.8,0.0895585,-1
64028.859415,1678.8,0.10187,-1
64028.858251,1678.8,0.05615,-1
64028.854384,1678.8,0.304,-1
64028.854384,1678.8,0.001,-1
64029.865437,1679.5,0.65494089,-1
64029.865437,1679.5,3.27034876,-1
64029.86479,1679.5,6.72965124,-1
64029.86479,1679.5,0.001,-1
64029.86479,1679.45,4.03786,-1
64029.86479,1679.45,0.096,-1
64029.86479,1679.44,11.44493889,-1
64029.86479,1679.44,4.36078647,-1
64029.86479,1679.41,1.575,-1
64029.86479,1679.4,0.001,-1
64029.86479,1679.4,0.05,-1
64029.86434,1679.3,0.001,-1
64029.86434,1679.2,0.05,-1
64029.86434,1679.2,0.001,-1
64029.86434,1679.16,0.89330557,-1
64029.86434,1679.15,0.0639944,-1
64029.86434,1679.14,1.19110295,-1
64029.86434,1679.12,0.05950825,-1
64029.86434,1679.1,0.001,-1
64029.86434,1679.03,0.00505649,-1
64029.86434,1679,0.001,-1
64029.86434,1678.9,0.00073857,-1
64029.86434,1678.9,0.001,-1
64030.02306,1679.38,1,1
64030.02306,1679.4,0.89317613,1
64030.02306,1679.4,1,1
64030.02297,1679.41,0.28697883,1
64030.02297,1679.41,1.1911586,1
64030.258337,1679.32,0.28697883,1
64030.808836,1679.15,0.01070684,-1
64030.885277,1679.15,0.00169267,-1
64032.714559,1679.15,0.0029489,-1
64032.818279,1679.15,0.0113002,-1
64033.740197,1679.15,0.00589781,-1
64034.282629,1679.15,0.00234046,-1
64035.193638,1679.14,0.42210964,1
64035.193638,1679.14,0.00535342,1
64035.193638,1679.14,0.02637752,1
64035.193638,1679.14,0.02637753,1
64035.193638,1679.14,0.05275506,1
64035.777533,1679.15,0.01175328,-1
64035.886607,1679.15,0.55146353,-1
64035.886607,1679.15,0.14966191,-1
64036.336516,1679.31,0.00063142,-1
64037.585354,1679.26,0.39196075,1
64037.585354,1679.28,1,1
64037.585354,1679.3,0.00094655,1
64037.585354,1679.3,0.4221,1
64037.585354,1679.3,0.57789036,1
64039.311107,1679.15,0.69402864,1
64039.311107,1679.15,0.05950825,1
64039.887999,1679.2,0.08025935,-1
64041.719007,1679.14,0.2953893,1
64041.701882,1679.19,0.05950825,1
64041.69718,1679.21,2.09031583,1
64041.697063,1679.21,9.82040143,1
64041.697063,1679.22,1.1909086,1
64041.696133,1679.24,1,1
64041.696133,1679.26,0.0562781,1
64041.696133,1679.26,1,1
64041.796466,1679.11,0.0589584,-1
64043.220326,1679.11,0.02947709,-1
64043.693239,1679.11,0.00000595,-1
64043.680306,1679.11,0.00589362,-1
64043.799711,1679.11,0.00574827,-1
64044.429178,1679.11,0.147396,-1
64045.25725,1679.31,0.08472861,-1
64047.836779,1679.38,0.24189,1
64049.858782,1679.19,6.37625929,1
64049.858782,1679.21,0.36482615,1
64049.858782,1679.23,0.89326493,1
64049.858782,1679.32,0.36488481,1
64049.858782,1679.36,1,1
64049.858782,1679.38,0.00076482,1
64049.858782,1679.38,0.24189,1
64049.858782,1679.38,0.75811,1
64050.566151,1679.4,0.01594414,-1
64050.566151,1679.4,0.001,-1
64051.780522,1679.4,0.14738196,-1
64052.016235,1679.4,0.00847207,-1
64052.934743,1679.54,0.00089315,-1
64052.933936,1679.54,0.0007863,-1
64052.933936,1679.5,0.00010685,-1
64052.93279,1679.5,0.00089315,-1
64052.92913,1679.49,0.00089319,-1
64052.929022,1679.49,0.00089319,-1
64052.928816,1679.49,0.00089319,-1
64052.928626,1679.49,0.00089319,-1
64052.928588,1679.49,0.00089319,-1
64052.928408,1679.49,0.00089319,-1
64052.926781,1679.49,1.86332537,-1
64052.926781,1679.48,2.97711196,-1
64052.926781,1679.42,0.55161305,-1
64052.926781,1679.4,0.01501353,-1
64052.926232,1679.4,0.60173054,-1
64052.926232,1679.4,0.05950825,-1
64052.926232,1679.4,0.52686434,-1
64052.926229,1679.4,1.0231736,-1
64052.926002,1679.4,0.13346137,-1
64052.926002,1679.39,0.44849664,-1
64052.92583,1679.39,0.081,-1
64052.983204,1679.74,0.50084273,-1
64052.983204,1679.7,0.001,-1
64052.982907,1679.63,1.39958864,-1
64052.982843,1679.6,0.001,-1
64053.061125,1679.8,0.00089297,-1
64053.004111,1679.78,0.52935328,-1
64053.211891,1679.89,0.49987793,-1
64053.211664,1679.89,0.15012207,-1
64053.183077,1679.9,0.00089297,-1
64053.182818,1679.9,0.00089297,-1
64053.182633,1679.9,0.00089297,-1
64053.182465,1679.9,0.00089297,-1
64053.182268,1679.9,0.00067891,-1
64053.182268,1679.9,0.00021406,-1
64053.182132,1679.9,0.00078594,-1
64053.182132,1679.8,0.00010703,-1
64053.335952,1680,0.00089286,-1
64053.335838,1680,0.00089286,-1
64053.335731,1680,0.00089286,-1
64053.335728,1680,0.00089286,-1
64053.33563,1680,0.00078572,-1
64053.33563,1680,0.00010714,-1
64053.335461,1680,0.00089286,-1
64054.103584,1679.97,0.00673226,-1
64054.271556,1680.09,0.25860734,1
64054.970285,1680.19,0.00832151,-1
64054.970285,1680.1,0.55143741,-1
64054.970285,1680.1,0.001,-1
64055.261556,1680.16,0.12471291,1
64055.261556,1680.16,0.47391461,1
64055.656126,1680.16,1,1
64056.989453,1679.96,0.29955272,1
64056.989453,1679.96,0.56935231,1
64056.989453,1679.97,1.19034969,1
64056.989453,1679.97,0.05942665,1
64056.989453,1680,0.33104843,1
64056.989414,1680.06,1,1
64056.989414,1680.06,0.26509755,1
64056.989332,1680.06,0.63629882,1
64056.989041,1680.08,1,1
64058.057453,1679.93,0.00847111,-1
64058.384159,1679.92,1,1
64058.384159,1679.92,0.06358155,1
64058.456188,1679.88,0.5649414,1
64058.45312,1679.88,0.2180293,1
64058.452687,1679.88,0.2170293,1
64058.452687,1679.9,0.001,1
64058.583511,1679.56,1.19057129,1
64058.583511,1679.6,0.05,1
64058.583511,1679.6,0.001,1
64058.583511,1679.7,0.001,1
64058.579297,1679.8,0.001,1
64059.298312,1679.51,0.57224418,-1
64059.298312,1679.51,0.99703206,-1
64059.298312,1679.51,0.05942665,-1
64059.298312,1679.51,1.813,-1
64061.030325,1679.57,0.41123548,-1
64061.030325,1679.57,0.05942665,-1
64061.277969,1679.56,0.00808852,1
64061.890046,1679.38,1.53246337,1
64061.890046,1679.4,0.001,1
64061.890046,1679.43,0.47521436,1
64061.890046,1679.44,1.93575703,1
64061.890046,1679.45,1.4885737,1
64061.890046,1679.5,0.89919618,1
64061.890046,1679.5,0.001,1
64061.890046,1679.52,0.47521436,1
64061.890046,1679.53,1.190825,1
64061.890046,1679.54,1,1
64061.890046,1679.56,0.00808,1
64061.890046,1679.56,0.00076452,1
64061.890046,1679.56,0.99191148,1
64062.292511,1679.4,0.07113434,-1
64062.479189,1679.4,0.0226784,-1
64063.285139,1679.37,1.06153228,1
64063.285139,1679.37,1.41664829,1
64063.285139,1679.38,1,1
64063.285139,1679.39,2,1
64063.285139,1679.39,0.97912493,1
64063.285139,1679.39,0.93788513,1
64063.285139,1679.39,0.97994764,1
64063.285139,1679.39,1.19072164,1
64063.285139,1679.39,0.33525168,1
64064.633688,1679.4,0.14115412,-1
64065.52471,1679.4,0.61188298,-1
64065.524363,1679.4,0.43396077,-1
64065.524363,1679.4,0.20394168,-1
64067.016165,1679.4,0.072467,-1
64068.394629,1679,0.8290197,-1
64068.390417,1679,1.11238087,1
64068.390417,1679,0.06230992,1
64068.390417,1679,0.05,1
64068.390417,1679,0.001,1
64068.390417,1679.01,0.05942665,1
64068.390417,1679.02,3.57267263,1
64068.390417,1679.03,2.90063372,1
64068.390417,1679.1,0.001,1
64068.390417,1679.14,1.19080596,1
64068.390417,1679.14,0.1,1
64068.390417,1679.15,0.05955394,1
64068.390417,1679.15,0.05919661,1
64068.390417,1679.2,0.001,1
64068.390417,1679.3,0.001,1
64068.237956,1679.31,0.00055155,-1
64068.20796,1679.31,0.03708723,-1
64069.415595,1679.2,0.01078852,-1
64069.415595,1679.2,0.001,-1
64072.34501,1679.2,0.11574576,-1
64075.151106,1679.08,1.67351265,-1
64075.151106,1679.07,1.1386087,-1
64075.151106,1679.07,2.21885356,-1
64075.151106,1679.06,0.05942665,-1
64075.151106,1679,0.144,-1
64075.151106,1678.97,0.5515167,-1
64080.434852,1678.9,0.00113101,1
64080.434852,1678.9,0.59479322,1
64080.381664,1678.9,0.278,1
64080.381664,1678.9,0.001,1
64081.151321,1678.81,0.00176893,-1
64082.381487,1678.81,0.05788012,-1
64083.397952,1678.81,0.01446994,-1
64084.02058,1678.81,0.34534847,-1
64084.01921,1678.81,0.00564879,-1
64084.101228,1679,2.27027015,-1
64084.09675,1679,2.63455448,-1
64084.096056,1678.97,1.20952726,-1
64084.31124,1679,0.00884476,-1
64084.488609,1679,0.02893971,-1
64085.709123,1679.13,0.01229055,-1
64085.709123,1679.13,0.07821557,-1
64085.709123,1679.1,0.001,-1
64085.698956,1679,0.34571173,-1
64085.698956,1679,1.02786182,-1
64085.698956,1679,3.39347081,-1
64085.691086,1679,0.28720109,-1
64085.686253,1679,0.72082656,-1
64085.663094,1679,0.65589244,-1
64085.752932,1679.2,0.001,-1
64085.752932,1679.2,0.60422441,-1
64087.05159,1679.25,0.00282439,-1
64087.552598,1679.25,0.05896472,-1
64087.930021,1679.25,0.02948236,-1
64089.682037,1679.24,0.0453,1
64090.080633,1679.3,0.001,-1
64090.077972,1679.25,0.55146642,-1
64090.077972,1679.25,0.00000595,-1
64090.077972,1679.25,0.10872596,-1
64090.47086,1679.2,0.01179294,-1
64090.610972,1679.24,0.01384168,1
64091.295547,1679.36,0.0141138,-1
64091.474364,1679.36,0.0011791,-1
64092.088704,1679.4,0.00283434,-1
64092.088704,1679.4,0.001,-1
64092.088704,1679.36,0.00433498,-1
64092.233453,1679.48,0.00000596,-1
64092.216998,1679.48,0.00280036,-1
64092.510649,1679.55,0.008548,-1
64092.510649,1679.54,0.05942665,-1
64092.510649,1679.5,0.001,-1
64092.510649,1679.48,0.32651585,-1
64093.639907,1679.5,0.0000119,-1
64094.15566,1679.5,0.00280109,-1
64095.642112,1679.41,0.52453261,1
64095.642112,1679.43,1.18898554,1
64095.642112,1679.43,1.19085746,1
64095.642112,1679.49,0.00085587,1
64096.464998,1679.45,0.00000595,1
64099.073728,1679.36,0.00677981,-1
64099.587271,1679.27,0.20118629,1
64099.587271,1679.3,0.001,1
64099.587271,1679.31,0.0033899,1
64099.587271,1679.31,0.20450429,1
64099.979859,1679.34,0.00050665,-1
64099.960244,1679.2,0.06385982,1
64099.960244,1679.2,0.151,1
64099.960244,1679.2,0.001,1
64099.960244,1679.27,0.34428114,1
64099.960244,1679.28,0.1039471,1
64102.848566,1679.38,0.03384716,-1
64102.848566,1679.3,0.143,-1
64103.740125,1679.3,0.00289453,-1
64106.321097,1679,0.37147093,1
64106.321097,1679,0.001,1
64106.321097,1679.1,0.001,1
64107.397545,1678.91,0.01129475,-1
64107.368108,1678.91,0.00943216,-1
64109.458001,1678.91,0.01403317,-1
64109.682711,1678.91,0.2589628,-1
64109.682711,1678.91,0.03582656,-1
64110.90315,1678.91,0.0294799,-1
64113.78306,1678.93,0.05788184,-1
64114.838187,1678.88,0.05738611,1
64114.838187,1678.9,0.00116134,1
64114.838187,1678.9,0.001,1
64115.00341,1678.89,0.02824511,-1
64115.654256,1678.89,0.22480813,-1
64120.036546,1678.89,0.014003,-1
64120.081646,1678.89,0.60196878,-1
64122.229572,1678.89,0.0001,-1
64125.406495,1678.88,0.0218457,1
64125.406495,1678.88,0.14261389,1
64125.77952,1678.89,0.05788253,-1
64128.514409,1678.7,0.001,1
64128.514409,1678.71,0.06106372,1
64128.513994,1678.76,0.5181226,1
64128.51377,1678.8,0.8923338,1
64128.51377,1678.8,0.001,1
64128.51377,1678.82,0.00088683,1
64129.536478,1678.5,0.001,1
64129.531992,1678.51,8.64750573,1
64129.531992,1678.6,0.001,1
64131.192574,1678.41,0.07602206,1
64131.439702,1678.41,0.02086271,-1
64132.631389,1678.46,0.27320594,-1
64132.67309,1678.8,0.001,-1
64132.67309,1678.77,0.6,-1
64132.643663,1678.7,0.001,-1
64132.642752,1678.61,1.42710337,-1
64132.63875,1678.49,0.05947576,-1
64132.634642,1678.46,0.13660297,-1
64132.634642,1678.46,0.13660297,-1
64134.53273,1678.87,0.01447477,-1
64134.665019,1678.62,0.5,1
64135.412544,1679.1,0.001,-1
64135.412544,1679.06,0.096,-1
64135.412544,1679,0.001,-1
64135.412544,1679,8.35515712,-1
64135.405012,1678.87,0.68868692,-1
64135.405012,1678.86,0.68868692,-1
64135.384977,1678.93,0.0597638,-1
64135.384977,1678.91,0.55154236,-1
64135.384977,1678.89,0.68831308,-1
64135.384977,1678.88,0.00414135,-1
64135.373993,1678.88,0.68417173,-1
64135.35715,1679,0.63377638,-1
64135.35715,1678.99,3.93324216,-1
64135.35715,1678.99,1.19125973,-1
64135.35715,1678.94,0.68417173,-1
64135.356981,1678.93,0.68517173,-1
64135.356981,1678.93,0.59815561,-1
64135.356981,1678.89,0.51317173,-1
64135.356981,1678.89,0.17117173,-1
64135.356981,1678.88,0.68417173,-1
64135.356981,1678.84,0.01707537,-1
64135.354487,1678.84,0.00089353,-1
64135.354348,1678.84,0.00089353,-1
64135.354212,1678.84,0.00089353,-1
64135.353977,1678.84,0.00089354,-1
64135.353796,1678.84,0.00089354,-1
64135.353731,1678.84,0.00089354,-1
64135.353546,1678.84,0.00089354,-1
64135.353283,1678.84,0.00089353,-1
64135.353093,1678.84,0.00089354,-1
64135.353044,1678.84,0.00089353,-1
64135.352948,1678.84,0.00089354,-1
64135.352767,1678.84,0.00089353,-1
64135.350499,1678.94,0.048,-1
64135.350227,1678.93,0.0056993,-1
64135.350227,1678.91,1.72734317,-1
64135.349993,1678.91,3.27265683,-1
64135.349993,1678.9,0.001,-1
64135.349993,1678.89,1.19679002,-1
64135.349886,1678.89,0.85864541,-1
64135.349886,1678.89,0.03390422,-1
64135.349636,1678.89,0.006,-1
64135.349444,1678.89,0.18607621,-1
64135.349401,1678.87,0.42930586,-1
64135.349401,1678.85,0.02720749,-1
64135.349398,1678.85,0.111,-1
64135.349395,1678.85,0.626,-1
64135.349242,1678.85,0.21779251,-1
64135.349242,1678.84,1.575,-1
64135.349242,1678.84,0.27320594,-1
64135.349242,1678.84,1.78678379,-1
64135.349242,1678.83,0.13660297,-1
64135.349242,1678.8,1.07261479,-1
64135.349082,1678.8,0.39807621,-1
64135.341831,1678.82,0.05149131,-1
64135.341831,1678.8,1.95701053,-1
64135.341831,1678.8,3.05937483,-1
64135.341831,1678.77,2.04196233,-1
64135.341831,1678.77,0.71118206,-1
64135.341632,1678.7,0.151,-1
64135.341584,1678.68,0.89356001,-1
64135.341584,1678.65,2.25858626,-1
64135.341584,1678.61,1.42181,-1
64135.341584,1678.61,0.99527664,-1
64135.341584,1678.61,0.0133506,-1
64135.341584,1678.61,0.01329377,-1
64135.341584,1678.61,1.14417003,-1
64135.341584,1678.61,0.05947576,-1
64135.341584,1678.61,1.813,-1
64137.010115,1678.97,0.00100246,-1
64139.114589,1678.96,1,1
64141.031825,1678.95,0.00058965,-1
64142.589818,1678.78,1.44174198,1
64142.589289,1678.81,0.54900278,1
64142.589289,1678.82,0.13367223,1
64142.58914,1678.82,0.41533055,1
64142.58914,1678.92,0.73211767,1
64142.585951,1678.92,0.26788233,1
64142.585951,1678.94,0.00076422,1
64142.585951,1678.94,1,1
64142.719791,1678.55,0.03136122,1
64142.719791,1678.6,0.001,1
64142.719791,1678.7,0.001,1
64142.879151,1678.51,0.05896472,-1
64143.591505,1678.51,0.01412197,-1
64143.53244,1678.51,0.04406407,-1
64143.708115,1678.37,0.21196151,1
64143.708115,1678.4,0.151,1
64143.708115,1678.4,0.001,1
64143.708115,1678.5,1.03956508,1
64143.708115,1678.5,0.39191461,1
64143.708115,1678.5,1.813,1
64143.708115,1678.5,0.001,1
64143.975815,1678.49,0.00280096,-1
64144.220535,1678.41,0.1129882,-1
64145.03661,1678.41,0.00571958,-1
64145.674638,1678.41,0.00117929,-1
64146.024162,1678.41,0.01768942,-1
64146.700949,1678.41,0.05788046,-1
64146.830968,1678.41,0.68291461,-1
64147.26282,1678.51,0.43453496,-1
64147.199185,1678.5,1.1791719,-1
64147.199185,1678.49,0.05947576,-1
64147.198862,1678.41,0.08283012,-1
64147.927174,1678.68,0.00162155,-1
64148.024696,1678.68,0.03007237,-1
64149.921685,1678.7,0.109,-1
64149.920467,1678.7,0.02716626,-1
64149.920467,1678.7,0.09283374,-1
64149.920467,1678.7,0.001,-1
64149.911106,1678.68,0.83058117,-1
64149.911106,1678.68,0.00629661,-1
64149.935097,1678.81,0.17807245,-1
64149.935097,1678.8,0.001,-1
64152.104933,1678.89,0.00540459,-1
64152.104933,1678.89,0.0002442,-1
64152.253528,1678.88,0.00109348,1
64152.979981,1679.02,0.56291209,-1
64152.979981,1679,0.001,-1
64152.979981,1678.9,0.001,-1
64152.979981,1678.89,0.00005956,-1
64152.979981,1678.89,0.00011912,-1
64154.014243,1679.05,0.07826412,-1
64154.014243,1679.03,3.57267263,-1
64154.014243,1679,0.143,-1
64154.014243,1678.99,0.00002977,-1
64154.014243,1678.98,0.6849498,-1
64154.014243,1678.97,0.6849498,-1
64154.014243,1678.96,0.68972343,-1
64154.014243,1678.95,0.05947576,-1
64154.014243,1678.94,0.02798019,-1
64155.19579,1679.05,0.2755679,-1
64155.404194,1679.05,0.02893989,-1
64155.937379,1678.95,0.36552424,1
64155.937379,1678.95,0.05947576,1
64155.937379,1678.96,1.575,1
64161.115123,1679.05,0.05649679,-1
64163.734814,1679.05,0.082017,-1
64164.293179,1679.04,0.02086271,1
64164.373926,1679.05,0.04340776,-1
64164.599596,1679.05,0.0029481,-1
64166.499866,1679.05,0.14469253,-1
64168.083826,1679.05,0.00564855,-1
64168.641301,1679.05,0.05908102,-1
64172.301929,1679.05,0.0112971,-1
64172.251325,1679.04,0.05095312,1
64173.588067,1679.05,0.04499105,-1
64173.77121,1679.2,0.001,-1
64173.77121,1679.1,0.001,-1
64174.874836,1679.3,0.08373417,-1
64174.874836,1679.3,0.001,-1
64175.978554,1679.3,0.05787072,-1
64178.445902,1679.3,0.14969243,-1
64180.091676,1679.3,0.05702927,-1
64180.308915,1679.3,0.55158697,-1
64180.308915,1679.3,0.00053593,-1
64180.308915,1679.3,0.00107783,-1
64180.308915,1679.3,0.00215566,-1
64180.308915,1679.3,0.00430536,-1
64180.308915,1679.3,0.18237185,-1
64180.30856,1679.3,0.6820502,-1
64180.308028,1679.3,0.284,-1
64183.340616,1679.39,1.19103909,1
64183.340616,1679.39,0.00238801,1
64183.938118,1679.33,0.02584,1
64187.072649,1679.06,1,1
64187.072481,1679.1,0.001,1
64187.072224,1679.16,0.5506167,1
64187.016309,1679.2,0.05947576,1
64187.0062,1679.29,1.19093188,1
64187.340006,1678.9,0.001,1
64187.340006,1678.9,0.03104761,1
64187.337904,1678.99,0.03779472,1
64187.337904,1679,0.001,1
64189.021407,1678.78,0.96494949,1
64189.021407,1678.8,0.38002542,1
64189.021407,1678.8,0.001,1
64189.021407,1678.87,0.5860099,1
64190.212998,1678.87,1.00053375,-1
64190.212998,1678.87,0.73547683,-1
64192.178773,1678.86,0.48728255,1
64192.178773,1678.86,1.191174,1
64192.281169,1678.87,0.3676997,-1
64195.274021,1679.1,0.5536716,-1
64195.274021,1679.1,0.00655112,-1
64195.274021,1679.1,0.001,-1
64195.441686,1679.33,0.01206413,-1
64195.441686,1679.3,0.001,-1
64195.433547,1679.2,0.001,-1
64195.633878,1679.46,0.18838807,-1
64195.633878,1679.4,0.001,-1
64196.397236,1679.59,0.00018421,-1
64196.397236,1679.5,0.00178029,-1
64196.397236,1679.5,0.001,-1
64196.641037,1679.59,0.0274488,1
64197.060791,1679.6,0.00179804,-1
64197.060791,1679.6,0.001,-1
64197.579429,1679.7,0.001,-1
64197.579094,1679.65,0.32563331,-1
64197.579094,1679.65,0.19568534,-1
64199.353373,1679.8,0.00268539,-1
64199.353373,1679.8,0.001,-1
64200.394949,1679.8,0.05426836,-1
64200.394949,1679.8,0.14246342,-1
64200.367175,1679.8,0.02033572,-1
64200.484978,1680,0.001,-1
64200.477193,1679.91,0.17523971,-1
64200.477193,1679.9,0.001,-1
64201.009682,1680.09,0.01,1
64201.888409,1680.09,0.15899227,1
64201.888409,1680.09,1.00927635,1
64201.888409,1680.09,1.02873138,1
64201.888409,1680.09,1.803,1
64202.428609,1679.97,0.00125,1
64202.412665,1679.99,0.00589682,-1
64202.479061,1679.97,1.030517,1
64202.567391,1679.99,0.00361525,-1
64203.247823,1679.99,0.435899,1
64203.860665,1679.9,0.11244461,-1
64204.582179,1680.03,0.00176771,-1
64205.327538,1679.98,0.20852367,1
64205.612899,1680.1,0.02418574,-1
64205.61252,1680.1,0.0964837,-1
64205.604929,1680.1,0.02401837,-1
64205.604929,1680.1,0.09838418,-1
64205.604929,1680.1,0.84228958,-1
64205.604929,1680.1,0.001,-1
64205.690222,1680.2,0.0888244,-1
64205.690222,1680.2,0.001,-1
64206.215217,1680.21,0.00058931,-1
64206.411201,1680.25,0.11548223,-1
64206.411201,1680.21,0.02487657,-1
64206.411201,1680.21,0.02169639,-1
64206.621054,1680.22,0.180658,1
64207.590118,1680.14,0.04,-1
64207.794663,1680.14,0.4819674,-1
64208.313927,1680.27,0.14999844,-1
64208.289452,1680.25,0.01008119,-1
64208.289452,1680.25,0.08441315,-1
64208.289452,1680.24,0.52160405,-1
64208.61995,1680.19,0.11785504,-1
64209.03968,1680.3,0.0187611,-1
64209.03968,1680.3,0.001,-1
64212.202446,1680.07,0.00044199,-1
64213.131577,1680.3,0.001,-1
64213.121301,1680.27,0.55109595,-1
64213.121301,1680.26,0.05947576,-1
64213.005531,1680.24,0.02822679,-1
64213.157143,1680.52,0.01084344,-1
64213.157143,1680.5,0.001,-1
64213.157143,1680.44,0.02515656,-1
64213.157143,1680.4,0.001,-1
64213.621257,1680.42,0.05892541,-1
64213.699522,1680.42,0.04713637,-1
64213.998405,1680.41,0.00076339,1
64213.998405,1680.41,0.49191461,1
64215.296019,1680.36,0.070846,-1
64215.435868,1680.36,0.00279911,-1
64215.671713,1680.36,0.0011137,-1
64216.235162,1680.35,0.036,1
64216.560594,1680.36,0.01473048,-1
64217.729624,1680.35,0.47291439,1
64217.729624,1680.35,0.00000061,1
64217.697773,1680.35,0.455914,1
64217.795473,1680.35,0.47291417,1
64217.795473,1680.35,0.00000083,1
64217.757253,1680.35,0.47291378,1
64217.757253,1680.35,0.00000022,1
64218.735681,1680.36,0.00318146,-1
64220.307002,1680.36,0.05947576,-1
64220.307002,1680.36,0.45927645,-1
64220.424319,1680.41,0.03,-1
64220.594379,1680.59,0.01178571,-1
64222.870121,1680.14,2.03464684,1
64222.864414,1680,0.05,1
64222.864414,1680,0.001,1
64222.86382,1680.06,1.154,1
64222.86382,1680.08,0.719385,1
64222.86382,1680.1,0.001,1
64222.86382,1680.12,0.53422125,1
64222.86382,1680.13,0.68789589,1
64222.86382,1680.14,0.05947576,1
64222.86382,1680.16,0.42058407,1
64222.86382,1680.16,0.18567423,1
64222.862855,1680.16,1.60072359,1
64222.862855,1680.18,0.89275974,1
64222.862855,1680.2,0.001,1
64222.862855,1680.25,0.42058407,1
64222.862855,1680.26,0.40812925,1
64222.861803,1680.26,0.78196121,1
64222.861803,1680.3,0.2,1
64222.861803,1680.3,0.4,1
64222.861803,1680.3,0.001,1
64223.513664,1680.01,0.05947576,-1
64223.513664,1680.01,0.36485,-1
64225.414762,1679.9,0.001,1
64225.518167,1679.61,0.08673906,-1
64225.509685,1679.7,0.001,1
64225.459556,1679.8,0.001,1
64225.430623,1679.81,0.00058928,-1
64227.894787,1679.64,0.50912018,-1
64227.894787,1679.62,0.32079443,-1
64227.878581,1679.62,0.67920557,-1
64227.878581,1679.61,0.14970904,-1
64227.865629,1679.61,0.21812635,-1
64227.865629,1679.61,0.05947576,-1
64227.865629,1679.61,0.5513125,-1
64228.380688,1679.83,0.26468007,1
64229.3638,1679.86,0.32992239,-1
64229.3638,1679.86,0.19999222,-1
64229.362202,1679.84,0.12619058,-1
64229.362202,1679.84,0.05418528,-1
64229.362157,1679.84,0.18037587,-1
64229.352404,1679.84,0.76543885,-1
64229.352404,1679.84,0.05947576,-1
64232.106938,1679.9,0.04218078,-1
64232.106938,1679.9,0.001,-1
64232.509148,1679.89,0.89291494,1
64232.509148,1679.89,0.97165163,1
64232.509148,1679.89,0.00094783,1
64232.509148,1679.89,1.19050672,1
64232.509148,1679.89,1.13562888,1
64233.004929,1679.9,0.51275106,-1
64233.660316,1680.2,0.00194455,-1
64233.660316,1680.1,0.001,-1
64233.660316,1680,0.001,-1
64233.768928,1680.19,0.05947059,1
64233.768778,1680.2,0.00000594,-1
64233.758142,1680.2,0.00005354,-1
64237.211464,1680.03,0.56276407,1
64237.199754,1680.07,0.14872424,1
64237.199754,1680.08,0.00007576,1
64237.198574,1680.08,0.0594,1
64237.19612,1680.13,0.81301324,1
64237.195118,1680.13,1.14944274,1
64237.19447,1680.13,1.44660771,1
64237.19447,1680.14,7.23705582,1
64237.19447,1680.16,0.1488237,1
64237.19447,1680.18,0.89276148,1
64237.19447,1680.19,1.19050672,1
64237.19447,1680.19,0.3183375,1
64237.885096,1679.92,0.16305376,-1
64237.885082,1679.92,0.33703163,-1
64237.884902,1679.92,0.49991461,-1
64238.698026,1680.14,0.82591461,-1
64238.644241,1680.13,0.0008928,-1
64238.643874,1680.13,0.0008928,-1
64238.643735,1680.13,0.0008928,-1
64238.643586,1680.13,0.0008928,-1
64238.643464,1680.13,0.0008928,-1
64238.643312,1680.13,0.0008928,-1
64238.909019,1680.16,0.82590866,-1
64238.909019,1680.14,0.00000595,-1
64238.909019,1680.14,0.17408539,-1
64240.220114,1680.1,0.05928567,-1
64241.129248,1680.1,0.70910894,-1
64241.129248,1680.1,0.11480567,-1
64241.151417,1680.12,0.11535779,-1
64241.151417,1680.1,0.05929,-1
64241.151417,1680.1,0.05947576,-1
64241.151417,1680.1,0.11679106,-1
64241.345705,1680.46,0.02483617,-1
64241.345705,1680.4,0.001,-1
64241.345705,1680.3,0.001,-1
64241.331557,1680.22,0.09791742,-1
64241.330214,1680.22,0.78673258,-1
64241.330214,1680.2,0.12888073,-1
64241.329738,1680.2,0.42222628,-1
64241.329738,1680.2,0.001,-1
64241.329738,1680.2,0.55110701,-1
64241.329738,1680.2,0.00094052,-1
64243.057557,1680.46,0.14560183,-1
64243.057557,1680.4,0.149,-1
64243.057557,1680.32,0.00000595,-1
64244.944319,1680.4,0.11290549,-1
64245.54643,1680.37,0.00846713,-1
64247.8478,1680.4,0.00007737,-1
64247.8478,1680.4,0.00699238,-1
64248.660443,1680.39,0.00106681,1
64249.479447,1680.4,0.00089265,-1
64249.479301,1680.4,0.00089265,-1
64249.479086,1680.4,0.00089265,-1
64249.479029,1680.4,0.00089265,-1
64249.478851,1680.4,0.00089265,-1
64249.478848,1680.4,0.00089265,-1
64251.681298,1680.4,0.05947576,-1
64251.681298,1680.4,0.54560814,-1
64251.845879,1680.5,0.01387197,-1
64251.845879,1680.5,0.001,-1
64256.60063,1680.5,0.00404719,-1
64258.20457,1680.5,0.001,-1
64258.20457,1680.5,0.53310136,-1
64259.308603,1680.59,1.19010712,1
64259.40716,1680.56,0.01693234,-1
64262.389981,1680.6,0.7351065,-1
64262.389981,1680.6,0.001,-1
64262.389981,1680.58,0.05947576,-1
64262.389981,1680.58,0.24548072,-1
64262.593274,1680.94,0.00170722,-1
64262.593274,1680.9,0.001,-1
64262.593274,1680.8,0.001,-1
64262.593274,1680.7,0.00000594,-1
64262.593274,1680.7,0.001,-1
64262.671636,1680.9,0.01445677,-1
64263.28737,1680.94,0.01936378,-1
64266.518566,1680.89,0.01472785,-1
64266.455162,1680.86,0.04048604,1
64266.550348,1680.89,0.00467165,-1
64266.650188,1680.86,0.00000594,1
64267.305546,1680.89,0.08183921,-1
64268.901314,1680.92,0.10308941,-1
64269.053643,1681,0.01062462,-1
64269.053643,1681,0.001,-1
64269.053238,1680.94,0.55087034,-1
64269.736256,1681.1,0.00116733,-1
64269.736256,1681.1,0.001,-1
64270.365862,1681.1,0.01472425,-1
64270.643428,1681.1,0.02944868,-1
64271.431693,1681.1,0.50547765,-1
64272.508303,1680.94,2.51719933,1
64272.508303,1680.95,0.05940064,1
64272.508303,1680.98,0.89233658,1
64272.508303,1681.01,1.1896562,1
64272.508303,1681.09,0.02483617,1
64272.508303,1681.1,0.09743696,1
64272.508303,1681.16,0.21766795,1
64272.508303,1681.16,1,1
64272.508303,1681.18,1,1
64272.508303,1681.19,0.00146617,1
64272.790861,1680.99,0.00297254,-1
64273.542909,1681.08,0.02821184,-1
64274.21651,1681.14,1,1
64274.213403,1681.16,1,1
64274.302032,1681.15,0.34991439,1
64274.302032,1681.15,0.00000061,1
64274.269066,1681.15,0.350914,1
64274.928461,1681.18,0.5508036,-1
64274.916622,1681.16,0.05940064,-1
64274.938654,1681.2,0.001,-1
64275.08949,1681.46,0.29999808,-1
64275.07098,1681.4,0.001,-1
64275.060473,1681.3,0.001,-1
64275.125025,1681.5,0.001,-1
64276.260945,1681.59,0.00329214,-1
64276.260945,1681.46,0.00245025,-1
64277.439864,1681.2,0.001,1
64277.439864,1681.2,0.54777728,1
64277.439864,1681.3,0.001,1
64279.267222,1681.1,0.01010259,1
64279.267222,1681.1,0.001,1
64281.10902,1681.35,0.02522516,-1
64281.10902,1681.35,0.05940064,-1
64281.272379,1681.45,0.19501972,-1
64281.272379,1681.4,0.001,-1
64281.374375,1681.46,0.04096319,1
64281.338204,1681.54,0.07670776,-1
64281.336335,1681.54,0.16042011,-1
64281.336335,1681.5,0.001,-1
64281.336335,1681.49,1.575,-1
64281.336335,1681.46,0.31470776,-1
64281.334334,1681.46,0.74914612,-1
64281.334174,1681.46,0.74914612,-1
64282.136525,1681.39,0.00057712,-1
64282.01569,1681.39,0.05641916,-1
64283.600928,1681.18,0.05940064,-1
64283.600928,1681.18,0.01641471,-1
64283.599829,1681.18,0.53591461,-1
64283.59979,1681.18,0.08542511,-1
64283.59979,1681.11,0.3804895,-1
64284.196317,1681.18,0.00000594,-1
64284.51203,1681.4,0.001,-1
64284.607523,1681.5,0.001,-1
64284.607523,1681.48,0.19239312,-1
64284.607523,1681.48,0.01919271,-1
64284.607523,1681.48,0.14247719,-1
64285.438105,1681.4,0.00788533,-1
64285.847537,1681.43,0.04475561,-1
64286.081695,1681.43,0.058876,-1
64287.408177,1681.61,0.02985978,-1
64287.408177,1681.6,0.001,-1
64287.405401,1681.59,0.096263,-1
64287.404235,1681.59,0.12942594,-1
64287.404235,1681.59,0.01301438,-1
64287.404235,1681.58,0.05940064,-1
64287.403952,1681.44,0.21508944,-1
64288.758459,1681.43,0.02543732,-1
64289.176261,1681.43,0.36901264,-1
64289.382092,1681.32,0.8921548,1
64289.381189,1681.34,1.01593446,1
64289.381189,1681.35,0.1536,1
64289.381189,1681.35,0.17768,1
64289.381189,1681.4,0.001,1
64289.773507,1682.2,8.66807533,-1
64289.773507,1682.2,10,-1
64289.773507,1682.2,1.08692148,-1
64289.773507,1682.2,0.001,-1
64289.773507,1682.2,0.05,-1
64289.773507,1682.15,4.16306116,-1
64289.773507,1682.14,3.93324216,-1
64289.773507,1682.14,1.19125973,-1
64289.773507,1682.13,1.8646768,-1
64289.773507,1682.13,3.78158957,-1
64289.773507,1682.11,0.2,-1
64289.773507,1682.11,0.1,-1
64289.773507,1682.11,0.4,-1
64289.773507,1682.1,0.001,-1
64289.773507,1682.06,1.575,-1
64289.773507,1682.05,2.67552108,-1
64289.773507,1682.04,4.16306116,-1
64289.773507,1682.04,0.048,-1
64289.773507,1682.03,3.93324216,-1
64289.773507,1682.02,0.2,-1
64289.773507,1682.02,0.1,-1
64289.773507,1682.02,5.80242408,-1
64289.773507,1682,0.001,-1
64289.773507,1682,0.05,-1
64289.773507,1681.97,1.19125973,-1
64289.773507,1681.97,4.16306116,-1
64289.773507,1681.95,0.1553216,-1
64289.773507,1681.94,3.22697657,-1
64289.773507,1681.92,3.93324216,-1
64289.773507,1681.9,0.128,-1
64289.773507,1681.9,0.001,-1
64289.773507,1681.88,0.05939282,-1
64289.773507,1681.88,4.16306116,-1
64289.773507,1681.87,5.49556608,-1
64289.773507,1681.84,1.19125973,-1
64289.773507,1681.81,0.00089217,-1
64289.773507,1681.81,4.16306116,-1
64289.773507,1681.8,3.93324216,-1
64289.773507,1681.8,0.149,-1
64289.773507,1681.8,0.001,-1
64289.773507,1681.79,6.51308078,-1
64289.773507,1681.77,1.575,-1
64289.773507,1681.7,4.16306116,-1
64289.773507,1681.7,1.19125973,-1
64289.773507,1681.7,0.128,-1
64289.773507,1681.7,0.001,-1
64289.773507,1681.69,3.27354257,-1
64289.773507,1681.63,4.16306116,-1
64289.773507,1681.62,3.93324216,-1
64289.773507,1681.61,6.42228661,-1
64289.773507,1681.6,0.001,-1
64289.773507,1681.6,0.121,-1
64289.773507,1681.58,1.19125973,-1
64289.773507,1681.56,0.98,-1
64289.773507,1681.56,4.16306116,-1
64289.773507,1681.55,3.80189662,-1
64289.773507,1681.5,1.47179,-1
64289.773507,1681.5,0.121,-1
64289.773507,1681.49,4.16306116,-1
64289.773507,1681.48,1.575,-1
64289.773507,1681.46,1.18917569,-1
64289.773507,1681.46,1.19125973,-1
64289.773507,1681.36,4.16306116,-1
64289.773507,1681.34,0.05940064,-1
64289.773507,1681.31,0.06921447,-1
64289.773507,1681.31,0.06921447,-1
64290.314509,1681.67,1.5265352,1
64290.843669,1681.49,0.01128333,-1
64293.418006,1681.49,0.3289143,1
64293.418006,1681.49,0.0011937,1
64294.012465,1681.41,0.25563029,-1
64294.012196,1681.41,0.46391461,-1
64294.976924,1681.5,0.00193279,-1
64294.976924,1681.5,0.00386559,-1
64295.126626,1681.67,0.43918,1
64295.097374,1681.67,0.30691449,1
64295.097374,1681.67,0.02902734,1
64295.097374,1681.67,0.2695395,1
64295.097374,1681.67,0.19904457,1
64295.097374,1681.67,0.0331741,1
64295.155546,1681.62,0.61231664,1
64295.155546,1681.63,3.62229007,1
64295.155546,1681.67,0.00000053,1
64295.155546,1681.68,0.26539276,1
64295.150865,1681.68,0.07169021,-1
64295.399567,1681.65,5.946487,1
64297.453489,1681.6,0.09532239,-1
64301.715602,1681.41,0.01974007,-1
64302.60324,1681.35,11.8946373,1
64302.60324,1681.4,0.001,1
64302.588534,1681.41,0.24929942,-1
64302.588534,1681.41,0.03966057,-1
64303.11439,1681.13,0.41721811,1
64303.11439,1681.2,0.001,1
64303.047308,1681.3,0.001,1
64303.189653,1681,0.001,1
64303.189051,1681.02,24.34133015,1
64303.188525,1681.02,2.21155097,1
64303.173049,1681.02,5.54088628,1
64303.138,1681.02,1.42566251,1
64303.138,1681.04,0.41721811,1
64303.138,1681.1,0.001,1
64303.385236,1680.9,0.706,1
64303.385236,1680.9,0.001,1
64307.464823,1680.87,0.05940064,-1
64308.284383,1680.91,0.05940064,-1
64308.284383,1680.91,0.79082163,-1
64309.978265,1680.93,0.02971077,1
64310.739879,1681.06,0.00588981,-1
64310.78778,1681.07,0.05743156,-1
64310.78778,1681.06,0.05351083,-1
64312.614866,1681.06,0.11902119,1
64312.614866,1681.06,0.00115753,1
64313.442305,1681.07,0.00000594,-1
64313.442305,1681.07,0.84097838,-1
64314.314109,1681.1,0.70502647,-1
64314.314109,1681.1,0.001,-1
64314.789038,1681.2,0.001,-1
64315.196482,1681.21,0.23470727,1
64315.196482,1681.28,0.44291461,1
64315.258468,1681.28,0.05889562,-1
64315.728336,1681.29,0.00713737,-1
64315.728336,1681.29,0.15596372,-1
64315.728336,1681.29,0.01759897,-1
64315.728336,1681.29,0.11556492,-1
64316.400949,1681.4,0.00520531,-1
64316.400949,1681.4,0.001,-1
64316.400949,1681.38,0.00050502,-1
64316.400949,1681.3,0.00357461,-1
64316.400949,1681.3,0.001,-1
64317.092888,1681.45,0.02933953,-1
64317.315936,1681.5,0.001,-1
64317.303011,1681.47,0.00357425,-1
64317.78175,1681.6,0.001,-1
64317.857766,1681.69,0.02341871,-1
64317.965523,1681.69,0.14722801,-1
64319.491502,1681.65,5.946487,1
64321.952397,1681.48,0.00550704,1
64322.068201,1681.56,0.003005,1
64322.508535,1681.77,1.07589526,-1
64322.50479,1681.7,0.05940064,-1
64322.50479,1681.7,0.05860141,-1
64322.50479,1681.7,0.00432902,-1
64322.504703,1681.7,0.68891461,-1
64322.504394,1681.7,0.13611037,-1
64322.504394,1681.7,0.17580424,-1
64322.504394,1681.7,0.001,-1
64322.560099,1681.8,0.001,-1
64324.212996,1681.9,0.08361238,-1
64324.212996,1681.9,0.001,-1
64324.596898,1681.94,0.67308539,-1
64324.596851,1681.94,0.32691461,-1
64324.586326,1681.9,0.03017979,-1
64324.586227,1681.9,0.02922085,-1
64324.586227,1681.9,0.64569376,-1
64324.730139,1681.99,1.19269678,1
64324.730139,1681.99,0.402,1
64324.730139,1681.99,0.40391461,1
64324.730139,1681.99,0.981389,1
64324.730139,1681.99,0.00000061,1
64324.699426,1681.99,0.404914,1
64324.699426,1681.99,1.813,1
64325.026774,1682.05,0.19993431,-1
64325.026774,1682.05,0.19986216,-1
64325.026774,1682.03,0.05940064,-1
64325.015657,1682,0.001,-1
64325.110707,1682.3,0.001,-1
64325.106913,1682.29,0.05994278,-1
64325.10629,1682.29,0.05894278,-1
64325.10629,1682.2,0.001,-1
64325.036476,1682.18,1.18906882,-1
64325.036476,1682.1,0.001,-1
64325.899243,1682.6,0.001,-1
64325.863265,1682.53,1.50219,-1
64325.863265,1682.52,0.05940064,-1
64325.863265,1682.5,0.001,-1
64325.863265,1682.4,0.00893366,-1
64325.863265,1682.4,0.00197173,-1
64325.863265,1682.4,0.001,-1
64326.431833,1682.7,0.55775241,-1
64326.431833,1682.7,0.147,-1
64326.431833,1682.7,0.001,-1
64326.431833,1682.69,0.05940064,-1
64326.431833,1682.63,0.98256687,-1
64326.431833,1682.63,1.14191188,-1
64326.820859,1682.63,0.44789407,-1
64326.927812,1682.77,0.01610773,-1
64326.927812,1682.77,0.03861894,-1
64326.927555,1682.77,0.05472667,-1
64327.061746,1682.86,0.12606358,-1
64327.061746,1682.8,0.001,-1
64328.055713,1683.05,0.36485,-1
64328.046693,1683,1.17901116,-1
64328.046693,1683,0.001,-1
64328.046578,1682.94,0.13161842,-1
64328.046536,1682.94,0.86838158,-1
64328.046536,1682.9,0.442248,-1
64328.046536,1682.9,0.001,-1
64329.272151,1683.08,0.07943899,-1
64329.546614,1683.08,0.05776417,-1
64329.7049,1683.06,1,1
64329.7049,1683.07,0.13119388,1
64331.730016,1683.09,0.14925523,-1
64331.850686,1683.1,0.001,-1
64332.040155,1683.4,0.00081875,-1
64332.040155,1683.3,0.001,-1
64332.040155,1683.2,0.001,-1
64333.594261,1683.22,0.02888283,-1
64333.552938,1683.22,0.05,-1
64334.329645,1683.5,0.001,-1
64334.315174,1683.44,1.18816566,-1
64334.315174,1683.41,0.43176171,-1
64334.31509,1683.41,1.07966829,-1
64334.31509,1683.4,0.05940064,-1
64334.31509,1683.4,0.00018125,-1
64334.31509,1683.38,0.2128731,-1
64334.314984,1683.38,0.32152995,-1
64334.314984,1683.31,0.36485,-1
64334.306433,1683.22,0.551928,-1
64334.306433,1683.22,0.01771503,-1
64334.306175,1683.22,0.56964303,-1
64334.447552,1683.6,0.00056474,-1
64334.64423,1683.59,0.05940064,1
64334.64423,1683.59,0.1536,1
64335.016646,1683.49,0.20594848,-1
64335.016646,1683.4,0.162,-1
64335.016646,1683.39,0.26720152,-1
64335.016646,1683.32,0.36485,-1
64335.643329,1683.6,0.0061416,-1
64335.643329,1683.6,0.001,-1
64335.643329,1683.6,0.00043526,-1
64335.967833,1683.65,0.001497,1
64337.651711,1683.41,0.0147347,-1
64337.754009,1683.28,0.01235307,1
64337.754009,1683.3,0.001,1
64337.754009,1683.4,0.001,1
64339.362552,1683.32,0.01082684,-1
64340.664384,1683.5,0.02548682,-1
64340.664384,1683.5,0.001,-1
64343.021385,1683.38,0.01126912,-1
64343.263668,1683.38,0.00264502,-1
64343.263668,1683.38,0.04813152,-1
64343.757748,1683.37,0.471812,1
64344.220128,1683.3,0.001,1
64344.847994,1683.2,0.001,1
64345.056762,1683.1,0.001,1
64345.227242,1683,0.001,1
64345.486202,1682.9,0.475914,1
64345.486202,1682.9,0.001,1
64346.098287,1683.06,0.05940064,-1
64346.079826,1683.01,0.14362362,-1
64346.151022,1683.11,0.02970514,-1
64346.6372,1683.21,0.01385039,-1
64346.6372,1683.2,0.001,-1
64346.953542,1683.2,0.00588162,-1
64347.208732,1683.19,5.946184,1
64347.190238,1683.19,0.00030301,1
64347.332404,1683.13,0.01470151,-1
64347.364789,1683.12,0.01125628,-1
64348.338468,1683,0.05940064,-1
64348.483623,1683.11,0.36485,-1
64348.766691,1683.2,0.00369175,1
64349.402656,1683.11,0.17642796,-1
64349.377873,1683.16,5.32912713,1
64349.377873,1683.2,0.00076263,1
64349.569764,1683.1,0.00398238,1
64350.709491,1683.11,0.01690207,-1
64350.867722,1683.11,0.0882311,-1
64351.239842,1683.21,0.0846742,-1
64351.239842,1683.18,0.05940064,-1
64352.233991,1682.8,0.00082249,1
64352.233991,1682.9,0.001,1
64352.233991,1683,0.001,1
64352.245793,1682.83,0.00000594,1
64353.466226,1682.91,0.01103798,-1
64353.466226,1682.91,0.05940064,-1
64353.932601,1682.84,0.01443349,-1
64354.372932,1682.95,0.03043584,-1
64354.685707,1682.95,0.0034049,-1
64355.665612,1682.9,0.14491994,-1
64358.404169,1682.82,0.36097868,-1
64358.404169,1682.82,0.4,-1
64358.404169,1682.82,0.28600524,-1
64358.404169,1682.82,0.36485,-1
64358.591193,1682.76,1.18843503,1
64358.591193,1682.8,0.001,1
64358.591193,1682.8,0.00017751,1
64359.182456,1682.37,0.0326859,-1
64359.133016,1682.32,1.4669064,1
64359.133016,1682.34,0.0310936,1
64359.133016,1682.4,0.001,1
64359.133016,1682.5,0.001,1
64359.125469,1682.6,0.001,1
64359.121984,1682.66,0.00035658,1
64359.121984,1682.7,0.001,1
64360.319002,1682.42,0.02817748,-1
64361.183708,1682.42,0.74906384,-1
64361.175985,1682.4,2.03125862,-1
64361.174733,1682.36,0.89160701,-1
64361.17448,1682.34,1,-1
64361.17448,1682.32,0.66333603,-1
64361.173268,1682.32,0.33666397,-1
64361.173268,1682.31,0.05940064,-1
64361.173268,1682.31,0.36485,-1
64362.027462,1682.53,0.12623273,1
64362.027462,1682.54,0.45491461,1
64362.027462,1682.55,0.45491461,1
64362.027462,1682.56,0.45391461,1
64362.027462,1682.57,0.45291461,1
64362.027462,1682.57,0.00079481,1
64362.027462,1682.57,0.45699738,1
64364.549096,1682.54,0.04790617,-1
64366.15538,1682.47,0.01443572,-1
64366.464655,1682.38,0.00577791,-1
64367.59528,1682.51,0.017,1
64368.473099,1682.6,0.001,-1
64369.318624,1682.7,0.18911721,-1
64369.318624,1682.7,0.139,-1
64369.318624,1682.7,0.001,-1
64369.318624,1682.67,0.19998084,-1
64369.318624,1682.66,0.05940064,-1
64369.318624,1682.58,0.18575065,-1
64369.318624,1682.58,0.18575066,-1
64369.680778,1682.6,0.00338269,-1
64370.12517,1682.63,0.07624334,-1
64370.12517,1682.63,0.09287533,-1
64370.704794,1682.6,0.01800881,1
64373.711478,1682.5,0.02059301,-1
64373.706676,1682.49,0.00109061,1
64373.810639,1682.5,0.00999702,-1
64375.6239,1682.63,0.03985041,-1
64379.788803,1682.41,0.00573645,-1
64380.074855,1682.3,0.001,1
64380.0704,1682.34,8.24029735,1
64380.06286,1682.34,3.64571578,1
64380.047363,1682.4,0.00088662,1
64380.047363,1682.4,0.001,1
64380.736985,1682.13,1.575,1
64380.736985,1682.2,0.001,1
64381.129525,1682.11,0.06587569,-1
64384.487313,1682.1,0.001,1
64387.474539,1682,0.001,1
64387.679788,1681.8,0.001,1
64387.674905,1681.9,0.001,1
64388.294687,1681.71,0.03946678,-1
64390.036175,1681.71,0.10431987,-1
64390.266458,1681.7,0.00076218,1
64390.266458,1681.7,0.001,1
64390.411046,1681.6,0.001,1
64390.563503,1681.5,0.001,1
64390.65341,1681.41,0.0519922,-1
64391.622731,1681.52,0.00632763,-1
64391.591591,1681.52,0.02819138,-1
64392.904607,1681.44,0.03399074,1
64393.055367,1681.45,0.007586,-1
64394.485988,1681.46,0.0029428,-1
64394.921168,1681.46,0.02311321,-1
64395.725142,1681.3,0.001,1
64395.720706,1681.4,0.001,1
64395.673881,1681.41,0.00279676,-1
64396.881793,1681.41,0.05778547,-1
64397.021871,1681.41,0.00588687,-1
64397.276834,1681.33,0.01127923,-1
64397.49275,1681.33,0.05779578,-1
64398.044422,1681.31,0.00176606,-1
64402.631104,1681.15,0.36485,-1
64402.608194,1681.15,0.01734094,-1
64402.538134,1681.2,0.000762,1
64402.538134,1681.2,0.001,1
64405.066814,1681.21,0.02820479,-1
64407.194638,1681.21,0.29437927,-1
64407.811656,1681.11,0.03236972,-1
64408.140778,1681.11,0.01177723,-1
64410.722348,1681.21,0.71691461,-1
64412.923926,1681.21,0.05877314,-1
64414.362529,1681.21,0.11283766,-1
64414.468536,1681.25,0.98,-1
64414.467401,1681.21,1.83553048,-1
64414.457998,1681.21,0.24999256,-1
64418.562511,1681.21,0.03,1
64420.724328,1681.22,0.00574154,-1
64421.335477,1681.4,0.89211391,-1
64421.335477,1681.4,0.001,-1
64421.334679,1681.36,2.97377718,-1
64421.334662,1681.32,0.05940064,-1
64426.257205,1681.42,0.00281576,-1
64426.709505,1681.42,0.00824377,-1
64427.266787,1681.42,0.04231408,-1
64427.544828,1681.41,0.5995067,1
64427.544828,1681.41,0.00125109,1
64428.516464,1681.42,0.02820597,-1
64430.541297,1681.21,0.03102564,-1
64432.003766,1681.41,0.02143188,-1
64432.814711,1681.36,0.01974206,-1
64433.04501,1681.36,0.12960802,-1
64433.517928,1681.22,0.11878278,-1
64434.745785,1681.27,0.00294394,-1
64436.627715,1681.25,0.00089426,1
64436.627715,1681.27,0.00085613,1
64437.164145,1681.21,0.05779578,-1
64437.539806,1681.2,0.014818,1
64437.539806,1681.2,0.001,1
64438.259457,1681.2,0.00000028,1
64441.351058,1681.14,0.00017753,-1
64441.351058,1681.13,0.05940064,-1
64441.351058,1681.11,0.26723,-1
64441.716056,1681.03,1.01820592,1
64441.716056,1681.1,0.001,1
64442.891801,1681.01,0.00635662,-1
64442.891801,1681.01,0.03877667,-1
64442.975596,1681.07,0.01835602,-1
64442.975596,1681.01,0.02256665,-1
64442.975596,1681.01,0.03242004,-1
64443.749592,1681.08,0.03174226,-1
64443.749592,1681.07,0.02749334,-1
64443.858527,1681.03,0.1200728,1
64447.122305,1681.04,0.01726017,-1
64447.122305,1681.04,0.03689154,-1
64447.586318,1681.14,0.97982247,-1
64447.586318,1681.12,0.05940064,-1
64447.651025,1681.21,0.00000001,-1
64447.649981,1681.21,0.08159003,-1
64449.089599,1681.27,0.01293731,1
64449.679727,1681.28,0.02890305,-1
64451.328842,1681.28,0.01155887,-1
64452.032686,1681.27,0.01464422,1
64452.594395,1681.28,0.05780025,-1
64453.077538,1681.27,0.00085731,1
64453.077538,1681.27,0.89218269,1
64454.215387,1681.24,0.00242718,-1
64454.215387,1681.24,0.02701467,-1
64454.347103,1681.23,0.03150178,1
64454.86705,1681.28,0.00883256,-1
64455.098932,1681.28,0.00574116,-1
64455.211521,1681.28,0.04414301,-1
64456.002065,1681.28,0.00176651,-1
64456.662718,1681.27,0.00176651,-1
64456.878415,1681.27,0.00044163,-1
64458.257728,1681.28,0.01472093,-1
64459.211609,1681.42,0.19420114,-1
64459.211609,1681.41,0.05940064,-1
64459.211609,1681.4,0.001,-1
64459.211609,1681.3,0.001,-1
64459.211609,1681.28,0.02647473,-1
64459.857072,1681.39,0.00588837,-1
64463.447016,1681.42,0.12156958,-1
64463.447016,1681.41,0.05101104,-1
64463.578786,1681.42,0.07582631,-1
64463.578562,1681.42,0.07582631,-1
64463.570919,1681.42,2.42467409,-1
64464.982925,1681.5,0.0272053,-1
64464.982925,1681.5,0.001,-1
64465.381824,1681.6,2.97335275,-1
64465.381824,1681.6,0.001,-1
64465.36634,1681.53,0.98,-1
64465.36634,1681.5,0.98316214,-1
64465.366038,1681.5,1.96316214,-1
64465.443869,1681.67,0.1999535,-1
64465.443869,1681.67,0.19986698,-1
64465.443869,1681.67,0.00002277,-1
64465.443745,1681.67,0.19984414,-1
64465.443745,1681.67,0.19999911,-1
64467.255927,1681.4,0.001,1
64467.471766,1681.36,0.25655012,-1
64467.471766,1681.33,0.02550552,-1
64468.809172,1681.34,0.00002378,-1
64468.791697,1681.34,0.1034126,-1
64470.151297,1681.36,0.04503511,-1
64470.151297,1681.35,0.01275276,-1
64470.66325,1681.39,0.28206895,-1
64471.485941,1681.42,0.05940064,-1
64472.337437,1681.46,0.02120666,1
64472.668552,1681.46,0.001282,1
64473.844692,1681.2,0.001,1
64473.836986,1681.3,0.001,1
64474.467513,1681.04,11.89513251,1
64474.466577,1681.1,0.001,1
64481.676913,1681,0.001,1
64481.750836,1680.97,0.892341,1
64482.034052,1680.98,0.004035,-1
64482.66987,1680.98,0.05947867,-1
64484.230467,1680.9,0.001,1
64484.230467,1680.97,0.00000021,1
64484.251783,1680.8,0.001,1
64484.251783,1680.8,0.05914441,1
64484.522416,1680.71,0.05946891,-1
64485.715685,1680.7,0.000764,1
64485.715685,1680.7,0.001,1
64486.50063,1680.5,0.153,1
64486.50063,1680.5,0.001,1
64486.480684,1680.6,0.001,1
64486.534421,1680.5,0.153,1
64488.37211,1680.63,0.01734713,-1
64489.295387,1680.65,0.05586017,-1
64490.490111,1680.41,0.05123705,-1
64490.710568,1680.28,0.57102891,1
64490.710568,1680.28,0.2,1
64490.710568,1680.3,0.153,1
64490.710568,1680.3,0.001,1
64490.710568,1680.36,0.89266104,1
64490.710568,1680.4,0.153,1
64490.710568,1680.4,0.001,1
64491.755309,1680.34,5.64419584,1
64491.755309,1680.35,1.48662189,1
64491.755269,1680.41,0.89263929,1
64492.989448,1680.21,0.00418886,1
64493.322674,1680.2,0.001,1
64493.483636,1680,1.00452868,1
64493.483636,1680,0.00118095,1
64493.483636,1680,1,1
64493.483636,1680,0.001,1
64493.483636,1680.1,0.001,1
64494.243816,1679.65,0.58092586,1
64494.239382,1679.64,2.63149707,1
64494.239382,1679.7,0.001,1
64494.239382,1679.8,0.001,1
64494.239114,1679.89,0.00000066,1
64494.239114,1679.9,0.001,1
64495.071759,1679.37,0.38938034,1
64495.071759,1679.4,0.153,1
64495.071759,1679.4,0.05,1
64495.071759,1679.4,0.001,1
64495.071759,1679.5,0.001,1
64495.071759,1679.6,0.001,1
64495.634603,1679.32,0.33303981,1
64495.634603,1679.37,0.89319208,1
64495.634603,1679.38,0.29046292,1
64496.877165,1679.3,0.666961,1
64496.877165,1679.3,0.001,1
64498.369393,1679.2,0.00000067,1
64498.369296,1679.2,0.000763,1
64498.369296,1679.2,0.001,1
64498.442363,1679.13,0.036357,1
64498.516768,1679,0.001,1
64498.516768,1679,0.00060514,1
64498.513048,1679.03,0.00290262,1
64498.513048,1679.03,0.09121108,1
64498.512633,1679.07,1,1
64498.512633,1679.09,0.04767013,1
64498.512633,1679.1,0.001,1
64498.512633,1679.13,0.00000072,1
64498.863686,1678.91,0.19285906,-1
64499.840783,1678.91,0.02821496,-1
64500.372935,1678.85,0.23690823,1
64500.372935,1678.9,0.001,1
64500.626928,1679.08,1.84844287,-1
64500.626928,1679.08,1.575,-1
64500.626928,1679.07,0.4,-1
64500.626928,1679.02,1.19114717,-1
64500.626928,1679,0.153,-1
64500.626928,1678.98,4.46639928,-1
64500.626928,1678.97,2.75778137,-1
64500.626928,1678.9,0.153,-1
64500.626928,1678.83,0.05940064,-1
64500.626928,1678.83,1.813,-1
64502.849953,1678.82,1,1
64502.849816,1678.84,0.05838135,1
64503.561563,1678.81,0.0578715,-1
64504.806426,1678.87,0.0862779,-1
64505.30508,1678.79,0.89349954,1
64505.30508,1678.8,0.001,1
64509.794217,1678.89,0.10569756,-1
64509.978085,1678.98,0.00279819,-1
64510.528075,1678.97,0.62041919,1
64510.528075,1678.97,0.47391461,1
64510.528075,1678.97,0.07261573,1
64510.528075,1678.97,0.07261573,1
64510.686408,1679,0.001,-1
64510.686408,1678.98,0.01164661,-1
64510.686408,1678.98,0.89770213,-1
64512.434653,1678.98,4.46639928,1
64512.434653,1679.01,1.19106975,1
64512.434515,1679.08,0.00088563,1
64512.434515,1679.08,0.89334635,1
64513.504821,1679.16,0.14695458,-1
64513.504821,1679.15,0.05940064,-1
64513.504821,1679.1,0.001,-1
64513.800676,1679.16,0.05304416,-1
64513.850404,1679.21,0.0580754,-1
64513.850404,1679.2,0.001,-1
64515.388209,1679.21,0.00589675,-1
64515.840272,1679.21,0.01694777,-1
64515.963828,1679.21,0.00064262,-1
64516.480427,1679.21,0.02893954,-1
64517.165652,1679.21,0.01446834,-1
64518.508132,1679.21,0.0058705,-1
64518.568603,1679.21,0.00589563,-1
64519.243759,1679.05,0.115743,-1
64520.400655,1679.09,2.39121437,1
64520.400655,1679.1,0.152,1
64520.400655,1679.19,1.19113171,1
64520.400655,1679.19,0.06524362,1
64520.400655,1679.19,0.89328783,1
64520.400655,1679.19,0.06524362,1
64520.434794,1679.19,0.00867837,-1
64520.597477,1679.19,0.01532864,-1
64521.720124,1679.19,0.00867837,-1
64521.773946,1679.19,0.00884371,-1
64521.771974,1679.18,2.34771485,1
64521.771974,1679.18,0.89329315,1
64521.909365,1679.18,2.34771,1
64521.909365,1679.18,2.16519523,1
64521.909295,1679.18,1.19805132,1
64521.909092,1679.18,3.12638249,1
64521.909039,1679.18,0.75684468,1
64521.908849,1679.18,1.13527062,1
64521.908378,1679.18,2.27054081,1
64522.2887,1679.02,0.00589605,-1
64522.59459,1679.02,0.1,-1
64523.405875,1678.84,0.0056468,1
64523.405875,1678.9,0.001,1
64523.405875,1679,0.001,1
64523.793827,1678.81,0.01446787,-1
64527.121608,1678.81,1.315028,-1
64527.121608,1678.81,0.2476734,-1
64527.487773,1678.81,0.03934036,-1
64527.487559,1678.81,0.03934037,-1
64528.428325,1678.93,0.00589703,-1
64529.274919,1678.85,0.05836651,1
64529.560995,1678.86,0.02948517,-1
64530.106911,1678.86,0.00127368,-1
64530.461726,1678.86,0.02655118,-1
64531.39433,1678.76,0.44829577,1
64531.39433,1678.8,0.168,1
64531.39433,1678.8,0.001,1
64531.39433,1678.85,0.00100914,1
64531.39433,1678.85,0.83509906,1
64531.642436,1678.74,0.00384487,-1
64533.166957,1678.83,0.02491487,-1
64533.166957,1678.83,0.25673003,-1
64533.166957,1678.83,0.25673003,-1
64533.757256,1678.74,0.02824679,-1
64534.225218,1678.82,0.02815479,-1
64534.371453,1678.75,0.0141234,-1
64538.47809,1678.78,0.00589728,-1
64538.594614,1678.77,0.37853244,1
64539.031339,1678.73,0.89353261,1
64539.140905,1678.56,1.306592,1
64539.140905,1678.57,1.191408,1
64539.140905,1678.6,0.001,1
64539.140905,1678.65,2,1
64539.140905,1678.7,0.001,1
64540.070931,1678.47,3.74140872,1
64540.070931,1678.5,0.001,1
64540.070931,1678.55,0.89362454,1
64540.070931,1678.59,1.191408,1
64540.070931,1678.59,0.18926622,1
64540.720921,1678.41,0.05940064,1
64540.720921,1678.49,0.89365561,1
64540.716526,1678.56,1.191408,1
64540.78893,1678.39,0.155855,1
64540.743876,1678.39,0.06698,1
64540.740638,1678.4,0.001,1
64540.908371,1678.32,0.70939,1
64540.847322,1678.32,0.07558,1
64540.846699,1678.32,0.07588,1
64540.843213,1678.32,0.05124,1
64540.841735,1678.32,0.04491,1
64540.841711,1678.32,0.04299914,1
64540.841711,1678.39,0.00000086,1
64541.592369,1678.33,0.58921492,-1
64541.592157,1678.33,2.31123374,-1
64541.547959,1678.32,0.02824646,-1
64542.330065,1678.53,0.0915125,-1
64542.330065,1678.53,1.813,-1
64545.175028,1678.53,0.02964498,-1
64547.05719,1678.6,0.01849659,-1
64547.05719,1678.6,0.05940064,-1
64547.05719,1678.6,0.001,-1
64547.05719,1678.53,0.09152055,-1
64547.05719,1678.53,2.77894558,-1
64547.916136,1678.56,6.87379296,1
64547.916136,1678.56,2.99011025,1
64547.916136,1678.57,1.48662189,1
64547.916136,1678.57,4.76415924,1
64547.916136,1678.58,2.84420307,1
64547.916136,1678.61,0.99665558,1
64547.916136,1678.61,0.89359648,1
64547.916136,1678.61,0.00110041,1
64547.916136,1678.61,0.05437818,1
64547.916136,1678.61,0.05437817,1
64549.192417,1678.53,1.15789298,-1
64550.858239,1678.53,0.02949009,-1
64551.694033,1678.53,0.02894592,-1
64552.159235,1678.49,0.69775749,1
64552.15543,1678.49,0.49353765,1
64552.15543,1678.52,0.8936444,1
64556.33481,1678.26,5.7850288,1
64556.33481,1678.3,0.001,1
64556.33481,1678.4,0.001,1
64556.471421,1678.24,0.00847545,-1
64557.265096,1678.24,0.00884766,-1
64560.106002,1678.1,0.03735037,1
64560.106002,1678.1,0.001,1
64560.106002,1678.2,0.001,1
64560.106002,1678.23,0.00076305,1
64560.106002,1678.23,0.00030521,1
64561.258373,1678.07,0.66663509,1
64561.258068,1678.11,0.8938581,1
64561.491178,1677.89,0.60796711,1
64561.490984,1677.89,0.28601247,1
64561.490984,1677.9,0.001,1
64561.490984,1678,0.001,1
64561.490298,1678.05,0.01474336,1
64561.490298,1678.07,0.33336491,1
